station,outer_fold,source_row_index,serial_no,label_true,label_predicted,correct
KLU,1,8854,17904,1,1,1
KLU,1,8856,17906,1,1,1
KLU,1,8875,17925,1,1,1
KLU,1,8897,17947,1,1,1
KLU,1,8903,17953,1,1,1
KLU,1,8911,17961,1,1,1
KLU,1,8914,17964,1,1,1
KLU,1,8935,17985,1,1,1
KLU,1,8936,17986,1,1,1
KLU,1,8946,17996,1,1,1
KLU,1,8963,18013,1,1,1
KLU,1,8967,18017,1,1,1
KLU,1,8971,18021,1,1,1
KLU,1,8972,18022,1,1,1
KLU,1,8979,18029,1,1,1
KLU,1,8980,18030,1,1,1
KLU,1,9005,18055,1,1,1
KLU,1,9013,18063,1,0,0
KLU,1,9016,18066,1,1,1
KLU,1,9029,18079,1,0,0
KLU,1,9041,18091,1,0,0
KLU,1,9049,18099,1,1,1
KLU,1,9055,18105,1,1,1
KLU,1,9059,18109,1,1,1
KLU,1,9063,18113,1,0,0
KLU,1,9067,18117,1,1,1
KLU,1,9072,18122,1,1,1
KLU,1,9075,18125,1,1,1
KLU,1,9079,18129,1,1,1
KLU,1,9082,18132,1,1,1
KLU,1,9096,18146,1,1,1
KLU,1,9097,18147,1,1,1
KLU,1,9111,18161,1,1,1
KLU,1,9159,18209,1,1,1
KLU,1,9166,18216,1,1,1
KLU,1,9170,18220,1,1,1
KLU,1,9190,18240,1,1,1
KLU,1,9198,18248,1,1,1
KLU,1,9214,18264,1,1,1
KLU,1,9217,18267,1,1,1
KLU,1,9255,18305,1,1,1
KLU,1,9265,18315,1,1,1
KLU,1,9270,18320,1,1,1
KLU,1,9278,18328,1,1,1
KLU,1,9302,18352,1,1,1
KLU,1,9303,18353,1,1,1
KLU,1,9305,18355,1,1,1
KLU,1,9307,18357,1,1,1
KLU,1,9324,18374,1,1,1
KLU,1,9347,18397,1,1,1
KLU,1,9359,18409,1,1,1
KLU,1,9363,18413,1,1,1
KLU,1,9366,18416,1,1,1
KLU,1,9374,18424,1,1,1
KLU,1,9379,18429,1,1,1
KLU,1,9398,18448,1,1,1
KLU,1,9402,18452,1,1,1
KLU,1,9403,18453,1,1,1
KLU,1,9410,18460,1,1,1
KLU,1,9411,18461,1,1,1
KLU,1,9419,18469,1,1,1
KLU,1,9421,18471,1,1,1
KLU,1,9432,18482,1,1,1
KLU,1,9434,18484,1,1,1
KLU,1,9445,18495,1,1,1
KLU,1,9454,18504,1,0,0
KLU,1,9464,18514,1,1,1
KLU,1,9469,18519,1,1,1
KLU,1,9482,18532,1,1,1
KLU,1,9485,18535,1,1,1
KLU,1,9487,18537,1,1,1
KLU,1,9502,18552,1,1,1
KLU,1,9505,18555,1,1,1
KLU,1,9519,18569,1,1,1
KLU,1,9529,18579,1,1,1
KLU,1,9530,18580,1,1,1
KLU,1,9533,18583,1,1,1
KLU,1,9537,18587,1,1,1
KLU,1,9543,18593,1,1,1
KLU,1,9557,18607,1,0,0
KLU,1,9565,18615,1,1,1
KLU,1,9601,18651,1,1,1
KLU,1,9625,18675,1,1,1
KLU,1,9628,18678,1,1,1
KLU,1,9632,18682,1,1,1
KLU,1,9637,18687,1,1,1
KLU,1,9643,18693,1,1,1
KLU,1,9647,18697,1,1,1
KLU,1,9657,18707,1,1,1
KLU,1,9664,18714,1,1,1
KLU,1,9666,18716,1,1,1
KLU,1,9681,18731,1,1,1
KLU,1,9686,18736,1,1,1
KLU,1,9716,18766,1,1,1
KLU,1,9722,18772,1,1,1
KLU,1,9723,18773,1,1,1
KLU,1,9738,18788,1,1,1
KLU,1,9752,18802,1,1,1
KLU,1,9764,18814,1,1,1
KLU,1,9783,18833,1,1,1
KLU,1,9785,18835,1,1,1
KLU,1,9805,18855,1,1,1
KLU,1,9809,18859,1,1,1
KLU,1,9811,18861,1,1,1
KLU,1,9817,18867,1,1,1
KLU,1,9818,18868,1,1,1
KLU,1,9820,18870,1,1,1
KLU,1,9821,18871,1,1,1
KLU,1,9824,18874,1,1,1
KLU,1,9839,18889,1,1,1
KLU,1,9848,18898,1,1,1
KLU,1,9855,18905,1,1,1
KLU,1,9856,18906,1,1,1
KLU,1,9877,18927,1,1,1
KLU,1,9893,18943,1,1,1
KLU,1,9908,18958,1,1,1
KLU,1,9910,18960,1,1,1
KLU,1,9941,18991,1,1,1
KLU,1,9950,19000,1,1,1
KLU,1,9977,19027,1,1,1
KLU,1,10010,19060,1,1,1
KLU,1,10011,19061,1,1,1
KLU,1,10013,19063,1,1,1
KLU,1,10023,19073,1,1,1
KLU,1,10035,19085,1,1,1
KLU,1,10066,19116,1,1,1
KLU,1,10069,19119,1,1,1
KLU,1,10079,19129,1,1,1
KLU,1,10089,19139,1,0,0
KLU,1,10094,19144,1,0,0
KLU,1,10102,19152,1,1,1
KLU,1,10120,19170,1,0,0
KLU,1,10141,19191,1,1,1
KLU,1,10166,19216,1,1,1
KLU,1,10175,19225,1,1,1
KLU,1,10185,19235,1,1,1
KLU,1,10186,19236,1,1,1
KLU,1,10187,19237,1,1,1
KLU,1,10191,19241,1,1,1
KLU,1,10202,19252,1,1,1
KLU,1,10239,19289,1,1,1
KLU,1,10246,19296,1,1,1
KLU,1,10253,19303,1,1,1
KLU,1,10261,19311,1,1,1
KLU,1,10270,19320,1,0,0
KLU,1,10271,19321,1,1,1
KLU,1,10283,19333,1,1,1
KLU,1,10291,19341,1,1,1
KLU,1,10301,19351,1,1,1
KLU,1,10307,19357,1,1,1
KLU,1,10332,19382,1,1,1
KLU,1,10346,19396,1,0,0
KLU,1,10363,19413,1,1,1
KLU,1,10371,19421,1,1,1
KLU,1,10374,19424,1,1,1
KLU,1,10381,19431,1,1,1
KLU,1,10382,19432,1,1,1
KLU,1,10389,19439,1,1,1
KLU,1,10416,19466,1,1,1
KLU,1,10419,19469,1,1,1
KLU,1,10426,19476,1,1,1
KLU,1,10456,19506,1,1,1
KLU,1,10481,19531,1,1,1
KLU,1,10487,19537,1,1,1
KLU,1,10489,19539,1,1,1
KLU,1,10501,19551,1,1,1
KLU,1,10511,19561,1,0,0
KLU,1,10523,19573,1,1,1
KLU,1,10534,19584,1,1,1
KLU,1,10548,19598,1,0,0
KLU,1,10563,19613,1,1,1
KLU,1,10583,19633,1,1,1
KLU,1,10584,19634,1,1,1
KLU,1,10587,19637,1,1,1
KLU,1,10589,19639,1,1,1
KLU,1,10600,19650,1,1,1
KLU,1,10601,19651,1,1,1
KLU,1,10630,19680,1,1,1
KLU,1,10637,19687,1,1,1
KLU,1,10638,19688,1,1,1
KLU,1,10672,19722,1,1,1
KLU,1,10685,19735,1,1,1
KLU,1,10705,19755,1,1,1
KLU,1,10722,19772,1,1,1
KLU,1,10728,19778,1,1,1
KLU,1,10738,19788,1,1,1
KLU,1,10744,19794,1,1,1
KLU,1,10746,19796,1,1,1
KLU,1,10751,19801,1,1,1
KLU,1,10762,19812,1,1,1
KLU,1,10764,19814,1,0,0
KLU,1,10766,19816,1,1,1
KLU,1,10768,19818,1,1,1
KLU,1,10769,19819,1,1,1
KLU,1,10774,19824,1,0,0
KLU,1,10781,19831,1,1,1
KLU,1,10804,19854,1,1,1
KLU,1,10806,19856,1,1,1
KLU,1,10807,19857,1,1,1
KLU,1,10811,19861,1,1,1
KLU,1,10824,19874,1,1,1
KLU,1,10825,19875,1,1,1
KLU,1,10827,19877,1,1,1
KLU,1,10838,19888,1,1,1
KLU,1,10854,19904,1,1,1
KLU,1,10864,19914,1,0,0
KLU,1,10869,19919,1,1,1
KLU,1,10881,19931,1,1,1
KLU,1,10890,19940,1,1,1
KLU,1,10907,19957,1,0,0
KLU,1,10918,19968,1,1,1
KLU,1,10955,20005,1,1,1
KLU,1,10965,20015,1,1,1
KLU,1,10979,20029,0,1,0
KLU,1,10982,20032,0,0,1
KLU,1,10983,20033,0,1,0
KLU,1,10998,20048,0,0,1
KLU,1,11000,20050,0,0,1
KLU,1,11008,20058,0,0,1
KLU,1,11015,20065,0,0,1
KLU,1,11019,20069,0,0,1
KLU,1,11030,20080,0,0,1
KLU,1,11049,20099,0,0,1
KLU,1,11051,20101,0,0,1
KLU,1,11054,20104,0,0,1
KLU,1,11060,20110,0,1,0
KLU,1,11098,20148,0,0,1
KLU,1,11109,20159,0,0,1
KLU,1,11114,20164,0,0,1
KLU,1,11141,20191,0,0,1
KLU,1,11143,20193,0,0,1
KLU,1,11152,20202,0,0,1
KLU,1,11162,20212,0,0,1
KLU,1,11190,20240,0,0,1
KLU,1,11192,20242,0,0,1
KLU,1,11200,20250,0,0,1
KLU,1,11203,20253,0,0,1
KLU,1,11215,20265,0,0,1
KLU,1,11231,20281,0,0,1
KLU,1,11234,20284,0,0,1
KLU,1,11250,20300,0,0,1
KLU,1,11251,20301,0,0,1
KLU,1,11257,20307,0,0,1
KLU,1,11263,20313,0,0,1
KLU,1,11269,20319,0,0,1
KLU,1,11273,20323,0,1,0
KLU,1,11286,20336,0,0,1
KLU,1,11316,20366,0,0,1
KLU,1,11317,20367,0,0,1
KLU,1,11327,20377,0,0,1
KLU,1,11333,20383,0,0,1
KLU,1,11334,20384,0,0,1
KLU,1,11342,20392,0,0,1
KLU,1,11363,20413,0,0,1
KLU,1,11375,20425,0,1,0
KLU,1,11378,20428,0,0,1
KLU,1,11389,20439,0,1,0
KLU,1,11394,20444,0,0,1
KLU,1,11396,20446,0,1,0
KLU,1,11424,20474,0,0,1
KLU,1,11425,20475,0,0,1
KLU,1,11428,20478,0,0,1
KLU,1,11429,20479,0,0,1
KLU,1,11438,20488,0,0,1
KLU,1,11490,20540,0,0,1
KLU,1,11495,20545,0,0,1
KLU,1,11515,20565,0,1,0
KLU,1,11516,20566,0,1,0
KLU,1,11547,20597,0,1,0
KLU,1,11558,20608,0,0,1
KLU,1,11560,20610,0,0,1
KLU,1,11565,20615,0,0,1
KLU,1,11568,20618,0,1,0
KLU,1,11576,20626,0,0,1
KLU,1,11589,20639,0,0,1
KLU,1,11595,20645,0,0,1
KLU,1,11613,20663,0,0,1
KLU,1,11617,20667,0,0,1
KLU,1,11633,20683,0,1,0
KLU,1,11635,20685,0,0,1
KLU,1,11636,20686,0,0,1
KLU,1,11648,20698,0,0,1
KLU,1,11659,20709,0,0,1
KLU,1,11664,20714,0,0,1
KLU,1,11669,20719,0,0,1
KLU,1,11696,20746,0,0,1
KLU,1,11698,20748,0,0,1
KLU,1,11702,20752,0,0,1
KLU,1,11710,20760,0,0,1
KLU,1,11711,20761,0,0,1
KLU,1,11721,20771,0,0,1
KLU,1,11726,20776,0,0,1
KLU,1,11729,20779,0,0,1
KLU,1,11734,20784,0,0,1
KLU,1,11735,20785,0,0,1
KLU,1,11744,20794,0,0,1
KLU,1,11755,20805,0,0,1
KLU,1,11772,20822,0,0,1
KLU,1,11778,20828,0,0,1
KLU,1,11788,20838,0,0,1
KLU,1,11807,20857,0,0,1
KLU,1,11811,20861,0,0,1
KLU,1,11818,20868,0,0,1
KLU,1,11821,20871,0,0,1
KLU,1,11836,20886,0,0,1
KLU,1,11868,20918,0,0,1
KLU,1,11870,20920,0,0,1
KLU,1,11875,20925,0,0,1
KLU,1,11877,20927,0,0,1
KLU,1,11881,20931,0,0,1
KLU,1,11883,20933,0,0,1
KLU,1,11899,20949,0,0,1
KLU,1,11905,20955,0,0,1
KLU,1,11910,20960,0,0,1
KLU,1,11926,20976,0,0,1
KLU,1,11929,20979,0,0,1
KLU,1,11934,20984,0,0,1
KLU,1,11950,21000,0,0,1
KLU,1,11951,21001,0,1,0
KLU,1,11977,21027,0,0,1
KLU,1,11982,21032,0,0,1
KLU,1,11991,21041,0,1,0
KLU,1,11995,21045,0,0,1
KLU,1,12019,21069,0,0,1
KLU,1,12038,21088,0,0,1
KLU,1,12041,21091,0,1,0
KLU,1,12050,21100,0,0,1
KLU,1,12051,21101,0,0,1
KLU,1,12052,21102,0,1,0
KLU,1,12058,21108,0,0,1
KLU,1,12063,21113,0,0,1
KLU,1,12067,21117,0,0,1
KLU,1,12070,21120,0,0,1
KLU,1,12084,21134,0,1,0
KLU,1,12096,21146,0,0,1
KLU,1,12116,21166,0,0,1
KLU,1,12122,21172,0,0,1
KLU,1,12126,21176,0,0,1
KLU,1,12137,21187,0,0,1
KLU,1,12143,21193,0,0,1
KLU,1,12148,21198,0,0,1
KLU,1,12163,21213,0,0,1
KLU,1,12167,21217,0,0,1
KLU,1,12170,21220,0,0,1
KLU,1,12203,21253,0,0,1
KLU,1,12212,21262,0,0,1
KLU,1,12218,21268,0,0,1
KLU,1,12228,21278,0,0,1
KLU,1,12259,21309,0,0,1
KLU,1,12265,21315,0,1,0
KLU,1,12276,21326,0,0,1
KLU,1,12310,21360,0,0,1
KLU,1,12312,21362,0,0,1
KLU,1,12330,21380,0,0,1
KLU,1,12336,21386,0,1,0
KLU,1,12337,21387,0,0,1
KLU,1,12347,21397,0,1,0
KLU,1,12355,21405,0,0,1
KLU,1,12358,21408,0,0,1
KLU,1,12360,21410,0,0,1
KLU,1,12365,21415,0,0,1
KLU,1,12372,21422,0,0,1
KLU,1,12375,21425,0,0,1
KLU,1,12388,21438,0,0,1
KLU,1,12405,21455,0,0,1
KLU,1,12417,21467,0,0,1
KLU,1,12421,21471,0,0,1
KLU,1,12436,21486,0,0,1
KLU,1,12453,21503,0,0,1
KLU,1,12455,21505,0,0,1
KLU,1,12456,21506,0,0,1
KLU,1,12462,21512,0,0,1
KLU,1,12463,21513,0,0,1
KLU,1,12467,21517,0,0,1
KLU,1,12487,21537,0,0,1
KLU,1,12493,21543,0,0,1
KLU,1,12503,21553,0,0,1
KLU,1,12511,21561,0,0,1
KLU,1,12537,21587,0,0,1
KLU,1,12539,21589,0,0,1
KLU,1,12546,21596,0,0,1
KLU,1,12553,21603,0,0,1
KLU,1,12555,21605,0,0,1
KLU,1,12562,21612,0,0,1
KLU,1,12569,21619,0,0,1
KLU,1,12584,21634,0,0,1
KLU,1,12616,21666,0,0,1
KLU,1,12634,21684,0,0,1
KLU,1,12641,21691,0,0,1
KLU,1,12643,21693,0,1,0
KLU,1,12657,21707,0,0,1
KLU,1,12670,21720,0,0,1
KLU,1,12693,21743,0,0,1
KLU,1,12715,21765,0,0,1
KLU,1,12742,21792,0,0,1
KLU,1,12771,21821,0,0,1
KLU,1,12783,21833,0,0,1
KLU,1,12796,21846,0,0,1
KLU,1,12802,21852,0,0,1
KLU,1,12803,21853,0,0,1
KLU,1,12814,21864,0,0,1
KLU,1,12823,21873,0,0,1
KLU,1,12832,21882,0,0,1
KLU,1,12836,21886,0,0,1
KLU,1,12845,21895,0,1,0
KLU,1,12847,21897,0,0,1
KLU,1,12851,21901,0,0,1
KLU,1,12855,21905,0,0,1
KLU,1,12867,21917,0,0,1
KLU,1,12882,21932,0,0,1
KLU,1,12885,21935,0,0,1
KLU,1,12894,21944,0,0,1
KLU,1,12914,21964,0,0,1
KLU,1,12919,21969,0,0,1
KLU,1,12924,21974,0,0,1
KLU,1,12936,21986,0,0,1
KLU,1,12963,22013,0,0,1
KLU,1,12972,22022,0,0,1
KLU,1,12976,22026,0,1,0
KLU,1,12977,22027,0,0,1
KLU,1,12985,22035,0,0,1
KLU,1,13005,22055,0,1,0
KLU,1,13016,22066,0,0,1
KLU,1,13091,22141,0,0,1
KLU,1,13097,22147,0,0,1
KLU,1,13100,22150,0,0,1
KLU,2,8851,17901,1,1,1
KLU,2,8870,17920,1,1,1
KLU,2,8878,17928,1,1,1
KLU,2,8882,17932,1,1,1
KLU,2,8891,17941,1,1,1
KLU,2,8893,17943,1,1,1
KLU,2,8920,17970,1,1,1
KLU,2,8933,17983,1,1,1
KLU,2,8958,18008,1,1,1
KLU,2,8965,18015,1,1,1
KLU,2,8982,18032,1,1,1
KLU,2,8990,18040,1,1,1
KLU,2,8991,18041,1,1,1
KLU,2,9001,18051,1,1,1
KLU,2,9015,18065,1,1,1
KLU,2,9028,18078,1,1,1
KLU,2,9032,18082,1,1,1
KLU,2,9042,18092,1,1,1
KLU,2,9043,18093,1,1,1
KLU,2,9050,18100,1,1,1
KLU,2,9051,18101,1,1,1
KLU,2,9074,18124,1,1,1
KLU,2,9081,18131,1,1,1
KLU,2,9094,18144,1,1,1
KLU,2,9100,18150,1,1,1
KLU,2,9104,18154,1,1,1
KLU,2,9107,18157,1,1,1
KLU,2,9121,18171,1,1,1
KLU,2,9126,18176,1,1,1
KLU,2,9128,18178,1,1,1
KLU,2,9152,18202,1,1,1
KLU,2,9163,18213,1,1,1
KLU,2,9165,18215,1,1,1
KLU,2,9191,18241,1,1,1
KLU,2,9208,18258,1,1,1
KLU,2,9218,18268,1,1,1
KLU,2,9219,18269,1,1,1
KLU,2,9229,18279,1,1,1
KLU,2,9245,18295,1,1,1
KLU,2,9246,18296,1,1,1
KLU,2,9250,18300,1,1,1
KLU,2,9257,18307,1,1,1
KLU,2,9260,18310,1,1,1
KLU,2,9280,18330,1,1,1
KLU,2,9281,18331,1,1,1
KLU,2,9300,18350,1,1,1
KLU,2,9306,18356,1,1,1
KLU,2,9308,18358,1,1,1
KLU,2,9311,18361,1,1,1
KLU,2,9315,18365,1,0,0
KLU,2,9334,18384,1,1,1
KLU,2,9336,18386,1,1,1
KLU,2,9343,18393,1,1,1
KLU,2,9346,18396,1,1,1
KLU,2,9360,18410,1,1,1
KLU,2,9364,18414,1,1,1
KLU,2,9369,18419,1,1,1
KLU,2,9373,18423,1,1,1
KLU,2,9414,18464,1,0,0
KLU,2,9424,18474,1,1,1
KLU,2,9451,18501,1,1,1
KLU,2,9461,18511,1,1,1
KLU,2,9517,18567,1,1,1
KLU,2,9534,18584,1,1,1
KLU,2,9535,18585,1,1,1
KLU,2,9538,18588,1,1,1
KLU,2,9556,18606,1,1,1
KLU,2,9575,18625,1,1,1
KLU,2,9577,18627,1,1,1
KLU,2,9589,18639,1,0,0
KLU,2,9593,18643,1,1,1
KLU,2,9599,18649,1,1,1
KLU,2,9618,18668,1,1,1
KLU,2,9620,18670,1,1,1
KLU,2,9622,18672,1,1,1
KLU,2,9634,18684,1,1,1
KLU,2,9649,18699,1,1,1
KLU,2,9652,18702,1,0,0
KLU,2,9683,18733,1,1,1
KLU,2,9690,18740,1,1,1
KLU,2,9701,18751,1,1,1
KLU,2,9711,18761,1,1,1
KLU,2,9721,18771,1,1,1
KLU,2,9731,18781,1,0,0
KLU,2,9740,18790,1,1,1
KLU,2,9743,18793,1,1,1
KLU,2,9761,18811,1,1,1
KLU,2,9771,18821,1,0,0
KLU,2,9787,18837,1,1,1
KLU,2,9790,18840,1,1,1
KLU,2,9792,18842,1,1,1
KLU,2,9793,18843,1,1,1
KLU,2,9796,18846,1,1,1
KLU,2,9822,18872,1,1,1
KLU,2,9881,18931,1,1,1
KLU,2,9889,18939,1,1,1
KLU,2,9892,18942,1,1,1
KLU,2,9894,18944,1,1,1
KLU,2,9906,18956,1,1,1
KLU,2,9913,18963,1,1,1
KLU,2,9916,18966,1,1,1
KLU,2,9917,18967,1,1,1
KLU,2,9919,18969,1,1,1
KLU,2,9928,18978,1,1,1
KLU,2,9947,18997,1,1,1
KLU,2,9949,18999,1,1,1
KLU,2,9959,19009,1,1,1
KLU,2,9967,19017,1,0,0
KLU,2,9969,19019,1,1,1
KLU,2,9990,19040,1,0,0
KLU,2,9992,19042,1,1,1
KLU,2,9995,19045,1,1,1
KLU,2,9997,19047,1,1,1
KLU,2,10014,19064,1,1,1
KLU,2,10018,19068,1,1,1
KLU,2,10031,19081,1,1,1
KLU,2,10036,19086,1,1,1
KLU,2,10100,19150,1,1,1
KLU,2,10105,19155,1,1,1
KLU,2,10110,19160,1,1,1
KLU,2,10144,19194,1,1,1
KLU,2,10176,19226,1,1,1
KLU,2,10189,19239,1,1,1
KLU,2,10210,19260,1,1,1
KLU,2,10211,19261,1,1,1
KLU,2,10214,19264,1,1,1
KLU,2,10218,19268,1,1,1
KLU,2,10223,19273,1,1,1
KLU,2,10227,19277,1,1,1
KLU,2,10236,19286,1,1,1
KLU,2,10238,19288,1,1,1
KLU,2,10241,19291,1,0,0
KLU,2,10257,19307,1,1,1
KLU,2,10262,19312,1,1,1
KLU,2,10272,19322,1,1,1
KLU,2,10275,19325,1,0,0
KLU,2,10284,19334,1,1,1
KLU,2,10298,19348,1,1,1
KLU,2,10308,19358,1,1,1
KLU,2,10324,19374,1,1,1
KLU,2,10335,19385,1,1,1
KLU,2,10350,19400,1,1,1
KLU,2,10357,19407,1,1,1
KLU,2,10367,19417,1,1,1
KLU,2,10373,19423,1,1,1
KLU,2,10384,19434,1,1,1
KLU,2,10390,19440,1,1,1
KLU,2,10392,19442,1,1,1
KLU,2,10397,19447,1,1,1
KLU,2,10402,19452,1,1,1
KLU,2,10408,19458,1,1,1
KLU,2,10410,19460,1,1,1
KLU,2,10414,19464,1,1,1
KLU,2,10424,19474,1,0,0
KLU,2,10432,19482,1,1,1
KLU,2,10435,19485,1,1,1
KLU,2,10444,19494,1,1,1
KLU,2,10460,19510,1,1,1
KLU,2,10463,19513,1,1,1
KLU,2,10464,19514,1,1,1
KLU,2,10475,19525,1,0,0
KLU,2,10483,19533,1,1,1
KLU,2,10484,19534,1,1,1
KLU,2,10486,19536,1,1,1
KLU,2,10491,19541,1,1,1
KLU,2,10499,19549,1,1,1
KLU,2,10517,19567,1,1,1
KLU,2,10538,19588,1,1,1
KLU,2,10544,19594,1,1,1
KLU,2,10551,19601,1,1,1
KLU,2,10554,19604,1,1,1
KLU,2,10558,19608,1,1,1
KLU,2,10562,19612,1,1,1
KLU,2,10607,19657,1,1,1
KLU,2,10609,19659,1,0,0
KLU,2,10611,19661,1,1,1
KLU,2,10612,19662,1,1,1
KLU,2,10619,19669,1,1,1
KLU,2,10635,19685,1,1,1
KLU,2,10639,19689,1,1,1
KLU,2,10646,19696,1,1,1
KLU,2,10663,19713,1,1,1
KLU,2,10675,19725,1,1,1
KLU,2,10693,19743,1,1,1
KLU,2,10700,19750,1,1,1
KLU,2,10704,19754,1,1,1
KLU,2,10715,19765,1,1,1
KLU,2,10717,19767,1,1,1
KLU,2,10735,19785,1,1,1
KLU,2,10758,19808,1,1,1
KLU,2,10772,19822,1,1,1
KLU,2,10776,19826,1,1,1
KLU,2,10790,19840,1,1,1
KLU,2,10801,19851,1,0,0
KLU,2,10817,19867,1,1,1
KLU,2,10837,19887,1,1,1
KLU,2,10840,19890,1,1,1
KLU,2,10848,19898,1,1,1
KLU,2,10849,19899,1,1,1
KLU,2,10853,19903,1,1,1
KLU,2,10866,19916,1,1,1
KLU,2,10868,19918,1,1,1
KLU,2,10874,19924,1,1,1
KLU,2,10882,19932,1,1,1
KLU,2,10895,19945,1,1,1
KLU,2,10900,19950,1,1,1
KLU,2,10910,19960,1,1,1
KLU,2,10912,19962,1,1,1
KLU,2,10926,19976,1,0,0
KLU,2,10933,19983,1,1,1
KLU,2,10944,19994,1,1,1
KLU,2,10951,20001,1,1,1
KLU,2,11003,20053,0,0,1
KLU,2,11043,20093,0,0,1
KLU,2,11057,20107,0,0,1
KLU,2,11064,20114,0,0,1
KLU,2,11084,20134,0,0,1
KLU,2,11103,20153,0,0,1
KLU,2,11116,20166,0,0,1
KLU,2,11131,20181,0,0,1
KLU,2,11142,20192,0,0,1
KLU,2,11144,20194,0,1,0
KLU,2,11146,20196,0,0,1
KLU,2,11178,20228,0,0,1
KLU,2,11183,20233,0,0,1
KLU,2,11199,20249,0,0,1
KLU,2,11204,20254,0,0,1
KLU,2,11206,20256,0,0,1
KLU,2,11209,20259,0,0,1
KLU,2,11214,20264,0,0,1
KLU,2,11216,20266,0,0,1
KLU,2,11224,20274,0,0,1
KLU,2,11230,20280,0,0,1
KLU,2,11241,20291,0,0,1
KLU,2,11252,20302,0,0,1
KLU,2,11254,20304,0,0,1
KLU,2,11268,20318,0,0,1
KLU,2,11290,20340,0,0,1
KLU,2,11296,20346,0,0,1
KLU,2,11299,20349,0,0,1
KLU,2,11304,20354,0,0,1
KLU,2,11309,20359,0,0,1
KLU,2,11319,20369,0,0,1
KLU,2,11387,20437,0,0,1
KLU,2,11388,20438,0,0,1
KLU,2,11408,20458,0,0,1
KLU,2,11415,20465,0,0,1
KLU,2,11427,20477,0,0,1
KLU,2,11433,20483,0,0,1
KLU,2,11439,20489,0,0,1
KLU,2,11454,20504,0,0,1
KLU,2,11459,20509,0,0,1
KLU,2,11468,20518,0,0,1
KLU,2,11470,20520,0,0,1
KLU,2,11496,20546,0,0,1
KLU,2,11509,20559,0,0,1
KLU,2,11539,20589,0,0,1
KLU,2,11563,20613,0,0,1
KLU,2,11566,20616,0,0,1
KLU,2,11578,20628,0,0,1
KLU,2,11582,20632,0,0,1
KLU,2,11599,20649,0,0,1
KLU,2,11600,20650,0,1,0
KLU,2,11615,20665,0,0,1
KLU,2,11616,20666,0,0,1
KLU,2,11621,20671,0,0,1
KLU,2,11624,20674,0,0,1
KLU,2,11640,20690,0,0,1
KLU,2,11653,20703,0,0,1
KLU,2,11705,20755,0,0,1
KLU,2,11722,20772,0,0,1
KLU,2,11725,20775,0,0,1
KLU,2,11741,20791,0,0,1
KLU,2,11745,20795,0,0,1
KLU,2,11774,20824,0,0,1
KLU,2,11779,20829,0,0,1
KLU,2,11781,20831,0,0,1
KLU,2,11785,20835,0,0,1
KLU,2,11799,20849,0,0,1
KLU,2,11803,20853,0,0,1
KLU,2,11805,20855,0,0,1
KLU,2,11809,20859,0,0,1
KLU,2,11823,20873,0,0,1
KLU,2,11831,20881,0,0,1
KLU,2,11837,20887,0,0,1
KLU,2,11838,20888,0,0,1
KLU,2,11846,20896,0,0,1
KLU,2,11851,20901,0,0,1
KLU,2,11869,20919,0,0,1
KLU,2,11871,20921,0,0,1
KLU,2,11888,20938,0,0,1
KLU,2,11890,20940,0,0,1
KLU,2,11895,20945,0,1,0
KLU,2,11931,20981,0,0,1
KLU,2,11937,20987,0,0,1
KLU,2,11942,20992,0,0,1
KLU,2,11947,20997,0,0,1
KLU,2,11952,21002,0,0,1
KLU,2,11955,21005,0,0,1
KLU,2,11968,21018,0,0,1
KLU,2,11997,21047,0,0,1
KLU,2,11998,21048,0,0,1
KLU,2,12001,21051,0,0,1
KLU,2,12005,21055,0,0,1
KLU,2,12016,21066,0,0,1
KLU,2,12018,21068,0,0,1
KLU,2,12037,21087,0,0,1
KLU,2,12045,21095,0,1,0
KLU,2,12071,21121,0,0,1
KLU,2,12073,21123,0,0,1
KLU,2,12077,21127,0,0,1
KLU,2,12083,21133,0,0,1
KLU,2,12086,21136,0,0,1
KLU,2,12092,21142,0,0,1
KLU,2,12101,21151,0,0,1
KLU,2,12102,21152,0,0,1
KLU,2,12106,21156,0,0,1
KLU,2,12110,21160,0,0,1
KLU,2,12136,21186,0,0,1
KLU,2,12146,21196,0,0,1
KLU,2,12159,21209,0,0,1
KLU,2,12178,21228,0,0,1
KLU,2,12185,21235,0,1,0
KLU,2,12186,21236,0,0,1
KLU,2,12190,21240,0,0,1
KLU,2,12194,21244,0,0,1
KLU,2,12195,21245,0,0,1
KLU,2,12197,21247,0,0,1
KLU,2,12204,21254,0,0,1
KLU,2,12235,21285,0,0,1
KLU,2,12240,21290,0,1,0
KLU,2,12253,21303,0,0,1
KLU,2,12254,21304,0,0,1
KLU,2,12263,21313,0,0,1
KLU,2,12264,21314,0,0,1
KLU,2,12269,21319,0,0,1
KLU,2,12270,21320,0,0,1
KLU,2,12280,21330,0,1,0
KLU,2,12281,21331,0,0,1
KLU,2,12286,21336,0,0,1
KLU,2,12294,21344,0,0,1
KLU,2,12295,21345,0,0,1
KLU,2,12296,21346,0,0,1
KLU,2,12298,21348,0,0,1
KLU,2,12326,21376,0,1,0
KLU,2,12327,21377,0,0,1
KLU,2,12331,21381,0,0,1
KLU,2,12367,21417,0,0,1
KLU,2,12376,21426,0,0,1
KLU,2,12381,21431,0,0,1
KLU,2,12382,21432,0,0,1
KLU,2,12394,21444,0,0,1
KLU,2,12400,21450,0,0,1
KLU,2,12409,21459,0,0,1
KLU,2,12416,21466,0,0,1
KLU,2,12424,21474,0,0,1
KLU,2,12426,21476,0,1,0
KLU,2,12430,21480,0,0,1
KLU,2,12437,21487,0,0,1
KLU,2,12448,21498,0,0,1
KLU,2,12457,21507,0,0,1
KLU,2,12460,21510,0,0,1
KLU,2,12469,21519,0,0,1
KLU,2,12471,21521,0,0,1
KLU,2,12477,21527,0,0,1
KLU,2,12480,21530,0,0,1
KLU,2,12544,21594,0,0,1
KLU,2,12545,21595,0,0,1
KLU,2,12572,21622,0,0,1
KLU,2,12574,21624,0,0,1
KLU,2,12577,21627,0,0,1
KLU,2,12581,21631,0,0,1
KLU,2,12599,21649,0,0,1
KLU,2,12629,21679,0,0,1
KLU,2,12632,21682,0,0,1
KLU,2,12653,21703,0,0,1
KLU,2,12666,21716,0,0,1
KLU,2,12676,21726,0,0,1
KLU,2,12688,21738,0,0,1
KLU,2,12695,21745,0,0,1
KLU,2,12697,21747,0,0,1
KLU,2,12701,21751,0,0,1
KLU,2,12705,21755,0,0,1
KLU,2,12716,21766,0,0,1
KLU,2,12721,21771,0,0,1
KLU,2,12731,21781,0,0,1
KLU,2,12744,21794,0,0,1
KLU,2,12745,21795,0,0,1
KLU,2,12758,21808,0,0,1
KLU,2,12774,21824,0,0,1
KLU,2,12785,21835,0,0,1
KLU,2,12792,21842,0,0,1
KLU,2,12793,21843,0,0,1
KLU,2,12804,21854,0,0,1
KLU,2,12807,21857,0,0,1
KLU,2,12812,21862,0,0,1
KLU,2,12813,21863,0,0,1
KLU,2,12827,21877,0,0,1
KLU,2,12834,21884,0,0,1
KLU,2,12850,21900,0,0,1
KLU,2,12852,21902,0,0,1
KLU,2,12854,21904,0,0,1
KLU,2,12866,21916,0,0,1
KLU,2,12870,21920,0,0,1
KLU,2,12886,21936,0,0,1
KLU,2,12900,21950,0,0,1
KLU,2,12923,21973,0,0,1
KLU,2,12931,21981,0,0,1
KLU,2,12938,21988,0,0,1
KLU,2,12961,22011,0,0,1
KLU,2,12964,22014,0,1,0
KLU,2,12966,22016,0,0,1
KLU,2,13009,22059,0,1,0
KLU,2,13012,22062,0,0,1
KLU,2,13017,22067,0,0,1
KLU,2,13028,22078,0,0,1
KLU,2,13045,22095,0,0,1
KLU,2,13050,22100,0,0,1
KLU,2,13059,22109,0,1,0
KLU,2,13077,22127,0,0,1
KLU,2,13078,22128,0,0,1
KLU,2,13085,22135,0,0,1
KLU,2,13088,22138,0,0,1
KLU,2,13089,22139,0,0,1
KLU,2,13090,22140,0,0,1
KLU,3,8866,17916,1,1,1
KLU,3,8872,17922,1,1,1
KLU,3,8892,17942,1,1,1
KLU,3,8900,17950,1,1,1
KLU,3,8912,17962,1,1,1
KLU,3,8915,17965,1,1,1
KLU,3,8940,17990,1,1,1
KLU,3,8977,18027,1,0,0
KLU,3,8993,18043,1,1,1
KLU,3,9017,18067,1,1,1
KLU,3,9024,18074,1,1,1
KLU,3,9057,18107,1,1,1
KLU,3,9065,18115,1,1,1
KLU,3,9090,18140,1,1,1
KLU,3,9091,18141,1,1,1
KLU,3,9103,18153,1,1,1
KLU,3,9117,18167,1,1,1
KLU,3,9130,18180,1,1,1
KLU,3,9136,18186,1,1,1
KLU,3,9147,18197,1,1,1
KLU,3,9164,18214,1,1,1
KLU,3,9179,18229,1,1,1
KLU,3,9187,18237,1,1,1
KLU,3,9199,18249,1,0,0
KLU,3,9248,18298,1,1,1
KLU,3,9252,18302,1,1,1
KLU,3,9261,18311,1,1,1
KLU,3,9264,18314,1,1,1
KLU,3,9267,18317,1,1,1
KLU,3,9273,18323,1,1,1
KLU,3,9294,18344,1,1,1
KLU,3,9295,18345,1,1,1
KLU,3,9309,18359,1,1,1
KLU,3,9313,18363,1,1,1
KLU,3,9316,18366,1,1,1
KLU,3,9327,18377,1,1,1
KLU,3,9333,18383,1,1,1
KLU,3,9339,18389,1,1,1
KLU,3,9344,18394,1,1,1
KLU,3,9354,18404,1,1,1
KLU,3,9376,18426,1,1,1
KLU,3,9385,18435,1,1,1
KLU,3,9395,18445,1,1,1
KLU,3,9396,18446,1,1,1
KLU,3,9413,18463,1,1,1
KLU,3,9423,18473,1,1,1
KLU,3,9428,18478,1,1,1
KLU,3,9455,18505,1,0,0
KLU,3,9456,18506,1,1,1
KLU,3,9465,18515,1,1,1
KLU,3,9475,18525,1,1,1
KLU,3,9490,18540,1,1,1
KLU,3,9491,18541,1,1,1
KLU,3,9495,18545,1,1,1
KLU,3,9497,18547,1,0,0
KLU,3,9516,18566,1,1,1
KLU,3,9522,18572,1,1,1
KLU,3,9542,18592,1,1,1
KLU,3,9544,18594,1,1,1
KLU,3,9545,18595,1,1,1
KLU,3,9563,18613,1,0,0
KLU,3,9568,18618,1,1,1
KLU,3,9572,18622,1,1,1
KLU,3,9578,18628,1,1,1
KLU,3,9587,18637,1,1,1
KLU,3,9627,18677,1,1,1
KLU,3,9646,18696,1,1,1
KLU,3,9661,18711,1,1,1
KLU,3,9663,18713,1,1,1
KLU,3,9670,18720,1,1,1
KLU,3,9678,18728,1,1,1
KLU,3,9695,18745,1,1,1
KLU,3,9717,18767,1,1,1
KLU,3,9720,18770,1,1,1
KLU,3,9724,18774,1,1,1
KLU,3,9726,18776,1,1,1
KLU,3,9730,18780,1,1,1
KLU,3,9734,18784,1,1,1
KLU,3,9736,18786,1,1,1
KLU,3,9749,18799,1,1,1
KLU,3,9767,18817,1,1,1
KLU,3,9798,18848,1,1,1
KLU,3,9806,18856,1,1,1
KLU,3,9827,18877,1,1,1
KLU,3,9836,18886,1,1,1
KLU,3,9847,18897,1,1,1
KLU,3,9849,18899,1,1,1
KLU,3,9865,18915,1,1,1
KLU,3,9870,18920,1,1,1
KLU,3,9875,18925,1,1,1
KLU,3,9895,18945,1,1,1
KLU,3,9904,18954,1,1,1
KLU,3,9914,18964,1,1,1
KLU,3,9921,18971,1,1,1
KLU,3,9926,18976,1,1,1
KLU,3,9927,18977,1,1,1
KLU,3,9930,18980,1,1,1
KLU,3,9951,19001,1,1,1
KLU,3,9955,19005,1,1,1
KLU,3,9958,19008,1,1,1
KLU,3,9965,19015,1,0,0
KLU,3,9978,19028,1,1,1
KLU,3,9984,19034,1,1,1
KLU,3,9987,19037,1,1,1
KLU,3,10026,19076,1,1,1
KLU,3,10029,19079,1,1,1
KLU,3,10048,19098,1,1,1
KLU,3,10051,19101,1,1,1
KLU,3,10058,19108,1,1,1
KLU,3,10081,19131,1,1,1
KLU,3,10086,19136,1,1,1
KLU,3,10096,19146,1,1,1
KLU,3,10098,19148,1,1,1
KLU,3,10107,19157,1,1,1
KLU,3,10115,19165,1,1,1
KLU,3,10132,19182,1,1,1
KLU,3,10138,19188,1,1,1
KLU,3,10145,19195,1,1,1
KLU,3,10149,19199,1,1,1
KLU,3,10160,19210,1,1,1
KLU,3,10171,19221,1,1,1
KLU,3,10174,19224,1,1,1
KLU,3,10188,19238,1,1,1
KLU,3,10195,19245,1,1,1
KLU,3,10199,19249,1,1,1
KLU,3,10204,19254,1,1,1
KLU,3,10208,19258,1,1,1
KLU,3,10213,19263,1,1,1
KLU,3,10231,19281,1,1,1
KLU,3,10243,19293,1,1,1
KLU,3,10250,19300,1,0,0
KLU,3,10251,19301,1,1,1
KLU,3,10267,19317,1,1,1
KLU,3,10280,19330,1,1,1
KLU,3,10289,19339,1,1,1
KLU,3,10320,19370,1,1,1
KLU,3,10326,19376,1,1,1
KLU,3,10338,19388,1,1,1
KLU,3,10340,19390,1,1,1
KLU,3,10345,19395,1,1,1
KLU,3,10347,19397,1,0,0
KLU,3,10394,19444,1,1,1
KLU,3,10395,19445,1,1,1
KLU,3,10404,19454,1,1,1
KLU,3,10405,19455,1,1,1
KLU,3,10407,19457,1,1,1
KLU,3,10411,19461,1,1,1
KLU,3,10413,19463,1,1,1
KLU,3,10434,19484,1,0,0
KLU,3,10471,19521,1,1,1
KLU,3,10477,19527,1,1,1
KLU,3,10485,19535,1,1,1
KLU,3,10496,19546,1,1,1
KLU,3,10500,19550,1,1,1
KLU,3,10505,19555,1,1,1
KLU,3,10509,19559,1,1,1
KLU,3,10518,19568,1,1,1
KLU,3,10521,19571,1,1,1
KLU,3,10525,19575,1,1,1
KLU,3,10529,19579,1,1,1
KLU,3,10536,19586,1,1,1
KLU,3,10537,19587,1,0,0
KLU,3,10557,19607,1,0,0
KLU,3,10566,19616,1,1,1
KLU,3,10592,19642,1,0,0
KLU,3,10610,19660,1,1,1
KLU,3,10613,19663,1,1,1
KLU,3,10616,19666,1,1,1
KLU,3,10625,19675,1,1,1
KLU,3,10643,19693,1,1,1
KLU,3,10644,19694,1,1,1
KLU,3,10650,19700,1,1,1
KLU,3,10658,19708,1,1,1
KLU,3,10670,19720,1,1,1
KLU,3,10682,19732,1,1,1
KLU,3,10683,19733,1,0,0
KLU,3,10691,19741,1,1,1
KLU,3,10692,19742,1,1,1
KLU,3,10697,19747,1,1,1
KLU,3,10699,19749,1,1,1
KLU,3,10702,19752,1,1,1
KLU,3,10713,19763,1,1,1
KLU,3,10714,19764,1,1,1
KLU,3,10731,19781,1,0,0
KLU,3,10733,19783,1,1,1
KLU,3,10747,19797,1,0,0
KLU,3,10760,19810,1,1,1
KLU,3,10775,19825,1,1,1
KLU,3,10779,19829,1,1,1
KLU,3,10780,19830,1,1,1
KLU,3,10784,19834,1,1,1
KLU,3,10789,19839,1,1,1
KLU,3,10794,19844,1,1,1
KLU,3,10799,19849,1,1,1
KLU,3,10813,19863,1,1,1
KLU,3,10821,19871,1,1,1
KLU,3,10835,19885,1,1,1
KLU,3,10856,19906,1,1,1
KLU,3,10863,19913,1,1,1
KLU,3,10871,19921,1,1,1
KLU,3,10879,19929,1,0,0
KLU,3,10880,19930,1,1,1
KLU,3,10887,19937,1,1,1
KLU,3,10894,19944,1,1,1
KLU,3,10903,19953,1,1,1
KLU,3,10908,19958,1,1,1
KLU,3,10925,19975,1,1,1
KLU,3,10934,19984,1,1,1
KLU,3,10938,19988,1,1,1
KLU,3,10953,20003,1,1,1
KLU,3,10957,20007,1,1,1
KLU,3,10967,20017,1,0,0
KLU,3,10980,20030,0,0,1
KLU,3,10984,20034,0,0,1
KLU,3,10993,20043,0,0,1
KLU,3,11009,20059,0,0,1
KLU,3,11011,20061,0,0,1
KLU,3,11021,20071,0,0,1
KLU,3,11024,20074,0,1,0
KLU,3,11041,20091,0,1,0
KLU,3,11059,20109,0,0,1
KLU,3,11062,20112,0,0,1
KLU,3,11063,20113,0,0,1
KLU,3,11065,20115,0,1,0
KLU,3,11066,20116,0,0,1
KLU,3,11071,20121,0,0,1
KLU,3,11081,20131,0,0,1
KLU,3,11085,20135,0,0,1
KLU,3,11091,20141,0,0,1
KLU,3,11118,20168,0,0,1
KLU,3,11129,20179,0,0,1
KLU,3,11150,20200,0,0,1
KLU,3,11164,20214,0,0,1
KLU,3,11168,20218,0,0,1
KLU,3,11173,20223,0,0,1
KLU,3,11191,20241,0,0,1
KLU,3,11197,20247,0,0,1
KLU,3,11205,20255,0,0,1
KLU,3,11211,20261,0,0,1
KLU,3,11213,20263,0,0,1
KLU,3,11225,20275,0,0,1
KLU,3,11233,20283,0,0,1
KLU,3,11239,20289,0,0,1
KLU,3,11242,20292,0,0,1
KLU,3,11258,20308,0,0,1
KLU,3,11259,20309,0,0,1
KLU,3,11267,20317,0,0,1
KLU,3,11276,20326,0,0,1
KLU,3,11277,20327,0,0,1
KLU,3,11280,20330,0,0,1
KLU,3,11287,20337,0,0,1
KLU,3,11310,20360,0,0,1
KLU,3,11329,20379,0,0,1
KLU,3,11332,20382,0,0,1
KLU,3,11335,20385,0,0,1
KLU,3,11347,20397,0,1,0
KLU,3,11353,20403,0,0,1
KLU,3,11354,20404,0,0,1
KLU,3,11355,20405,0,0,1
KLU,3,11358,20408,0,0,1
KLU,3,11376,20426,0,0,1
KLU,3,11385,20435,0,0,1
KLU,3,11395,20445,0,0,1
KLU,3,11409,20459,0,0,1
KLU,3,11414,20464,0,0,1
KLU,3,11430,20480,0,1,0
KLU,3,11456,20506,0,1,0
KLU,3,11476,20526,0,0,1
KLU,3,11478,20528,0,0,1
KLU,3,11481,20531,0,0,1
KLU,3,11483,20533,0,0,1
KLU,3,11484,20534,0,0,1
KLU,3,11489,20539,0,0,1
KLU,3,11507,20557,0,0,1
KLU,3,11535,20585,0,0,1
KLU,3,11537,20587,0,0,1
KLU,3,11540,20590,0,0,1
KLU,3,11542,20592,0,0,1
KLU,3,11544,20594,0,0,1
KLU,3,11574,20624,0,0,1
KLU,3,11579,20629,0,1,0
KLU,3,11581,20631,0,0,1
KLU,3,11587,20637,0,0,1
KLU,3,11597,20647,0,0,1
KLU,3,11604,20654,0,0,1
KLU,3,11655,20705,0,0,1
KLU,3,11660,20710,0,0,1
KLU,3,11661,20711,0,0,1
KLU,3,11665,20715,0,0,1
KLU,3,11666,20716,0,0,1
KLU,3,11672,20722,0,0,1
KLU,3,11673,20723,0,0,1
KLU,3,11674,20724,0,0,1
KLU,3,11676,20726,0,1,0
KLU,3,11681,20731,0,0,1
KLU,3,11687,20737,0,0,1
KLU,3,11695,20745,0,0,1
KLU,3,11708,20758,0,0,1
KLU,3,11715,20765,0,0,1
KLU,3,11717,20767,0,0,1
KLU,3,11732,20782,0,0,1
KLU,3,11733,20783,0,0,1
KLU,3,11736,20786,0,0,1
KLU,3,11737,20787,0,0,1
KLU,3,11777,20827,0,1,0
KLU,3,11789,20839,0,0,1
KLU,3,11793,20843,0,0,1
KLU,3,11824,20874,0,0,1
KLU,3,11835,20885,0,0,1
KLU,3,11844,20894,0,0,1
KLU,3,11847,20897,0,0,1
KLU,3,11858,20908,0,0,1
KLU,3,11862,20912,0,0,1
KLU,3,11865,20915,0,1,0
KLU,3,11866,20916,0,0,1
KLU,3,11886,20936,0,0,1
KLU,3,11903,20953,0,0,1
KLU,3,11912,20962,0,0,1
KLU,3,11944,20994,0,0,1
KLU,3,11945,20995,0,0,1
KLU,3,11966,21016,0,0,1
KLU,3,11985,21035,0,0,1
KLU,3,12000,21050,0,0,1
KLU,3,12010,21060,0,0,1
KLU,3,12015,21065,0,0,1
KLU,3,12028,21078,0,0,1
KLU,3,12031,21081,0,1,0
KLU,3,12040,21090,0,1,0
KLU,3,12046,21096,0,0,1
KLU,3,12047,21097,0,0,1
KLU,3,12075,21125,0,0,1
KLU,3,12093,21143,0,0,1
KLU,3,12097,21147,0,0,1
KLU,3,12100,21150,0,0,1
KLU,3,12109,21159,0,0,1
KLU,3,12119,21169,0,0,1
KLU,3,12123,21173,0,0,1
KLU,3,12124,21174,0,0,1
KLU,3,12130,21180,0,0,1
KLU,3,12131,21181,0,0,1
KLU,3,12134,21184,0,0,1
KLU,3,12135,21185,0,0,1
KLU,3,12145,21195,0,1,0
KLU,3,12147,21197,0,0,1
KLU,3,12157,21207,0,0,1
KLU,3,12160,21210,0,0,1
KLU,3,12173,21223,0,0,1
KLU,3,12215,21265,0,0,1
KLU,3,12230,21280,0,0,1
KLU,3,12234,21284,0,0,1
KLU,3,12262,21312,0,0,1
KLU,3,12268,21318,0,0,1
KLU,3,12282,21332,0,0,1
KLU,3,12283,21333,0,0,1
KLU,3,12291,21341,0,0,1
KLU,3,12313,21363,0,0,1
KLU,3,12325,21375,0,0,1
KLU,3,12350,21400,0,0,1
KLU,3,12385,21435,0,0,1
KLU,3,12392,21442,0,0,1
KLU,3,12402,21452,0,0,1
KLU,3,12403,21453,0,0,1
KLU,3,12406,21456,0,0,1
KLU,3,12411,21461,0,0,1
KLU,3,12434,21484,0,0,1
KLU,3,12445,21495,0,0,1
KLU,3,12446,21496,0,0,1
KLU,3,12447,21497,0,0,1
KLU,3,12449,21499,0,0,1
KLU,3,12468,21518,0,0,1
KLU,3,12472,21522,0,0,1
KLU,3,12485,21535,0,0,1
KLU,3,12491,21541,0,0,1
KLU,3,12497,21547,0,0,1
KLU,3,12535,21585,0,0,1
KLU,3,12548,21598,0,0,1
KLU,3,12592,21642,0,0,1
KLU,3,12606,21656,0,0,1
KLU,3,12609,21659,0,0,1
KLU,3,12615,21665,0,0,1
KLU,3,12619,21669,0,0,1
KLU,3,12628,21678,0,0,1
KLU,3,12635,21685,0,0,1
KLU,3,12651,21701,0,0,1
KLU,3,12683,21733,0,1,0
KLU,3,12684,21734,0,0,1
KLU,3,12690,21740,0,0,1
KLU,3,12694,21744,0,0,1
KLU,3,12723,21773,0,0,1
KLU,3,12762,21812,0,0,1
KLU,3,12769,21819,0,0,1
KLU,3,12787,21837,0,0,1
KLU,3,12798,21848,0,0,1
KLU,3,12821,21871,0,0,1
KLU,3,12838,21888,0,0,1
KLU,3,12841,21891,0,0,1
KLU,3,12859,21909,0,0,1
KLU,3,12868,21918,0,0,1
KLU,3,12876,21926,0,0,1
KLU,3,12883,21933,0,0,1
KLU,3,12888,21938,0,0,1
KLU,3,12891,21941,0,0,1
KLU,3,12905,21955,0,0,1
KLU,3,12913,21963,0,0,1
KLU,3,12917,21967,0,0,1
KLU,3,12934,21984,0,0,1
KLU,3,12935,21985,0,1,0
KLU,3,12951,22001,0,0,1
KLU,3,12956,22006,0,0,1
KLU,3,12962,22012,0,1,0
KLU,3,12979,22029,0,0,1
KLU,3,12993,22043,0,0,1
KLU,3,13004,22054,0,0,1
KLU,3,13008,22058,0,0,1
KLU,3,13013,22063,0,1,0
KLU,3,13014,22064,0,1,0
KLU,3,13030,22080,0,0,1
KLU,3,13031,22081,0,0,1
KLU,3,13034,22084,0,0,1
KLU,3,13062,22112,0,1,0
KLU,3,13068,22118,0,0,1
KLU,3,13070,22120,0,0,1
KLU,3,13074,22124,0,1,0
KLU,3,13096,22146,0,0,1
KLU,3,13098,22148,0,0,1
KLU,4,8859,17909,1,1,1
KLU,4,8862,17912,1,1,1
KLU,4,8864,17914,1,1,1
KLU,4,8883,17933,1,1,1
KLU,4,8887,17937,1,1,1
KLU,4,8888,17938,1,1,1
KLU,4,8895,17945,1,1,1
KLU,4,8899,17949,1,1,1
KLU,4,8906,17956,1,1,1
KLU,4,8908,17958,1,1,1
KLU,4,8939,17989,1,1,1
KLU,4,8947,17997,1,1,1
KLU,4,8948,17998,1,1,1
KLU,4,8955,18005,1,1,1
KLU,4,9023,18073,1,1,1
KLU,4,9037,18087,1,1,1
KLU,4,9039,18089,1,1,1
KLU,4,9046,18096,1,1,1
KLU,4,9066,18116,1,1,1
KLU,4,9085,18135,1,1,1
KLU,4,9093,18143,1,1,1
KLU,4,9106,18156,1,1,1
KLU,4,9114,18164,1,1,1
KLU,4,9115,18165,1,1,1
KLU,4,9141,18191,1,1,1
KLU,4,9150,18200,1,1,1
KLU,4,9155,18205,1,0,0
KLU,4,9175,18225,1,1,1
KLU,4,9194,18244,1,1,1
KLU,4,9200,18250,1,1,1
KLU,4,9205,18255,1,1,1
KLU,4,9206,18256,1,1,1
KLU,4,9209,18259,1,1,1
KLU,4,9212,18262,1,0,0
KLU,4,9216,18266,1,1,1
KLU,4,9220,18270,1,1,1
KLU,4,9247,18297,1,1,1
KLU,4,9254,18304,1,1,1
KLU,4,9263,18313,1,1,1
KLU,4,9271,18321,1,1,1
KLU,4,9272,18322,1,1,1
KLU,4,9274,18324,1,1,1
KLU,4,9289,18339,1,1,1
KLU,4,9304,18354,1,1,1
KLU,4,9319,18369,1,1,1
KLU,4,9341,18391,1,1,1
KLU,4,9345,18395,1,1,1
KLU,4,9349,18399,1,1,1
KLU,4,9371,18421,1,1,1
KLU,4,9375,18425,1,1,1
KLU,4,9382,18432,1,1,1
KLU,4,9386,18436,1,0,0
KLU,4,9399,18449,1,0,0
KLU,4,9415,18465,1,1,1
KLU,4,9417,18467,1,1,1
KLU,4,9425,18475,1,1,1
KLU,4,9437,18487,1,1,1
KLU,4,9442,18492,1,1,1
KLU,4,9446,18496,1,0,0
KLU,4,9449,18499,1,1,1
KLU,4,9480,18530,1,1,1
KLU,4,9493,18543,1,1,1
KLU,4,9510,18560,1,1,1
KLU,4,9512,18562,1,1,1
KLU,4,9513,18563,1,1,1
KLU,4,9520,18570,1,1,1
KLU,4,9525,18575,1,1,1
KLU,4,9527,18577,1,1,1
KLU,4,9536,18586,1,1,1
KLU,4,9546,18596,1,1,1
KLU,4,9566,18616,1,1,1
KLU,4,9574,18624,1,1,1
KLU,4,9576,18626,1,1,1
KLU,4,9594,18644,1,1,1
KLU,4,9597,18647,1,1,1
KLU,4,9600,18650,1,1,1
KLU,4,9609,18659,1,1,1
KLU,4,9613,18663,1,1,1
KLU,4,9624,18674,1,1,1
KLU,4,9633,18683,1,1,1
KLU,4,9638,18688,1,1,1
KLU,4,9656,18706,1,1,1
KLU,4,9688,18738,1,1,1
KLU,4,9705,18755,1,1,1
KLU,4,9709,18759,1,1,1
KLU,4,9725,18775,1,1,1
KLU,4,9727,18777,1,1,1
KLU,4,9750,18800,1,1,1
KLU,4,9753,18803,1,1,1
KLU,4,9756,18806,1,1,1
KLU,4,9760,18810,1,1,1
KLU,4,9772,18822,1,1,1
KLU,4,9775,18825,1,1,1
KLU,4,9807,18857,1,1,1
KLU,4,9815,18865,1,1,1
KLU,4,9826,18876,1,1,1
KLU,4,9838,18888,1,1,1
KLU,4,9840,18890,1,1,1
KLU,4,9846,18896,1,1,1
KLU,4,9851,18901,1,1,1
KLU,4,9854,18904,1,0,0
KLU,4,9857,18907,1,1,1
KLU,4,9858,18908,1,1,1
KLU,4,9878,18928,1,1,1
KLU,4,9888,18938,1,1,1
KLU,4,9900,18950,1,1,1
KLU,4,9901,18951,1,1,1
KLU,4,9902,18952,1,1,1
KLU,4,9903,18953,1,0,0
KLU,4,9907,18957,1,1,1
KLU,4,9909,18959,1,1,1
KLU,4,9938,18988,1,1,1
KLU,4,9976,19026,1,0,0
KLU,4,9980,19030,1,0,0
KLU,4,9983,19033,1,1,1
KLU,4,9986,19036,1,1,1
KLU,4,10000,19050,1,1,1
KLU,4,10002,19052,1,1,1
KLU,4,10007,19057,1,1,1
KLU,4,10025,19075,1,1,1
KLU,4,10041,19091,1,1,1
KLU,4,10053,19103,1,1,1
KLU,4,10091,19141,1,0,0
KLU,4,10092,19142,1,0,0
KLU,4,10108,19158,1,1,1
KLU,4,10112,19162,1,1,1
KLU,4,10114,19164,1,1,1
KLU,4,10133,19183,1,1,1
KLU,4,10135,19185,1,1,1
KLU,4,10137,19187,1,1,1
KLU,4,10151,19201,1,1,1
KLU,4,10154,19204,1,1,1
KLU,4,10156,19206,1,1,1
KLU,4,10157,19207,1,1,1
KLU,4,10164,19214,1,1,1
KLU,4,10179,19229,1,1,1
KLU,4,10181,19231,1,1,1
KLU,4,10190,19240,1,1,1
KLU,4,10200,19250,1,1,1
KLU,4,10207,19257,1,1,1
KLU,4,10215,19265,1,0,0
KLU,4,10232,19282,1,1,1
KLU,4,10288,19338,1,1,1
KLU,4,10292,19342,1,1,1
KLU,4,10294,19344,1,0,0
KLU,4,10314,19364,1,1,1
KLU,4,10317,19367,1,0,0
KLU,4,10328,19378,1,1,1
KLU,4,10329,19379,1,0,0
KLU,4,10333,19383,1,0,0
KLU,4,10343,19393,1,1,1
KLU,4,10344,19394,1,0,0
KLU,4,10358,19408,1,1,1
KLU,4,10359,19409,1,1,1
KLU,4,10366,19416,1,1,1
KLU,4,10377,19427,1,0,0
KLU,4,10380,19430,1,1,1
KLU,4,10391,19441,1,1,1
KLU,4,10399,19449,1,1,1
KLU,4,10415,19465,1,1,1
KLU,4,10433,19483,1,1,1
KLU,4,10437,19487,1,1,1
KLU,4,10440,19490,1,1,1
KLU,4,10443,19493,1,1,1
KLU,4,10448,19498,1,1,1
KLU,4,10455,19505,1,1,1
KLU,4,10457,19507,1,1,1
KLU,4,10459,19509,1,1,1
KLU,4,10465,19515,1,1,1
KLU,4,10474,19524,1,1,1
KLU,4,10494,19544,1,1,1
KLU,4,10502,19552,1,1,1
KLU,4,10507,19557,1,1,1
KLU,4,10515,19565,1,1,1
KLU,4,10540,19590,1,1,1
KLU,4,10542,19592,1,1,1
KLU,4,10546,19596,1,1,1
KLU,4,10549,19599,1,1,1
KLU,4,10555,19605,1,1,1
KLU,4,10565,19615,1,1,1
KLU,4,10581,19631,1,1,1
KLU,4,10618,19668,1,1,1
KLU,4,10621,19671,1,1,1
KLU,4,10629,19679,1,1,1
KLU,4,10636,19686,1,1,1
KLU,4,10642,19692,1,1,1
KLU,4,10660,19710,1,0,0
KLU,4,10678,19728,1,1,1
KLU,4,10721,19771,1,1,1
KLU,4,10725,19775,1,1,1
KLU,4,10727,19777,1,0,0
KLU,4,10739,19789,1,1,1
KLU,4,10763,19813,1,1,1
KLU,4,10787,19837,1,1,1
KLU,4,10788,19838,1,1,1
KLU,4,10796,19846,1,1,1
KLU,4,10818,19868,1,1,1
KLU,4,10819,19869,1,1,1
KLU,4,10826,19876,1,1,1
KLU,4,10830,19880,1,1,1
KLU,4,10836,19886,1,1,1
KLU,4,10844,19894,1,1,1
KLU,4,10845,19895,1,1,1
KLU,4,10858,19908,1,0,0
KLU,4,10860,19910,1,1,1
KLU,4,10865,19915,1,1,1
KLU,4,10872,19922,1,1,1
KLU,4,10873,19923,1,1,1
KLU,4,10885,19935,1,1,1
KLU,4,10931,19981,1,1,1
KLU,4,10940,19990,1,1,1
KLU,4,10960,20010,1,1,1
KLU,4,10973,20023,0,1,0
KLU,4,10977,20027,0,0,1
KLU,4,10987,20037,0,0,1
KLU,4,10989,20039,0,0,1
KLU,4,10997,20047,0,0,1
KLU,4,10999,20049,0,0,1
KLU,4,11023,20073,0,0,1
KLU,4,11033,20083,0,0,1
KLU,4,11040,20090,0,0,1
KLU,4,11082,20132,0,0,1
KLU,4,11083,20133,0,0,1
KLU,4,11093,20143,0,0,1
KLU,4,11095,20145,0,0,1
KLU,4,11097,20147,0,0,1
KLU,4,11099,20149,0,0,1
KLU,4,11105,20155,0,0,1
KLU,4,11115,20165,0,0,1
KLU,4,11138,20188,0,0,1
KLU,4,11156,20206,0,0,1
KLU,4,11158,20208,0,0,1
KLU,4,11175,20225,0,0,1
KLU,4,11185,20235,0,0,1
KLU,4,11187,20237,0,0,1
KLU,4,11196,20246,0,0,1
KLU,4,11198,20248,0,0,1
KLU,4,11207,20257,0,0,1
KLU,4,11218,20268,0,0,1
KLU,4,11228,20278,0,0,1
KLU,4,11236,20286,0,0,1
KLU,4,11237,20287,0,0,1
KLU,4,11245,20295,0,0,1
KLU,4,11249,20299,0,0,1
KLU,4,11253,20303,0,0,1
KLU,4,11270,20320,0,0,1
KLU,4,11271,20321,0,0,1
KLU,4,11302,20352,0,0,1
KLU,4,11313,20363,0,0,1
KLU,4,11331,20381,0,0,1
KLU,4,11337,20387,0,0,1
KLU,4,11348,20398,0,0,1
KLU,4,11349,20399,0,0,1
KLU,4,11350,20400,0,0,1
KLU,4,11359,20409,0,0,1
KLU,4,11364,20414,0,0,1
KLU,4,11367,20417,0,0,1
KLU,4,11369,20419,0,0,1
KLU,4,11373,20423,0,1,0
KLU,4,11386,20436,0,0,1
KLU,4,11410,20460,0,0,1
KLU,4,11443,20493,0,0,1
KLU,4,11455,20505,0,0,1
KLU,4,11458,20508,0,0,1
KLU,4,11462,20512,0,0,1
KLU,4,11463,20513,0,0,1
KLU,4,11471,20521,0,0,1
KLU,4,11482,20532,0,1,0
KLU,4,11492,20542,0,0,1
KLU,4,11499,20549,0,0,1
KLU,4,11500,20550,0,0,1
KLU,4,11524,20574,0,0,1
KLU,4,11533,20583,0,0,1
KLU,4,11588,20638,0,0,1
KLU,4,11602,20652,0,0,1
KLU,4,11603,20653,0,0,1
KLU,4,11625,20675,0,0,1
KLU,4,11630,20680,0,0,1
KLU,4,11631,20681,0,0,1
KLU,4,11639,20689,0,0,1
KLU,4,11688,20738,0,0,1
KLU,4,11697,20747,0,0,1
KLU,4,11700,20750,0,0,1
KLU,4,11706,20756,0,0,1
KLU,4,11707,20757,0,1,0
KLU,4,11716,20766,0,0,1
KLU,4,11720,20770,0,0,1
KLU,4,11724,20774,0,0,1
KLU,4,11757,20807,0,0,1
KLU,4,11759,20809,0,0,1
KLU,4,11796,20846,0,0,1
KLU,4,11804,20854,0,0,1
KLU,4,11813,20863,0,0,1
KLU,4,11820,20870,0,0,1
KLU,4,11825,20875,0,0,1
KLU,4,11830,20880,0,0,1
KLU,4,11842,20892,0,0,1
KLU,4,11884,20934,0,0,1
KLU,4,11900,20950,0,0,1
KLU,4,11918,20968,0,0,1
KLU,4,11921,20971,0,0,1
KLU,4,11925,20975,0,0,1
KLU,4,11936,20986,0,0,1
KLU,4,11957,21007,0,0,1
KLU,4,11972,21022,0,0,1
KLU,4,11981,21031,0,0,1
KLU,4,11990,21040,0,0,1
KLU,4,11992,21042,0,0,1
KLU,4,11994,21044,0,1,0
KLU,4,12003,21053,0,0,1
KLU,4,12004,21054,0,0,1
KLU,4,12006,21056,0,0,1
KLU,4,12013,21063,0,0,1
KLU,4,12024,21074,0,0,1
KLU,4,12043,21093,0,0,1
KLU,4,12056,21106,0,0,1
KLU,4,12059,21109,0,0,1
KLU,4,12066,21116,0,1,0
KLU,4,12079,21129,0,0,1
KLU,4,12085,21135,0,0,1
KLU,4,12087,21137,0,0,1
KLU,4,12089,21139,0,0,1
KLU,4,12098,21148,0,1,0
KLU,4,12104,21154,0,0,1
KLU,4,12113,21163,0,0,1
KLU,4,12120,21170,0,0,1
KLU,4,12132,21182,0,1,0
KLU,4,12133,21183,0,0,1
KLU,4,12141,21191,0,0,1
KLU,4,12156,21206,0,0,1
KLU,4,12161,21211,0,0,1
KLU,4,12177,21227,0,0,1
KLU,4,12187,21237,0,0,1
KLU,4,12193,21243,0,0,1
KLU,4,12196,21246,0,0,1
KLU,4,12200,21250,0,0,1
KLU,4,12201,21251,0,1,0
KLU,4,12209,21259,0,1,0
KLU,4,12222,21272,0,0,1
KLU,4,12227,21277,0,0,1
KLU,4,12251,21301,0,0,1
KLU,4,12279,21329,0,0,1
KLU,4,12306,21356,0,0,1
KLU,4,12311,21361,0,0,1
KLU,4,12315,21365,0,0,1
KLU,4,12318,21368,0,0,1
KLU,4,12321,21371,0,0,1
KLU,4,12329,21379,0,0,1
KLU,4,12332,21382,0,0,1
KLU,4,12339,21389,0,0,1
KLU,4,12359,21409,0,0,1
KLU,4,12363,21413,0,1,0
KLU,4,12378,21428,0,0,1
KLU,4,12407,21457,0,0,1
KLU,4,12414,21464,0,0,1
KLU,4,12422,21472,0,0,1
KLU,4,12432,21482,0,0,1
KLU,4,12458,21508,0,0,1
KLU,4,12474,21524,0,0,1
KLU,4,12478,21528,0,0,1
KLU,4,12483,21533,0,0,1
KLU,4,12488,21538,0,0,1
KLU,4,12500,21550,0,0,1
KLU,4,12502,21552,0,0,1
KLU,4,12505,21555,0,0,1
KLU,4,12512,21562,0,0,1
KLU,4,12521,21571,0,0,1
KLU,4,12522,21572,0,0,1
KLU,4,12528,21578,0,0,1
KLU,4,12533,21583,0,0,1
KLU,4,12541,21591,0,0,1
KLU,4,12554,21604,0,0,1
KLU,4,12566,21616,0,0,1
KLU,4,12585,21635,0,0,1
KLU,4,12586,21636,0,0,1
KLU,4,12588,21638,0,0,1
KLU,4,12596,21646,0,0,1
KLU,4,12597,21647,0,0,1
KLU,4,12603,21653,0,0,1
KLU,4,12604,21654,0,0,1
KLU,4,12624,21674,0,0,1
KLU,4,12626,21676,0,0,1
KLU,4,12637,21687,0,1,0
KLU,4,12639,21689,0,1,0
KLU,4,12646,21696,0,0,1
KLU,4,12691,21741,0,0,1
KLU,4,12708,21758,0,0,1
KLU,4,12710,21760,0,1,0
KLU,4,12726,21776,0,0,1
KLU,4,12730,21780,0,0,1
KLU,4,12759,21809,0,0,1
KLU,4,12763,21813,0,0,1
KLU,4,12767,21817,0,0,1
KLU,4,12768,21818,0,0,1
KLU,4,12778,21828,0,0,1
KLU,4,12784,21834,0,1,0
KLU,4,12824,21874,0,0,1
KLU,4,12828,21878,0,0,1
KLU,4,12831,21881,0,0,1
KLU,4,12856,21906,0,0,1
KLU,4,12860,21910,0,0,1
KLU,4,12869,21919,0,0,1
KLU,4,12879,21929,0,0,1
KLU,4,12880,21930,0,0,1
KLU,4,12884,21934,0,0,1
KLU,4,12896,21946,0,1,0
KLU,4,12907,21957,0,0,1
KLU,4,12911,21961,0,0,1
KLU,4,12933,21983,0,0,1
KLU,4,12960,22010,0,0,1
KLU,4,12974,22024,0,0,1
KLU,4,12978,22028,0,0,1
KLU,4,12987,22037,0,0,1
KLU,4,12989,22039,0,0,1
KLU,4,12992,22042,0,0,1
KLU,4,13007,22057,0,1,0
KLU,4,13018,22068,0,0,1
KLU,4,13029,22079,0,0,1
KLU,4,13036,22086,0,1,0
KLU,4,13041,22091,0,0,1
KLU,4,13044,22094,0,0,1
KLU,4,13071,22121,0,0,1
KLU,4,13073,22123,0,0,1
KLU,4,13081,22131,0,0,1
KLU,4,13094,22144,0,0,1
KLU,5,8855,17905,1,1,1
KLU,5,8857,17907,1,1,1
KLU,5,8858,17908,1,1,1
KLU,5,8871,17921,1,1,1
KLU,5,8913,17963,1,1,1
KLU,5,8927,17977,1,1,1
KLU,5,8929,17979,1,1,1
KLU,5,8937,17987,1,1,1
KLU,5,8950,18000,1,1,1
KLU,5,8953,18003,1,1,1
KLU,5,8956,18006,1,1,1
KLU,5,8964,18014,1,1,1
KLU,5,8981,18031,1,1,1
KLU,5,8985,18035,1,1,1
KLU,5,8994,18044,1,1,1
KLU,5,8995,18045,1,1,1
KLU,5,9006,18056,1,1,1
KLU,5,9033,18083,1,1,1
KLU,5,9062,18112,1,1,1
KLU,5,9088,18138,1,1,1
KLU,5,9110,18160,1,1,1
KLU,5,9113,18163,1,1,1
KLU,5,9118,18168,1,1,1
KLU,5,9137,18187,1,1,1
KLU,5,9142,18192,1,1,1
KLU,5,9169,18219,1,1,1
KLU,5,9171,18221,1,0,0
KLU,5,9176,18226,1,1,1
KLU,5,9177,18227,1,1,1
KLU,5,9188,18238,1,1,1
KLU,5,9193,18243,1,1,1
KLU,5,9195,18245,1,1,1
KLU,5,9196,18246,1,1,1
KLU,5,9203,18253,1,1,1
KLU,5,9222,18272,1,1,1
KLU,5,9230,18280,1,1,1
KLU,5,9237,18287,1,1,1
KLU,5,9240,18290,1,1,1
KLU,5,9244,18294,1,1,1
KLU,5,9259,18309,1,1,1
KLU,5,9262,18312,1,1,1
KLU,5,9276,18326,1,1,1
KLU,5,9279,18329,1,1,1
KLU,5,9284,18334,1,1,1
KLU,5,9286,18336,1,0,0
KLU,5,9290,18340,1,1,1
KLU,5,9293,18343,1,1,1
KLU,5,9317,18367,1,0,0
KLU,5,9320,18370,1,1,1
KLU,5,9321,18371,1,1,1
KLU,5,9323,18373,1,1,1
KLU,5,9348,18398,1,1,1
KLU,5,9352,18402,1,1,1
KLU,5,9353,18403,1,0,0
KLU,5,9357,18407,1,1,1
KLU,5,9358,18408,1,1,1
KLU,5,9362,18412,1,1,1
KLU,5,9368,18418,1,1,1
KLU,5,9380,18430,1,1,1
KLU,5,9390,18440,1,1,1
KLU,5,9394,18444,1,1,1
KLU,5,9406,18456,1,1,1
KLU,5,9412,18462,1,1,1
KLU,5,9429,18479,1,1,1
KLU,5,9435,18485,1,1,1
KLU,5,9436,18486,1,0,0
KLU,5,9459,18509,1,1,1
KLU,5,9463,18513,1,1,1
KLU,5,9474,18524,1,1,1
KLU,5,9481,18531,1,1,1
KLU,5,9483,18533,1,1,1
KLU,5,9486,18536,1,0,0
KLU,5,9504,18554,1,0,0
KLU,5,9547,18597,1,1,1
KLU,5,9559,18609,1,1,1
KLU,5,9571,18621,1,1,1
KLU,5,9573,18623,1,1,1
KLU,5,9586,18636,1,1,1
KLU,5,9590,18640,1,1,1
KLU,5,9602,18652,1,1,1
KLU,5,9610,18660,1,1,1
KLU,5,9614,18664,1,1,1
KLU,5,9616,18666,1,1,1
KLU,5,9635,18685,1,1,1
KLU,5,9636,18686,1,1,1
KLU,5,9639,18689,1,1,1
KLU,5,9644,18694,1,1,1
KLU,5,9660,18710,1,1,1
KLU,5,9665,18715,1,1,1
KLU,5,9684,18734,1,1,1
KLU,5,9692,18742,1,1,1
KLU,5,9707,18757,1,1,1
KLU,5,9713,18763,1,1,1
KLU,5,9729,18779,1,1,1
KLU,5,9733,18783,1,1,1
KLU,5,9744,18794,1,0,0
KLU,5,9773,18823,1,1,1
KLU,5,9778,18828,1,1,1
KLU,5,9781,18831,1,1,1
KLU,5,9786,18836,1,1,1
KLU,5,9789,18839,1,0,0
KLU,5,9823,18873,1,1,1
KLU,5,9845,18895,1,1,1
KLU,5,9868,18918,1,1,1
KLU,5,9873,18923,1,1,1
KLU,5,9880,18930,1,1,1
KLU,5,9883,18933,1,1,1
KLU,5,9899,18949,1,1,1
KLU,5,9935,18985,1,1,1
KLU,5,9936,18986,1,1,1
KLU,5,9944,18994,1,1,1
KLU,5,9945,18995,1,1,1
KLU,5,9953,19003,1,1,1
KLU,5,9961,19011,1,1,1
KLU,5,9973,19023,1,1,1
KLU,5,9979,19029,1,1,1
KLU,5,10004,19054,1,1,1
KLU,5,10005,19055,1,1,1
KLU,5,10009,19059,1,1,1
KLU,5,10016,19066,1,0,0
KLU,5,10020,19070,1,1,1
KLU,5,10064,19114,1,1,1
KLU,5,10068,19118,1,1,1
KLU,5,10070,19120,1,1,1
KLU,5,10074,19124,1,1,1
KLU,5,10080,19130,1,1,1
KLU,5,10087,19137,1,1,1
KLU,5,10109,19159,1,1,1
KLU,5,10123,19173,1,1,1
KLU,5,10131,19181,1,1,1
KLU,5,10153,19203,1,1,1
KLU,5,10173,19223,1,1,1
KLU,5,10184,19234,1,1,1
KLU,5,10198,19248,1,1,1
KLU,5,10205,19255,1,1,1
KLU,5,10206,19256,1,1,1
KLU,5,10209,19259,1,1,1
KLU,5,10212,19262,1,1,1
KLU,5,10216,19266,1,1,1
KLU,5,10226,19276,1,1,1
KLU,5,10235,19285,1,1,1
KLU,5,10244,19294,1,1,1
KLU,5,10248,19298,1,1,1
KLU,5,10269,19319,1,1,1
KLU,5,10281,19331,1,1,1
KLU,5,10297,19347,1,1,1
KLU,5,10302,19352,1,1,1
KLU,5,10311,19361,1,1,1
KLU,5,10315,19365,1,1,1
KLU,5,10339,19389,1,1,1
KLU,5,10356,19406,1,1,1
KLU,5,10388,19438,1,1,1
KLU,5,10393,19443,1,1,1
KLU,5,10412,19462,1,1,1
KLU,5,10422,19472,1,1,1
KLU,5,10429,19479,1,1,1
KLU,5,10445,19495,1,1,1
KLU,5,10446,19496,1,1,1
KLU,5,10451,19501,1,1,1
KLU,5,10470,19520,1,1,1
KLU,5,10503,19553,1,1,1
KLU,5,10514,19564,1,1,1
KLU,5,10516,19566,1,1,1
KLU,5,10527,19577,1,1,1
KLU,5,10533,19583,1,1,1
KLU,5,10556,19606,1,1,1
KLU,5,10568,19618,1,1,1
KLU,5,10570,19620,1,0,0
KLU,5,10575,19625,1,1,1
KLU,5,10578,19628,1,0,0
KLU,5,10582,19632,1,1,1
KLU,5,10588,19638,1,1,1
KLU,5,10590,19640,1,0,0
KLU,5,10597,19647,1,1,1
KLU,5,10605,19655,1,0,0
KLU,5,10645,19695,1,1,1
KLU,5,10664,19714,1,1,1
KLU,5,10665,19715,1,1,1
KLU,5,10666,19716,1,1,1
KLU,5,10668,19718,1,1,1
KLU,5,10674,19724,1,1,1
KLU,5,10686,19736,1,1,1
KLU,5,10690,19740,1,1,1
KLU,5,10708,19758,1,1,1
KLU,5,10710,19760,1,1,1
KLU,5,10732,19782,1,1,1
KLU,5,10742,19792,1,1,1
KLU,5,10752,19802,1,1,1
KLU,5,10767,19817,1,1,1
KLU,5,10770,19820,1,1,1
KLU,5,10793,19843,1,1,1
KLU,5,10798,19848,1,1,1
KLU,5,10800,19850,1,1,1
KLU,5,10803,19853,1,1,1
KLU,5,10810,19860,1,1,1
KLU,5,10832,19882,1,1,1
KLU,5,10847,19897,1,1,1
KLU,5,10855,19905,1,1,1
KLU,5,10859,19909,1,1,1
KLU,5,10867,19917,1,1,1
KLU,5,10892,19942,1,1,1
KLU,5,10902,19952,1,0,0
KLU,5,10906,19956,1,1,1
KLU,5,10911,19961,1,1,1
KLU,5,10916,19966,1,1,1
KLU,5,10930,19980,1,1,1
KLU,5,10939,19989,1,1,1
KLU,5,10941,19991,1,1,1
KLU,5,10958,20008,1,1,1
KLU,5,10961,20011,1,1,1
KLU,5,10964,20014,1,1,1
KLU,5,10971,20021,1,1,1
KLU,5,11007,20057,0,0,1
KLU,5,11012,20062,0,0,1
KLU,5,11036,20086,0,0,1
KLU,5,11046,20096,0,0,1
KLU,5,11047,20097,0,0,1
KLU,5,11053,20103,0,0,1
KLU,5,11058,20108,0,0,1
KLU,5,11067,20117,0,0,1
KLU,5,11068,20118,0,0,1
KLU,5,11070,20120,0,0,1
KLU,5,11072,20122,0,0,1
KLU,5,11075,20125,0,1,0
KLU,5,11077,20127,0,0,1
KLU,5,11080,20130,0,0,1
KLU,5,11086,20136,0,0,1
KLU,5,11102,20152,0,0,1
KLU,5,11104,20154,0,0,1
KLU,5,11122,20172,0,0,1
KLU,5,11132,20182,0,0,1
KLU,5,11140,20190,0,1,0
KLU,5,11151,20201,0,0,1
KLU,5,11154,20204,0,0,1
KLU,5,11166,20216,0,0,1
KLU,5,11170,20220,0,0,1
KLU,5,11174,20224,0,0,1
KLU,5,11201,20251,0,0,1
KLU,5,11227,20277,0,0,1
KLU,5,11229,20279,0,0,1
KLU,5,11240,20290,0,0,1
KLU,5,11246,20296,0,0,1
KLU,5,11265,20315,0,0,1
KLU,5,11306,20356,0,0,1
KLU,5,11308,20358,0,1,0
KLU,5,11320,20370,0,0,1
KLU,5,11322,20372,0,0,1
KLU,5,11330,20380,0,0,1
KLU,5,11339,20389,0,0,1
KLU,5,11343,20393,0,0,1
KLU,5,11356,20406,0,0,1
KLU,5,11361,20411,0,0,1
KLU,5,11371,20421,0,0,1
KLU,5,11380,20430,0,0,1
KLU,5,11383,20433,0,0,1
KLU,5,11392,20442,0,0,1
KLU,5,11402,20452,0,0,1
KLU,5,11426,20476,0,0,1
KLU,5,11434,20484,0,0,1
KLU,5,11436,20486,0,0,1
KLU,5,11442,20492,0,1,0
KLU,5,11445,20495,0,0,1
KLU,5,11447,20497,0,0,1
KLU,5,11448,20498,0,0,1
KLU,5,11449,20499,0,1,0
KLU,5,11450,20500,0,0,1
KLU,5,11466,20516,0,0,1
KLU,5,11472,20522,0,0,1
KLU,5,11493,20543,0,0,1
KLU,5,11505,20555,0,0,1
KLU,5,11514,20564,0,0,1
KLU,5,11520,20570,0,0,1
KLU,5,11534,20584,0,0,1
KLU,5,11545,20595,0,0,1
KLU,5,11546,20596,0,0,1
KLU,5,11551,20601,0,0,1
KLU,5,11553,20603,0,0,1
KLU,5,11554,20604,0,0,1
KLU,5,11564,20614,0,0,1
KLU,5,11583,20633,0,0,1
KLU,5,11585,20635,0,0,1
KLU,5,11593,20643,0,0,1
KLU,5,11605,20655,0,0,1
KLU,5,11609,20659,0,0,1
KLU,5,11618,20668,0,0,1
KLU,5,11623,20673,0,1,0
KLU,5,11629,20679,0,0,1
KLU,5,11632,20682,0,0,1
KLU,5,11641,20691,0,1,0
KLU,5,11651,20701,0,0,1
KLU,5,11663,20713,0,0,1
KLU,5,11670,20720,0,0,1
KLU,5,11679,20729,0,1,0
KLU,5,11685,20735,0,0,1
KLU,5,11709,20759,0,0,1
KLU,5,11746,20796,0,0,1
KLU,5,11748,20798,0,0,1
KLU,5,11750,20800,0,0,1
KLU,5,11753,20803,0,0,1
KLU,5,11754,20804,0,0,1
KLU,5,11773,20823,0,0,1
KLU,5,11783,20833,0,0,1
KLU,5,11797,20847,0,0,1
KLU,5,11801,20851,0,0,1
KLU,5,11802,20852,0,0,1
KLU,5,11822,20872,0,0,1
KLU,5,11832,20882,0,0,1
KLU,5,11840,20890,0,0,1
KLU,5,11873,20923,0,0,1
KLU,5,11882,20932,0,0,1
KLU,5,11889,20939,0,1,0
KLU,5,11891,20941,0,0,1
KLU,5,11908,20958,0,0,1
KLU,5,11915,20965,0,0,1
KLU,5,11916,20966,0,0,1
KLU,5,11924,20974,0,0,1
KLU,5,11928,20978,0,0,1
KLU,5,11935,20985,0,0,1
KLU,5,11954,21004,0,0,1
KLU,5,11967,21017,0,0,1
KLU,5,11983,21033,0,0,1
KLU,5,12002,21052,0,0,1
KLU,5,12008,21058,0,0,1
KLU,5,12021,21071,0,0,1
KLU,5,12027,21077,0,0,1
KLU,5,12048,21098,0,0,1
KLU,5,12057,21107,0,0,1
KLU,5,12082,21132,0,1,0
KLU,5,12103,21153,0,0,1
KLU,5,12105,21155,0,0,1
KLU,5,12121,21171,0,0,1
KLU,5,12150,21200,0,1,0
KLU,5,12153,21203,0,0,1
KLU,5,12165,21215,0,0,1
KLU,5,12171,21221,0,0,1
KLU,5,12174,21224,0,0,1
KLU,5,12198,21248,0,0,1
KLU,5,12208,21258,0,1,0
KLU,5,12216,21266,0,0,1
KLU,5,12236,21286,0,0,1
KLU,5,12255,21305,0,0,1
KLU,5,12257,21307,0,0,1
KLU,5,12266,21316,0,0,1
KLU,5,12272,21322,0,0,1
KLU,5,12273,21323,0,0,1
KLU,5,12274,21324,0,0,1
KLU,5,12275,21325,0,0,1
KLU,5,12277,21327,0,0,1
KLU,5,12297,21347,0,0,1
KLU,5,12299,21349,0,0,1
KLU,5,12303,21353,0,0,1
KLU,5,12305,21355,0,0,1
KLU,5,12308,21358,0,0,1
KLU,5,12319,21369,0,0,1
KLU,5,12322,21372,0,0,1
KLU,5,12324,21374,0,0,1
KLU,5,12344,21394,0,0,1
KLU,5,12356,21406,0,1,0
KLU,5,12374,21424,0,0,1
KLU,5,12387,21437,0,0,1
KLU,5,12408,21458,0,0,1
KLU,5,12451,21501,0,0,1
KLU,5,12461,21511,0,0,1
KLU,5,12466,21516,0,0,1
KLU,5,12479,21529,0,0,1
KLU,5,12507,21557,0,0,1
KLU,5,12557,21607,0,0,1
KLU,5,12575,21625,0,0,1
KLU,5,12583,21633,0,0,1
KLU,5,12593,21643,0,0,1
KLU,5,12601,21651,0,0,1
KLU,5,12608,21658,0,0,1
KLU,5,12610,21660,0,0,1
KLU,5,12640,21690,0,0,1
KLU,5,12645,21695,0,0,1
KLU,5,12649,21699,0,0,1
KLU,5,12650,21700,0,0,1
KLU,5,12652,21702,0,0,1
KLU,5,12660,21710,0,0,1
KLU,5,12668,21718,0,0,1
KLU,5,12671,21721,0,0,1
KLU,5,12703,21753,0,0,1
KLU,5,12712,21762,0,0,1
KLU,5,12718,21768,0,0,1
KLU,5,12720,21770,0,0,1
KLU,5,12729,21779,0,0,1
KLU,5,12740,21790,0,0,1
KLU,5,12746,21796,0,0,1
KLU,5,12747,21797,0,0,1
KLU,5,12752,21802,0,0,1
KLU,5,12753,21803,0,0,1
KLU,5,12754,21804,0,0,1
KLU,5,12761,21811,0,0,1
KLU,5,12766,21816,0,0,1
KLU,5,12772,21822,0,0,1
KLU,5,12790,21840,0,0,1
KLU,5,12791,21841,0,0,1
KLU,5,12799,21849,0,0,1
KLU,5,12801,21851,0,0,1
KLU,5,12816,21866,0,1,0
KLU,5,12826,21876,0,0,1
KLU,5,12833,21883,0,0,1
KLU,5,12839,21889,0,0,1
KLU,5,12848,21898,0,1,0
KLU,5,12857,21907,0,0,1
KLU,5,12864,21914,0,0,1
KLU,5,12877,21927,0,0,1
KLU,5,12892,21942,0,0,1
KLU,5,12895,21945,0,0,1
KLU,5,12899,21949,0,1,0
KLU,5,12901,21951,0,0,1
KLU,5,12903,21953,0,0,1
KLU,5,12921,21971,0,0,1
KLU,5,12925,21975,0,0,1
KLU,5,12958,22008,0,0,1
KLU,5,12967,22017,0,0,1
KLU,5,12983,22033,0,0,1
KLU,5,12991,22041,0,0,1
KLU,5,12995,22045,0,0,1
KLU,5,13000,22050,0,0,1
KLU,5,13023,22073,0,0,1
KLU,5,13032,22082,0,1,0
KLU,5,13046,22096,0,1,0
KLU,5,13049,22099,0,1,0
KLU,5,13087,22137,0,0,1
KLU,6,8852,17902,1,1,1
KLU,6,8863,17913,1,1,1
KLU,6,8876,17926,1,1,1
KLU,6,8880,17930,1,1,1
KLU,6,8881,17931,1,1,1
KLU,6,8885,17935,1,1,1
KLU,6,8889,17939,1,1,1
KLU,6,8910,17960,1,1,1
KLU,6,8918,17968,1,1,1
KLU,6,8921,17971,1,1,1
KLU,6,8923,17973,1,1,1
KLU,6,8932,17982,1,1,1
KLU,6,8960,18010,1,1,1
KLU,6,8970,18020,1,1,1
KLU,6,8973,18023,1,0,0
KLU,6,8986,18036,1,1,1
KLU,6,8987,18037,1,1,1
KLU,6,8988,18038,1,1,1
KLU,6,8992,18042,1,1,1
KLU,6,9004,18054,1,1,1
KLU,6,9007,18057,1,1,1
KLU,6,9014,18064,1,1,1
KLU,6,9020,18070,1,1,1
KLU,6,9021,18071,1,1,1
KLU,6,9022,18072,1,1,1
KLU,6,9025,18075,1,1,1
KLU,6,9026,18076,1,1,1
KLU,6,9034,18084,1,1,1
KLU,6,9035,18085,1,1,1
KLU,6,9040,18090,1,1,1
KLU,6,9048,18098,1,1,1
KLU,6,9054,18104,1,1,1
KLU,6,9056,18106,1,1,1
KLU,6,9071,18121,1,1,1
KLU,6,9084,18134,1,1,1
KLU,6,9101,18151,1,1,1
KLU,6,9112,18162,1,1,1
KLU,6,9123,18173,1,1,1
KLU,6,9156,18206,1,1,1
KLU,6,9157,18207,1,1,1
KLU,6,9160,18210,1,1,1
KLU,6,9161,18211,1,1,1
KLU,6,9167,18217,1,1,1
KLU,6,9178,18228,1,1,1
KLU,6,9181,18231,1,1,1
KLU,6,9186,18236,1,1,1
KLU,6,9192,18242,1,1,1
KLU,6,9211,18261,1,1,1
KLU,6,9213,18263,1,1,1
KLU,6,9221,18271,1,1,1
KLU,6,9223,18273,1,1,1
KLU,6,9232,18282,1,1,1
KLU,6,9234,18284,1,1,1
KLU,6,9235,18285,1,1,1
KLU,6,9238,18288,1,1,1
KLU,6,9243,18293,1,1,1
KLU,6,9266,18316,1,1,1
KLU,6,9268,18318,1,1,1
KLU,6,9275,18325,1,1,1
KLU,6,9282,18332,1,1,1
KLU,6,9287,18337,1,1,1
KLU,6,9291,18341,1,1,1
KLU,6,9296,18346,1,1,1
KLU,6,9297,18347,1,1,1
KLU,6,9400,18450,1,0,0
KLU,6,9422,18472,1,1,1
KLU,6,9426,18476,1,0,0
KLU,6,9427,18477,1,1,1
KLU,6,9431,18481,1,1,1
KLU,6,9433,18483,1,1,1
KLU,6,9447,18497,1,1,1
KLU,6,9453,18503,1,1,1
KLU,6,9457,18507,1,0,0
KLU,6,9478,18528,1,0,0
KLU,6,9489,18539,1,1,1
KLU,6,9492,18542,1,1,1
KLU,6,9496,18546,1,1,1
KLU,6,9499,18549,1,1,1
KLU,6,9508,18558,1,1,1
KLU,6,9518,18568,1,0,0
KLU,6,9524,18574,1,1,1
KLU,6,9531,18581,1,1,1
KLU,6,9539,18589,1,0,0
KLU,6,9540,18590,1,1,1
KLU,6,9549,18599,1,0,0
KLU,6,9550,18600,1,1,1
KLU,6,9580,18630,1,1,1
KLU,6,9604,18654,1,1,1
KLU,6,9623,18673,1,1,1
KLU,6,9653,18703,1,1,1
KLU,6,9668,18718,1,1,1
KLU,6,9674,18724,1,1,1
KLU,6,9676,18726,1,1,1
KLU,6,9699,18749,1,1,1
KLU,6,9703,18753,1,0,0
KLU,6,9708,18758,1,1,1
KLU,6,9719,18769,1,1,1
KLU,6,9728,18778,1,1,1
KLU,6,9746,18796,1,1,1
KLU,6,9748,18798,1,1,1
KLU,6,9757,18807,1,1,1
KLU,6,9758,18808,1,1,1
KLU,6,9762,18812,1,1,1
KLU,6,9766,18816,1,1,1
KLU,6,9780,18830,1,1,1
KLU,6,9802,18852,1,1,1
KLU,6,9803,18853,1,1,1
KLU,6,9814,18864,1,1,1
KLU,6,9816,18866,1,0,0
KLU,6,9819,18869,1,1,1
KLU,6,9832,18882,1,1,1
KLU,6,9850,18900,1,1,1
KLU,6,9860,18910,1,1,1
KLU,6,9864,18914,1,1,1
KLU,6,9872,18922,1,1,1
KLU,6,9879,18929,1,0,0
KLU,6,9882,18932,1,1,1
KLU,6,9954,19004,1,1,1
KLU,6,9962,19012,1,1,1
KLU,6,9970,19020,1,1,1
KLU,6,9996,19046,1,1,1
KLU,6,10001,19051,1,1,1
KLU,6,10003,19053,1,1,1
KLU,6,10006,19056,1,1,1
KLU,6,10012,19062,1,1,1
KLU,6,10019,19069,1,1,1
KLU,6,10042,19092,1,1,1
KLU,6,10046,19096,1,1,1
KLU,6,10049,19099,1,1,1
KLU,6,10059,19109,1,1,1
KLU,6,10065,19115,1,1,1
KLU,6,10071,19121,1,1,1
KLU,6,10078,19128,1,1,1
KLU,6,10103,19153,1,1,1
KLU,6,10116,19166,1,1,1
KLU,6,10117,19167,1,1,1
KLU,6,10121,19171,1,1,1
KLU,6,10143,19193,1,1,1
KLU,6,10146,19196,1,0,0
KLU,6,10152,19202,1,1,1
KLU,6,10159,19209,1,1,1
KLU,6,10169,19219,1,1,1
KLU,6,10177,19227,1,1,1
KLU,6,10182,19232,1,1,1
KLU,6,10229,19279,1,1,1
KLU,6,10233,19283,1,1,1
KLU,6,10234,19284,1,1,1
KLU,6,10237,19287,1,1,1
KLU,6,10255,19305,1,1,1
KLU,6,10263,19313,1,1,1
KLU,6,10266,19316,1,1,1
KLU,6,10279,19329,1,1,1
KLU,6,10287,19337,1,1,1
KLU,6,10296,19346,1,1,1
KLU,6,10300,19350,1,1,1
KLU,6,10305,19355,1,1,1
KLU,6,10309,19359,1,0,0
KLU,6,10312,19362,1,1,1
KLU,6,10313,19363,1,1,1
KLU,6,10337,19387,1,1,1
KLU,6,10348,19398,1,1,1
KLU,6,10352,19402,1,1,1
KLU,6,10354,19404,1,1,1
KLU,6,10369,19419,1,1,1
KLU,6,10375,19425,1,1,1
KLU,6,10409,19459,1,1,1
KLU,6,10441,19491,1,1,1
KLU,6,10468,19518,1,1,1
KLU,6,10473,19523,1,1,1
KLU,6,10490,19540,1,1,1
KLU,6,10497,19547,1,1,1
KLU,6,10508,19558,1,0,0
KLU,6,10522,19572,1,1,1
KLU,6,10526,19576,1,1,1
KLU,6,10530,19580,1,1,1
KLU,6,10539,19589,1,1,1
KLU,6,10543,19593,1,1,1
KLU,6,10550,19600,1,1,1
KLU,6,10564,19614,1,1,1
KLU,6,10569,19619,1,1,1
KLU,6,10571,19621,1,0,0
KLU,6,10573,19623,1,1,1
KLU,6,10580,19630,1,0,0
KLU,6,10614,19664,1,1,1
KLU,6,10620,19670,1,1,1
KLU,6,10634,19684,1,1,1
KLU,6,10651,19701,1,1,1
KLU,6,10655,19705,1,1,1
KLU,6,10661,19711,1,1,1
KLU,6,10689,19739,1,1,1
KLU,6,10712,19762,1,1,1
KLU,6,10719,19769,1,1,1
KLU,6,10723,19773,1,1,1
KLU,6,10724,19774,1,1,1
KLU,6,10726,19776,1,1,1
KLU,6,10749,19799,1,1,1
KLU,6,10757,19807,1,0,0
KLU,6,10783,19833,1,1,1
KLU,6,10792,19842,1,1,1
KLU,6,10802,19852,1,1,1
KLU,6,10812,19862,1,1,1
KLU,6,10814,19864,1,1,1
KLU,6,10820,19870,1,1,1
KLU,6,10829,19879,1,1,1
KLU,6,10875,19925,1,1,1
KLU,6,10878,19928,1,1,1
KLU,6,10883,19933,1,1,1
KLU,6,10896,19946,1,1,1
KLU,6,10899,19949,1,1,1
KLU,6,10901,19951,1,0,0
KLU,6,10917,19967,1,1,1
KLU,6,10932,19982,1,1,1
KLU,6,10975,20025,0,0,1
KLU,6,10994,20044,0,0,1
KLU,6,10996,20046,0,0,1
KLU,6,11014,20064,0,0,1
KLU,6,11022,20072,0,0,1
KLU,6,11027,20077,0,0,1
KLU,6,11076,20126,0,0,1
KLU,6,11096,20146,0,0,1
KLU,6,11100,20150,0,0,1
KLU,6,11106,20156,0,0,1
KLU,6,11108,20158,0,0,1
KLU,6,11111,20161,0,0,1
KLU,6,11119,20169,0,0,1
KLU,6,11127,20177,0,0,1
KLU,6,11149,20199,0,0,1
KLU,6,11153,20203,0,0,1
KLU,6,11165,20215,0,0,1
KLU,6,11167,20217,0,0,1
KLU,6,11176,20226,0,0,1
KLU,6,11189,20239,0,0,1
KLU,6,11193,20243,0,0,1
KLU,6,11194,20244,0,0,1
KLU,6,11212,20262,0,0,1
KLU,6,11220,20270,0,0,1
KLU,6,11221,20271,0,0,1
KLU,6,11226,20276,0,0,1
KLU,6,11238,20288,0,1,0
KLU,6,11274,20324,0,0,1
KLU,6,11279,20329,0,0,1
KLU,6,11318,20368,0,0,1
KLU,6,11324,20374,0,0,1
KLU,6,11325,20375,0,0,1
KLU,6,11344,20394,0,0,1
KLU,6,11346,20396,0,0,1
KLU,6,11372,20422,0,0,1
KLU,6,11374,20424,0,0,1
KLU,6,11381,20431,0,0,1
KLU,6,11391,20441,0,0,1
KLU,6,11397,20447,0,0,1
KLU,6,11399,20449,0,0,1
KLU,6,11401,20451,0,0,1
KLU,6,11404,20454,0,0,1
KLU,6,11412,20462,0,0,1
KLU,6,11419,20469,0,0,1
KLU,6,11421,20471,0,0,1
KLU,6,11440,20490,0,0,1
KLU,6,11452,20502,0,1,0
KLU,6,11464,20514,0,0,1
KLU,6,11467,20517,0,0,1
KLU,6,11469,20519,0,0,1
KLU,6,11487,20537,0,0,1
KLU,6,11506,20556,0,1,0
KLU,6,11519,20569,0,0,1
KLU,6,11523,20573,0,0,1
KLU,6,11527,20577,0,0,1
KLU,6,11532,20582,0,0,1
KLU,6,11536,20586,0,0,1
KLU,6,11541,20591,0,0,1
KLU,6,11570,20620,0,0,1
KLU,6,11590,20640,0,0,1
KLU,6,11596,20646,0,0,1
KLU,6,11614,20664,0,0,1
KLU,6,11619,20669,0,0,1
KLU,6,11626,20676,0,0,1
KLU,6,11634,20684,0,0,1
KLU,6,11637,20687,0,0,1
KLU,6,11652,20702,0,0,1
KLU,6,11667,20717,0,0,1
KLU,6,11677,20727,0,0,1
KLU,6,11683,20733,0,0,1
KLU,6,11686,20736,0,0,1
KLU,6,11723,20773,0,0,1
KLU,6,11730,20780,0,1,0
KLU,6,11738,20788,0,0,1
KLU,6,11739,20789,0,0,1
KLU,6,11762,20812,0,1,0
KLU,6,11763,20813,0,0,1
KLU,6,11790,20840,0,0,1
KLU,6,11806,20856,0,0,1
KLU,6,11808,20858,0,0,1
KLU,6,11812,20862,0,0,1
KLU,6,11816,20866,0,0,1
KLU,6,11839,20889,0,0,1
KLU,6,11845,20895,0,0,1
KLU,6,11853,20903,0,0,1
KLU,6,11879,20929,0,0,1
KLU,6,11885,20935,0,0,1
KLU,6,11892,20942,0,0,1
KLU,6,11897,20947,0,0,1
KLU,6,11909,20959,0,0,1
KLU,6,11933,20983,0,0,1
KLU,6,11943,20993,0,0,1
KLU,6,11965,21015,0,0,1
KLU,6,11975,21025,0,0,1
KLU,6,11986,21036,0,0,1
KLU,6,12020,21070,0,0,1
KLU,6,12033,21083,0,1,0
KLU,6,12035,21085,0,0,1
KLU,6,12044,21094,0,0,1
KLU,6,12049,21099,0,1,0
KLU,6,12062,21112,0,0,1
KLU,6,12114,21164,0,0,1
KLU,6,12115,21165,0,0,1
KLU,6,12118,21168,0,0,1
KLU,6,12125,21175,0,0,1
KLU,6,12129,21179,0,0,1
KLU,6,12138,21188,0,0,1
KLU,6,12149,21199,0,0,1
KLU,6,12154,21204,0,0,1
KLU,6,12164,21214,0,0,1
KLU,6,12166,21216,0,0,1
KLU,6,12176,21226,0,0,1
KLU,6,12179,21229,0,0,1
KLU,6,12205,21255,0,0,1
KLU,6,12233,21283,0,0,1
KLU,6,12237,21287,0,0,1
KLU,6,12258,21308,0,0,1
KLU,6,12267,21317,0,0,1
KLU,6,12290,21340,0,0,1
KLU,6,12293,21343,0,0,1
KLU,6,12300,21350,0,0,1
KLU,6,12302,21352,0,0,1
KLU,6,12334,21384,0,0,1
KLU,6,12335,21385,0,0,1
KLU,6,12338,21388,0,0,1
KLU,6,12340,21390,0,0,1
KLU,6,12346,21396,0,0,1
KLU,6,12349,21399,0,0,1
KLU,6,12352,21402,0,0,1
KLU,6,12353,21403,0,0,1
KLU,6,12369,21419,0,0,1
KLU,6,12380,21430,0,0,1
KLU,6,12384,21434,0,0,1
KLU,6,12390,21440,0,0,1
KLU,6,12391,21441,0,0,1
KLU,6,12398,21448,0,0,1
KLU,6,12410,21460,0,0,1
KLU,6,12418,21468,0,0,1
KLU,6,12423,21473,0,0,1
KLU,6,12427,21477,0,0,1
KLU,6,12429,21479,0,0,1
KLU,6,12438,21488,0,0,1
KLU,6,12450,21500,0,0,1
KLU,6,12470,21520,0,0,1
KLU,6,12486,21536,0,0,1
KLU,6,12490,21540,0,0,1
KLU,6,12496,21546,0,0,1
KLU,6,12498,21548,0,0,1
KLU,6,12501,21551,0,0,1
KLU,6,12515,21565,0,0,1
KLU,6,12516,21566,0,0,1
KLU,6,12530,21580,0,1,0
KLU,6,12531,21581,0,0,1
KLU,6,12532,21582,0,1,0
KLU,6,12538,21588,0,0,1
KLU,6,12556,21606,0,0,1
KLU,6,12560,21610,0,0,1
KLU,6,12563,21613,0,1,0
KLU,6,12565,21615,0,0,1
KLU,6,12567,21617,0,0,1
KLU,6,12589,21639,0,0,1
KLU,6,12602,21652,0,1,0
KLU,6,12605,21655,0,1,0
KLU,6,12613,21663,0,1,0
KLU,6,12618,21668,0,0,1
KLU,6,12622,21672,0,0,1
KLU,6,12642,21692,0,0,1
KLU,6,12655,21705,0,0,1
KLU,6,12665,21715,0,0,1
KLU,6,12669,21719,0,0,1
KLU,6,12677,21727,0,0,1
KLU,6,12681,21731,0,0,1
KLU,6,12682,21732,0,1,0
KLU,6,12689,21739,0,0,1
KLU,6,12692,21742,0,0,1
KLU,6,12713,21763,0,0,1
KLU,6,12719,21769,0,1,0
KLU,6,12732,21782,0,0,1
KLU,6,12739,21789,0,0,1
KLU,6,12743,21793,0,0,1
KLU,6,12751,21801,0,0,1
KLU,6,12755,21805,0,0,1
KLU,6,12765,21815,0,0,1
KLU,6,12780,21830,0,1,0
KLU,6,12788,21838,0,0,1
KLU,6,12808,21858,0,0,1
KLU,6,12809,21859,0,0,1
KLU,6,12818,21868,0,0,1
KLU,6,12822,21872,0,0,1
KLU,6,12835,21885,0,0,1
KLU,6,12844,21894,0,0,1
KLU,6,12865,21915,0,0,1
KLU,6,12872,21922,0,0,1
KLU,6,12875,21925,0,0,1
KLU,6,12898,21948,0,0,1
KLU,6,12922,21972,0,0,1
KLU,6,12942,21992,0,0,1
KLU,6,12945,21995,0,0,1
KLU,6,12947,21997,0,0,1
KLU,6,12959,22009,0,0,1
KLU,6,12968,22018,0,0,1
KLU,6,12982,22032,0,0,1
KLU,6,12986,22036,0,0,1
KLU,6,12997,22047,0,0,1
KLU,6,13006,22056,0,0,1
KLU,6,13042,22092,0,0,1
KLU,6,13043,22093,0,0,1
KLU,6,13053,22103,0,0,1
KLU,6,13056,22106,0,0,1
KLU,6,13058,22108,0,0,1
KLU,6,13064,22114,0,0,1
KLU,6,13065,22115,0,0,1
KLU,6,13075,22125,0,0,1
KLU,7,8865,17915,1,1,1
KLU,7,8925,17975,1,1,1
KLU,7,8926,17976,1,1,1
KLU,7,8928,17978,1,1,1
KLU,7,8941,17991,1,1,1
KLU,7,8944,17994,1,1,1
KLU,7,8949,17999,1,1,1
KLU,7,8951,18001,1,1,1
KLU,7,8975,18025,1,1,1
KLU,7,8983,18033,1,1,1
KLU,7,8984,18034,1,1,1
KLU,7,8989,18039,1,1,1
KLU,7,8997,18047,1,1,1
KLU,7,9008,18058,1,1,1
KLU,7,9009,18059,1,1,1
KLU,7,9012,18062,1,1,1
KLU,7,9019,18069,1,1,1
KLU,7,9027,18077,1,1,1
KLU,7,9038,18088,1,1,1
KLU,7,9070,18120,1,1,1
KLU,7,9073,18123,1,1,1
KLU,7,9087,18137,1,1,1
KLU,7,9095,18145,1,1,1
KLU,7,9102,18152,1,1,1
KLU,7,9120,18170,1,1,1
KLU,7,9124,18174,1,1,1
KLU,7,9133,18183,1,1,1
KLU,7,9134,18184,1,1,1
KLU,7,9145,18195,1,1,1
KLU,7,9146,18196,1,1,1
KLU,7,9148,18198,1,1,1
KLU,7,9149,18199,1,1,1
KLU,7,9151,18201,1,1,1
KLU,7,9162,18212,1,1,1
KLU,7,9172,18222,1,1,1
KLU,7,9174,18224,1,1,1
KLU,7,9201,18251,1,1,1
KLU,7,9204,18254,1,1,1
KLU,7,9207,18257,1,1,1
KLU,7,9226,18276,1,1,1
KLU,7,9228,18278,1,1,1
KLU,7,9239,18289,1,1,1
KLU,7,9288,18338,1,1,1
KLU,7,9298,18348,1,1,1
KLU,7,9328,18378,1,1,1
KLU,7,9330,18380,1,1,1
KLU,7,9331,18381,1,1,1
KLU,7,9338,18388,1,1,1
KLU,7,9342,18392,1,1,1
KLU,7,9356,18406,1,1,1
KLU,7,9367,18417,1,1,1
KLU,7,9383,18433,1,1,1
KLU,7,9384,18434,1,1,1
KLU,7,9401,18451,1,0,0
KLU,7,9404,18454,1,1,1
KLU,7,9430,18480,1,1,1
KLU,7,9443,18493,1,1,1
KLU,7,9450,18500,1,1,1
KLU,7,9468,18518,1,1,1
KLU,7,9471,18521,1,1,1
KLU,7,9476,18526,1,1,1
KLU,7,9484,18534,1,0,0
KLU,7,9500,18550,1,1,1
KLU,7,9501,18551,1,0,0
KLU,7,9503,18553,1,1,1
KLU,7,9507,18557,1,1,1
KLU,7,9509,18559,1,1,1
KLU,7,9515,18565,1,0,0
KLU,7,9523,18573,1,1,1
KLU,7,9528,18578,1,1,1
KLU,7,9532,18582,1,1,1
KLU,7,9552,18602,1,1,1
KLU,7,9561,18611,1,1,1
KLU,7,9564,18614,1,1,1
KLU,7,9579,18629,1,1,1
KLU,7,9584,18634,1,1,1
KLU,7,9595,18645,1,1,1
KLU,7,9596,18646,1,1,1
KLU,7,9605,18655,1,1,1
KLU,7,9612,18662,1,1,1
KLU,7,9615,18665,1,1,1
KLU,7,9642,18692,1,1,1
KLU,7,9651,18701,1,1,1
KLU,7,9667,18717,1,1,1
KLU,7,9673,18723,1,1,1
KLU,7,9679,18729,1,1,1
KLU,7,9706,18756,1,1,1
KLU,7,9712,18762,1,1,1
KLU,7,9718,18768,1,1,1
KLU,7,9735,18785,1,1,1
KLU,7,9739,18789,1,1,1
KLU,7,9763,18813,1,0,0
KLU,7,9765,18815,1,0,0
KLU,7,9770,18820,1,0,0
KLU,7,9774,18824,1,1,1
KLU,7,9777,18827,1,1,1
KLU,7,9800,18850,1,1,1
KLU,7,9829,18879,1,1,1
KLU,7,9834,18884,1,1,1
KLU,7,9841,18891,1,1,1
KLU,7,9843,18893,1,1,1
KLU,7,9853,18903,1,1,1
KLU,7,9867,18917,1,1,1
KLU,7,9884,18934,1,1,1
KLU,7,9886,18936,1,1,1
KLU,7,9891,18941,1,1,1
KLU,7,9911,18961,1,1,1
KLU,7,9920,18970,1,1,1
KLU,7,9923,18973,1,1,1
KLU,7,9925,18975,1,1,1
KLU,7,9932,18982,1,1,1
KLU,7,9933,18983,1,1,1
KLU,7,9934,18984,1,1,1
KLU,7,9942,18992,1,1,1
KLU,7,9963,19013,1,1,1
KLU,7,9966,19016,1,0,0
KLU,7,9981,19031,1,0,0
KLU,7,9988,19038,1,1,1
KLU,7,9989,19039,1,1,1
KLU,7,9991,19041,1,1,1
KLU,7,10022,19072,1,1,1
KLU,7,10027,19077,1,1,1
KLU,7,10032,19082,1,1,1
KLU,7,10037,19087,1,1,1
KLU,7,10044,19094,1,1,1
KLU,7,10050,19100,1,1,1
KLU,7,10056,19106,1,1,1
KLU,7,10063,19113,1,0,0
KLU,7,10075,19125,1,1,1
KLU,7,10083,19133,1,1,1
KLU,7,10084,19134,1,1,1
KLU,7,10085,19135,1,1,1
KLU,7,10095,19145,1,0,0
KLU,7,10127,19177,1,1,1
KLU,7,10142,19192,1,1,1
KLU,7,10147,19197,1,1,1
KLU,7,10150,19200,1,1,1
KLU,7,10163,19213,1,1,1
KLU,7,10165,19215,1,1,1
KLU,7,10168,19218,1,1,1
KLU,7,10180,19230,1,1,1
KLU,7,10196,19246,1,1,1
KLU,7,10217,19267,1,1,1
KLU,7,10219,19269,1,1,1
KLU,7,10220,19270,1,0,0
KLU,7,10221,19271,1,1,1
KLU,7,10224,19274,1,1,1
KLU,7,10240,19290,1,0,0
KLU,7,10252,19302,1,1,1
KLU,7,10256,19306,1,1,1
KLU,7,10258,19308,1,1,1
KLU,7,10260,19310,1,1,1
KLU,7,10264,19314,1,1,1
KLU,7,10265,19315,1,1,1
KLU,7,10277,19327,1,1,1
KLU,7,10282,19332,1,1,1
KLU,7,10310,19360,1,1,1
KLU,7,10321,19371,1,1,1
KLU,7,10330,19380,1,1,1
KLU,7,10331,19381,1,1,1
KLU,7,10351,19401,1,1,1
KLU,7,10376,19426,1,1,1
KLU,7,10387,19437,1,1,1
KLU,7,10425,19475,1,1,1
KLU,7,10442,19492,1,1,1
KLU,7,10447,19497,1,1,1
KLU,7,10449,19499,1,1,1
KLU,7,10467,19517,1,1,1
KLU,7,10478,19528,1,1,1
KLU,7,10479,19529,1,1,1
KLU,7,10524,19574,1,1,1
KLU,7,10531,19581,1,1,1
KLU,7,10574,19624,1,1,1
KLU,7,10576,19626,1,1,1
KLU,7,10594,19644,1,1,1
KLU,7,10602,19652,1,1,1
KLU,7,10615,19665,1,1,1
KLU,7,10623,19673,1,1,1
KLU,7,10631,19681,1,1,1
KLU,7,10641,19691,1,1,1
KLU,7,10656,19706,1,1,1
KLU,7,10657,19707,1,1,1
KLU,7,10659,19709,1,1,1
KLU,7,10677,19727,1,1,1
KLU,7,10680,19730,1,1,1
KLU,7,10687,19737,1,1,1
KLU,7,10701,19751,1,1,1
KLU,7,10709,19759,1,1,1
KLU,7,10729,19779,1,1,1
KLU,7,10743,19793,1,1,1
KLU,7,10754,19804,1,1,1
KLU,7,10756,19806,1,1,1
KLU,7,10773,19823,1,1,1
KLU,7,10809,19859,1,1,1
KLU,7,10816,19866,1,1,1
KLU,7,10839,19889,1,1,1
KLU,7,10842,19892,1,1,1
KLU,7,10843,19893,1,1,1
KLU,7,10852,19902,1,1,1
KLU,7,10862,19912,1,1,1
KLU,7,10876,19926,1,1,1
KLU,7,10877,19927,1,1,1
KLU,7,10904,19954,1,1,1
KLU,7,10905,19955,1,0,0
KLU,7,10922,19972,1,1,1
KLU,7,10935,19985,1,1,1
KLU,7,10936,19986,1,1,1
KLU,7,10937,19987,1,1,1
KLU,7,10942,19992,1,1,1
KLU,7,10947,19997,1,1,1
KLU,7,10949,19999,1,1,1
KLU,7,10969,20019,1,1,1
KLU,7,10972,20022,0,0,1
KLU,7,10985,20035,0,0,1
KLU,7,10986,20036,0,0,1
KLU,7,10990,20040,0,0,1
KLU,7,10992,20042,0,0,1
KLU,7,10995,20045,0,0,1
KLU,7,11006,20056,0,0,1
KLU,7,11020,20070,0,0,1
KLU,7,11025,20075,0,1,0
KLU,7,11029,20079,0,0,1
KLU,7,11050,20100,0,0,1
KLU,7,11052,20102,0,0,1
KLU,7,11113,20163,0,0,1
KLU,7,11121,20171,0,1,0
KLU,7,11124,20174,0,0,1
KLU,7,11145,20195,0,0,1
KLU,7,11147,20197,0,0,1
KLU,7,11159,20209,0,0,1
KLU,7,11163,20213,0,0,1
KLU,7,11184,20234,0,0,1
KLU,7,11188,20238,0,0,1
KLU,7,11223,20273,0,0,1
KLU,7,11235,20285,0,0,1
KLU,7,11243,20293,0,0,1
KLU,7,11248,20298,0,0,1
KLU,7,11260,20310,0,1,0
KLU,7,11262,20312,0,0,1
KLU,7,11275,20325,0,0,1
KLU,7,11284,20334,0,0,1
KLU,7,11289,20339,0,0,1
KLU,7,11292,20342,0,0,1
KLU,7,11294,20344,0,0,1
KLU,7,11295,20345,0,0,1
KLU,7,11298,20348,0,1,0
KLU,7,11301,20351,0,0,1
KLU,7,11307,20357,0,0,1
KLU,7,11314,20364,0,0,1
KLU,7,11323,20373,0,0,1
KLU,7,11351,20401,0,0,1
KLU,7,11357,20407,0,0,1
KLU,7,11366,20416,0,0,1
KLU,7,11368,20418,0,0,1
KLU,7,11382,20432,0,0,1
KLU,7,11393,20443,0,1,0
KLU,7,11400,20450,0,0,1
KLU,7,11416,20466,0,0,1
KLU,7,11418,20468,0,0,1
KLU,7,11437,20487,0,0,1
KLU,7,11441,20491,0,0,1
KLU,7,11451,20501,0,0,1
KLU,7,11460,20510,0,0,1
KLU,7,11461,20511,0,1,0
KLU,7,11465,20515,0,0,1
KLU,7,11477,20527,0,0,1
KLU,7,11479,20529,0,0,1
KLU,7,11480,20530,0,0,1
KLU,7,11486,20536,0,1,0
KLU,7,11510,20560,0,0,1
KLU,7,11525,20575,0,0,1
KLU,7,11526,20576,0,1,0
KLU,7,11531,20581,0,0,1
KLU,7,11556,20606,0,0,1
KLU,7,11562,20612,0,0,1
KLU,7,11577,20627,0,0,1
KLU,7,11584,20634,0,0,1
KLU,7,11601,20651,0,0,1
KLU,7,11622,20672,0,1,0
KLU,7,11628,20678,0,0,1
KLU,7,11643,20693,0,0,1
KLU,7,11646,20696,0,0,1
KLU,7,11662,20712,0,1,0
KLU,7,11678,20728,0,0,1
KLU,7,11689,20739,0,0,1
KLU,7,11694,20744,0,0,1
KLU,7,11713,20763,0,0,1
KLU,7,11727,20777,0,0,1
KLU,7,11740,20790,0,0,1
KLU,7,11743,20793,0,0,1
KLU,7,11747,20797,0,0,1
KLU,7,11749,20799,0,0,1
KLU,7,11752,20802,0,0,1
KLU,7,11756,20806,0,0,1
KLU,7,11760,20810,0,0,1
KLU,7,11767,20817,0,0,1
KLU,7,11770,20820,0,0,1
KLU,7,11782,20832,0,0,1
KLU,7,11784,20834,0,0,1
KLU,7,11792,20842,0,0,1
KLU,7,11795,20845,0,0,1
KLU,7,11800,20850,0,0,1
KLU,7,11827,20877,0,0,1
KLU,7,11828,20878,0,0,1
KLU,7,11834,20884,0,0,1
KLU,7,11843,20893,0,0,1
KLU,7,11854,20904,0,0,1
KLU,7,11861,20911,0,0,1
KLU,7,11864,20914,0,0,1
KLU,7,11893,20943,0,0,1
KLU,7,11904,20954,0,0,1
KLU,7,11914,20964,0,0,1
KLU,7,11917,20967,0,0,1
KLU,7,11919,20969,0,0,1
KLU,7,11923,20973,0,0,1
KLU,7,11932,20982,0,0,1
KLU,7,11940,20990,0,0,1
KLU,7,11953,21003,0,1,0
KLU,7,11958,21008,0,0,1
KLU,7,11960,21010,0,0,1
KLU,7,11962,21012,0,0,1
KLU,7,11971,21021,0,0,1
KLU,7,11978,21028,0,0,1
KLU,7,11979,21029,0,0,1
KLU,7,12022,21072,0,0,1
KLU,7,12065,21115,0,0,1
KLU,7,12068,21118,0,0,1
KLU,7,12069,21119,0,0,1
KLU,7,12081,21131,0,0,1
KLU,7,12099,21149,0,1,0
KLU,7,12144,21194,0,0,1
KLU,7,12162,21212,0,0,1
KLU,7,12169,21219,0,1,0
KLU,7,12175,21225,0,1,0
KLU,7,12189,21239,0,0,1
KLU,7,12199,21249,0,0,1
KLU,7,12202,21252,0,1,0
KLU,7,12211,21261,0,0,1
KLU,7,12217,21267,0,0,1
KLU,7,12221,21271,0,0,1
KLU,7,12238,21288,0,0,1
KLU,7,12244,21294,0,0,1
KLU,7,12248,21298,0,0,1
KLU,7,12249,21299,0,0,1
KLU,7,12271,21321,0,0,1
KLU,7,12289,21339,0,0,1
KLU,7,12301,21351,0,0,1
KLU,7,12314,21364,0,0,1
KLU,7,12343,21393,0,0,1
KLU,7,12351,21401,0,0,1
KLU,7,12361,21411,0,0,1
KLU,7,12362,21412,0,0,1
KLU,7,12364,21414,0,0,1
KLU,7,12389,21439,0,0,1
KLU,7,12393,21443,0,0,1
KLU,7,12395,21445,0,0,1
KLU,7,12401,21451,0,0,1
KLU,7,12404,21454,0,0,1
KLU,7,12420,21470,0,0,1
KLU,7,12433,21483,0,0,1
KLU,7,12443,21493,0,0,1
KLU,7,12454,21504,0,0,1
KLU,7,12481,21531,0,0,1
KLU,7,12508,21558,0,0,1
KLU,7,12509,21559,0,0,1
KLU,7,12513,21563,0,0,1
KLU,7,12520,21570,0,0,1
KLU,7,12525,21575,0,0,1
KLU,7,12527,21577,0,0,1
KLU,7,12534,21584,0,0,1
KLU,7,12561,21611,0,0,1
KLU,7,12568,21618,0,0,1
KLU,7,12578,21628,0,0,1
KLU,7,12582,21632,0,0,1
KLU,7,12590,21640,0,0,1
KLU,7,12600,21650,0,0,1
KLU,7,12617,21667,0,0,1
KLU,7,12620,21670,0,1,0
KLU,7,12621,21671,0,0,1
KLU,7,12627,21677,0,0,1
KLU,7,12638,21688,0,1,0
KLU,7,12644,21694,0,0,1
KLU,7,12647,21697,0,0,1
KLU,7,12656,21706,0,0,1
KLU,7,12658,21708,0,0,1
KLU,7,12659,21709,0,0,1
KLU,7,12663,21713,0,0,1
KLU,7,12664,21714,0,1,0
KLU,7,12667,21717,0,0,1
KLU,7,12675,21725,0,0,1
KLU,7,12680,21730,0,0,1
KLU,7,12699,21749,0,0,1
KLU,7,12704,21754,0,0,1
KLU,7,12707,21757,0,0,1
KLU,7,12717,21767,0,0,1
KLU,7,12733,21783,0,0,1
KLU,7,12735,21785,0,0,1
KLU,7,12737,21787,0,0,1
KLU,7,12741,21791,0,0,1
KLU,7,12770,21820,0,0,1
KLU,7,12776,21826,0,0,1
KLU,7,12777,21827,0,0,1
KLU,7,12810,21860,0,0,1
KLU,7,12819,21869,0,0,1
KLU,7,12840,21890,0,0,1
KLU,7,12843,21893,0,0,1
KLU,7,12871,21921,0,1,0
KLU,7,12910,21960,0,0,1
KLU,7,12915,21965,0,0,1
KLU,7,12928,21978,0,0,1
KLU,7,12929,21979,0,0,1
KLU,7,12932,21982,0,0,1
KLU,7,12937,21987,0,0,1
KLU,7,12943,21993,0,0,1
KLU,7,12957,22007,0,0,1
KLU,7,12971,22021,0,0,1
KLU,7,12973,22023,0,0,1
KLU,7,12980,22030,0,0,1
KLU,7,13022,22072,0,0,1
KLU,7,13025,22075,0,0,1
KLU,7,13027,22077,0,0,1
KLU,7,13037,22087,0,1,0
KLU,7,13047,22097,0,0,1
KLU,7,13067,22117,0,0,1
KLU,7,13093,22143,0,0,1
KLU,8,8853,17903,1,1,1
KLU,8,8868,17918,1,1,1
KLU,8,8874,17924,1,1,1
KLU,8,8877,17927,1,1,1
KLU,8,8884,17934,1,1,1
KLU,8,8894,17944,1,1,1
KLU,8,8898,17948,1,1,1
KLU,8,8901,17951,1,1,1
KLU,8,8902,17952,1,1,1
KLU,8,8907,17957,1,1,1
KLU,8,8916,17966,1,0,0
KLU,8,8919,17969,1,1,1
KLU,8,8922,17972,1,1,1
KLU,8,8934,17984,1,1,1
KLU,8,8943,17993,1,1,1
KLU,8,8945,17995,1,1,1
KLU,8,8954,18004,1,1,1
KLU,8,8966,18016,1,1,1
KLU,8,8976,18026,1,0,0
KLU,8,8996,18046,1,1,1
KLU,8,9000,18050,1,1,1
KLU,8,9036,18086,1,1,1
KLU,8,9045,18095,1,1,1
KLU,8,9047,18097,1,1,1
KLU,8,9052,18102,1,1,1
KLU,8,9060,18110,1,1,1
KLU,8,9068,18118,1,1,1
KLU,8,9086,18136,1,1,1
KLU,8,9105,18155,1,1,1
KLU,8,9127,18177,1,1,1
KLU,8,9129,18179,1,1,1
KLU,8,9131,18181,1,1,1
KLU,8,9138,18188,1,1,1
KLU,8,9144,18194,1,1,1
KLU,8,9153,18203,1,1,1
KLU,8,9158,18208,1,1,1
KLU,8,9180,18230,1,1,1
KLU,8,9202,18252,1,1,1
KLU,8,9224,18274,1,1,1
KLU,8,9249,18299,1,1,1
KLU,8,9256,18306,1,1,1
KLU,8,9258,18308,1,0,0
KLU,8,9314,18364,1,1,1
KLU,8,9332,18382,1,1,1
KLU,8,9350,18400,1,1,1
KLU,8,9351,18401,1,0,0
KLU,8,9378,18428,1,1,1
KLU,8,9387,18437,1,1,1
KLU,8,9388,18438,1,1,1
KLU,8,9389,18439,1,1,1
KLU,8,9391,18441,1,1,1
KLU,8,9408,18458,1,1,1
KLU,8,9409,18459,1,1,1
KLU,8,9416,18466,1,1,1
KLU,8,9438,18488,1,1,1
KLU,8,9439,18489,1,1,1
KLU,8,9441,18491,1,1,1
KLU,8,9444,18494,1,1,1
KLU,8,9448,18498,1,1,1
KLU,8,9452,18502,1,1,1
KLU,8,9466,18516,1,1,1
KLU,8,9467,18517,1,1,1
KLU,8,9470,18520,1,1,1
KLU,8,9473,18523,1,1,1
KLU,8,9526,18576,1,1,1
KLU,8,9554,18604,1,1,1
KLU,8,9555,18605,1,1,1
KLU,8,9560,18610,1,0,0
KLU,8,9567,18617,1,0,0
KLU,8,9569,18619,1,1,1
KLU,8,9570,18620,1,1,1
KLU,8,9582,18632,1,0,0
KLU,8,9583,18633,1,1,1
KLU,8,9607,18657,1,1,1
KLU,8,9608,18658,1,1,1
KLU,8,9621,18671,1,0,0
KLU,8,9630,18680,1,1,1
KLU,8,9631,18681,1,1,1
KLU,8,9640,18690,1,1,1
KLU,8,9641,18691,1,1,1
KLU,8,9650,18700,1,1,1
KLU,8,9655,18705,1,1,1
KLU,8,9659,18709,1,1,1
KLU,8,9662,18712,1,0,0
KLU,8,9671,18721,1,1,1
KLU,8,9677,18727,1,1,1
KLU,8,9689,18739,1,0,0
KLU,8,9691,18741,1,0,0
KLU,8,9696,18746,1,1,1
KLU,8,9697,18747,1,1,1
KLU,8,9698,18748,1,1,1
KLU,8,9704,18754,1,1,1
KLU,8,9714,18764,1,1,1
KLU,8,9732,18782,1,1,1
KLU,8,9747,18797,1,1,1
KLU,8,9751,18801,1,1,1
KLU,8,9755,18805,1,0,0
KLU,8,9768,18818,1,0,0
KLU,8,9791,18841,1,1,1
KLU,8,9794,18844,1,1,1
KLU,8,9808,18858,1,0,0
KLU,8,9813,18863,1,0,0
KLU,8,9861,18911,1,1,1
KLU,8,9890,18940,1,1,1
KLU,8,9931,18981,1,1,1
KLU,8,9937,18987,1,1,1
KLU,8,9943,18993,1,0,0
KLU,8,9946,18996,1,1,1
KLU,8,9960,19010,1,0,0
KLU,8,9972,19022,1,1,1
KLU,8,10024,19074,1,1,1
KLU,8,10034,19084,1,1,1
KLU,8,10039,19089,1,1,1
KLU,8,10040,19090,1,1,1
KLU,8,10052,19102,1,1,1
KLU,8,10055,19105,1,1,1
KLU,8,10057,19107,1,1,1
KLU,8,10060,19110,1,1,1
KLU,8,10062,19112,1,1,1
KLU,8,10067,19117,1,1,1
KLU,8,10076,19126,1,1,1
KLU,8,10090,19140,1,0,0
KLU,8,10097,19147,1,1,1
KLU,8,10101,19151,1,1,1
KLU,8,10106,19156,1,1,1
KLU,8,10113,19163,1,1,1
KLU,8,10119,19169,1,1,1
KLU,8,10122,19172,1,1,1
KLU,8,10124,19174,1,1,1
KLU,8,10126,19176,1,1,1
KLU,8,10128,19178,1,1,1
KLU,8,10129,19179,1,1,1
KLU,8,10130,19180,1,1,1
KLU,8,10134,19184,1,1,1
KLU,8,10139,19189,1,1,1
KLU,8,10148,19198,1,1,1
KLU,8,10161,19211,1,0,0
KLU,8,10193,19243,1,1,1
KLU,8,10203,19253,1,1,1
KLU,8,10225,19275,1,1,1
KLU,8,10293,19343,1,1,1
KLU,8,10295,19345,1,1,1
KLU,8,10303,19353,1,1,1
KLU,8,10316,19366,1,1,1
KLU,8,10319,19369,1,1,1
KLU,8,10336,19386,1,1,1
KLU,8,10342,19392,1,1,1
KLU,8,10355,19405,1,1,1
KLU,8,10365,19415,1,1,1
KLU,8,10379,19429,1,1,1
KLU,8,10383,19433,1,1,1
KLU,8,10385,19435,1,1,1
KLU,8,10386,19436,1,1,1
KLU,8,10398,19448,1,1,1
KLU,8,10401,19451,1,0,0
KLU,8,10403,19453,1,1,1
KLU,8,10417,19467,1,1,1
KLU,8,10418,19468,1,1,1
KLU,8,10428,19478,1,1,1
KLU,8,10430,19480,1,1,1
KLU,8,10431,19481,1,1,1
KLU,8,10438,19488,1,1,1
KLU,8,10439,19489,1,1,1
KLU,8,10458,19508,1,1,1
KLU,8,10461,19511,1,1,1
KLU,8,10480,19530,1,1,1
KLU,8,10493,19543,1,1,1
KLU,8,10520,19570,1,1,1
KLU,8,10561,19611,1,1,1
KLU,8,10586,19636,1,1,1
KLU,8,10608,19658,1,1,1
KLU,8,10622,19672,1,1,1
KLU,8,10627,19677,1,0,0
KLU,8,10633,19683,1,1,1
KLU,8,10640,19690,1,1,1
KLU,8,10652,19702,1,1,1
KLU,8,10669,19719,1,0,0
KLU,8,10676,19726,1,1,1
KLU,8,10681,19731,1,1,1
KLU,8,10695,19745,1,1,1
KLU,8,10696,19746,1,1,1
KLU,8,10718,19768,1,1,1
KLU,8,10730,19780,1,1,1
KLU,8,10734,19784,1,1,1
KLU,8,10737,19787,1,1,1
KLU,8,10750,19800,1,1,1
KLU,8,10759,19809,1,1,1
KLU,8,10765,19815,1,0,0
KLU,8,10777,19827,1,1,1
KLU,8,10791,19841,1,1,1
KLU,8,10808,19858,1,1,1
KLU,8,10823,19873,1,1,1
KLU,8,10828,19878,1,1,1
KLU,8,10884,19934,1,1,1
KLU,8,10888,19938,1,1,1
KLU,8,10889,19939,1,1,1
KLU,8,10891,19941,1,1,1
KLU,8,10909,19959,1,1,1
KLU,8,10913,19963,1,1,1
KLU,8,10919,19969,1,1,1
KLU,8,10923,19973,1,0,0
KLU,8,10927,19977,1,1,1
KLU,8,10929,19979,1,1,1
KLU,8,10943,19993,1,1,1
KLU,8,10945,19995,1,1,1
KLU,8,10946,19996,1,1,1
KLU,8,10948,19998,1,1,1
KLU,8,10952,20002,1,1,1
KLU,8,10962,20012,1,1,1
KLU,8,10963,20013,1,1,1
KLU,8,10968,20018,1,1,1
KLU,8,10970,20020,1,1,1
KLU,8,10976,20026,0,0,1
KLU,8,10981,20031,0,0,1
KLU,8,10988,20038,0,1,0
KLU,8,10991,20041,0,0,1
KLU,8,11001,20051,0,0,1
KLU,8,11010,20060,0,0,1
KLU,8,11013,20063,0,0,1
KLU,8,11017,20067,0,0,1
KLU,8,11026,20076,0,1,0
KLU,8,11031,20081,0,0,1
KLU,8,11038,20088,0,0,1
KLU,8,11039,20089,0,0,1
KLU,8,11042,20092,0,0,1
KLU,8,11044,20094,0,0,1
KLU,8,11045,20095,0,0,1
KLU,8,11048,20098,0,0,1
KLU,8,11061,20111,0,0,1
KLU,8,11073,20123,0,0,1
KLU,8,11079,20129,0,0,1
KLU,8,11089,20139,0,0,1
KLU,8,11094,20144,0,0,1
KLU,8,11101,20151,0,0,1
KLU,8,11107,20157,0,0,1
KLU,8,11130,20180,0,0,1
KLU,8,11133,20183,0,0,1
KLU,8,11135,20185,0,0,1
KLU,8,11137,20187,0,0,1
KLU,8,11148,20198,0,0,1
KLU,8,11155,20205,0,0,1
KLU,8,11169,20219,0,0,1
KLU,8,11171,20221,0,0,1
KLU,8,11217,20267,0,0,1
KLU,8,11219,20269,0,0,1
KLU,8,11222,20272,0,0,1
KLU,8,11232,20282,0,0,1
KLU,8,11247,20297,0,0,1
KLU,8,11305,20355,0,0,1
KLU,8,11311,20361,0,0,1
KLU,8,11326,20376,0,0,1
KLU,8,11328,20378,0,1,0
KLU,8,11340,20390,0,0,1
KLU,8,11345,20395,0,0,1
KLU,8,11352,20402,0,0,1
KLU,8,11362,20412,0,0,1
KLU,8,11370,20420,0,0,1
KLU,8,11384,20434,0,0,1
KLU,8,11390,20440,0,0,1
KLU,8,11405,20455,0,0,1
KLU,8,11413,20463,0,1,0
KLU,8,11420,20470,0,0,1
KLU,8,11422,20472,0,0,1
KLU,8,11423,20473,0,0,1
KLU,8,11435,20485,0,0,1
KLU,8,11444,20494,0,0,1
KLU,8,11446,20496,0,0,1
KLU,8,11473,20523,0,0,1
KLU,8,11474,20524,0,0,1
KLU,8,11491,20541,0,0,1
KLU,8,11497,20547,0,1,0
KLU,8,11498,20548,0,0,1
KLU,8,11503,20553,0,0,1
KLU,8,11511,20561,0,0,1
KLU,8,11512,20562,0,1,0
KLU,8,11521,20571,0,0,1
KLU,8,11559,20609,0,0,1
KLU,8,11567,20617,0,1,0
KLU,8,11569,20619,0,0,1
KLU,8,11572,20622,0,0,1
KLU,8,11573,20623,0,0,1
KLU,8,11591,20641,0,0,1
KLU,8,11594,20644,0,0,1
KLU,8,11598,20648,0,0,1
KLU,8,11606,20656,0,0,1
KLU,8,11638,20688,0,0,1
KLU,8,11650,20700,0,0,1
KLU,8,11691,20741,0,0,1
KLU,8,11699,20749,0,0,1
KLU,8,11703,20753,0,0,1
KLU,8,11704,20754,0,0,1
KLU,8,11731,20781,0,0,1
KLU,8,11761,20811,0,0,1
KLU,8,11765,20815,0,0,1
KLU,8,11768,20818,0,0,1
KLU,8,11776,20826,0,0,1
KLU,8,11780,20830,0,0,1
KLU,8,11786,20836,0,0,1
KLU,8,11810,20860,0,0,1
KLU,8,11819,20869,0,0,1
KLU,8,11852,20902,0,0,1
KLU,8,11867,20917,0,0,1
KLU,8,11872,20922,0,0,1
KLU,8,11876,20926,0,0,1
KLU,8,11894,20944,0,0,1
KLU,8,11896,20946,0,0,1
KLU,8,11898,20948,0,0,1
KLU,8,11907,20957,0,0,1
KLU,8,11911,20961,0,0,1
KLU,8,11920,20970,0,0,1
KLU,8,11922,20972,0,0,1
KLU,8,11938,20988,0,0,1
KLU,8,11959,21009,0,1,0
KLU,8,11961,21011,0,0,1
KLU,8,11969,21019,0,0,1
KLU,8,11973,21023,0,1,0
KLU,8,11980,21030,0,0,1
KLU,8,11987,21037,0,0,1
KLU,8,11989,21039,0,0,1
KLU,8,11999,21049,0,0,1
KLU,8,12007,21057,0,0,1
KLU,8,12012,21062,0,0,1
KLU,8,12026,21076,0,1,0
KLU,8,12036,21086,0,0,1
KLU,8,12054,21104,0,0,1
KLU,8,12060,21110,0,0,1
KLU,8,12080,21130,0,0,1
KLU,8,12091,21141,0,0,1
KLU,8,12094,21144,0,0,1
KLU,8,12108,21158,0,0,1
KLU,8,12111,21161,0,1,0
KLU,8,12128,21178,0,0,1
KLU,8,12142,21192,0,0,1
KLU,8,12172,21222,0,0,1
KLU,8,12180,21230,0,0,1
KLU,8,12182,21232,0,0,1
KLU,8,12188,21238,0,0,1
KLU,8,12192,21242,0,0,1
KLU,8,12219,21269,0,0,1
KLU,8,12220,21270,0,0,1
KLU,8,12224,21274,0,0,1
KLU,8,12231,21281,0,0,1
KLU,8,12232,21282,0,0,1
KLU,8,12239,21289,0,0,1
KLU,8,12245,21295,0,0,1
KLU,8,12250,21300,0,0,1
KLU,8,12287,21337,0,0,1
KLU,8,12288,21338,0,0,1
KLU,8,12307,21357,0,0,1
KLU,8,12317,21367,0,0,1
KLU,8,12323,21373,0,0,1
KLU,8,12342,21392,0,0,1
KLU,8,12345,21395,0,0,1
KLU,8,12370,21420,0,0,1
KLU,8,12371,21421,0,0,1
KLU,8,12397,21447,0,0,1
KLU,8,12425,21475,0,0,1
KLU,8,12428,21478,0,0,1
KLU,8,12435,21485,0,0,1
KLU,8,12439,21489,0,0,1
KLU,8,12452,21502,0,0,1
KLU,8,12473,21523,0,0,1
KLU,8,12482,21532,0,0,1
KLU,8,12494,21544,0,0,1
KLU,8,12495,21545,0,0,1
KLU,8,12504,21554,0,0,1
KLU,8,12510,21560,0,1,0
KLU,8,12519,21569,0,0,1
KLU,8,12526,21576,0,0,1
KLU,8,12529,21579,0,0,1
KLU,8,12536,21586,0,0,1
KLU,8,12540,21590,0,0,1
KLU,8,12576,21626,0,1,0
KLU,8,12580,21630,0,0,1
KLU,8,12595,21645,0,0,1
KLU,8,12611,21661,0,0,1
KLU,8,12623,21673,0,0,1
KLU,8,12661,21711,0,0,1
KLU,8,12674,21724,0,0,1
KLU,8,12678,21728,0,0,1
KLU,8,12687,21737,0,0,1
KLU,8,12698,21748,0,0,1
KLU,8,12724,21774,0,0,1
KLU,8,12738,21788,0,0,1
KLU,8,12748,21798,0,0,1
KLU,8,12756,21806,0,0,1
KLU,8,12773,21823,0,0,1
KLU,8,12779,21829,0,0,1
KLU,8,12815,21865,0,0,1
KLU,8,12817,21867,0,0,1
KLU,8,12820,21870,0,0,1
KLU,8,12830,21880,0,0,1
KLU,8,12846,21896,0,0,1
KLU,8,12863,21913,0,0,1
KLU,8,12897,21947,0,0,1
KLU,8,12902,21952,0,0,1
KLU,8,12906,21956,0,0,1
KLU,8,12908,21958,0,0,1
KLU,8,12912,21962,0,0,1
KLU,8,12916,21966,0,0,1
KLU,8,12918,21968,0,0,1
KLU,8,12926,21976,0,0,1
KLU,8,12927,21977,0,0,1
KLU,8,12939,21989,0,0,1
KLU,8,12941,21991,0,1,0
KLU,8,12946,21996,0,0,1
KLU,8,12949,21999,0,0,1
KLU,8,12952,22002,0,0,1
KLU,8,12954,22004,0,0,1
KLU,8,12955,22005,0,0,1
KLU,8,12990,22040,0,0,1
KLU,8,12994,22044,0,0,1
KLU,8,13003,22053,0,1,0
KLU,8,13011,22061,0,0,1
KLU,8,13026,22076,0,0,1
KLU,8,13039,22089,0,0,1
KLU,8,13048,22098,0,0,1
KLU,8,13052,22102,0,0,1
KLU,8,13055,22105,0,1,0
KLU,8,13060,22110,0,0,1
KLU,8,13066,22116,0,0,1
KLU,8,13069,22119,0,0,1
KLU,8,13072,22122,0,0,1
KLU,8,13082,22132,0,0,1
KLU,8,13084,22134,0,0,1
KLU,9,8879,17929,1,1,1
KLU,9,8896,17946,1,1,1
KLU,9,8904,17954,1,1,1
KLU,9,8917,17967,1,1,1
KLU,9,8924,17974,1,1,1
KLU,9,8931,17981,1,1,1
KLU,9,8942,17992,1,1,1
KLU,9,8952,18002,1,1,1
KLU,9,8961,18011,1,1,1
KLU,9,8968,18018,1,1,1
KLU,9,8978,18028,1,1,1
KLU,9,9030,18080,1,1,1
KLU,9,9031,18081,1,0,0
KLU,9,9044,18094,1,1,1
KLU,9,9076,18126,1,1,1
KLU,9,9077,18127,1,1,1
KLU,9,9080,18130,1,1,1
KLU,9,9092,18142,1,1,1
KLU,9,9116,18166,1,1,1
KLU,9,9139,18189,1,1,1
KLU,9,9140,18190,1,1,1
KLU,9,9154,18204,1,1,1
KLU,9,9168,18218,1,1,1
KLU,9,9173,18223,1,1,1
KLU,9,9185,18235,1,1,1
KLU,9,9189,18239,1,1,1
KLU,9,9197,18247,1,1,1
KLU,9,9215,18265,1,1,1
KLU,9,9227,18277,1,1,1
KLU,9,9253,18303,1,1,1
KLU,9,9269,18319,1,1,1
KLU,9,9277,18327,1,1,1
KLU,9,9285,18335,1,1,1
KLU,9,9292,18342,1,1,1
KLU,9,9310,18360,1,1,1
KLU,9,9318,18368,1,1,1
KLU,9,9329,18379,1,1,1
KLU,9,9335,18385,1,1,1
KLU,9,9337,18387,1,1,1
KLU,9,9340,18390,1,1,1
KLU,9,9372,18422,1,1,1
KLU,9,9377,18427,1,1,1
KLU,9,9381,18431,1,1,1
KLU,9,9392,18442,1,1,1
KLU,9,9397,18447,1,1,1
KLU,9,9405,18455,1,1,1
KLU,9,9407,18457,1,1,1
KLU,9,9420,18470,1,0,0
KLU,9,9460,18510,1,1,1
KLU,9,9472,18522,1,1,1
KLU,9,9479,18529,1,1,1
KLU,9,9488,18538,1,1,1
KLU,9,9498,18548,1,0,0
KLU,9,9514,18564,1,1,1
KLU,9,9521,18571,1,1,1
KLU,9,9548,18598,1,1,1
KLU,9,9551,18601,1,0,0
KLU,9,9558,18608,1,0,0
KLU,9,9581,18631,1,1,1
KLU,9,9588,18638,1,1,1
KLU,9,9591,18641,1,0,0
KLU,9,9598,18648,1,1,1
KLU,9,9603,18653,1,1,1
KLU,9,9617,18667,1,1,1
KLU,9,9619,18669,1,1,1
KLU,9,9654,18704,1,1,1
KLU,9,9669,18719,1,1,1
KLU,9,9672,18722,1,1,1
KLU,9,9675,18725,1,1,1
KLU,9,9680,18730,1,1,1
KLU,9,9682,18732,1,1,1
KLU,9,9687,18737,1,1,1
KLU,9,9693,18743,1,1,1
KLU,9,9694,18744,1,1,1
KLU,9,9700,18750,1,1,1
KLU,9,9702,18752,1,1,1
KLU,9,9710,18760,1,1,1
KLU,9,9741,18791,1,1,1
KLU,9,9754,18804,1,1,1
KLU,9,9759,18809,1,0,0
KLU,9,9795,18845,1,0,0
KLU,9,9799,18849,1,0,0
KLU,9,9801,18851,1,1,1
KLU,9,9810,18860,1,1,1
KLU,9,9812,18862,1,1,1
KLU,9,9830,18880,1,1,1
KLU,9,9835,18885,1,1,1
KLU,9,9859,18909,1,1,1
KLU,9,9863,18913,1,1,1
KLU,9,9866,18916,1,1,1
KLU,9,9874,18924,1,1,1
KLU,9,9876,18926,1,1,1
KLU,9,9885,18935,1,1,1
KLU,9,9887,18937,1,1,1
KLU,9,9896,18946,1,1,1
KLU,9,9897,18947,1,1,1
KLU,9,9905,18955,1,1,1
KLU,9,9915,18965,1,1,1
KLU,9,9918,18968,1,1,1
KLU,9,9922,18972,1,1,1
KLU,9,9924,18974,1,1,1
KLU,9,9948,18998,1,1,1
KLU,9,9952,19002,1,1,1
KLU,9,9956,19006,1,1,1
KLU,9,9957,19007,1,0,0
KLU,9,9964,19014,1,1,1
KLU,9,9968,19018,1,1,1
KLU,9,9971,19021,1,1,1
KLU,9,9974,19024,1,1,1
KLU,9,9975,19025,1,0,0
KLU,9,9993,19043,1,0,0
KLU,9,9998,19048,1,1,1
KLU,9,10017,19067,1,1,1
KLU,9,10021,19071,1,1,1
KLU,9,10030,19080,1,1,1
KLU,9,10038,19088,1,1,1
KLU,9,10043,19093,1,1,1
KLU,9,10045,19095,1,1,1
KLU,9,10061,19111,1,1,1
KLU,9,10077,19127,1,1,1
KLU,9,10088,19138,1,1,1
KLU,9,10099,19149,1,1,1
KLU,9,10104,19154,1,1,1
KLU,9,10118,19168,1,1,1
KLU,9,10136,19186,1,1,1
KLU,9,10158,19208,1,1,1
KLU,9,10162,19212,1,1,1
KLU,9,10170,19220,1,1,1
KLU,9,10178,19228,1,1,1
KLU,9,10192,19242,1,1,1
KLU,9,10194,19244,1,1,1
KLU,9,10197,19247,1,1,1
KLU,9,10201,19251,1,1,1
KLU,9,10228,19278,1,1,1
KLU,9,10230,19280,1,1,1
KLU,9,10242,19292,1,1,1
KLU,9,10249,19299,1,1,1
KLU,9,10254,19304,1,1,1
KLU,9,10259,19309,1,1,1
KLU,9,10268,19318,1,1,1
KLU,9,10273,19323,1,1,1
KLU,9,10278,19328,1,1,1
KLU,9,10286,19336,1,1,1
KLU,9,10290,19340,1,1,1
KLU,9,10304,19354,1,1,1
KLU,9,10325,19375,1,1,1
KLU,9,10327,19377,1,1,1
KLU,9,10341,19391,1,1,1
KLU,9,10349,19399,1,1,1
KLU,9,10360,19410,1,0,0
KLU,9,10361,19411,1,0,0
KLU,9,10364,19414,1,1,1
KLU,9,10372,19422,1,1,1
KLU,9,10396,19446,1,1,1
KLU,9,10421,19471,1,1,1
KLU,9,10423,19473,1,1,1
KLU,9,10450,19500,1,1,1
KLU,9,10452,19502,1,1,1
KLU,9,10462,19512,1,1,1
KLU,9,10466,19516,1,1,1
KLU,9,10469,19519,1,1,1
KLU,9,10482,19532,1,1,1
KLU,9,10495,19545,1,1,1
KLU,9,10504,19554,1,1,1
KLU,9,10506,19556,1,1,1
KLU,9,10512,19562,1,1,1
KLU,9,10513,19563,1,1,1
KLU,9,10519,19569,1,1,1
KLU,9,10532,19582,1,1,1
KLU,9,10535,19585,1,1,1
KLU,9,10567,19617,1,1,1
KLU,9,10572,19622,1,1,1
KLU,9,10577,19627,1,1,1
KLU,9,10595,19645,1,1,1
KLU,9,10598,19648,1,1,1
KLU,9,10606,19656,1,1,1
KLU,9,10617,19667,1,1,1
KLU,9,10647,19697,1,1,1
KLU,9,10648,19698,1,1,1
KLU,9,10662,19712,1,1,1
KLU,9,10671,19721,1,1,1
KLU,9,10673,19723,1,1,1
KLU,9,10679,19729,1,1,1
KLU,9,10684,19734,1,1,1
KLU,9,10694,19744,1,1,1
KLU,9,10703,19753,1,1,1
KLU,9,10706,19756,1,1,1
KLU,9,10711,19761,1,1,1
KLU,9,10716,19766,1,1,1
KLU,9,10740,19790,1,1,1
KLU,9,10741,19791,1,1,1
KLU,9,10745,19795,1,1,1
KLU,9,10761,19811,1,0,0
KLU,9,10771,19821,1,1,1
KLU,9,10778,19828,1,1,1
KLU,9,10782,19832,1,1,1
KLU,9,10785,19835,1,1,1
KLU,9,10797,19847,1,1,1
KLU,9,10805,19855,1,1,1
KLU,9,10822,19872,1,1,1
KLU,9,10831,19881,1,1,1
KLU,9,10833,19883,1,1,1
KLU,9,10841,19891,1,1,1
KLU,9,10846,19896,1,1,1
KLU,9,10893,19943,1,1,1
KLU,9,10897,19947,1,1,1
KLU,9,10915,19965,1,1,1
KLU,9,10920,19970,1,1,1
KLU,9,10921,19971,1,1,1
KLU,9,10928,19978,1,1,1
KLU,9,10954,20004,1,1,1
KLU,9,10959,20009,1,0,0
KLU,9,10978,20028,0,0,1
KLU,9,11002,20052,0,1,0
KLU,9,11004,20054,0,0,1
KLU,9,11016,20066,0,0,1
KLU,9,11034,20084,0,0,1
KLU,9,11035,20085,0,0,1
KLU,9,11037,20087,0,0,1
KLU,9,11055,20105,0,0,1
KLU,9,11056,20106,0,0,1
KLU,9,11074,20124,0,0,1
KLU,9,11078,20128,0,0,1
KLU,9,11112,20162,0,0,1
KLU,9,11117,20167,0,0,1
KLU,9,11123,20173,0,0,1
KLU,9,11125,20175,0,0,1
KLU,9,11126,20176,0,0,1
KLU,9,11128,20178,0,0,1
KLU,9,11136,20186,0,0,1
KLU,9,11157,20207,0,0,1
KLU,9,11161,20211,0,0,1
KLU,9,11180,20230,0,0,1
KLU,9,11202,20252,0,0,1
KLU,9,11208,20258,0,0,1
KLU,9,11255,20305,0,1,0
KLU,9,11256,20306,0,0,1
KLU,9,11278,20328,0,0,1
KLU,9,11281,20331,0,0,1
KLU,9,11282,20332,0,0,1
KLU,9,11283,20333,0,0,1
KLU,9,11285,20335,0,0,1
KLU,9,11315,20365,0,0,1
KLU,9,11321,20371,0,0,1
KLU,9,11338,20388,0,1,0
KLU,9,11360,20410,0,0,1
KLU,9,11377,20427,0,0,1
KLU,9,11403,20453,0,0,1
KLU,9,11406,20456,0,0,1
KLU,9,11407,20457,0,1,0
KLU,9,11417,20467,0,0,1
KLU,9,11431,20481,0,0,1
KLU,9,11432,20482,0,1,0
KLU,9,11488,20538,0,0,1
KLU,9,11501,20551,0,0,1
KLU,9,11504,20554,0,0,1
KLU,9,11508,20558,0,0,1
KLU,9,11517,20567,0,0,1
KLU,9,11518,20568,0,0,1
KLU,9,11522,20572,0,0,1
KLU,9,11530,20580,0,0,1
KLU,9,11538,20588,0,0,1
KLU,9,11552,20602,0,0,1
KLU,9,11555,20605,0,0,1
KLU,9,11557,20607,0,1,0
KLU,9,11561,20611,0,0,1
KLU,9,11580,20630,0,0,1
KLU,9,11586,20636,0,0,1
KLU,9,11607,20657,0,1,0
KLU,9,11610,20660,0,0,1
KLU,9,11611,20661,0,0,1
KLU,9,11620,20670,0,0,1
KLU,9,11627,20677,0,0,1
KLU,9,11649,20699,0,1,0
KLU,9,11654,20704,0,0,1
KLU,9,11657,20707,0,1,0
KLU,9,11658,20708,0,0,1
KLU,9,11675,20725,0,0,1
KLU,9,11680,20730,0,0,1
KLU,9,11692,20742,0,0,1
KLU,9,11693,20743,0,0,1
KLU,9,11728,20778,0,0,1
KLU,9,11742,20792,0,0,1
KLU,9,11758,20808,0,0,1
KLU,9,11771,20821,0,0,1
KLU,9,11787,20837,0,0,1
KLU,9,11794,20844,0,0,1
KLU,9,11814,20864,0,0,1
KLU,9,11815,20865,0,0,1
KLU,9,11817,20867,0,0,1
KLU,9,11829,20879,0,0,1
KLU,9,11857,20907,0,0,1
KLU,9,11860,20910,0,0,1
KLU,9,11874,20924,0,0,1
KLU,9,11878,20928,0,1,0
KLU,9,11880,20930,0,0,1
KLU,9,11887,20937,0,0,1
KLU,9,11902,20952,0,0,1
KLU,9,11906,20956,0,0,1
KLU,9,11913,20963,0,0,1
KLU,9,11927,20977,0,1,0
KLU,9,11930,20980,0,0,1
KLU,9,11946,20996,0,0,1
KLU,9,11948,20998,0,0,1
KLU,9,11956,21006,0,0,1
KLU,9,11976,21026,0,1,0
KLU,9,11984,21034,0,0,1
KLU,9,11988,21038,0,0,1
KLU,9,11996,21046,0,0,1
KLU,9,12014,21064,0,1,0
KLU,9,12025,21075,0,1,0
KLU,9,12030,21080,0,0,1
KLU,9,12034,21084,0,0,1
KLU,9,12042,21092,0,1,0
KLU,9,12053,21103,0,0,1
KLU,9,12061,21111,0,1,0
KLU,9,12064,21114,0,0,1
KLU,9,12072,21122,0,0,1
KLU,9,12074,21124,0,0,1
KLU,9,12088,21138,0,0,1
KLU,9,12090,21140,0,0,1
KLU,9,12127,21177,0,0,1
KLU,9,12139,21189,0,1,0
KLU,9,12152,21202,0,0,1
KLU,9,12168,21218,0,0,1
KLU,9,12181,21231,0,0,1
KLU,9,12184,21234,0,0,1
KLU,9,12207,21257,0,0,1
KLU,9,12213,21263,0,0,1
KLU,9,12214,21264,0,0,1
KLU,9,12223,21273,0,0,1
KLU,9,12225,21275,0,0,1
KLU,9,12226,21276,0,0,1
KLU,9,12241,21291,0,0,1
KLU,9,12242,21292,0,0,1
KLU,9,12243,21293,0,0,1
KLU,9,12252,21302,0,0,1
KLU,9,12278,21328,0,0,1
KLU,9,12284,21334,0,0,1
KLU,9,12285,21335,0,0,1
KLU,9,12309,21359,0,0,1
KLU,9,12316,21366,0,0,1
KLU,9,12333,21383,0,0,1
KLU,9,12354,21404,0,0,1
KLU,9,12357,21407,0,0,1
KLU,9,12368,21418,0,0,1
KLU,9,12373,21423,0,0,1
KLU,9,12377,21427,0,0,1
KLU,9,12379,21429,0,0,1
KLU,9,12386,21436,0,0,1
KLU,9,12396,21446,0,0,1
KLU,9,12415,21465,0,0,1
KLU,9,12441,21491,0,0,1
KLU,9,12442,21492,0,0,1
KLU,9,12465,21515,0,0,1
KLU,9,12475,21525,0,0,1
KLU,9,12476,21526,0,0,1
KLU,9,12499,21549,0,0,1
KLU,9,12506,21556,0,0,1
KLU,9,12514,21564,0,0,1
KLU,9,12517,21567,0,0,1
KLU,9,12523,21573,0,0,1
KLU,9,12542,21592,0,0,1
KLU,9,12543,21593,0,1,0
KLU,9,12547,21597,0,0,1
KLU,9,12549,21599,0,0,1
KLU,9,12551,21601,0,0,1
KLU,9,12552,21602,0,0,1
KLU,9,12558,21608,0,0,1
KLU,9,12564,21614,0,0,1
KLU,9,12570,21620,0,0,1
KLU,9,12587,21637,0,0,1
KLU,9,12591,21641,0,0,1
KLU,9,12594,21644,0,1,0
KLU,9,12607,21657,0,0,1
KLU,9,12614,21664,0,1,0
KLU,9,12625,21675,0,0,1
KLU,9,12633,21683,0,0,1
KLU,9,12636,21686,0,0,1
KLU,9,12648,21698,0,0,1
KLU,9,12654,21704,0,0,1
KLU,9,12686,21736,0,0,1
KLU,9,12711,21761,0,0,1
KLU,9,12722,21772,0,1,0
KLU,9,12725,21775,0,0,1
KLU,9,12727,21777,0,0,1
KLU,9,12728,21778,0,0,1
KLU,9,12749,21799,0,0,1
KLU,9,12750,21800,0,0,1
KLU,9,12757,21807,0,0,1
KLU,9,12781,21831,0,0,1
KLU,9,12782,21832,0,0,1
KLU,9,12786,21836,0,0,1
KLU,9,12794,21844,0,0,1
KLU,9,12800,21850,0,0,1
KLU,9,12829,21879,0,0,1
KLU,9,12837,21887,0,0,1
KLU,9,12842,21892,0,0,1
KLU,9,12849,21899,0,0,1
KLU,9,12853,21903,0,0,1
KLU,9,12858,21908,0,0,1
KLU,9,12861,21911,0,0,1
KLU,9,12862,21912,0,0,1
KLU,9,12873,21923,0,0,1
KLU,9,12890,21940,0,0,1
KLU,9,12904,21954,0,0,1
KLU,9,12909,21959,0,0,1
KLU,9,12940,21990,0,0,1
KLU,9,12944,21994,0,0,1
KLU,9,12950,22000,0,0,1
KLU,9,12965,22015,0,0,1
KLU,9,12975,22025,0,0,1
KLU,9,13001,22051,0,0,1
KLU,9,13010,22060,0,0,1
KLU,9,13019,22069,0,0,1
KLU,9,13020,22070,0,0,1
KLU,9,13024,22074,0,0,1
KLU,9,13063,22113,0,0,1
KLU,9,13076,22126,0,1,0
KLU,9,13080,22130,0,0,1
KLU,9,13086,22136,0,0,1
KLU,9,13092,22142,0,0,1
KLU,9,13095,22145,0,1,0
KLU,9,13099,22149,0,0,1
KLU,9,13101,22151,0,0,1
KLU,10,8860,17910,1,1,1
KLU,10,8861,17911,1,1,1
KLU,10,8867,17917,1,1,1
KLU,10,8869,17919,1,1,1
KLU,10,8873,17923,1,1,1
KLU,10,8886,17936,1,1,1
KLU,10,8890,17940,1,1,1
KLU,10,8905,17955,1,1,1
KLU,10,8909,17959,1,1,1
KLU,10,8930,17980,1,1,1
KLU,10,8938,17988,1,1,1
KLU,10,8957,18007,1,1,1
KLU,10,8959,18009,1,1,1
KLU,10,8962,18012,1,1,1
KLU,10,8969,18019,1,1,1
KLU,10,8974,18024,1,1,1
KLU,10,8998,18048,1,1,1
KLU,10,8999,18049,1,1,1
KLU,10,9002,18052,1,1,1
KLU,10,9003,18053,1,1,1
KLU,10,9010,18060,1,1,1
KLU,10,9011,18061,1,1,1
KLU,10,9018,18068,1,1,1
KLU,10,9053,18103,1,1,1
KLU,10,9058,18108,1,1,1
KLU,10,9061,18111,1,1,1
KLU,10,9064,18114,1,1,1
KLU,10,9069,18119,1,1,1
KLU,10,9078,18128,1,1,1
KLU,10,9083,18133,1,1,1
KLU,10,9089,18139,1,1,1
KLU,10,9098,18148,1,1,1
KLU,10,9099,18149,1,1,1
KLU,10,9108,18158,1,1,1
KLU,10,9109,18159,1,1,1
KLU,10,9119,18169,1,1,1
KLU,10,9122,18172,1,1,1
KLU,10,9125,18175,1,1,1
KLU,10,9132,18182,1,1,1
KLU,10,9135,18185,1,1,1
KLU,10,9143,18193,1,1,1
KLU,10,9182,18232,1,1,1
KLU,10,9183,18233,1,1,1
KLU,10,9184,18234,1,1,1
KLU,10,9210,18260,1,1,1
KLU,10,9225,18275,1,0,0
KLU,10,9231,18281,1,1,1
KLU,10,9233,18283,1,1,1
KLU,10,9236,18286,1,0,0
KLU,10,9241,18291,1,1,1
KLU,10,9242,18292,1,1,1
KLU,10,9251,18301,1,1,1
KLU,10,9283,18333,1,1,1
KLU,10,9299,18349,1,1,1
KLU,10,9301,18351,1,1,1
KLU,10,9312,18362,1,0,0
KLU,10,9322,18372,1,1,1
KLU,10,9325,18375,1,1,1
KLU,10,9326,18376,1,1,1
KLU,10,9355,18405,1,1,1
KLU,10,9361,18411,1,1,1
KLU,10,9365,18415,1,1,1
KLU,10,9370,18420,1,1,1
KLU,10,9393,18443,1,1,1
KLU,10,9418,18468,1,1,1
KLU,10,9440,18490,1,1,1
KLU,10,9458,18508,1,1,1
KLU,10,9462,18512,1,1,1
KLU,10,9477,18527,1,1,1
KLU,10,9494,18544,1,1,1
KLU,10,9506,18556,1,1,1
KLU,10,9511,18561,1,1,1
KLU,10,9541,18591,1,1,1
KLU,10,9553,18603,1,0,0
KLU,10,9562,18612,1,1,1
KLU,10,9585,18635,1,1,1
KLU,10,9592,18642,1,1,1
KLU,10,9606,18656,1,1,1
KLU,10,9611,18661,1,1,1
KLU,10,9626,18676,1,1,1
KLU,10,9629,18679,1,1,1
KLU,10,9645,18695,1,1,1
KLU,10,9648,18698,1,1,1
KLU,10,9658,18708,1,1,1
KLU,10,9685,18735,1,1,1
KLU,10,9715,18765,1,1,1
KLU,10,9737,18787,1,1,1
KLU,10,9742,18792,1,1,1
KLU,10,9745,18795,1,1,1
KLU,10,9769,18819,1,1,1
KLU,10,9776,18826,1,0,0
KLU,10,9779,18829,1,1,1
KLU,10,9782,18832,1,1,1
KLU,10,9784,18834,1,1,1
KLU,10,9788,18838,1,1,1
KLU,10,9797,18847,1,1,1
KLU,10,9804,18854,1,1,1
KLU,10,9825,18875,1,1,1
KLU,10,9828,18878,1,1,1
KLU,10,9831,18881,1,0,0
KLU,10,9833,18883,1,1,1
KLU,10,9837,18887,1,0,0
KLU,10,9842,18892,1,1,1
KLU,10,9844,18894,1,1,1
KLU,10,9852,18902,1,1,1
KLU,10,9862,18912,1,1,1
KLU,10,9869,18919,1,0,0
KLU,10,9871,18921,1,1,1
KLU,10,9898,18948,1,1,1
KLU,10,9912,18962,1,1,1
KLU,10,9929,18979,1,1,1
KLU,10,9939,18989,1,1,1
KLU,10,9940,18990,1,1,1
KLU,10,9982,19032,1,1,1
KLU,10,9985,19035,1,1,1
KLU,10,9994,19044,1,1,1
KLU,10,9999,19049,1,1,1
KLU,10,10008,19058,1,1,1
KLU,10,10015,19065,1,0,0
KLU,10,10028,19078,1,1,1
KLU,10,10033,19083,1,1,1
KLU,10,10047,19097,1,1,1
KLU,10,10054,19104,1,1,1
KLU,10,10072,19122,1,1,1
KLU,10,10073,19123,1,1,1
KLU,10,10082,19132,1,1,1
KLU,10,10093,19143,1,1,1
KLU,10,10111,19161,1,1,1
KLU,10,10125,19175,1,1,1
KLU,10,10140,19190,1,1,1
KLU,10,10155,19205,1,1,1
KLU,10,10167,19217,1,1,1
KLU,10,10172,19222,1,1,1
KLU,10,10183,19233,1,1,1
KLU,10,10222,19272,1,1,1
KLU,10,10245,19295,1,1,1
KLU,10,10247,19297,1,1,1
KLU,10,10274,19324,1,1,1
KLU,10,10276,19326,1,1,1
KLU,10,10285,19335,1,1,1
KLU,10,10299,19349,1,0,0
KLU,10,10306,19356,1,1,1
KLU,10,10318,19368,1,1,1
KLU,10,10322,19372,1,1,1
KLU,10,10323,19373,1,1,1
KLU,10,10334,19384,1,1,1
KLU,10,10353,19403,1,1,1
KLU,10,10362,19412,1,1,1
KLU,10,10368,19418,1,1,1
KLU,10,10370,19420,1,1,1
KLU,10,10378,19428,1,1,1
KLU,10,10400,19450,1,1,1
KLU,10,10406,19456,1,1,1
KLU,10,10420,19470,1,1,1
KLU,10,10427,19477,1,1,1
KLU,10,10436,19486,1,1,1
KLU,10,10453,19503,1,1,1
KLU,10,10454,19504,1,1,1
KLU,10,10472,19522,1,1,1
KLU,10,10476,19526,1,1,1
KLU,10,10488,19538,1,0,0
KLU,10,10492,19542,1,1,1
KLU,10,10498,19548,1,1,1
KLU,10,10510,19560,1,1,1
KLU,10,10528,19578,1,1,1
KLU,10,10541,19591,1,1,1
KLU,10,10545,19595,1,1,1
KLU,10,10547,19597,1,1,1
KLU,10,10552,19602,1,1,1
KLU,10,10553,19603,1,1,1
KLU,10,10559,19609,1,1,1
KLU,10,10560,19610,1,1,1
KLU,10,10579,19629,1,1,1
KLU,10,10585,19635,1,1,1
KLU,10,10591,19641,1,1,1
KLU,10,10593,19643,1,0,0
KLU,10,10596,19646,1,1,1
KLU,10,10599,19649,1,1,1
KLU,10,10603,19653,1,1,1
KLU,10,10604,19654,1,1,1
KLU,10,10624,19674,1,1,1
KLU,10,10626,19676,1,1,1
KLU,10,10628,19678,1,1,1
KLU,10,10632,19682,1,1,1
KLU,10,10649,19699,1,1,1
KLU,10,10653,19703,1,1,1
KLU,10,10654,19704,1,1,1
KLU,10,10667,19717,1,0,0
KLU,10,10688,19738,1,1,1
KLU,10,10698,19748,1,1,1
KLU,10,10707,19757,1,1,1
KLU,10,10720,19770,1,1,1
KLU,10,10736,19786,1,0,0
KLU,10,10748,19798,1,1,1
KLU,10,10753,19803,1,1,1
KLU,10,10755,19805,1,1,1
KLU,10,10786,19836,1,1,1
KLU,10,10795,19845,1,1,1
KLU,10,10815,19865,1,1,1
KLU,10,10834,19884,1,1,1
KLU,10,10850,19900,1,1,1
KLU,10,10851,19901,1,1,1
KLU,10,10857,19907,1,1,1
KLU,10,10861,19911,1,1,1
KLU,10,10870,19920,1,1,1
KLU,10,10886,19936,1,1,1
KLU,10,10898,19948,1,1,1
KLU,10,10914,19964,1,1,1
KLU,10,10924,19974,1,1,1
KLU,10,10950,20000,1,1,1
KLU,10,10956,20006,1,1,1
KLU,10,10966,20016,1,1,1
KLU,10,10974,20024,0,0,1
KLU,10,11005,20055,0,0,1
KLU,10,11018,20068,0,1,0
KLU,10,11028,20078,0,0,1
KLU,10,11032,20082,0,0,1
KLU,10,11069,20119,0,0,1
KLU,10,11087,20137,0,0,1
KLU,10,11088,20138,0,1,0
KLU,10,11090,20140,0,0,1
KLU,10,11092,20142,0,0,1
KLU,10,11110,20160,0,0,1
KLU,10,11120,20170,0,1,0
KLU,10,11134,20184,0,0,1
KLU,10,11139,20189,0,1,0
KLU,10,11160,20210,0,0,1
KLU,10,11172,20222,0,0,1
KLU,10,11177,20227,0,0,1
KLU,10,11179,20229,0,1,0
KLU,10,11181,20231,0,0,1
KLU,10,11182,20232,0,0,1
KLU,10,11186,20236,0,0,1
KLU,10,11195,20245,0,0,1
KLU,10,11210,20260,0,0,1
KLU,10,11244,20294,0,0,1
KLU,10,11261,20311,0,0,1
KLU,10,11264,20314,0,0,1
KLU,10,11266,20316,0,0,1
KLU,10,11272,20322,0,0,1
KLU,10,11288,20338,0,0,1
KLU,10,11291,20341,0,0,1
KLU,10,11293,20343,0,0,1
KLU,10,11297,20347,0,0,1
KLU,10,11300,20350,0,0,1
KLU,10,11303,20353,0,0,1
KLU,10,11312,20362,0,0,1
KLU,10,11336,20386,0,0,1
KLU,10,11341,20391,0,0,1
KLU,10,11365,20415,0,0,1
KLU,10,11379,20429,0,0,1
KLU,10,11398,20448,0,0,1
KLU,10,11411,20461,0,1,0
KLU,10,11453,20503,0,0,1
KLU,10,11457,20507,0,1,0
KLU,10,11475,20525,0,0,1
KLU,10,11485,20535,0,1,0
KLU,10,11494,20544,0,0,1
KLU,10,11502,20552,0,0,1
KLU,10,11513,20563,0,0,1
KLU,10,11528,20578,0,0,1
KLU,10,11529,20579,0,0,1
KLU,10,11543,20593,0,0,1
KLU,10,11548,20598,0,0,1
KLU,10,11549,20599,0,0,1
KLU,10,11550,20600,0,0,1
KLU,10,11571,20621,0,0,1
KLU,10,11575,20625,0,1,0
KLU,10,11592,20642,0,0,1
KLU,10,11608,20658,0,0,1
KLU,10,11612,20662,0,1,0
KLU,10,11642,20692,0,1,0
KLU,10,11644,20694,0,0,1
KLU,10,11645,20695,0,0,1
KLU,10,11647,20697,0,0,1
KLU,10,11656,20706,0,1,0
KLU,10,11668,20718,0,0,1
KLU,10,11671,20721,0,1,0
KLU,10,11682,20732,0,0,1
KLU,10,11684,20734,0,0,1
KLU,10,11690,20740,0,0,1
KLU,10,11701,20751,0,0,1
KLU,10,11712,20762,0,0,1
KLU,10,11714,20764,0,0,1
KLU,10,11718,20768,0,0,1
KLU,10,11719,20769,0,0,1
KLU,10,11751,20801,0,1,0
KLU,10,11764,20814,0,0,1
KLU,10,11766,20816,0,0,1
KLU,10,11769,20819,0,0,1
KLU,10,11775,20825,0,0,1
KLU,10,11791,20841,0,0,1
KLU,10,11798,20848,0,0,1
KLU,10,11826,20876,0,0,1
KLU,10,11833,20883,0,0,1
KLU,10,11841,20891,0,0,1
KLU,10,11848,20898,0,0,1
KLU,10,11849,20899,0,0,1
KLU,10,11850,20900,0,0,1
KLU,10,11855,20905,0,0,1
KLU,10,11856,20906,0,0,1
KLU,10,11859,20909,0,0,1
KLU,10,11863,20913,0,0,1
KLU,10,11901,20951,0,0,1
KLU,10,11939,20989,0,0,1
KLU,10,11941,20991,0,0,1
KLU,10,11949,20999,0,0,1
KLU,10,11963,21013,0,0,1
KLU,10,11964,21014,0,0,1
KLU,10,11970,21020,0,0,1
KLU,10,11974,21024,0,0,1
KLU,10,11993,21043,0,0,1
KLU,10,12009,21059,0,0,1
KLU,10,12011,21061,0,1,0
KLU,10,12017,21067,0,0,1
KLU,10,12023,21073,0,0,1
KLU,10,12029,21079,0,0,1
KLU,10,12032,21082,0,0,1
KLU,10,12039,21089,0,0,1
KLU,10,12055,21105,0,0,1
KLU,10,12076,21126,0,0,1
KLU,10,12078,21128,0,1,0
KLU,10,12095,21145,0,0,1
KLU,10,12107,21157,0,0,1
KLU,10,12112,21162,0,0,1
KLU,10,12117,21167,0,0,1
KLU,10,12140,21190,0,0,1
KLU,10,12151,21201,0,0,1
KLU,10,12155,21205,0,0,1
KLU,10,12158,21208,0,1,0
KLU,10,12183,21233,0,0,1
KLU,10,12191,21241,0,0,1
KLU,10,12206,21256,0,0,1
KLU,10,12210,21260,0,0,1
KLU,10,12229,21279,0,0,1
KLU,10,12246,21296,0,0,1
KLU,10,12247,21297,0,0,1
KLU,10,12256,21306,0,0,1
KLU,10,12260,21310,0,0,1
KLU,10,12261,21311,0,0,1
KLU,10,12292,21342,0,0,1
KLU,10,12304,21354,0,0,1
KLU,10,12320,21370,0,0,1
KLU,10,12328,21378,0,0,1
KLU,10,12341,21391,0,1,0
KLU,10,12348,21398,0,0,1
KLU,10,12366,21416,0,0,1
KLU,10,12383,21433,0,0,1
KLU,10,12399,21449,0,0,1
KLU,10,12412,21462,0,1,0
KLU,10,12413,21463,0,0,1
KLU,10,12419,21469,0,0,1
KLU,10,12431,21481,0,0,1
KLU,10,12440,21490,0,0,1
KLU,10,12444,21494,0,0,1
KLU,10,12459,21509,0,0,1
KLU,10,12464,21514,0,0,1
KLU,10,12484,21534,0,0,1
KLU,10,12489,21539,0,0,1
KLU,10,12492,21542,0,0,1
KLU,10,12518,21568,0,0,1
KLU,10,12524,21574,0,0,1
KLU,10,12550,21600,0,0,1
KLU,10,12559,21609,0,0,1
KLU,10,12571,21621,0,0,1
KLU,10,12573,21623,0,0,1
KLU,10,12579,21629,0,0,1
KLU,10,12598,21648,0,0,1
KLU,10,12612,21662,0,0,1
KLU,10,12630,21680,0,0,1
KLU,10,12631,21681,0,0,1
KLU,10,12662,21712,0,0,1
KLU,10,12672,21722,0,0,1
KLU,10,12673,21723,0,0,1
KLU,10,12679,21729,0,0,1
KLU,10,12685,21735,0,0,1
KLU,10,12696,21746,0,0,1
KLU,10,12700,21750,0,0,1
KLU,10,12702,21752,0,0,1
KLU,10,12706,21756,0,0,1
KLU,10,12709,21759,0,0,1
KLU,10,12714,21764,0,0,1
KLU,10,12734,21784,0,0,1
KLU,10,12736,21786,0,0,1
KLU,10,12760,21810,0,0,1
KLU,10,12764,21814,0,0,1
KLU,10,12775,21825,0,0,1
KLU,10,12789,21839,0,0,1
KLU,10,12795,21845,0,0,1
KLU,10,12797,21847,0,0,1
KLU,10,12805,21855,0,0,1
KLU,10,12806,21856,0,0,1
KLU,10,12811,21861,0,0,1
KLU,10,12825,21875,0,0,1
KLU,10,12874,21924,0,0,1
KLU,10,12878,21928,0,0,1
KLU,10,12881,21931,0,0,1
KLU,10,12887,21937,0,0,1
KLU,10,12889,21939,0,0,1
KLU,10,12893,21943,0,0,1
KLU,10,12920,21970,0,0,1
KLU,10,12930,21980,0,0,1
KLU,10,12948,21998,0,0,1
KLU,10,12953,22003,0,0,1
KLU,10,12969,22019,0,0,1
KLU,10,12970,22020,0,1,0
KLU,10,12981,22031,0,1,0
KLU,10,12984,22034,0,0,1
KLU,10,12988,22038,0,0,1
KLU,10,12996,22046,0,0,1
KLU,10,12998,22048,0,0,1
KLU,10,12999,22049,0,0,1
KLU,10,13002,22052,0,0,1
KLU,10,13015,22065,0,1,0
KLU,10,13021,22071,0,0,1
KLU,10,13033,22083,0,0,1
KLU,10,13035,22085,0,0,1
KLU,10,13038,22088,0,0,1
KLU,10,13040,22090,0,0,1
KLU,10,13051,22101,0,0,1
KLU,10,13054,22104,0,0,1
KLU,10,13057,22107,0,0,1
KLU,10,13061,22111,0,0,1
KLU,10,13079,22129,0,0,1
KLU,10,13083,22133,0,0,1
