station,outer_fold,source_row_index,serial_no,label_true,label_predicted,correct
KNK,1,13107,22157,1,1,1
KNK,1,13112,22162,1,1,1
KNK,1,13120,22170,1,1,1
KNK,1,13121,22171,1,1,1
KNK,1,13123,22173,1,1,1
KNK,1,13148,22198,1,1,1
KNK,1,13160,22210,1,1,1
KNK,1,13169,22219,1,1,1
KNK,1,13180,22230,1,1,1
KNK,1,13198,22248,1,1,1
KNK,1,13209,22259,1,1,1
KNK,1,13220,22270,1,1,1
KNK,1,13221,22271,1,1,1
KNK,1,13231,22281,1,1,1
KNK,1,13234,22284,1,1,1
KNK,1,13237,22287,1,1,1
KNK,1,13259,22309,1,1,1
KNK,1,13272,22322,1,1,1
KNK,1,13273,22323,1,1,1
KNK,1,13281,22331,1,1,1
KNK,1,13292,22342,1,1,1
KNK,1,13295,22345,1,1,1
KNK,1,13318,22368,1,1,1
KNK,1,13320,22370,1,1,1
KNK,1,13337,22387,1,1,1
KNK,1,13347,22397,1,1,1
KNK,1,13356,22406,1,1,1
KNK,1,13358,22408,1,1,1
KNK,1,13363,22413,1,1,1
KNK,1,13367,22417,1,1,1
KNK,1,13379,22429,1,1,1
KNK,1,13382,22432,1,1,1
KNK,1,13389,22439,1,1,1
KNK,1,13395,22445,1,1,1
KNK,1,13401,22451,1,1,1
KNK,1,13410,22460,1,1,1
KNK,1,13413,22463,1,1,1
KNK,1,13427,22477,1,1,1
KNK,1,13463,22513,1,1,1
KNK,1,13474,22524,1,1,1
KNK,1,13475,22525,1,1,1
KNK,1,13480,22530,1,1,1
KNK,1,13485,22535,1,1,1
KNK,1,13495,22545,1,1,1
KNK,1,13503,22553,1,1,1
KNK,1,13505,22555,1,1,1
KNK,1,13520,22570,1,1,1
KNK,1,13522,22572,1,1,1
KNK,1,13534,22584,1,1,1
KNK,1,13536,22586,1,1,1
KNK,1,13539,22589,1,1,1
KNK,1,13546,22596,1,1,1
KNK,1,13551,22601,1,1,1
KNK,1,13554,22604,1,1,1
KNK,1,13560,22610,1,1,1
KNK,1,13568,22618,1,1,1
KNK,1,13570,22620,1,1,1
KNK,1,13574,22624,1,1,1
KNK,1,13576,22626,1,1,1
KNK,1,13582,22632,1,1,1
KNK,1,13589,22639,1,1,1
KNK,1,13595,22645,1,1,1
KNK,1,13596,22646,1,1,1
KNK,1,13625,22675,1,1,1
KNK,1,13636,22686,1,1,1
KNK,1,13638,22688,1,1,1
KNK,1,13650,22700,1,1,1
KNK,1,13658,22708,1,1,1
KNK,1,13667,22717,1,1,1
KNK,1,13673,22723,1,1,1
KNK,1,13693,22743,1,1,1
KNK,1,13694,22744,1,1,1
KNK,1,13696,22746,1,1,1
KNK,1,13719,22769,1,1,1
KNK,1,13749,22799,1,1,1
KNK,1,13751,22801,1,1,1
KNK,1,13756,22806,1,1,1
KNK,1,13763,22813,1,1,1
KNK,1,13765,22815,1,1,1
KNK,1,13766,22816,1,1,1
KNK,1,13772,22822,1,1,1
KNK,1,13790,22840,1,1,1
KNK,1,13795,22845,1,1,1
KNK,1,13796,22846,1,1,1
KNK,1,13805,22855,1,1,1
KNK,1,13811,22861,1,1,1
KNK,1,13851,22901,1,1,1
KNK,1,13855,22905,1,1,1
KNK,1,13856,22906,1,1,1
KNK,1,13866,22916,1,1,1
KNK,1,13867,22917,1,1,1
KNK,1,13884,22934,1,1,1
KNK,1,13891,22941,1,1,1
KNK,1,13893,22943,1,1,1
KNK,1,13898,22948,1,1,1
KNK,1,13912,22962,1,1,1
KNK,1,13917,22967,1,1,1
KNK,1,13942,22992,1,1,1
KNK,1,13943,22993,1,1,1
KNK,1,13947,22997,1,1,1
KNK,1,13949,22999,1,1,1
KNK,1,13957,23007,1,1,1
KNK,1,13958,23008,1,1,1
KNK,1,13959,23009,1,1,1
KNK,1,13972,23022,1,1,1
KNK,1,13974,23024,1,1,1
KNK,1,13989,23039,1,1,1
KNK,1,13990,23040,1,1,1
KNK,1,13993,23043,1,1,1
KNK,1,14009,23059,1,1,1
KNK,1,14021,23071,1,1,1
KNK,1,14028,23078,1,1,1
KNK,1,14033,23083,1,1,1
KNK,1,14035,23085,1,1,1
KNK,1,14041,23091,1,1,1
KNK,1,14058,23108,1,1,1
KNK,1,14061,23111,1,1,1
KNK,1,14064,23114,1,1,1
KNK,1,14081,23131,1,1,1
KNK,1,14084,23134,1,1,1
KNK,1,14087,23137,1,1,1
KNK,1,14089,23139,1,1,1
KNK,1,14110,23160,1,1,1
KNK,1,14126,23176,1,1,1
KNK,1,14127,23177,1,1,1
KNK,1,14129,23179,1,1,1
KNK,1,14145,23195,1,1,1
KNK,1,14150,23200,1,1,1
KNK,1,14185,23235,1,1,1
KNK,1,14196,23246,1,1,1
KNK,1,14200,23250,1,1,1
KNK,1,14210,23260,1,1,1
KNK,1,14217,23267,1,1,1
KNK,1,14219,23269,1,1,1
KNK,1,14226,23276,1,1,1
KNK,1,14244,23294,1,1,1
KNK,1,14258,23308,1,1,1
KNK,1,14261,23311,1,1,1
KNK,1,14285,23335,1,1,1
KNK,1,14304,23354,1,1,1
KNK,1,14320,23370,1,1,1
KNK,1,14328,23378,1,1,1
KNK,1,14354,23404,1,1,1
KNK,1,14367,23417,1,1,1
KNK,1,14388,23438,1,1,1
KNK,1,14404,23454,1,1,1
KNK,1,14406,23456,1,1,1
KNK,1,14443,23493,1,1,1
KNK,1,14454,23504,1,1,1
KNK,1,14485,23535,1,1,1
KNK,1,14498,23548,1,1,1
KNK,1,14515,23565,1,1,1
KNK,1,14528,23578,1,1,1
KNK,1,14530,23580,1,1,1
KNK,1,14531,23581,1,1,1
KNK,1,14533,23583,1,1,1
KNK,1,14546,23596,1,1,1
KNK,1,14561,23611,1,1,1
KNK,1,14597,23647,1,1,1
KNK,1,14602,23652,1,1,1
KNK,1,14615,23665,1,1,1
KNK,1,14625,23675,1,1,1
KNK,1,14626,23676,1,1,1
KNK,1,14632,23682,1,1,1
KNK,1,14634,23684,1,1,1
KNK,1,14641,23691,1,1,1
KNK,1,14643,23693,1,1,1
KNK,1,14666,23716,1,1,1
KNK,1,14693,23743,1,1,1
KNK,1,14728,23778,1,1,1
KNK,1,14741,23791,1,1,1
KNK,1,14752,23802,1,1,1
KNK,1,14753,23803,1,1,1
KNK,1,14754,23804,1,0,0
KNK,1,14756,23806,1,1,1
KNK,1,14758,23808,1,1,1
KNK,1,14774,23824,1,1,1
KNK,1,14786,23836,1,1,1
KNK,1,14805,23855,1,1,1
KNK,1,14809,23859,1,1,1
KNK,1,14819,23869,1,1,1
KNK,1,14821,23871,1,1,1
KNK,1,14827,23877,1,1,1
KNK,1,14838,23888,1,1,1
KNK,1,14849,23899,1,1,1
KNK,1,14859,23909,1,1,1
KNK,1,14860,23910,1,1,1
KNK,1,14863,23913,1,1,1
KNK,1,14865,23915,1,1,1
KNK,1,14874,23924,1,1,1
KNK,1,14882,23932,1,1,1
KNK,1,14895,23945,1,1,1
KNK,1,14903,23953,1,1,1
KNK,1,14934,23984,1,1,1
KNK,1,14950,24000,1,1,1
KNK,1,14969,24019,1,1,1
KNK,1,14977,24027,1,1,1
KNK,1,14980,24030,1,1,1
KNK,1,14988,24038,1,1,1
KNK,1,14989,24039,1,1,1
KNK,1,14997,24047,1,1,1
KNK,1,15004,24054,1,1,1
KNK,1,15030,24080,1,1,1
KNK,1,15033,24083,1,1,1
KNK,1,15040,24090,1,1,1
KNK,1,15068,24118,1,1,1
KNK,1,15074,24124,1,1,1
KNK,1,15082,24132,1,1,1
KNK,1,15106,24156,1,1,1
KNK,1,15112,24162,1,1,1
KNK,1,15114,24164,1,1,1
KNK,1,15130,24180,1,1,1
KNK,1,15147,24197,1,1,1
KNK,1,15195,24245,1,1,1
KNK,1,15196,24246,1,1,1
KNK,1,15209,24259,1,1,1
KNK,1,15211,24261,1,1,1
KNK,1,15224,24274,1,1,1
KNK,1,15229,24279,1,1,1
KNK,1,15248,24298,1,1,1
KNK,1,15297,24347,1,1,1
KNK,1,15304,24354,1,0,0
KNK,1,15306,24356,1,1,1
KNK,1,15308,24358,1,1,1
KNK,1,15311,24361,1,1,1
KNK,1,15327,24377,1,1,1
KNK,1,15328,24378,1,1,1
KNK,1,15332,24382,1,1,1
KNK,1,15339,24389,1,1,1
KNK,1,15348,24398,1,1,1
KNK,1,15349,24399,1,1,1
KNK,1,15363,24413,1,1,1
KNK,1,15377,24427,1,1,1
KNK,1,15394,24444,1,1,1
KNK,1,15407,24457,1,1,1
KNK,1,15450,24500,1,1,1
KNK,1,15460,24510,1,1,1
KNK,1,15470,24520,0,0,1
KNK,1,15483,24533,0,0,1
KNK,1,15495,24545,0,0,1
KNK,1,15499,24549,0,0,1
KNK,1,15504,24554,0,0,1
KNK,1,15521,24571,0,0,1
KNK,1,15528,24578,0,0,1
KNK,1,15550,24600,0,0,1
KNK,1,15560,24610,0,0,1
KNK,1,15580,24630,0,0,1
KNK,1,15583,24633,0,0,1
KNK,1,15585,24635,0,0,1
KNK,1,15586,24636,0,0,1
KNK,1,15591,24641,0,0,1
KNK,1,15604,24654,0,0,1
KNK,1,15610,24660,0,0,1
KNK,1,15613,24663,0,0,1
KNK,1,15618,24668,0,0,1
KNK,1,15625,24675,0,0,1
KNK,1,15630,24680,0,0,1
KNK,1,15637,24687,0,0,1
KNK,1,15645,24695,0,0,1
KNK,1,15657,24707,0,0,1
KNK,1,15666,24716,0,0,1
KNK,1,15676,24726,0,0,1
KNK,1,15680,24730,0,0,1
KNK,1,15685,24735,0,0,1
KNK,1,15690,24740,0,0,1
KNK,1,15708,24758,0,0,1
KNK,1,15714,24764,0,0,1
KNK,1,15727,24777,0,0,1
KNK,1,15729,24779,0,0,1
KNK,1,15737,24787,0,0,1
KNK,1,15741,24791,0,0,1
KNK,1,15742,24792,0,1,0
KNK,1,15766,24816,0,0,1
KNK,1,15791,24841,0,0,1
KNK,1,15806,24856,0,0,1
KNK,1,15816,24866,0,0,1
KNK,1,15817,24867,0,0,1
KNK,1,15822,24872,0,0,1
KNK,1,15836,24886,0,0,1
KNK,1,15856,24906,0,0,1
KNK,1,15862,24912,0,0,1
KNK,1,15874,24924,0,0,1
KNK,1,15877,24927,0,0,1
KNK,1,15888,24938,0,0,1
KNK,1,15910,24960,0,0,1
KNK,1,15913,24963,0,0,1
KNK,1,15917,24967,0,0,1
KNK,1,15924,24974,0,0,1
KNK,1,15926,24976,0,0,1
KNK,1,15948,24998,0,0,1
KNK,1,15954,25004,0,0,1
KNK,1,15960,25010,0,0,1
KNK,1,15976,25026,0,0,1
KNK,1,15994,25044,0,0,1
KNK,1,15997,25047,0,0,1
KNK,1,16020,25070,0,0,1
KNK,1,16042,25092,0,0,1
KNK,1,16051,25101,0,0,1
KNK,1,16072,25122,0,0,1
KNK,1,16076,25126,0,0,1
KNK,1,16083,25133,0,0,1
KNK,1,16091,25141,0,0,1
KNK,1,16097,25147,0,0,1
KNK,1,16114,25164,0,0,1
KNK,1,16126,25176,0,0,1
KNK,1,16129,25179,0,0,1
KNK,1,16139,25189,0,0,1
KNK,1,16142,25192,0,0,1
KNK,1,16144,25194,0,0,1
KNK,1,16145,25195,0,0,1
KNK,1,16165,25215,0,0,1
KNK,1,16166,25216,0,0,1
KNK,1,16167,25217,0,0,1
KNK,1,16169,25219,0,0,1
KNK,1,16170,25220,0,0,1
KNK,1,16178,25228,0,0,1
KNK,1,16214,25264,0,0,1
KNK,1,16221,25271,0,0,1
KNK,1,16226,25276,0,0,1
KNK,1,16227,25277,0,0,1
KNK,1,16256,25306,0,0,1
KNK,1,16257,25307,0,0,1
KNK,1,16317,25367,0,0,1
KNK,1,16333,25383,0,0,1
KNK,1,16336,25386,0,0,1
KNK,1,16344,25394,0,0,1
KNK,1,16348,25398,0,0,1
KNK,1,16353,25403,0,0,1
KNK,1,16363,25413,0,0,1
KNK,1,16374,25424,0,0,1
KNK,1,16385,25435,0,0,1
KNK,1,16393,25443,0,0,1
KNK,1,16419,25469,0,0,1
KNK,1,16425,25475,0,0,1
KNK,1,16441,25491,0,0,1
KNK,1,16444,25494,0,0,1
KNK,1,16446,25496,0,0,1
KNK,1,16448,25498,0,0,1
KNK,1,16450,25500,0,0,1
KNK,1,16451,25501,0,0,1
KNK,1,16468,25518,0,0,1
KNK,1,16469,25519,0,0,1
KNK,1,16483,25533,0,0,1
KNK,1,16492,25542,0,0,1
KNK,1,16497,25547,0,0,1
KNK,1,16498,25548,0,0,1
KNK,1,16524,25574,0,0,1
KNK,1,16526,25576,0,0,1
KNK,1,16532,25582,0,0,1
KNK,1,16546,25596,0,0,1
KNK,1,16551,25601,0,0,1
KNK,1,16553,25603,0,0,1
KNK,1,16558,25608,0,0,1
KNK,1,16561,25611,0,0,1
KNK,1,16572,25622,0,0,1
KNK,1,16573,25623,0,0,1
KNK,1,16578,25628,0,0,1
KNK,1,16601,25651,0,0,1
KNK,1,16615,25665,0,0,1
KNK,1,16638,25688,0,0,1
KNK,1,16642,25692,0,0,1
KNK,1,16682,25732,0,0,1
KNK,1,16703,25753,0,0,1
KNK,1,16714,25764,0,0,1
KNK,1,16736,25786,0,0,1
KNK,1,16742,25792,0,0,1
KNK,1,16749,25799,0,0,1
KNK,1,16762,25812,0,0,1
KNK,1,16774,25824,0,0,1
KNK,1,16778,25828,0,0,1
KNK,1,16788,25838,0,0,1
KNK,1,16789,25839,0,0,1
KNK,1,16790,25840,0,0,1
KNK,1,16791,25841,0,0,1
KNK,1,16801,25851,0,0,1
KNK,1,16809,25859,0,0,1
KNK,1,16812,25862,0,0,1
KNK,1,16815,25865,0,0,1
KNK,1,16819,25869,0,0,1
KNK,1,16828,25878,0,0,1
KNK,1,16841,25891,0,0,1
KNK,1,16867,25917,0,0,1
KNK,1,16873,25923,0,0,1
KNK,1,16877,25927,0,0,1
KNK,1,16890,25940,0,0,1
KNK,1,16896,25946,0,0,1
KNK,1,16903,25953,0,0,1
KNK,1,16921,25971,0,0,1
KNK,1,16925,25975,0,0,1
KNK,1,16930,25980,0,0,1
KNK,1,16965,26015,0,1,0
KNK,1,16980,26030,0,0,1
KNK,1,16987,26037,0,0,1
KNK,1,16995,26045,0,0,1
KNK,1,16998,26048,0,0,1
KNK,1,17033,26083,0,0,1
KNK,1,17039,26089,0,0,1
KNK,1,17053,26103,0,0,1
KNK,1,17093,26143,0,0,1
KNK,1,17094,26144,0,0,1
KNK,1,17096,26146,0,0,1
KNK,1,17117,26167,0,0,1
KNK,1,17126,26176,0,0,1
KNK,1,17127,26177,0,0,1
KNK,1,17137,26187,0,0,1
KNK,1,17138,26188,0,0,1
KNK,1,17145,26195,0,0,1
KNK,1,17148,26198,0,0,1
KNK,1,17150,26200,0,0,1
KNK,1,17156,26206,0,0,1
KNK,1,17166,26216,0,0,1
KNK,1,17169,26219,0,0,1
KNK,1,17186,26236,0,1,0
KNK,1,17200,26250,0,0,1
KNK,1,17206,26256,0,0,1
KNK,1,17222,26272,0,0,1
KNK,1,17228,26278,0,0,1
KNK,1,17241,26291,0,0,1
KNK,1,17247,26297,0,0,1
KNK,1,17264,26314,0,0,1
KNK,1,17267,26317,0,0,1
KNK,1,17268,26318,0,0,1
KNK,1,17277,26327,0,0,1
KNK,1,17278,26328,0,0,1
KNK,1,17282,26332,0,0,1
KNK,1,17305,26355,0,0,1
KNK,1,17311,26361,0,0,1
KNK,1,17327,26377,0,0,1
KNK,1,17331,26381,0,0,1
KNK,1,17337,26387,0,0,1
KNK,1,17344,26394,0,0,1
KNK,1,17350,26400,0,0,1
KNK,1,17363,26413,0,0,1
KNK,1,17365,26415,0,0,1
KNK,1,17369,26419,0,0,1
KNK,1,17373,26423,0,0,1
KNK,1,17381,26431,0,0,1
KNK,1,17384,26434,0,0,1
KNK,1,17391,26441,0,0,1
KNK,1,17403,26453,0,0,1
KNK,1,17419,26469,0,0,1
KNK,1,17468,26518,0,0,1
KNK,1,17493,26543,0,0,1
KNK,1,17500,26550,0,0,1
KNK,1,17502,26552,0,0,1
KNK,1,17552,26602,0,0,1
KNK,1,17557,26607,0,0,1
KNK,2,13114,22164,1,1,1
KNK,2,13134,22184,1,1,1
KNK,2,13147,22197,1,1,1
KNK,2,13149,22199,1,1,1
KNK,2,13152,22202,1,1,1
KNK,2,13174,22224,1,1,1
KNK,2,13194,22244,1,1,1
KNK,2,13201,22251,1,1,1
KNK,2,13206,22256,1,1,1
KNK,2,13213,22263,1,1,1
KNK,2,13214,22264,1,0,0
KNK,2,13243,22293,1,1,1
KNK,2,13254,22304,1,1,1
KNK,2,13256,22306,1,1,1
KNK,2,13284,22334,1,1,1
KNK,2,13290,22340,1,1,1
KNK,2,13315,22365,1,1,1
KNK,2,13317,22367,1,1,1
KNK,2,13321,22371,1,1,1
KNK,2,13323,22373,1,1,1
KNK,2,13331,22381,1,1,1
KNK,2,13341,22391,1,1,1
KNK,2,13362,22412,1,1,1
KNK,2,13386,22436,1,1,1
KNK,2,13388,22438,1,1,1
KNK,2,13397,22447,1,1,1
KNK,2,13403,22453,1,1,1
KNK,2,13409,22459,1,1,1
KNK,2,13430,22480,1,1,1
KNK,2,13432,22482,1,1,1
KNK,2,13445,22495,1,1,1
KNK,2,13453,22503,1,1,1
KNK,2,13457,22507,1,1,1
KNK,2,13460,22510,1,1,1
KNK,2,13494,22544,1,1,1
KNK,2,13502,22552,1,1,1
KNK,2,13509,22559,1,1,1
KNK,2,13523,22573,1,1,1
KNK,2,13542,22592,1,1,1
KNK,2,13549,22599,1,1,1
KNK,2,13550,22600,1,1,1
KNK,2,13557,22607,1,1,1
KNK,2,13584,22634,1,0,0
KNK,2,13602,22652,1,1,1
KNK,2,13611,22661,1,1,1
KNK,2,13612,22662,1,1,1
KNK,2,13628,22678,1,1,1
KNK,2,13632,22682,1,1,1
KNK,2,13633,22683,1,1,1
KNK,2,13675,22725,1,1,1
KNK,2,13688,22738,1,1,1
KNK,2,13708,22758,1,1,1
KNK,2,13721,22771,1,1,1
KNK,2,13728,22778,1,1,1
KNK,2,13731,22781,1,1,1
KNK,2,13745,22795,1,1,1
KNK,2,13775,22825,1,1,1
KNK,2,13781,22831,1,1,1
KNK,2,13791,22841,1,1,1
KNK,2,13812,22862,1,1,1
KNK,2,13814,22864,1,1,1
KNK,2,13818,22868,1,0,0
KNK,2,13819,22869,1,1,1
KNK,2,13834,22884,1,1,1
KNK,2,13847,22897,1,1,1
KNK,2,13857,22907,1,1,1
KNK,2,13861,22911,1,1,1
KNK,2,13862,22912,1,1,1
KNK,2,13863,22913,1,1,1
KNK,2,13879,22929,1,1,1
KNK,2,13882,22932,1,1,1
KNK,2,13892,22942,1,1,1
KNK,2,13894,22944,1,1,1
KNK,2,13905,22955,1,1,1
KNK,2,13911,22961,1,1,1
KNK,2,13964,23014,1,1,1
KNK,2,13979,23029,1,1,1
KNK,2,13985,23035,1,1,1
KNK,2,13999,23049,1,1,1
KNK,2,14001,23051,1,1,1
KNK,2,14017,23067,1,1,1
KNK,2,14024,23074,1,1,1
KNK,2,14030,23080,1,1,1
KNK,2,14038,23088,1,1,1
KNK,2,14054,23104,1,1,1
KNK,2,14059,23109,1,1,1
KNK,2,14067,23117,1,1,1
KNK,2,14072,23122,1,1,1
KNK,2,14077,23127,1,1,1
KNK,2,14104,23154,1,1,1
KNK,2,14112,23162,1,1,1
KNK,2,14115,23165,1,1,1
KNK,2,14140,23190,1,1,1
KNK,2,14153,23203,1,1,1
KNK,2,14154,23204,1,1,1
KNK,2,14158,23208,1,1,1
KNK,2,14160,23210,1,1,1
KNK,2,14161,23211,1,1,1
KNK,2,14171,23221,1,1,1
KNK,2,14177,23227,1,1,1
KNK,2,14195,23245,1,1,1
KNK,2,14221,23271,1,1,1
KNK,2,14223,23273,1,1,1
KNK,2,14242,23292,1,1,1
KNK,2,14245,23295,1,1,1
KNK,2,14274,23324,1,1,1
KNK,2,14278,23328,1,1,1
KNK,2,14280,23330,1,1,1
KNK,2,14282,23332,1,1,1
KNK,2,14308,23358,1,1,1
KNK,2,14309,23359,1,1,1
KNK,2,14312,23362,1,1,1
KNK,2,14348,23398,1,1,1
KNK,2,14374,23424,1,1,1
KNK,2,14384,23434,1,1,1
KNK,2,14387,23437,1,1,1
KNK,2,14389,23439,1,1,1
KNK,2,14400,23450,1,1,1
KNK,2,14402,23452,1,1,1
KNK,2,14408,23458,1,1,1
KNK,2,14409,23459,1,1,1
KNK,2,14410,23460,1,1,1
KNK,2,14413,23463,1,1,1
KNK,2,14414,23464,1,1,1
KNK,2,14416,23466,1,1,1
KNK,2,14419,23469,1,1,1
KNK,2,14425,23475,1,1,1
KNK,2,14427,23477,1,1,1
KNK,2,14450,23500,1,1,1
KNK,2,14453,23503,1,1,1
KNK,2,14466,23516,1,1,1
KNK,2,14474,23524,1,1,1
KNK,2,14476,23526,1,1,1
KNK,2,14495,23545,1,1,1
KNK,2,14504,23554,1,0,0
KNK,2,14506,23556,1,1,1
KNK,2,14509,23559,1,1,1
KNK,2,14511,23561,1,1,1
KNK,2,14513,23563,1,1,1
KNK,2,14534,23584,1,1,1
KNK,2,14539,23589,1,1,1
KNK,2,14550,23600,1,1,1
KNK,2,14556,23606,1,1,1
KNK,2,14563,23613,1,1,1
KNK,2,14565,23615,1,1,1
KNK,2,14612,23662,1,1,1
KNK,2,14617,23667,1,1,1
KNK,2,14623,23673,1,1,1
KNK,2,14646,23696,1,1,1
KNK,2,14648,23698,1,1,1
KNK,2,14653,23703,1,1,1
KNK,2,14661,23711,1,1,1
KNK,2,14697,23747,1,1,1
KNK,2,14702,23752,1,1,1
KNK,2,14743,23793,1,1,1
KNK,2,14755,23805,1,1,1
KNK,2,14785,23835,1,1,1
KNK,2,14788,23838,1,1,1
KNK,2,14789,23839,1,0,0
KNK,2,14794,23844,1,1,1
KNK,2,14799,23849,1,1,1
KNK,2,14804,23854,1,1,1
KNK,2,14816,23866,1,1,1
KNK,2,14818,23868,1,1,1
KNK,2,14824,23874,1,1,1
KNK,2,14844,23894,1,1,1
KNK,2,14850,23900,1,1,1
KNK,2,14862,23912,1,1,1
KNK,2,14864,23914,1,1,1
KNK,2,14875,23925,1,1,1
KNK,2,14890,23940,1,1,1
KNK,2,14905,23955,1,1,1
KNK,2,14920,23970,1,1,1
KNK,2,14922,23972,1,0,0
KNK,2,14926,23976,1,1,1
KNK,2,14938,23988,1,1,1
KNK,2,14941,23991,1,1,1
KNK,2,14954,24004,1,1,1
KNK,2,14963,24013,1,1,1
KNK,2,14973,24023,1,1,1
KNK,2,14979,24029,1,1,1
KNK,2,14984,24034,1,1,1
KNK,2,14991,24041,1,1,1
KNK,2,14998,24048,1,1,1
KNK,2,15000,24050,1,1,1
KNK,2,15002,24052,1,1,1
KNK,2,15003,24053,1,1,1
KNK,2,15006,24056,1,1,1
KNK,2,15011,24061,1,1,1
KNK,2,15019,24069,1,1,1
KNK,2,15021,24071,1,1,1
KNK,2,15027,24077,1,1,1
KNK,2,15037,24087,1,1,1
KNK,2,15038,24088,1,1,1
KNK,2,15047,24097,1,1,1
KNK,2,15050,24100,1,1,1
KNK,2,15061,24111,1,1,1
KNK,2,15079,24129,1,1,1
KNK,2,15083,24133,1,1,1
KNK,2,15084,24134,1,1,1
KNK,2,15094,24144,1,1,1
KNK,2,15100,24150,1,1,1
KNK,2,15102,24152,1,1,1
KNK,2,15108,24158,1,1,1
KNK,2,15109,24159,1,1,1
KNK,2,15111,24161,1,1,1
KNK,2,15117,24167,1,1,1
KNK,2,15124,24174,1,1,1
KNK,2,15127,24177,1,1,1
KNK,2,15133,24183,1,1,1
KNK,2,15165,24215,1,1,1
KNK,2,15173,24223,1,1,1
KNK,2,15178,24228,1,1,1
KNK,2,15214,24264,1,1,1
KNK,2,15219,24269,1,1,1
KNK,2,15228,24278,1,1,1
KNK,2,15232,24282,1,1,1
KNK,2,15240,24290,1,1,1
KNK,2,15246,24296,1,1,1
KNK,2,15254,24304,1,1,1
KNK,2,15266,24316,1,1,1
KNK,2,15267,24317,1,1,1
KNK,2,15270,24320,1,1,1
KNK,2,15278,24328,1,1,1
KNK,2,15301,24351,1,1,1
KNK,2,15356,24406,1,1,1
KNK,2,15369,24419,1,1,1
KNK,2,15371,24421,1,1,1
KNK,2,15380,24430,1,1,1
KNK,2,15384,24434,1,1,1
KNK,2,15397,24447,1,1,1
KNK,2,15400,24450,1,1,1
KNK,2,15415,24465,1,1,1
KNK,2,15423,24473,1,1,1
KNK,2,15428,24478,1,1,1
KNK,2,15436,24486,1,1,1
KNK,2,15445,24495,1,1,1
KNK,2,15481,24531,0,0,1
KNK,2,15482,24532,0,0,1
KNK,2,15492,24542,0,0,1
KNK,2,15494,24544,0,0,1
KNK,2,15512,24562,0,0,1
KNK,2,15516,24566,0,0,1
KNK,2,15527,24577,0,0,1
KNK,2,15545,24595,0,0,1
KNK,2,15546,24596,0,0,1
KNK,2,15552,24602,0,0,1
KNK,2,15567,24617,0,0,1
KNK,2,15638,24688,0,0,1
KNK,2,15641,24691,0,0,1
KNK,2,15663,24713,0,0,1
KNK,2,15686,24736,0,0,1
KNK,2,15744,24794,0,1,0
KNK,2,15754,24804,0,0,1
KNK,2,15765,24815,0,0,1
KNK,2,15782,24832,0,0,1
KNK,2,15795,24845,0,0,1
KNK,2,15802,24852,0,0,1
KNK,2,15830,24880,0,0,1
KNK,2,15831,24881,0,0,1
KNK,2,15849,24899,0,0,1
KNK,2,15852,24902,0,0,1
KNK,2,15875,24925,0,0,1
KNK,2,15880,24930,0,0,1
KNK,2,15882,24932,0,0,1
KNK,2,15883,24933,0,0,1
KNK,2,15887,24937,0,0,1
KNK,2,15904,24954,0,0,1
KNK,2,15922,24972,0,0,1
KNK,2,15930,24980,0,0,1
KNK,2,15933,24983,0,0,1
KNK,2,15935,24985,0,0,1
KNK,2,15965,25015,0,0,1
KNK,2,15982,25032,0,0,1
KNK,2,15985,25035,0,0,1
KNK,2,15995,25045,0,0,1
KNK,2,16003,25053,0,0,1
KNK,2,16008,25058,0,0,1
KNK,2,16048,25098,0,0,1
KNK,2,16049,25099,0,0,1
KNK,2,16054,25104,0,0,1
KNK,2,16059,25109,0,0,1
KNK,2,16069,25119,0,0,1
KNK,2,16073,25123,0,0,1
KNK,2,16075,25125,0,0,1
KNK,2,16080,25130,0,0,1
KNK,2,16084,25134,0,0,1
KNK,2,16086,25136,0,0,1
KNK,2,16116,25166,0,0,1
KNK,2,16121,25171,0,0,1
KNK,2,16136,25186,0,0,1
KNK,2,16154,25204,0,0,1
KNK,2,16160,25210,0,0,1
KNK,2,16168,25218,0,0,1
KNK,2,16173,25223,0,0,1
KNK,2,16180,25230,0,0,1
KNK,2,16189,25239,0,0,1
KNK,2,16200,25250,0,0,1
KNK,2,16228,25278,0,0,1
KNK,2,16246,25296,0,0,1
KNK,2,16247,25297,0,0,1
KNK,2,16260,25310,0,0,1
KNK,2,16264,25314,0,0,1
KNK,2,16302,25352,0,0,1
KNK,2,16343,25393,0,0,1
KNK,2,16346,25396,0,0,1
KNK,2,16361,25411,0,0,1
KNK,2,16365,25415,0,0,1
KNK,2,16368,25418,0,0,1
KNK,2,16371,25421,0,0,1
KNK,2,16390,25440,0,0,1
KNK,2,16400,25450,0,0,1
KNK,2,16401,25451,0,0,1
KNK,2,16421,25471,0,0,1
KNK,2,16422,25472,0,0,1
KNK,2,16431,25481,0,0,1
KNK,2,16432,25482,0,0,1
KNK,2,16437,25487,0,0,1
KNK,2,16438,25488,0,0,1
KNK,2,16456,25506,0,0,1
KNK,2,16459,25509,0,0,1
KNK,2,16475,25525,0,0,1
KNK,2,16479,25529,0,0,1
KNK,2,16482,25532,0,0,1
KNK,2,16506,25556,0,0,1
KNK,2,16520,25570,0,0,1
KNK,2,16540,25590,0,0,1
KNK,2,16541,25591,0,0,1
KNK,2,16556,25606,0,0,1
KNK,2,16562,25612,0,0,1
KNK,2,16575,25625,0,0,1
KNK,2,16576,25626,0,0,1
KNK,2,16579,25629,0,0,1
KNK,2,16588,25638,0,0,1
KNK,2,16592,25642,0,0,1
KNK,2,16596,25646,0,0,1
KNK,2,16599,25649,0,0,1
KNK,2,16603,25653,0,0,1
KNK,2,16617,25667,0,0,1
KNK,2,16625,25675,0,0,1
KNK,2,16636,25686,0,0,1
KNK,2,16647,25697,0,0,1
KNK,2,16677,25727,0,0,1
KNK,2,16680,25730,0,0,1
KNK,2,16685,25735,0,0,1
KNK,2,16686,25736,0,0,1
KNK,2,16690,25740,0,0,1
KNK,2,16693,25743,0,0,1
KNK,2,16715,25765,0,0,1
KNK,2,16718,25768,0,0,1
KNK,2,16719,25769,0,0,1
KNK,2,16723,25773,0,0,1
KNK,2,16730,25780,0,0,1
KNK,2,16744,25794,0,0,1
KNK,2,16748,25798,0,0,1
KNK,2,16773,25823,0,0,1
KNK,2,16783,25833,0,0,1
KNK,2,16796,25846,0,0,1
KNK,2,16813,25863,0,0,1
KNK,2,16816,25866,0,0,1
KNK,2,16820,25870,0,0,1
KNK,2,16827,25877,0,0,1
KNK,2,16831,25881,0,0,1
KNK,2,16837,25887,0,0,1
KNK,2,16847,25897,0,0,1
KNK,2,16848,25898,0,0,1
KNK,2,16855,25905,0,0,1
KNK,2,16859,25909,0,0,1
KNK,2,16888,25938,0,0,1
KNK,2,16892,25942,0,0,1
KNK,2,16900,25950,0,0,1
KNK,2,16917,25967,0,0,1
KNK,2,16926,25976,0,0,1
KNK,2,16939,25989,0,0,1
KNK,2,16942,25992,0,0,1
KNK,2,16946,25996,0,0,1
KNK,2,16947,25997,0,0,1
KNK,2,16951,26001,0,0,1
KNK,2,16955,26005,0,0,1
KNK,2,16956,26006,0,0,1
KNK,2,16958,26008,0,0,1
KNK,2,16966,26016,0,0,1
KNK,2,17006,26056,0,0,1
KNK,2,17011,26061,0,0,1
KNK,2,17018,26068,0,0,1
KNK,2,17025,26075,0,0,1
KNK,2,17027,26077,0,0,1
KNK,2,17038,26088,0,0,1
KNK,2,17044,26094,0,0,1
KNK,2,17045,26095,0,0,1
KNK,2,17057,26107,0,0,1
KNK,2,17058,26108,0,0,1
KNK,2,17064,26114,0,0,1
KNK,2,17072,26122,0,0,1
KNK,2,17073,26123,0,0,1
KNK,2,17074,26124,0,0,1
KNK,2,17078,26128,0,0,1
KNK,2,17100,26150,0,0,1
KNK,2,17113,26163,0,0,1
KNK,2,17114,26164,0,0,1
KNK,2,17115,26165,0,0,1
KNK,2,17118,26168,0,0,1
KNK,2,17157,26207,0,0,1
KNK,2,17159,26209,0,0,1
KNK,2,17171,26221,0,0,1
KNK,2,17177,26227,0,0,1
KNK,2,17178,26228,0,0,1
KNK,2,17194,26244,0,0,1
KNK,2,17196,26246,0,0,1
KNK,2,17201,26251,0,0,1
KNK,2,17210,26260,0,0,1
KNK,2,17220,26270,0,0,1
KNK,2,17231,26281,0,0,1
KNK,2,17235,26285,0,0,1
KNK,2,17240,26290,0,0,1
KNK,2,17248,26298,0,0,1
KNK,2,17259,26309,0,0,1
KNK,2,17270,26320,0,0,1
KNK,2,17275,26325,0,0,1
KNK,2,17285,26335,0,0,1
KNK,2,17287,26337,0,0,1
KNK,2,17293,26343,0,0,1
KNK,2,17295,26345,0,0,1
KNK,2,17298,26348,0,0,1
KNK,2,17307,26357,0,0,1
KNK,2,17310,26360,0,0,1
KNK,2,17323,26373,0,1,0
KNK,2,17370,26420,0,0,1
KNK,2,17372,26422,0,0,1
KNK,2,17387,26437,0,0,1
KNK,2,17406,26456,0,0,1
KNK,2,17408,26458,0,0,1
KNK,2,17412,26462,0,0,1
KNK,2,17416,26466,0,0,1
KNK,2,17440,26490,0,0,1
KNK,2,17483,26533,0,0,1
KNK,2,17485,26535,0,0,1
KNK,2,17488,26538,0,0,1
KNK,2,17516,26566,0,0,1
KNK,2,17521,26571,0,0,1
KNK,2,17523,26573,0,0,1
KNK,2,17530,26580,0,0,1
KNK,2,17539,26589,0,0,1
KNK,2,17545,26595,0,0,1
KNK,2,17548,26598,0,0,1
KNK,2,17549,26599,0,0,1
KNK,2,17551,26601,0,0,1
KNK,3,13106,22156,1,1,1
KNK,3,13128,22178,1,1,1
KNK,3,13133,22183,1,1,1
KNK,3,13136,22186,1,1,1
KNK,3,13155,22205,1,1,1
KNK,3,13158,22208,1,1,1
KNK,3,13164,22214,1,1,1
KNK,3,13168,22218,1,1,1
KNK,3,13177,22227,1,1,1
KNK,3,13190,22240,1,1,1
KNK,3,13197,22247,1,1,1
KNK,3,13203,22253,1,1,1
KNK,3,13212,22262,1,1,1
KNK,3,13217,22267,1,1,1
KNK,3,13245,22295,1,1,1
KNK,3,13253,22303,1,1,1
KNK,3,13255,22305,1,1,1
KNK,3,13257,22307,1,1,1
KNK,3,13261,22311,1,1,1
KNK,3,13264,22314,1,1,1
KNK,3,13268,22318,1,1,1
KNK,3,13293,22343,1,1,1
KNK,3,13305,22355,1,1,1
KNK,3,13307,22357,1,1,1
KNK,3,13312,22362,1,1,1
KNK,3,13339,22389,1,1,1
KNK,3,13344,22394,1,1,1
KNK,3,13346,22396,1,1,1
KNK,3,13372,22422,1,1,1
KNK,3,13378,22428,1,1,1
KNK,3,13398,22448,1,1,1
KNK,3,13405,22455,1,1,1
KNK,3,13407,22457,1,1,1
KNK,3,13416,22466,1,1,1
KNK,3,13441,22491,1,1,1
KNK,3,13448,22498,1,1,1
KNK,3,13451,22501,1,1,1
KNK,3,13455,22505,1,1,1
KNK,3,13459,22509,1,1,1
KNK,3,13471,22521,1,1,1
KNK,3,13478,22528,1,1,1
KNK,3,13484,22534,1,1,1
KNK,3,13488,22538,1,1,1
KNK,3,13498,22548,1,1,1
KNK,3,13504,22554,1,1,1
KNK,3,13517,22567,1,1,1
KNK,3,13530,22580,1,1,1
KNK,3,13541,22591,1,1,1
KNK,3,13555,22605,1,1,1
KNK,3,13559,22609,1,1,1
KNK,3,13569,22619,1,1,1
KNK,3,13571,22621,1,1,1
KNK,3,13575,22625,1,1,1
KNK,3,13601,22651,1,1,1
KNK,3,13627,22677,1,1,1
KNK,3,13637,22687,1,1,1
KNK,3,13639,22689,1,1,1
KNK,3,13674,22724,1,1,1
KNK,3,13689,22739,1,1,1
KNK,3,13692,22742,1,1,1
KNK,3,13702,22752,1,1,1
KNK,3,13714,22764,1,1,1
KNK,3,13717,22767,1,1,1
KNK,3,13720,22770,1,1,1
KNK,3,13722,22772,1,1,1
KNK,3,13755,22805,1,1,1
KNK,3,13757,22807,1,1,1
KNK,3,13759,22809,1,1,1
KNK,3,13798,22848,1,1,1
KNK,3,13804,22854,1,1,1
KNK,3,13817,22867,1,1,1
KNK,3,13853,22903,1,1,1
KNK,3,13858,22908,1,1,1
KNK,3,13859,22909,1,1,1
KNK,3,13860,22910,1,1,1
KNK,3,13864,22914,1,1,1
KNK,3,13869,22919,1,1,1
KNK,3,13887,22937,1,1,1
KNK,3,13902,22952,1,1,1
KNK,3,13922,22972,1,1,1
KNK,3,13955,23005,1,1,1
KNK,3,13961,23011,1,1,1
KNK,3,13965,23015,1,1,1
KNK,3,13977,23027,1,1,1
KNK,3,13978,23028,1,1,1
KNK,3,14022,23072,1,1,1
KNK,3,14023,23073,1,1,1
KNK,3,14032,23082,1,1,1
KNK,3,14037,23087,1,1,1
KNK,3,14049,23099,1,1,1
KNK,3,14055,23105,1,1,1
KNK,3,14068,23118,1,1,1
KNK,3,14079,23129,1,1,1
KNK,3,14096,23146,1,1,1
KNK,3,14100,23150,1,1,1
KNK,3,14102,23152,1,1,1
KNK,3,14135,23185,1,1,1
KNK,3,14136,23186,1,1,1
KNK,3,14149,23199,1,1,1
KNK,3,14152,23202,1,1,1
KNK,3,14163,23213,1,1,1
KNK,3,14168,23218,1,1,1
KNK,3,14176,23226,1,1,1
KNK,3,14188,23238,1,1,1
KNK,3,14207,23257,1,1,1
KNK,3,14211,23261,1,1,1
KNK,3,14235,23285,1,1,1
KNK,3,14239,23289,1,1,1
KNK,3,14247,23297,1,1,1
KNK,3,14269,23319,1,1,1
KNK,3,14286,23336,1,1,1
KNK,3,14295,23345,1,1,1
KNK,3,14299,23349,1,1,1
KNK,3,14314,23364,1,1,1
KNK,3,14319,23369,1,1,1
KNK,3,14351,23401,1,1,1
KNK,3,14355,23405,1,1,1
KNK,3,14362,23412,1,1,1
KNK,3,14365,23415,1,1,1
KNK,3,14390,23440,1,1,1
KNK,3,14398,23448,1,1,1
KNK,3,14403,23453,1,1,1
KNK,3,14418,23468,1,1,1
KNK,3,14421,23471,1,1,1
KNK,3,14423,23473,1,1,1
KNK,3,14429,23479,1,1,1
KNK,3,14440,23490,1,1,1
KNK,3,14455,23505,1,1,1
KNK,3,14460,23510,1,1,1
KNK,3,14464,23514,1,1,1
KNK,3,14472,23522,1,1,1
KNK,3,14488,23538,1,1,1
KNK,3,14491,23541,1,1,1
KNK,3,14499,23549,1,1,1
KNK,3,14500,23550,1,1,1
KNK,3,14519,23569,1,1,1
KNK,3,14527,23577,1,1,1
KNK,3,14553,23603,1,1,1
KNK,3,14568,23618,1,1,1
KNK,3,14579,23629,1,1,1
KNK,3,14582,23632,1,1,1
KNK,3,14589,23639,1,1,1
KNK,3,14592,23642,1,1,1
KNK,3,14637,23687,1,1,1
KNK,3,14639,23689,1,0,0
KNK,3,14651,23701,1,1,1
KNK,3,14656,23706,1,1,1
KNK,3,14659,23709,1,1,1
KNK,3,14682,23732,1,1,1
KNK,3,14683,23733,1,1,1
KNK,3,14690,23740,1,1,1
KNK,3,14698,23748,1,1,1
KNK,3,14714,23764,1,1,1
KNK,3,14718,23768,1,1,1
KNK,3,14721,23771,1,1,1
KNK,3,14735,23785,1,1,1
KNK,3,14740,23790,1,1,1
KNK,3,14745,23795,1,1,1
KNK,3,14746,23796,1,1,1
KNK,3,14764,23814,1,1,1
KNK,3,14769,23819,1,1,1
KNK,3,14777,23827,1,1,1
KNK,3,14781,23831,1,1,1
KNK,3,14782,23832,1,1,1
KNK,3,14790,23840,1,1,1
KNK,3,14810,23860,1,1,1
KNK,3,14826,23876,1,1,1
KNK,3,14834,23884,1,1,1
KNK,3,14835,23885,1,0,0
KNK,3,14856,23906,1,1,1
KNK,3,14871,23921,1,1,1
KNK,3,14877,23927,1,1,1
KNK,3,14879,23929,1,1,1
KNK,3,14880,23930,1,1,1
KNK,3,14885,23935,1,1,1
KNK,3,14899,23949,1,1,1
KNK,3,14902,23952,1,1,1
KNK,3,14928,23978,1,1,1
KNK,3,14944,23994,1,1,1
KNK,3,14949,23999,1,1,1
KNK,3,14951,24001,1,1,1
KNK,3,14972,24022,1,1,1
KNK,3,14976,24026,1,1,1
KNK,3,14986,24036,1,1,1
KNK,3,15014,24064,1,1,1
KNK,3,15015,24065,1,1,1
KNK,3,15018,24068,1,1,1
KNK,3,15022,24072,1,1,1
KNK,3,15026,24076,1,1,1
KNK,3,15049,24099,1,1,1
KNK,3,15066,24116,1,1,1
KNK,3,15073,24123,1,1,1
KNK,3,15110,24160,1,1,1
KNK,3,15120,24170,1,1,1
KNK,3,15129,24179,1,1,1
KNK,3,15131,24181,1,1,1
KNK,3,15134,24184,1,1,1
KNK,3,15137,24187,1,1,1
KNK,3,15140,24190,1,1,1
KNK,3,15153,24203,1,1,1
KNK,3,15155,24205,1,1,1
KNK,3,15159,24209,1,1,1
KNK,3,15164,24214,1,1,1
KNK,3,15167,24217,1,1,1
KNK,3,15174,24224,1,1,1
KNK,3,15177,24227,1,1,1
KNK,3,15180,24230,1,1,1
KNK,3,15181,24231,1,1,1
KNK,3,15194,24244,1,1,1
KNK,3,15202,24252,1,1,1
KNK,3,15216,24266,1,1,1
KNK,3,15218,24268,1,1,1
KNK,3,15222,24272,1,1,1
KNK,3,15237,24287,1,1,1
KNK,3,15239,24289,1,1,1
KNK,3,15255,24305,1,1,1
KNK,3,15276,24326,1,1,1
KNK,3,15277,24327,1,1,1
KNK,3,15282,24332,1,1,1
KNK,3,15283,24333,1,1,1
KNK,3,15289,24339,1,1,1
KNK,3,15312,24362,1,1,1
KNK,3,15314,24364,1,1,1
KNK,3,15318,24368,1,1,1
KNK,3,15320,24370,1,1,1
KNK,3,15322,24372,1,1,1
KNK,3,15334,24384,1,1,1
KNK,3,15346,24396,1,1,1
KNK,3,15359,24409,1,1,1
KNK,3,15360,24410,1,1,1
KNK,3,15389,24439,1,1,1
KNK,3,15395,24445,1,1,1
KNK,3,15414,24464,1,1,1
KNK,3,15424,24474,1,1,1
KNK,3,15448,24498,1,1,1
KNK,3,15452,24502,1,1,1
KNK,3,15462,24512,1,1,1
KNK,3,15471,24521,0,0,1
KNK,3,15479,24529,0,0,1
KNK,3,15493,24543,0,0,1
KNK,3,15514,24564,0,0,1
KNK,3,15515,24565,0,0,1
KNK,3,15526,24576,0,0,1
KNK,3,15541,24591,0,1,0
KNK,3,15542,24592,0,1,0
KNK,3,15572,24622,0,0,1
KNK,3,15577,24627,0,0,1
KNK,3,15594,24644,0,0,1
KNK,3,15598,24648,0,0,1
KNK,3,15614,24664,0,0,1
KNK,3,15623,24673,0,0,1
KNK,3,15633,24683,0,0,1
KNK,3,15642,24692,0,0,1
KNK,3,15644,24694,0,0,1
KNK,3,15650,24700,0,1,0
KNK,3,15652,24702,0,1,0
KNK,3,15654,24704,0,0,1
KNK,3,15665,24715,0,0,1
KNK,3,15677,24727,0,0,1
KNK,3,15679,24729,0,0,1
KNK,3,15688,24738,0,0,1
KNK,3,15694,24744,0,0,1
KNK,3,15698,24748,0,0,1
KNK,3,15699,24749,0,0,1
KNK,3,15701,24751,0,0,1
KNK,3,15719,24769,0,0,1
KNK,3,15720,24770,0,0,1
KNK,3,15732,24782,0,0,1
KNK,3,15734,24784,0,0,1
KNK,3,15749,24799,0,0,1
KNK,3,15755,24805,0,0,1
KNK,3,15762,24812,0,0,1
KNK,3,15764,24814,0,0,1
KNK,3,15772,24822,0,0,1
KNK,3,15793,24843,0,0,1
KNK,3,15801,24851,0,0,1
KNK,3,15805,24855,0,0,1
KNK,3,15810,24860,0,0,1
KNK,3,15820,24870,0,0,1
KNK,3,15832,24882,0,0,1
KNK,3,15833,24883,0,0,1
KNK,3,15844,24894,0,0,1
KNK,3,15858,24908,0,0,1
KNK,3,15860,24910,0,0,1
KNK,3,15861,24911,0,0,1
KNK,3,15868,24918,0,0,1
KNK,3,15881,24931,0,0,1
KNK,3,15897,24947,0,0,1
KNK,3,15911,24961,0,1,0
KNK,3,15927,24977,0,0,1
KNK,3,15928,24978,0,0,1
KNK,3,15945,24995,0,0,1
KNK,3,15955,25005,0,0,1
KNK,3,15961,25011,0,0,1
KNK,3,15964,25014,0,0,1
KNK,3,15969,25019,0,0,1
KNK,3,15978,25028,0,0,1
KNK,3,15988,25038,0,0,1
KNK,3,16023,25073,0,0,1
KNK,3,16024,25074,0,0,1
KNK,3,16044,25094,0,0,1
KNK,3,16046,25096,0,0,1
KNK,3,16053,25103,0,0,1
KNK,3,16055,25105,0,0,1
KNK,3,16056,25106,0,0,1
KNK,3,16067,25117,0,0,1
KNK,3,16082,25132,0,0,1
KNK,3,16117,25167,0,0,1
KNK,3,16143,25193,0,0,1
KNK,3,16152,25202,0,0,1
KNK,3,16171,25221,0,0,1
KNK,3,16172,25222,0,0,1
KNK,3,16176,25226,0,0,1
KNK,3,16194,25244,0,0,1
KNK,3,16196,25246,0,0,1
KNK,3,16205,25255,0,0,1
KNK,3,16212,25262,0,0,1
KNK,3,16218,25268,0,0,1
KNK,3,16224,25274,0,0,1
KNK,3,16244,25294,0,0,1
KNK,3,16245,25295,0,0,1
KNK,3,16258,25308,0,0,1
KNK,3,16279,25329,0,0,1
KNK,3,16282,25332,0,0,1
KNK,3,16292,25342,0,0,1
KNK,3,16303,25353,0,0,1
KNK,3,16305,25355,0,0,1
KNK,3,16321,25371,0,0,1
KNK,3,16326,25376,0,0,1
KNK,3,16328,25378,0,0,1
KNK,3,16329,25379,0,0,1
KNK,3,16340,25390,0,0,1
KNK,3,16360,25410,0,0,1
KNK,3,16362,25412,0,0,1
KNK,3,16366,25416,0,0,1
KNK,3,16369,25419,0,0,1
KNK,3,16380,25430,0,0,1
KNK,3,16383,25433,0,0,1
KNK,3,16395,25445,0,0,1
KNK,3,16404,25454,0,0,1
KNK,3,16407,25457,0,0,1
KNK,3,16413,25463,0,0,1
KNK,3,16415,25465,0,0,1
KNK,3,16447,25497,0,0,1
KNK,3,16454,25504,0,0,1
KNK,3,16460,25510,0,0,1
KNK,3,16463,25513,0,0,1
KNK,3,16476,25526,0,0,1
KNK,3,16477,25527,0,0,1
KNK,3,16484,25534,0,0,1
KNK,3,16487,25537,0,0,1
KNK,3,16495,25545,0,0,1
KNK,3,16499,25549,0,0,1
KNK,3,16500,25550,0,0,1
KNK,3,16503,25553,0,0,1
KNK,3,16514,25564,0,0,1
KNK,3,16530,25580,0,0,1
KNK,3,16536,25586,0,0,1
KNK,3,16537,25587,0,0,1
KNK,3,16542,25592,0,0,1
KNK,3,16548,25598,0,0,1
KNK,3,16549,25599,0,0,1
KNK,3,16554,25604,0,0,1
KNK,3,16586,25636,0,0,1
KNK,3,16621,25671,0,0,1
KNK,3,16628,25678,0,0,1
KNK,3,16630,25680,0,0,1
KNK,3,16632,25682,0,0,1
KNK,3,16645,25695,0,0,1
KNK,3,16657,25707,0,0,1
KNK,3,16664,25714,0,0,1
KNK,3,16684,25734,0,0,1
KNK,3,16712,25762,0,0,1
KNK,3,16722,25772,0,0,1
KNK,3,16737,25787,0,0,1
KNK,3,16743,25793,0,0,1
KNK,3,16761,25811,0,0,1
KNK,3,16764,25814,0,0,1
KNK,3,16775,25825,0,0,1
KNK,3,16776,25826,0,0,1
KNK,3,16784,25834,0,0,1
KNK,3,16785,25835,0,1,0
KNK,3,16799,25849,0,0,1
KNK,3,16818,25868,0,0,1
KNK,3,16838,25888,0,0,1
KNK,3,16840,25890,0,0,1
KNK,3,16843,25893,0,0,1
KNK,3,16846,25896,0,0,1
KNK,3,16858,25908,0,0,1
KNK,3,16870,25920,0,0,1
KNK,3,16874,25924,0,0,1
KNK,3,16875,25925,0,0,1
KNK,3,16882,25932,0,0,1
KNK,3,16883,25933,0,0,1
KNK,3,16886,25936,0,0,1
KNK,3,16887,25937,0,0,1
KNK,3,16899,25949,0,0,1
KNK,3,16902,25952,0,0,1
KNK,3,16906,25956,0,0,1
KNK,3,16913,25963,0,0,1
KNK,3,16934,25984,0,0,1
KNK,3,16945,25995,0,0,1
KNK,3,16984,26034,0,0,1
KNK,3,17000,26050,0,0,1
KNK,3,17005,26055,0,0,1
KNK,3,17017,26067,0,0,1
KNK,3,17034,26084,0,0,1
KNK,3,17036,26086,0,0,1
KNK,3,17037,26087,0,0,1
KNK,3,17043,26093,0,0,1
KNK,3,17059,26109,0,0,1
KNK,3,17060,26110,0,0,1
KNK,3,17069,26119,0,0,1
KNK,3,17097,26147,0,0,1
KNK,3,17112,26162,0,0,1
KNK,3,17140,26190,0,0,1
KNK,3,17181,26231,0,0,1
KNK,3,17191,26241,0,0,1
KNK,3,17204,26254,0,0,1
KNK,3,17207,26257,0,0,1
KNK,3,17212,26262,0,0,1
KNK,3,17245,26295,0,0,1
KNK,3,17256,26306,0,0,1
KNK,3,17258,26308,0,0,1
KNK,3,17260,26310,0,0,1
KNK,3,17280,26330,0,0,1
KNK,3,17284,26334,0,0,1
KNK,3,17290,26340,0,0,1
KNK,3,17303,26353,0,0,1
KNK,3,17309,26359,0,0,1
KNK,3,17317,26367,0,1,0
KNK,3,17361,26411,0,1,0
KNK,3,17375,26425,0,0,1
KNK,3,17388,26438,0,0,1
KNK,3,17432,26482,0,0,1
KNK,3,17434,26484,0,0,1
KNK,3,17453,26503,0,0,1
KNK,3,17454,26504,0,0,1
KNK,3,17467,26517,0,0,1
KNK,3,17473,26523,0,0,1
KNK,3,17482,26532,0,0,1
KNK,3,17494,26544,0,0,1
KNK,3,17515,26565,0,0,1
KNK,3,17536,26586,0,0,1
KNK,3,17537,26587,0,0,1
KNK,3,17544,26594,0,0,1
KNK,3,17561,26611,0,0,1
KNK,4,13111,22161,1,1,1
KNK,4,13135,22185,1,1,1
KNK,4,13145,22195,1,1,1
KNK,4,13173,22223,1,1,1
KNK,4,13179,22229,1,1,1
KNK,4,13183,22233,1,1,1
KNK,4,13196,22246,1,1,1
KNK,4,13199,22249,1,1,1
KNK,4,13200,22250,1,1,1
KNK,4,13211,22261,1,1,1
KNK,4,13225,22275,1,1,1
KNK,4,13230,22280,1,1,1
KNK,4,13233,22283,1,1,1
KNK,4,13242,22292,1,1,1
KNK,4,13248,22298,1,1,1
KNK,4,13252,22302,1,1,1
KNK,4,13260,22310,1,1,1
KNK,4,13265,22315,1,1,1
KNK,4,13274,22324,1,1,1
KNK,4,13279,22329,1,1,1
KNK,4,13298,22348,1,1,1
KNK,4,13313,22363,1,1,1
KNK,4,13314,22364,1,1,1
KNK,4,13328,22378,1,1,1
KNK,4,13336,22386,1,1,1
KNK,4,13349,22399,1,1,1
KNK,4,13350,22400,1,1,1
KNK,4,13355,22405,1,1,1
KNK,4,13371,22421,1,1,1
KNK,4,13383,22433,1,1,1
KNK,4,13384,22434,1,1,1
KNK,4,13412,22462,1,1,1
KNK,4,13423,22473,1,1,1
KNK,4,13443,22493,1,1,1
KNK,4,13446,22496,1,1,1
KNK,4,13458,22508,1,1,1
KNK,4,13467,22517,1,1,1
KNK,4,13473,22523,1,1,1
KNK,4,13482,22532,1,1,1
KNK,4,13489,22539,1,1,1
KNK,4,13507,22557,1,1,1
KNK,4,13512,22562,1,1,1
KNK,4,13516,22566,1,1,1
KNK,4,13527,22577,1,1,1
KNK,4,13538,22588,1,1,1
KNK,4,13564,22614,1,1,1
KNK,4,13573,22623,1,1,1
KNK,4,13577,22627,1,1,1
KNK,4,13588,22638,1,1,1
KNK,4,13591,22641,1,1,1
KNK,4,13600,22650,1,1,1
KNK,4,13604,22654,1,1,1
KNK,4,13607,22657,1,1,1
KNK,4,13609,22659,1,1,1
KNK,4,13616,22666,1,1,1
KNK,4,13617,22667,1,1,1
KNK,4,13642,22692,1,1,1
KNK,4,13647,22697,1,1,1
KNK,4,13655,22705,1,1,1
KNK,4,13657,22707,1,1,1
KNK,4,13660,22710,1,1,1
KNK,4,13672,22722,1,1,1
KNK,4,13705,22755,1,1,1
KNK,4,13707,22757,1,0,0
KNK,4,13741,22791,1,1,1
KNK,4,13762,22812,1,1,1
KNK,4,13783,22833,1,1,1
KNK,4,13786,22836,1,1,1
KNK,4,13792,22842,1,1,1
KNK,4,13828,22878,1,1,1
KNK,4,13836,22886,1,1,1
KNK,4,13837,22887,1,1,1
KNK,4,13840,22890,1,1,1
KNK,4,13841,22891,1,1,1
KNK,4,13842,22892,1,1,1
KNK,4,13852,22902,1,1,1
KNK,4,13865,22915,1,1,1
KNK,4,13870,22920,1,1,1
KNK,4,13875,22925,1,1,1
KNK,4,13885,22935,1,1,1
KNK,4,13903,22953,1,1,1
KNK,4,13904,22954,1,1,1
KNK,4,13908,22958,1,1,1
KNK,4,13910,22960,1,1,1
KNK,4,13913,22963,1,1,1
KNK,4,13915,22965,1,1,1
KNK,4,13918,22968,1,1,1
KNK,4,13919,22969,1,1,1
KNK,4,13921,22971,1,1,1
KNK,4,13927,22977,1,1,1
KNK,4,13937,22987,1,1,1
KNK,4,13941,22991,1,1,1
KNK,4,13945,22995,1,1,1
KNK,4,13948,22998,1,1,1
KNK,4,13963,23013,1,1,1
KNK,4,13970,23020,1,1,1
KNK,4,13984,23034,1,1,1
KNK,4,13992,23042,1,1,1
KNK,4,14000,23050,1,1,1
KNK,4,14004,23054,1,1,1
KNK,4,14010,23060,1,1,1
KNK,4,14031,23081,1,1,1
KNK,4,14075,23125,1,1,1
KNK,4,14078,23128,1,1,1
KNK,4,14106,23156,1,1,1
KNK,4,14107,23157,1,1,1
KNK,4,14118,23168,1,1,1
KNK,4,14162,23212,1,1,1
KNK,4,14172,23222,1,1,1
KNK,4,14174,23224,1,1,1
KNK,4,14199,23249,1,1,1
KNK,4,14206,23256,1,1,1
KNK,4,14213,23263,1,1,1
KNK,4,14214,23264,1,1,1
KNK,4,14216,23266,1,1,1
KNK,4,14229,23279,1,1,1
KNK,4,14250,23300,1,1,1
KNK,4,14254,23304,1,1,1
KNK,4,14270,23320,1,1,1
KNK,4,14275,23325,1,1,1
KNK,4,14283,23333,1,1,1
KNK,4,14291,23341,1,1,1
KNK,4,14297,23347,1,1,1
KNK,4,14326,23376,1,1,1
KNK,4,14334,23384,1,1,1
KNK,4,14341,23391,1,1,1
KNK,4,14343,23393,1,1,1
KNK,4,14346,23396,1,1,1
KNK,4,14350,23400,1,1,1
KNK,4,14352,23402,1,1,1
KNK,4,14368,23418,1,1,1
KNK,4,14372,23422,1,1,1
KNK,4,14383,23433,1,1,1
KNK,4,14395,23445,1,1,1
KNK,4,14396,23446,1,1,1
KNK,4,14399,23449,1,1,1
KNK,4,14405,23455,1,1,1
KNK,4,14438,23488,1,1,1
KNK,4,14439,23489,1,1,1
KNK,4,14452,23502,1,1,1
KNK,4,14484,23534,1,1,1
KNK,4,14490,23540,1,1,1
KNK,4,14494,23544,1,1,1
KNK,4,14517,23567,1,1,1
KNK,4,14525,23575,1,1,1
KNK,4,14529,23579,1,1,1
KNK,4,14549,23599,1,1,1
KNK,4,14584,23634,1,1,1
KNK,4,14588,23638,1,1,1
KNK,4,14595,23645,1,1,1
KNK,4,14601,23651,1,1,1
KNK,4,14609,23659,1,1,1
KNK,4,14616,23666,1,1,1
KNK,4,14629,23679,1,1,1
KNK,4,14631,23681,1,1,1
KNK,4,14652,23702,1,1,1
KNK,4,14671,23721,1,0,0
KNK,4,14681,23731,1,1,1
KNK,4,14687,23737,1,1,1
KNK,4,14688,23738,1,1,1
KNK,4,14689,23739,1,1,1
KNK,4,14705,23755,1,1,1
KNK,4,14710,23760,1,1,1
KNK,4,14712,23762,1,1,1
KNK,4,14724,23774,1,1,1
KNK,4,14748,23798,1,1,1
KNK,4,14757,23807,1,1,1
KNK,4,14772,23822,1,1,1
KNK,4,14779,23829,1,1,1
KNK,4,14780,23830,1,1,1
KNK,4,14803,23853,1,1,1
KNK,4,14811,23861,1,1,1
KNK,4,14815,23865,1,1,1
KNK,4,14839,23889,1,1,1
KNK,4,14858,23908,1,1,1
KNK,4,14872,23922,1,1,1
KNK,4,14883,23933,1,1,1
KNK,4,14896,23946,1,1,1
KNK,4,14913,23963,1,1,1
KNK,4,14914,23964,1,1,1
KNK,4,14918,23968,1,1,1
KNK,4,14930,23980,1,1,1
KNK,4,14931,23981,1,1,1
KNK,4,14935,23985,1,1,1
KNK,4,14947,23997,1,1,1
KNK,4,14948,23998,1,1,1
KNK,4,14953,24003,1,1,1
KNK,4,14964,24014,1,1,1
KNK,4,14965,24015,1,1,1
KNK,4,14983,24033,1,1,1
KNK,4,14996,24046,1,1,1
KNK,4,14999,24049,1,1,1
KNK,4,15001,24051,1,1,1
KNK,4,15008,24058,1,1,1
KNK,4,15023,24073,1,1,1
KNK,4,15029,24079,1,1,1
KNK,4,15036,24086,1,1,1
KNK,4,15044,24094,1,1,1
KNK,4,15048,24098,1,1,1
KNK,4,15053,24103,1,1,1
KNK,4,15056,24106,1,0,0
KNK,4,15060,24110,1,1,1
KNK,4,15069,24119,1,1,1
KNK,4,15075,24125,1,1,1
KNK,4,15078,24128,1,1,1
KNK,4,15085,24135,1,1,1
KNK,4,15093,24143,1,1,1
KNK,4,15099,24149,1,1,1
KNK,4,15122,24172,1,1,1
KNK,4,15132,24182,1,1,1
KNK,4,15150,24200,1,1,1
KNK,4,15151,24201,1,1,1
KNK,4,15172,24222,1,1,1
KNK,4,15176,24226,1,1,1
KNK,4,15185,24235,1,1,1
KNK,4,15192,24242,1,1,1
KNK,4,15200,24250,1,1,1
KNK,4,15285,24335,1,1,1
KNK,4,15303,24353,1,1,1
KNK,4,15309,24359,1,1,1
KNK,4,15341,24391,1,1,1
KNK,4,15347,24397,1,1,1
KNK,4,15351,24401,1,1,1
KNK,4,15358,24408,1,1,1
KNK,4,15365,24415,1,1,1
KNK,4,15366,24416,1,0,0
KNK,4,15372,24422,1,1,1
KNK,4,15388,24438,1,1,1
KNK,4,15393,24443,1,1,1
KNK,4,15398,24448,1,1,1
KNK,4,15421,24471,1,1,1
KNK,4,15429,24479,1,1,1
KNK,4,15430,24480,1,1,1
KNK,4,15453,24503,1,1,1
KNK,4,15455,24505,1,1,1
KNK,4,15456,24506,1,1,1
KNK,4,15466,24516,1,1,1
KNK,4,15472,24522,0,0,1
KNK,4,15485,24535,0,0,1
KNK,4,15489,24539,0,0,1
KNK,4,15496,24546,0,0,1
KNK,4,15503,24553,0,0,1
KNK,4,15506,24556,0,0,1
KNK,4,15508,24558,0,0,1
KNK,4,15530,24580,0,0,1
KNK,4,15534,24584,0,0,1
KNK,4,15568,24618,0,0,1
KNK,4,15589,24639,0,0,1
KNK,4,15593,24643,0,0,1
KNK,4,15599,24649,0,0,1
KNK,4,15601,24651,0,0,1
KNK,4,15608,24658,0,0,1
KNK,4,15668,24718,0,0,1
KNK,4,15671,24721,0,0,1
KNK,4,15673,24723,0,0,1
KNK,4,15709,24759,0,0,1
KNK,4,15716,24766,0,0,1
KNK,4,15717,24767,0,0,1
KNK,4,15721,24771,0,0,1
KNK,4,15722,24772,0,0,1
KNK,4,15724,24774,0,0,1
KNK,4,15736,24786,0,0,1
KNK,4,15739,24789,0,0,1
KNK,4,15740,24790,0,0,1
KNK,4,15753,24803,0,0,1
KNK,4,15813,24863,0,0,1
KNK,4,15814,24864,0,0,1
KNK,4,15828,24878,0,1,0
KNK,4,15829,24879,0,0,1
KNK,4,15845,24895,0,0,1
KNK,4,15864,24914,0,0,1
KNK,4,15876,24926,0,0,1
KNK,4,15886,24936,0,0,1
KNK,4,15901,24951,0,0,1
KNK,4,15906,24956,0,0,1
KNK,4,15907,24957,0,0,1
KNK,4,15912,24962,0,0,1
KNK,4,15946,24996,0,0,1
KNK,4,15947,24997,0,0,1
KNK,4,15968,25018,0,0,1
KNK,4,16013,25063,0,0,1
KNK,4,16026,25076,0,0,1
KNK,4,16040,25090,0,0,1
KNK,4,16058,25108,0,0,1
KNK,4,16064,25114,0,0,1
KNK,4,16071,25121,0,0,1
KNK,4,16100,25150,0,0,1
KNK,4,16105,25155,0,0,1
KNK,4,16119,25169,0,0,1
KNK,4,16137,25187,0,0,1
KNK,4,16192,25242,0,0,1
KNK,4,16197,25247,0,0,1
KNK,4,16217,25267,0,0,1
KNK,4,16220,25270,0,0,1
KNK,4,16225,25275,0,0,1
KNK,4,16231,25281,0,0,1
KNK,4,16242,25292,0,0,1
KNK,4,16253,25303,0,0,1
KNK,4,16262,25312,0,0,1
KNK,4,16265,25315,0,0,1
KNK,4,16268,25318,0,0,1
KNK,4,16269,25319,0,0,1
KNK,4,16270,25320,0,0,1
KNK,4,16276,25326,0,0,1
KNK,4,16283,25333,0,0,1
KNK,4,16285,25335,0,0,1
KNK,4,16288,25338,0,0,1
KNK,4,16294,25344,0,0,1
KNK,4,16297,25347,0,0,1
KNK,4,16298,25348,0,0,1
KNK,4,16306,25356,0,0,1
KNK,4,16319,25369,0,0,1
KNK,4,16320,25370,0,0,1
KNK,4,16322,25372,0,0,1
KNK,4,16323,25373,0,0,1
KNK,4,16341,25391,0,0,1
KNK,4,16367,25417,0,1,0
KNK,4,16381,25431,0,0,1
KNK,4,16386,25436,0,0,1
KNK,4,16396,25446,0,0,1
KNK,4,16398,25448,0,0,1
KNK,4,16406,25456,0,0,1
KNK,4,16429,25479,0,0,1
KNK,4,16435,25485,0,0,1
KNK,4,16439,25489,0,0,1
KNK,4,16462,25512,0,0,1
KNK,4,16464,25514,0,0,1
KNK,4,16488,25538,0,0,1
KNK,4,16491,25541,0,0,1
KNK,4,16494,25544,0,0,1
KNK,4,16502,25552,0,0,1
KNK,4,16509,25559,0,0,1
KNK,4,16513,25563,0,0,1
KNK,4,16535,25585,0,0,1
KNK,4,16560,25610,0,0,1
KNK,4,16564,25614,0,0,1
KNK,4,16565,25615,0,0,1
KNK,4,16571,25621,0,0,1
KNK,4,16594,25644,0,0,1
KNK,4,16602,25652,0,0,1
KNK,4,16608,25658,0,0,1
KNK,4,16611,25661,0,0,1
KNK,4,16614,25664,0,0,1
KNK,4,16655,25705,0,0,1
KNK,4,16668,25718,0,0,1
KNK,4,16670,25720,0,0,1
KNK,4,16701,25751,0,0,1
KNK,4,16704,25754,0,0,1
KNK,4,16708,25758,0,0,1
KNK,4,16711,25761,0,0,1
KNK,4,16713,25763,0,0,1
KNK,4,16725,25775,0,0,1
KNK,4,16728,25778,0,0,1
KNK,4,16731,25781,0,0,1
KNK,4,16741,25791,0,0,1
KNK,4,16780,25830,0,0,1
KNK,4,16794,25844,0,0,1
KNK,4,16797,25847,0,0,1
KNK,4,16808,25858,0,0,1
KNK,4,16817,25867,0,0,1
KNK,4,16822,25872,0,0,1
KNK,4,16829,25879,0,1,0
KNK,4,16832,25882,0,0,1
KNK,4,16833,25883,0,0,1
KNK,4,16834,25884,0,0,1
KNK,4,16835,25885,0,0,1
KNK,4,16844,25894,0,0,1
KNK,4,16853,25903,0,0,1
KNK,4,16864,25914,0,0,1
KNK,4,16871,25921,0,0,1
KNK,4,16884,25934,0,0,1
KNK,4,16885,25935,0,0,1
KNK,4,16894,25944,0,0,1
KNK,4,16911,25961,0,0,1
KNK,4,16918,25968,0,0,1
KNK,4,16919,25969,0,0,1
KNK,4,16938,25988,0,0,1
KNK,4,16948,25998,0,0,1
KNK,4,16954,26004,0,0,1
KNK,4,16962,26012,0,0,1
KNK,4,16963,26013,0,0,1
KNK,4,16976,26026,0,0,1
KNK,4,16991,26041,0,0,1
KNK,4,16996,26046,0,0,1
KNK,4,17013,26063,0,0,1
KNK,4,17023,26073,0,0,1
KNK,4,17035,26085,0,0,1
KNK,4,17056,26106,0,0,1
KNK,4,17090,26140,0,0,1
KNK,4,17095,26145,0,0,1
KNK,4,17099,26149,0,0,1
KNK,4,17102,26152,0,0,1
KNK,4,17107,26157,0,0,1
KNK,4,17116,26166,0,0,1
KNK,4,17119,26169,0,0,1
KNK,4,17129,26179,0,0,1
KNK,4,17131,26181,0,0,1
KNK,4,17149,26199,0,0,1
KNK,4,17174,26224,0,0,1
KNK,4,17179,26229,0,0,1
KNK,4,17203,26253,0,0,1
KNK,4,17208,26258,0,0,1
KNK,4,17218,26268,0,0,1
KNK,4,17229,26279,0,0,1
KNK,4,17255,26305,0,0,1
KNK,4,17257,26307,0,1,0
KNK,4,17271,26321,0,0,1
KNK,4,17273,26323,0,0,1
KNK,4,17292,26342,0,0,1
KNK,4,17294,26344,0,0,1
KNK,4,17296,26346,0,0,1
KNK,4,17301,26351,0,1,0
KNK,4,17306,26356,0,0,1
KNK,4,17324,26374,0,0,1
KNK,4,17326,26376,0,1,0
KNK,4,17330,26380,0,0,1
KNK,4,17338,26388,0,0,1
KNK,4,17340,26390,0,0,1
KNK,4,17348,26398,0,0,1
KNK,4,17354,26404,0,0,1
KNK,4,17359,26409,0,0,1
KNK,4,17367,26417,0,0,1
KNK,4,17378,26428,0,0,1
KNK,4,17380,26430,0,0,1
KNK,4,17383,26433,0,0,1
KNK,4,17398,26448,0,0,1
KNK,4,17407,26457,0,0,1
KNK,4,17420,26470,0,0,1
KNK,4,17421,26471,0,0,1
KNK,4,17422,26472,0,0,1
KNK,4,17425,26475,0,0,1
KNK,4,17436,26486,0,0,1
KNK,4,17437,26487,0,0,1
KNK,4,17447,26497,0,0,1
KNK,4,17450,26500,0,0,1
KNK,4,17457,26507,0,0,1
KNK,4,17478,26528,0,0,1
KNK,4,17480,26530,0,0,1
KNK,4,17490,26540,0,0,1
KNK,4,17496,26546,0,0,1
KNK,4,17498,26548,0,0,1
KNK,4,17508,26558,0,0,1
KNK,4,17510,26560,0,0,1
KNK,4,17533,26583,0,0,1
KNK,4,17541,26591,0,0,1
KNK,4,17555,26605,0,0,1
KNK,4,17566,26616,0,0,1
KNK,5,13115,22165,1,1,1
KNK,5,13117,22167,1,1,1
KNK,5,13132,22182,1,1,1
KNK,5,13141,22191,1,1,1
KNK,5,13146,22196,1,1,1
KNK,5,13153,22203,1,1,1
KNK,5,13156,22206,1,1,1
KNK,5,13163,22213,1,1,1
KNK,5,13171,22221,1,1,1
KNK,5,13175,22225,1,1,1
KNK,5,13176,22226,1,1,1
KNK,5,13189,22239,1,1,1
KNK,5,13210,22260,1,1,1
KNK,5,13215,22265,1,1,1
KNK,5,13247,22297,1,1,1
KNK,5,13263,22313,1,1,1
KNK,5,13269,22319,1,1,1
KNK,5,13285,22335,1,1,1
KNK,5,13286,22336,1,1,1
KNK,5,13288,22338,1,1,1
KNK,5,13291,22341,1,1,1
KNK,5,13297,22347,1,1,1
KNK,5,13301,22351,1,1,1
KNK,5,13306,22356,1,1,1
KNK,5,13310,22360,1,1,1
KNK,5,13329,22379,1,1,1
KNK,5,13345,22395,1,1,1
KNK,5,13360,22410,1,1,1
KNK,5,13366,22416,1,1,1
KNK,5,13387,22437,1,1,1
KNK,5,13399,22449,1,1,1
KNK,5,13400,22450,1,1,1
KNK,5,13406,22456,1,1,1
KNK,5,13419,22469,1,1,1
KNK,5,13425,22475,1,1,1
KNK,5,13428,22478,1,1,1
KNK,5,13440,22490,1,1,1
KNK,5,13447,22497,1,1,1
KNK,5,13456,22506,1,1,1
KNK,5,13464,22514,1,1,1
KNK,5,13465,22515,1,1,1
KNK,5,13469,22519,1,1,1
KNK,5,13492,22542,1,1,1
KNK,5,13497,22547,1,1,1
KNK,5,13510,22560,1,1,1
KNK,5,13511,22561,1,1,1
KNK,5,13518,22568,1,1,1
KNK,5,13563,22613,1,1,1
KNK,5,13567,22617,1,1,1
KNK,5,13578,22628,1,1,1
KNK,5,13590,22640,1,1,1
KNK,5,13594,22644,1,1,1
KNK,5,13599,22649,1,1,1
KNK,5,13624,22674,1,1,1
KNK,5,13626,22676,1,1,1
KNK,5,13640,22690,1,1,1
KNK,5,13641,22691,1,1,1
KNK,5,13643,22693,1,1,1
KNK,5,13644,22694,1,1,1
KNK,5,13663,22713,1,1,1
KNK,5,13690,22740,1,1,1
KNK,5,13743,22793,1,1,1
KNK,5,13753,22803,1,1,1
KNK,5,13769,22819,1,1,1
KNK,5,13771,22821,1,1,1
KNK,5,13776,22826,1,1,1
KNK,5,13778,22828,1,1,1
KNK,5,13803,22853,1,1,1
KNK,5,13806,22856,1,1,1
KNK,5,13816,22866,1,1,1
KNK,5,13822,22872,1,1,1
KNK,5,13824,22874,1,1,1
KNK,5,13833,22883,1,1,1
KNK,5,13844,22894,1,1,1
KNK,5,13877,22927,1,1,1
KNK,5,13881,22931,1,1,1
KNK,5,13890,22940,1,1,1
KNK,5,13909,22959,1,1,1
KNK,5,13914,22964,1,1,1
KNK,5,13924,22974,1,1,1
KNK,5,13928,22978,1,1,1
KNK,5,13929,22979,1,1,1
KNK,5,13933,22983,1,1,1
KNK,5,13939,22989,1,1,1
KNK,5,13954,23004,1,1,1
KNK,5,13966,23016,1,1,1
KNK,5,13975,23025,1,1,1
KNK,5,13998,23048,1,1,1
KNK,5,14018,23068,1,1,1
KNK,5,14020,23070,1,1,1
KNK,5,14048,23098,1,0,0
KNK,5,14056,23106,1,1,1
KNK,5,14073,23123,1,1,1
KNK,5,14092,23142,1,1,1
KNK,5,14094,23144,1,1,1
KNK,5,14098,23148,1,1,1
KNK,5,14111,23161,1,1,1
KNK,5,14113,23163,1,1,1
KNK,5,14133,23183,1,1,1
KNK,5,14137,23187,1,1,1
KNK,5,14138,23188,1,1,1
KNK,5,14148,23198,1,1,1
KNK,5,14151,23201,1,1,1
KNK,5,14164,23214,1,1,1
KNK,5,14179,23229,1,1,1
KNK,5,14184,23234,1,1,1
KNK,5,14190,23240,1,1,1
KNK,5,14202,23252,1,1,1
KNK,5,14205,23255,1,1,1
KNK,5,14231,23281,1,1,1
KNK,5,14232,23282,1,1,1
KNK,5,14238,23288,1,1,1
KNK,5,14243,23293,1,1,1
KNK,5,14259,23309,1,1,1
KNK,5,14260,23310,1,1,1
KNK,5,14266,23316,1,1,1
KNK,5,14268,23318,1,1,1
KNK,5,14293,23343,1,1,1
KNK,5,14305,23355,1,1,1
KNK,5,14306,23356,1,1,1
KNK,5,14310,23360,1,1,1
KNK,5,14313,23363,1,1,1
KNK,5,14315,23365,1,1,1
KNK,5,14322,23372,1,1,1
KNK,5,14329,23379,1,1,1
KNK,5,14335,23385,1,1,1
KNK,5,14339,23389,1,1,1
KNK,5,14345,23395,1,1,1
KNK,5,14347,23397,1,1,1
KNK,5,14356,23406,1,1,1
KNK,5,14361,23411,1,1,1
KNK,5,14377,23427,1,1,1
KNK,5,14412,23462,1,1,1
KNK,5,14436,23486,1,1,1
KNK,5,14446,23496,1,1,1
KNK,5,14447,23497,1,1,1
KNK,5,14457,23507,1,1,1
KNK,5,14458,23508,1,1,1
KNK,5,14468,23518,1,1,1
KNK,5,14481,23531,1,1,1
KNK,5,14483,23533,1,1,1
KNK,5,14512,23562,1,1,1
KNK,5,14518,23568,1,1,1
KNK,5,14523,23573,1,1,1
KNK,5,14536,23586,1,1,1
KNK,5,14537,23587,1,1,1
KNK,5,14541,23591,1,1,1
KNK,5,14542,23592,1,1,1
KNK,5,14555,23605,1,1,1
KNK,5,14570,23620,1,1,1
KNK,5,14580,23630,1,1,1
KNK,5,14596,23646,1,1,1
KNK,5,14605,23655,1,1,1
KNK,5,14624,23674,1,1,1
KNK,5,14663,23713,1,1,1
KNK,5,14667,23717,1,1,1
KNK,5,14670,23720,1,1,1
KNK,5,14699,23749,1,1,1
KNK,5,14707,23757,1,1,1
KNK,5,14708,23758,1,1,1
KNK,5,14716,23766,1,1,1
KNK,5,14732,23782,1,1,1
KNK,5,14739,23789,1,1,1
KNK,5,14751,23801,1,1,1
KNK,5,14767,23817,1,1,1
KNK,5,14783,23833,1,1,1
KNK,5,14787,23837,1,1,1
KNK,5,14791,23841,1,1,1
KNK,5,14806,23856,1,1,1
KNK,5,14812,23862,1,1,1
KNK,5,14814,23864,1,1,1
KNK,5,14825,23875,1,1,1
KNK,5,14829,23879,1,1,1
KNK,5,14841,23891,1,1,1
KNK,5,14855,23905,1,1,1
KNK,5,14870,23920,1,1,1
KNK,5,14878,23928,1,1,1
KNK,5,14888,23938,1,1,1
KNK,5,14889,23939,1,1,1
KNK,5,14906,23956,1,1,1
KNK,5,14908,23958,1,1,1
KNK,5,14940,23990,1,1,1
KNK,5,14942,23992,1,1,1
KNK,5,14952,24002,1,1,1
KNK,5,14956,24006,1,1,1
KNK,5,14958,24008,1,1,1
KNK,5,14961,24011,1,1,1
KNK,5,14975,24025,1,1,1
KNK,5,14981,24031,1,1,1
KNK,5,15043,24093,1,1,1
KNK,5,15054,24104,1,1,1
KNK,5,15062,24112,1,1,1
KNK,5,15063,24113,1,1,1
KNK,5,15090,24140,1,1,1
KNK,5,15115,24165,1,1,1
KNK,5,15125,24175,1,1,1
KNK,5,15156,24206,1,1,1
KNK,5,15160,24210,1,1,1
KNK,5,15161,24211,1,1,1
KNK,5,15162,24212,1,1,1
KNK,5,15166,24216,1,1,1
KNK,5,15175,24225,1,1,1
KNK,5,15189,24239,1,0,0
KNK,5,15207,24257,1,1,1
KNK,5,15215,24265,1,1,1
KNK,5,15227,24277,1,1,1
KNK,5,15233,24283,1,1,1
KNK,5,15238,24288,1,1,1
KNK,5,15241,24291,1,1,1
KNK,5,15243,24293,1,1,1
KNK,5,15250,24300,1,1,1
KNK,5,15258,24308,1,1,1
KNK,5,15260,24310,1,1,1
KNK,5,15261,24311,1,1,1
KNK,5,15272,24322,1,1,1
KNK,5,15273,24323,1,1,1
KNK,5,15275,24325,1,1,1
KNK,5,15280,24330,1,1,1
KNK,5,15284,24334,1,1,1
KNK,5,15288,24338,1,1,1
KNK,5,15317,24367,1,1,1
KNK,5,15321,24371,1,1,1
KNK,5,15323,24373,1,1,1
KNK,5,15324,24374,1,1,1
KNK,5,15331,24381,1,1,1
KNK,5,15333,24383,1,1,1
KNK,5,15337,24387,1,1,1
KNK,5,15343,24393,1,1,1
KNK,5,15353,24403,1,1,1
KNK,5,15367,24417,1,1,1
KNK,5,15387,24437,1,1,1
KNK,5,15404,24454,1,1,1
KNK,5,15405,24455,1,1,1
KNK,5,15419,24469,1,1,1
KNK,5,15422,24472,1,1,1
KNK,5,15431,24481,1,1,1
KNK,5,15459,24509,1,1,1
KNK,5,15468,24518,0,0,1
KNK,5,15475,24525,0,0,1
KNK,5,15484,24534,0,0,1
KNK,5,15486,24536,0,0,1
KNK,5,15490,24540,0,0,1
KNK,5,15497,24547,0,0,1
KNK,5,15501,24551,0,0,1
KNK,5,15502,24552,0,0,1
KNK,5,15507,24557,0,0,1
KNK,5,15510,24560,0,0,1
KNK,5,15517,24567,0,0,1
KNK,5,15523,24573,0,0,1
KNK,5,15544,24594,0,0,1
KNK,5,15554,24604,0,0,1
KNK,5,15563,24613,0,0,1
KNK,5,15564,24614,0,0,1
KNK,5,15570,24620,0,0,1
KNK,5,15574,24624,0,0,1
KNK,5,15605,24655,0,0,1
KNK,5,15606,24656,0,0,1
KNK,5,15611,24661,0,1,0
KNK,5,15631,24681,0,0,1
KNK,5,15632,24682,0,0,1
KNK,5,15635,24685,0,0,1
KNK,5,15646,24696,0,0,1
KNK,5,15655,24705,0,0,1
KNK,5,15660,24710,0,0,1
KNK,5,15693,24743,0,0,1
KNK,5,15703,24753,0,0,1
KNK,5,15725,24775,0,0,1
KNK,5,15726,24776,0,0,1
KNK,5,15738,24788,0,0,1
KNK,5,15745,24795,0,0,1
KNK,5,15751,24801,0,0,1
KNK,5,15767,24817,0,0,1
KNK,5,15769,24819,0,0,1
KNK,5,15819,24869,0,0,1
KNK,5,15835,24885,0,0,1
KNK,5,15838,24888,0,0,1
KNK,5,15841,24891,0,0,1
KNK,5,15851,24901,0,0,1
KNK,5,15867,24917,0,0,1
KNK,5,15890,24940,0,0,1
KNK,5,15903,24953,0,0,1
KNK,5,15908,24958,0,0,1
KNK,5,15914,24964,0,0,1
KNK,5,15920,24970,0,0,1
KNK,5,15921,24971,0,0,1
KNK,5,15940,24990,0,0,1
KNK,5,15951,25001,0,0,1
KNK,5,15952,25002,0,0,1
KNK,5,15962,25012,0,0,1
KNK,5,15979,25029,0,0,1
KNK,5,15989,25039,0,0,1
KNK,5,15991,25041,0,0,1
KNK,5,16007,25057,0,0,1
KNK,5,16029,25079,0,0,1
KNK,5,16031,25081,0,0,1
KNK,5,16041,25091,0,0,1
KNK,5,16047,25097,0,0,1
KNK,5,16057,25107,0,0,1
KNK,5,16062,25112,0,0,1
KNK,5,16079,25129,0,0,1
KNK,5,16087,25137,0,0,1
KNK,5,16092,25142,0,0,1
KNK,5,16094,25144,0,1,0
KNK,5,16095,25145,0,0,1
KNK,5,16106,25156,0,0,1
KNK,5,16110,25160,0,0,1
KNK,5,16127,25177,0,0,1
KNK,5,16132,25182,0,0,1
KNK,5,16148,25198,0,0,1
KNK,5,16155,25205,0,0,1
KNK,5,16164,25214,0,0,1
KNK,5,16185,25235,0,0,1
KNK,5,16188,25238,0,0,1
KNK,5,16190,25240,0,0,1
KNK,5,16202,25252,0,0,1
KNK,5,16211,25261,0,0,1
KNK,5,16213,25263,0,0,1
KNK,5,16215,25265,0,0,1
KNK,5,16238,25288,0,0,1
KNK,5,16239,25289,0,0,1
KNK,5,16240,25290,0,0,1
KNK,5,16272,25322,0,0,1
KNK,5,16277,25327,0,0,1
KNK,5,16281,25331,0,0,1
KNK,5,16289,25339,0,0,1
KNK,5,16290,25340,0,0,1
KNK,5,16309,25359,0,0,1
KNK,5,16311,25361,0,0,1
KNK,5,16318,25368,0,0,1
KNK,5,16325,25375,0,1,0
KNK,5,16342,25392,0,1,0
KNK,5,16357,25407,0,0,1
KNK,5,16377,25427,0,0,1
KNK,5,16384,25434,0,0,1
KNK,5,16411,25461,0,0,1
KNK,5,16423,25473,0,0,1
KNK,5,16424,25474,0,0,1
KNK,5,16458,25508,0,0,1
KNK,5,16465,25515,0,0,1
KNK,5,16466,25516,0,0,1
KNK,5,16485,25535,0,0,1
KNK,5,16486,25536,0,0,1
KNK,5,16493,25543,0,0,1
KNK,5,16501,25551,0,0,1
KNK,5,16515,25565,0,0,1
KNK,5,16518,25568,0,0,1
KNK,5,16521,25571,0,0,1
KNK,5,16539,25589,0,0,1
KNK,5,16543,25593,0,0,1
KNK,5,16550,25600,0,0,1
KNK,5,16569,25619,0,0,1
KNK,5,16580,25630,0,0,1
KNK,5,16598,25648,0,0,1
KNK,5,16604,25654,0,0,1
KNK,5,16609,25659,0,0,1
KNK,5,16616,25666,0,0,1
KNK,5,16623,25673,0,0,1
KNK,5,16627,25677,0,0,1
KNK,5,16634,25684,0,0,1
KNK,5,16648,25698,0,0,1
KNK,5,16661,25711,0,0,1
KNK,5,16672,25722,0,0,1
KNK,5,16673,25723,0,0,1
KNK,5,16689,25739,0,0,1
KNK,5,16694,25744,0,0,1
KNK,5,16698,25748,0,0,1
KNK,5,16706,25756,0,0,1
KNK,5,16724,25774,0,0,1
KNK,5,16754,25804,0,0,1
KNK,5,16756,25806,0,0,1
KNK,5,16757,25807,0,0,1
KNK,5,16758,25808,0,0,1
KNK,5,16760,25810,0,0,1
KNK,5,16763,25813,0,0,1
KNK,5,16769,25819,0,0,1
KNK,5,16795,25845,0,0,1
KNK,5,16826,25876,0,0,1
KNK,5,16849,25899,0,0,1
KNK,5,16854,25904,0,0,1
KNK,5,16863,25913,0,0,1
KNK,5,16872,25922,0,0,1
KNK,5,16893,25943,0,0,1
KNK,5,16908,25958,0,0,1
KNK,5,16923,25973,0,0,1
KNK,5,16932,25982,0,1,0
KNK,5,16935,25985,0,0,1
KNK,5,16957,26007,0,0,1
KNK,5,16959,26009,0,0,1
KNK,5,16974,26024,0,0,1
KNK,5,16983,26033,0,0,1
KNK,5,16985,26035,0,0,1
KNK,5,17007,26057,0,0,1
KNK,5,17028,26078,0,0,1
KNK,5,17031,26081,0,0,1
KNK,5,17041,26091,0,0,1
KNK,5,17047,26097,0,0,1
KNK,5,17048,26098,0,0,1
KNK,5,17049,26099,0,0,1
KNK,5,17052,26102,0,0,1
KNK,5,17054,26104,0,0,1
KNK,5,17061,26111,0,0,1
KNK,5,17063,26113,0,0,1
KNK,5,17070,26120,0,0,1
KNK,5,17077,26127,0,0,1
KNK,5,17080,26130,0,0,1
KNK,5,17085,26135,0,0,1
KNK,5,17092,26142,0,0,1
KNK,5,17103,26153,0,0,1
KNK,5,17108,26158,0,0,1
KNK,5,17111,26161,0,0,1
KNK,5,17121,26171,0,0,1
KNK,5,17134,26184,0,0,1
KNK,5,17146,26196,0,0,1
KNK,5,17154,26204,0,0,1
KNK,5,17167,26217,0,0,1
KNK,5,17168,26218,0,0,1
KNK,5,17184,26234,0,0,1
KNK,5,17209,26259,0,0,1
KNK,5,17243,26293,0,0,1
KNK,5,17253,26303,0,0,1
KNK,5,17262,26312,0,0,1
KNK,5,17276,26326,0,0,1
KNK,5,17297,26347,0,0,1
KNK,5,17302,26352,0,0,1
KNK,5,17332,26382,0,0,1
KNK,5,17347,26397,0,0,1
KNK,5,17349,26399,0,0,1
KNK,5,17386,26436,0,0,1
KNK,5,17405,26455,0,0,1
KNK,5,17409,26459,0,0,1
KNK,5,17418,26468,0,0,1
KNK,5,17433,26483,0,0,1
KNK,5,17444,26494,0,0,1
KNK,5,17455,26505,0,0,1
KNK,5,17460,26510,0,0,1
KNK,5,17462,26512,0,0,1
KNK,5,17465,26515,0,0,1
KNK,5,17479,26529,0,0,1
KNK,5,17495,26545,0,0,1
KNK,5,17499,26549,0,0,1
KNK,5,17505,26555,0,0,1
KNK,5,17512,26562,0,0,1
KNK,5,17514,26564,0,0,1
KNK,5,17520,26570,0,0,1
KNK,5,17550,26600,0,0,1
KNK,5,17554,26604,0,0,1
KNK,5,17559,26609,0,0,1
KNK,6,13108,22158,1,1,1
KNK,6,13113,22163,1,1,1
KNK,6,13119,22169,1,1,1
KNK,6,13126,22176,1,1,1
KNK,6,13130,22180,1,1,1
KNK,6,13131,22181,1,1,1
KNK,6,13154,22204,1,1,1
KNK,6,13166,22216,1,1,1
KNK,6,13167,22217,1,0,0
KNK,6,13170,22220,1,1,1
KNK,6,13172,22222,1,1,1
KNK,6,13178,22228,1,1,1
KNK,6,13187,22237,1,1,1
KNK,6,13191,22241,1,1,1
KNK,6,13218,22268,1,1,1
KNK,6,13222,22272,1,1,1
KNK,6,13223,22273,1,1,1
KNK,6,13232,22282,1,1,1
KNK,6,13241,22291,1,1,1
KNK,6,13246,22296,1,1,1
KNK,6,13249,22299,1,1,1
KNK,6,13250,22300,1,1,1
KNK,6,13251,22301,1,1,1
KNK,6,13266,22316,1,1,1
KNK,6,13294,22344,1,1,1
KNK,6,13296,22346,1,1,1
KNK,6,13299,22349,1,1,1
KNK,6,13319,22369,1,1,1
KNK,6,13324,22374,1,1,1
KNK,6,13351,22401,1,1,1
KNK,6,13359,22409,1,1,1
KNK,6,13373,22423,1,1,1
KNK,6,13380,22430,1,1,1
KNK,6,13417,22467,1,1,1
KNK,6,13426,22476,1,1,1
KNK,6,13429,22479,1,1,1
KNK,6,13433,22483,1,1,1
KNK,6,13434,22484,1,1,1
KNK,6,13437,22487,1,1,1
KNK,6,13439,22489,1,1,1
KNK,6,13444,22494,1,1,1
KNK,6,13450,22500,1,1,1
KNK,6,13454,22504,1,1,1
KNK,6,13476,22526,1,1,1
KNK,6,13483,22533,1,1,1
KNK,6,13487,22537,1,1,1
KNK,6,13500,22550,1,1,1
KNK,6,13506,22556,1,1,1
KNK,6,13529,22579,1,1,1
KNK,6,13531,22581,1,1,1
KNK,6,13540,22590,1,1,1
KNK,6,13558,22608,1,1,1
KNK,6,13562,22612,1,1,1
KNK,6,13565,22615,1,1,1
KNK,6,13583,22633,1,1,1
KNK,6,13586,22636,1,1,1
KNK,6,13592,22642,1,1,1
KNK,6,13623,22673,1,1,1
KNK,6,13653,22703,1,1,1
KNK,6,13654,22704,1,1,1
KNK,6,13662,22712,1,1,1
KNK,6,13665,22715,1,1,1
KNK,6,13670,22720,1,1,1
KNK,6,13681,22731,1,1,1
KNK,6,13684,22734,1,1,1
KNK,6,13691,22741,1,1,1
KNK,6,13713,22763,1,1,1
KNK,6,13718,22768,1,1,1
KNK,6,13735,22785,1,1,1
KNK,6,13750,22800,1,1,1
KNK,6,13754,22804,1,1,1
KNK,6,13764,22814,1,1,1
KNK,6,13767,22817,1,1,1
KNK,6,13773,22823,1,1,1
KNK,6,13777,22827,1,1,1
KNK,6,13787,22837,1,1,1
KNK,6,13788,22838,1,1,1
KNK,6,13799,22849,1,1,1
KNK,6,13800,22850,1,1,1
KNK,6,13807,22857,1,1,1
KNK,6,13809,22859,1,1,1
KNK,6,13820,22870,1,1,1
KNK,6,13821,22871,1,1,1
KNK,6,13839,22889,1,1,1
KNK,6,13848,22898,1,1,1
KNK,6,13872,22922,1,1,1
KNK,6,13895,22945,1,1,1
KNK,6,13896,22946,1,1,1
KNK,6,13920,22970,1,1,1
KNK,6,13932,22982,1,1,1
KNK,6,13953,23003,1,1,1
KNK,6,13956,23006,1,1,1
KNK,6,13960,23010,1,1,1
KNK,6,13962,23012,1,1,1
KNK,6,13983,23033,1,1,1
KNK,6,13988,23038,1,1,1
KNK,6,13994,23044,1,1,1
KNK,6,13995,23045,1,1,1
KNK,6,14012,23062,1,1,1
KNK,6,14013,23063,1,1,1
KNK,6,14019,23069,1,1,1
KNK,6,14036,23086,1,1,1
KNK,6,14042,23092,1,1,1
KNK,6,14057,23107,1,1,1
KNK,6,14066,23116,1,1,1
KNK,6,14069,23119,1,1,1
KNK,6,14071,23121,1,1,1
KNK,6,14074,23124,1,1,1
KNK,6,14090,23140,1,1,1
KNK,6,14103,23153,1,1,1
KNK,6,14105,23155,1,1,1
KNK,6,14109,23159,1,1,1
KNK,6,14116,23166,1,1,1
KNK,6,14121,23171,1,1,1
KNK,6,14124,23174,1,1,1
KNK,6,14128,23178,1,1,1
KNK,6,14132,23182,1,1,1
KNK,6,14139,23189,1,1,1
KNK,6,14166,23216,1,1,1
KNK,6,14173,23223,1,1,1
KNK,6,14203,23253,1,1,1
KNK,6,14208,23258,1,1,1
KNK,6,14218,23268,1,1,1
KNK,6,14222,23272,1,1,1
KNK,6,14225,23275,1,1,1
KNK,6,14227,23277,1,1,1
KNK,6,14228,23278,1,1,1
KNK,6,14236,23286,1,1,1
KNK,6,14237,23287,1,1,1
KNK,6,14240,23290,1,1,1
KNK,6,14251,23301,1,1,1
KNK,6,14256,23306,1,1,1
KNK,6,14284,23334,1,1,1
KNK,6,14288,23338,1,1,1
KNK,6,14302,23352,1,1,1
KNK,6,14307,23357,1,1,1
KNK,6,14321,23371,1,1,1
KNK,6,14327,23377,1,1,1
KNK,6,14342,23392,1,1,1
KNK,6,14371,23421,1,1,1
KNK,6,14376,23426,1,1,1
KNK,6,14394,23444,1,1,1
KNK,6,14424,23474,1,1,1
KNK,6,14426,23476,1,1,1
KNK,6,14435,23485,1,1,1
KNK,6,14437,23487,1,1,1
KNK,6,14449,23499,1,1,1
KNK,6,14459,23509,1,1,1
KNK,6,14465,23515,1,1,1
KNK,6,14487,23537,1,1,1
KNK,6,14489,23539,1,1,1
KNK,6,14496,23546,1,1,1
KNK,6,14497,23547,1,1,1
KNK,6,14507,23557,1,1,1
KNK,6,14508,23558,1,1,1
KNK,6,14514,23564,1,1,1
KNK,6,14520,23570,1,0,0
KNK,6,14544,23594,1,1,1
KNK,6,14547,23597,1,1,1
KNK,6,14557,23607,1,1,1
KNK,6,14569,23619,1,1,1
KNK,6,14572,23622,1,1,1
KNK,6,14575,23625,1,1,1
KNK,6,14599,23649,1,1,1
KNK,6,14606,23656,1,1,1
KNK,6,14614,23664,1,1,1
KNK,6,14628,23678,1,1,1
KNK,6,14633,23683,1,1,1
KNK,6,14644,23694,1,1,1
KNK,6,14654,23704,1,1,1
KNK,6,14658,23708,1,1,1
KNK,6,14662,23712,1,1,1
KNK,6,14676,23726,1,0,0
KNK,6,14695,23745,1,1,1
KNK,6,14706,23756,1,1,1
KNK,6,14709,23759,1,1,1
KNK,6,14722,23772,1,1,1
KNK,6,14725,23775,1,1,1
KNK,6,14734,23784,1,1,1
KNK,6,14744,23794,1,1,1
KNK,6,14749,23799,1,1,1
KNK,6,14759,23809,1,1,1
KNK,6,14768,23818,1,1,1
KNK,6,14797,23847,1,1,1
KNK,6,14817,23867,1,1,1
KNK,6,14820,23870,1,1,1
KNK,6,14843,23893,1,1,1
KNK,6,14845,23895,1,1,1
KNK,6,14848,23898,1,1,1
KNK,6,14851,23901,1,1,1
KNK,6,14852,23902,1,1,1
KNK,6,14854,23904,1,1,1
KNK,6,14868,23918,1,1,1
KNK,6,14873,23923,1,1,1
KNK,6,14876,23926,1,1,1
KNK,6,14894,23944,1,1,1
KNK,6,14901,23951,1,1,1
KNK,6,14907,23957,1,1,1
KNK,6,14909,23959,1,1,1
KNK,6,14911,23961,1,1,1
KNK,6,14924,23974,1,1,1
KNK,6,14933,23983,1,1,1
KNK,6,14955,24005,1,1,1
KNK,6,14985,24035,1,1,1
KNK,6,14995,24045,1,1,1
KNK,6,15020,24070,1,1,1
KNK,6,15039,24089,1,1,1
KNK,6,15057,24107,1,1,1
KNK,6,15065,24115,1,1,1
KNK,6,15067,24117,1,1,1
KNK,6,15087,24137,1,1,1
KNK,6,15096,24146,1,1,1
KNK,6,15101,24151,1,1,1
KNK,6,15103,24153,1,1,1
KNK,6,15139,24189,1,1,1
KNK,6,15141,24191,1,1,1
KNK,6,15184,24234,1,1,1
KNK,6,15186,24236,1,1,1
KNK,6,15188,24238,1,1,1
KNK,6,15210,24260,1,1,1
KNK,6,15221,24271,1,1,1
KNK,6,15230,24280,1,1,1
KNK,6,15293,24343,1,1,1
KNK,6,15300,24350,1,1,1
KNK,6,15310,24360,1,1,1
KNK,6,15350,24400,1,1,1
KNK,6,15362,24412,1,1,1
KNK,6,15368,24418,1,1,1
KNK,6,15383,24433,1,1,1
KNK,6,15391,24441,1,1,1
KNK,6,15392,24442,1,1,1
KNK,6,15411,24461,1,1,1
KNK,6,15425,24475,1,1,1
KNK,6,15432,24482,1,1,1
KNK,6,15440,24490,1,1,1
KNK,6,15464,24514,1,1,1
KNK,6,15498,24548,0,0,1
KNK,6,15511,24561,0,0,1
KNK,6,15520,24570,0,1,0
KNK,6,15540,24590,0,0,1
KNK,6,15562,24612,0,0,1
KNK,6,15609,24659,0,0,1
KNK,6,15615,24665,0,0,1
KNK,6,15616,24666,0,0,1
KNK,6,15651,24701,0,0,1
KNK,6,15672,24722,0,0,1
KNK,6,15691,24741,0,0,1
KNK,6,15711,24761,0,0,1
KNK,6,15746,24796,0,1,0
KNK,6,15761,24811,0,0,1
KNK,6,15763,24813,0,0,1
KNK,6,15776,24826,0,0,1
KNK,6,15784,24834,0,0,1
KNK,6,15786,24836,0,0,1
KNK,6,15788,24838,0,0,1
KNK,6,15799,24849,0,0,1
KNK,6,15804,24854,0,0,1
KNK,6,15848,24898,0,0,1
KNK,6,15857,24907,0,0,1
KNK,6,15865,24915,0,0,1
KNK,6,15866,24916,0,0,1
KNK,6,15869,24919,0,0,1
KNK,6,15878,24928,0,0,1
KNK,6,15892,24942,0,0,1
KNK,6,15916,24966,0,0,1
KNK,6,15942,24992,0,0,1
KNK,6,15956,25006,0,0,1
KNK,6,15957,25007,0,0,1
KNK,6,15977,25027,0,0,1
KNK,6,15980,25030,0,0,1
KNK,6,15990,25040,0,0,1
KNK,6,15992,25042,0,0,1
KNK,6,16002,25052,0,0,1
KNK,6,16006,25056,0,0,1
KNK,6,16014,25064,0,0,1
KNK,6,16015,25065,0,0,1
KNK,6,16018,25068,0,0,1
KNK,6,16022,25072,0,0,1
KNK,6,16028,25078,0,0,1
KNK,6,16039,25089,0,0,1
KNK,6,16043,25093,0,0,1
KNK,6,16068,25118,0,0,1
KNK,6,16093,25143,0,0,1
KNK,6,16096,25146,0,0,1
KNK,6,16101,25151,0,0,1
KNK,6,16103,25153,0,0,1
KNK,6,16107,25157,0,0,1
KNK,6,16111,25161,0,0,1
KNK,6,16157,25207,0,0,1
KNK,6,16159,25209,0,0,1
KNK,6,16177,25227,0,0,1
KNK,6,16179,25229,0,0,1
KNK,6,16183,25233,0,0,1
KNK,6,16184,25234,0,0,1
KNK,6,16199,25249,0,0,1
KNK,6,16201,25251,0,0,1
KNK,6,16210,25260,0,0,1
KNK,6,16216,25266,0,0,1
KNK,6,16230,25280,0,0,1
KNK,6,16235,25285,0,0,1
KNK,6,16237,25287,0,0,1
KNK,6,16241,25291,0,1,0
KNK,6,16255,25305,0,0,1
KNK,6,16259,25309,0,0,1
KNK,6,16271,25321,0,0,1
KNK,6,16274,25324,0,0,1
KNK,6,16304,25354,0,0,1
KNK,6,16331,25381,0,0,1
KNK,6,16334,25384,0,0,1
KNK,6,16364,25414,0,0,1
KNK,6,16372,25422,0,0,1
KNK,6,16376,25426,0,0,1
KNK,6,16382,25432,0,0,1
KNK,6,16391,25441,0,0,1
KNK,6,16405,25455,0,0,1
KNK,6,16410,25460,0,0,1
KNK,6,16417,25467,0,0,1
KNK,6,16427,25477,0,0,1
KNK,6,16430,25480,0,0,1
KNK,6,16445,25495,0,0,1
KNK,6,16507,25557,0,0,1
KNK,6,16511,25561,0,0,1
KNK,6,16529,25579,0,0,1
KNK,6,16531,25581,0,0,1
KNK,6,16545,25595,0,0,1
KNK,6,16566,25616,0,0,1
KNK,6,16570,25620,0,0,1
KNK,6,16574,25624,0,0,1
KNK,6,16582,25632,0,0,1
KNK,6,16585,25635,0,0,1
KNK,6,16606,25656,0,0,1
KNK,6,16607,25657,0,0,1
KNK,6,16631,25681,0,0,1
KNK,6,16635,25685,0,0,1
KNK,6,16637,25687,0,0,1
KNK,6,16654,25704,0,0,1
KNK,6,16660,25710,0,0,1
KNK,6,16662,25712,0,0,1
KNK,6,16663,25713,0,0,1
KNK,6,16665,25715,0,1,0
KNK,6,16679,25729,0,0,1
KNK,6,16697,25747,0,0,1
KNK,6,16717,25767,0,0,1
KNK,6,16720,25770,0,0,1
KNK,6,16726,25776,0,1,0
KNK,6,16727,25777,0,0,1
KNK,6,16729,25779,0,0,1
KNK,6,16732,25782,0,0,1
KNK,6,16740,25790,0,0,1
KNK,6,16747,25797,0,0,1
KNK,6,16750,25800,0,0,1
KNK,6,16752,25802,0,0,1
KNK,6,16777,25827,0,0,1
KNK,6,16782,25832,0,0,1
KNK,6,16786,25836,0,0,1
KNK,6,16802,25852,0,0,1
KNK,6,16806,25856,0,0,1
KNK,6,16807,25857,0,0,1
KNK,6,16814,25864,0,0,1
KNK,6,16823,25873,0,0,1
KNK,6,16851,25901,0,1,0
KNK,6,16852,25902,0,0,1
KNK,6,16865,25915,0,0,1
KNK,6,16866,25916,0,0,1
KNK,6,16868,25918,0,0,1
KNK,6,16869,25919,0,1,0
KNK,6,16881,25931,0,0,1
KNK,6,16904,25954,0,0,1
KNK,6,16905,25955,0,0,1
KNK,6,16907,25957,0,0,1
KNK,6,16910,25960,0,0,1
KNK,6,16914,25964,0,0,1
KNK,6,16915,25965,0,0,1
KNK,6,16937,25987,0,0,1
KNK,6,16940,25990,0,0,1
KNK,6,16944,25994,0,0,1
KNK,6,16969,26019,0,0,1
KNK,6,17003,26053,0,0,1
KNK,6,17024,26074,0,0,1
KNK,6,17032,26082,0,0,1
KNK,6,17042,26092,0,0,1
KNK,6,17055,26105,0,0,1
KNK,6,17068,26118,0,0,1
KNK,6,17071,26121,0,0,1
KNK,6,17081,26131,0,0,1
KNK,6,17083,26133,0,0,1
KNK,6,17089,26139,0,0,1
KNK,6,17124,26174,0,0,1
KNK,6,17125,26175,0,0,1
KNK,6,17128,26178,0,0,1
KNK,6,17130,26180,0,0,1
KNK,6,17136,26186,0,0,1
KNK,6,17139,26189,0,0,1
KNK,6,17142,26192,0,0,1
KNK,6,17143,26193,0,0,1
KNK,6,17144,26194,0,0,1
KNK,6,17147,26197,0,0,1
KNK,6,17164,26214,0,0,1
KNK,6,17176,26226,0,0,1
KNK,6,17180,26230,0,0,1
KNK,6,17189,26239,0,0,1
KNK,6,17190,26240,0,0,1
KNK,6,17199,26249,0,0,1
KNK,6,17211,26261,0,0,1
KNK,6,17219,26269,0,0,1
KNK,6,17223,26273,0,0,1
KNK,6,17230,26280,0,0,1
KNK,6,17236,26286,0,0,1
KNK,6,17239,26289,0,0,1
KNK,6,17249,26299,0,0,1
KNK,6,17261,26311,0,0,1
KNK,6,17281,26331,0,0,1
KNK,6,17286,26336,0,0,1
KNK,6,17304,26354,0,0,1
KNK,6,17308,26358,0,0,1
KNK,6,17316,26366,0,0,1
KNK,6,17318,26368,0,0,1
KNK,6,17325,26375,0,0,1
KNK,6,17341,26391,0,0,1
KNK,6,17342,26392,0,0,1
KNK,6,17343,26393,0,0,1
KNK,6,17356,26406,0,0,1
KNK,6,17357,26407,0,0,1
KNK,6,17358,26408,0,0,1
KNK,6,17364,26414,0,0,1
KNK,6,17379,26429,0,0,1
KNK,6,17385,26435,0,0,1
KNK,6,17389,26439,0,0,1
KNK,6,17394,26444,0,0,1
KNK,6,17396,26446,0,0,1
KNK,6,17401,26451,0,0,1
KNK,6,17426,26476,0,0,1
KNK,6,17452,26502,0,0,1
KNK,6,17463,26513,0,0,1
KNK,6,17472,26522,0,0,1
KNK,6,17476,26526,0,0,1
KNK,6,17501,26551,0,0,1
KNK,6,17522,26572,0,0,1
KNK,6,17526,26576,0,0,1
KNK,6,17531,26581,0,0,1
KNK,6,17535,26585,0,0,1
KNK,6,17540,26590,0,0,1
KNK,6,17543,26593,0,0,1
KNK,6,17547,26597,0,0,1
KNK,6,17556,26606,0,0,1
KNK,6,17560,26610,0,0,1
KNK,7,13105,22155,1,1,1
KNK,7,13110,22160,1,1,1
KNK,7,13118,22168,1,1,1
KNK,7,13139,22189,1,1,1
KNK,7,13143,22193,1,1,1
KNK,7,13144,22194,1,1,1
KNK,7,13151,22201,1,1,1
KNK,7,13157,22207,1,1,1
KNK,7,13159,22209,1,1,1
KNK,7,13181,22231,1,1,1
KNK,7,13202,22252,1,1,1
KNK,7,13204,22254,1,1,1
KNK,7,13208,22258,1,1,1
KNK,7,13219,22269,1,1,1
KNK,7,13236,22286,1,1,1
KNK,7,13239,22289,1,1,1
KNK,7,13240,22290,1,1,1
KNK,7,13270,22320,1,1,1
KNK,7,13275,22325,1,1,1
KNK,7,13278,22328,1,1,1
KNK,7,13322,22372,1,1,1
KNK,7,13325,22375,1,1,1
KNK,7,13333,22383,1,1,1
KNK,7,13334,22384,1,1,1
KNK,7,13340,22390,1,1,1
KNK,7,13354,22404,1,1,1
KNK,7,13391,22441,1,1,1
KNK,7,13392,22442,1,1,1
KNK,7,13393,22443,1,1,1
KNK,7,13396,22446,1,1,1
KNK,7,13415,22465,1,1,1
KNK,7,13421,22471,1,1,1
KNK,7,13431,22481,1,1,1
KNK,7,13435,22485,1,1,1
KNK,7,13462,22512,1,1,1
KNK,7,13466,22516,1,1,1
KNK,7,13472,22522,1,1,1
KNK,7,13477,22527,1,1,1
KNK,7,13496,22546,1,1,1
KNK,7,13519,22569,1,1,1
KNK,7,13524,22574,1,1,1
KNK,7,13532,22582,1,1,1
KNK,7,13537,22587,1,1,1
KNK,7,13544,22594,1,1,1
KNK,7,13545,22595,1,1,1
KNK,7,13566,22616,1,1,1
KNK,7,13580,22630,1,1,1
KNK,7,13581,22631,1,1,1
KNK,7,13597,22647,1,1,1
KNK,7,13598,22648,1,1,1
KNK,7,13656,22706,1,1,1
KNK,7,13664,22714,1,1,1
KNK,7,13666,22716,1,1,1
KNK,7,13678,22728,1,1,1
KNK,7,13697,22747,1,1,1
KNK,7,13699,22749,1,1,1
KNK,7,13701,22751,1,1,1
KNK,7,13716,22766,1,1,1
KNK,7,13723,22773,1,1,1
KNK,7,13724,22774,1,1,1
KNK,7,13730,22780,1,1,1
KNK,7,13737,22787,1,1,1
KNK,7,13739,22789,1,1,1
KNK,7,13752,22802,1,0,0
KNK,7,13770,22820,1,1,1
KNK,7,13779,22829,1,1,1
KNK,7,13784,22834,1,1,1
KNK,7,13793,22843,1,1,1
KNK,7,13802,22852,1,1,1
KNK,7,13810,22860,1,1,1
KNK,7,13813,22863,1,1,1
KNK,7,13815,22865,1,1,1
KNK,7,13827,22877,1,1,1
KNK,7,13835,22885,1,1,1
KNK,7,13838,22888,1,1,1
KNK,7,13845,22895,1,1,1
KNK,7,13850,22900,1,1,1
KNK,7,13868,22918,1,1,1
KNK,7,13874,22924,1,1,1
KNK,7,13876,22926,1,1,1
KNK,7,13880,22930,1,1,1
KNK,7,13888,22938,1,1,1
KNK,7,13889,22939,1,1,1
KNK,7,13916,22966,1,1,1
KNK,7,13926,22976,1,1,1
KNK,7,13938,22988,1,1,1
KNK,7,13981,23031,1,1,1
KNK,7,13986,23036,1,1,1
KNK,7,13987,23037,1,1,1
KNK,7,13991,23041,1,1,1
KNK,7,13997,23047,1,1,1
KNK,7,14002,23052,1,1,1
KNK,7,14005,23055,1,0,0
KNK,7,14014,23064,1,1,1
KNK,7,14039,23089,1,1,1
KNK,7,14040,23090,1,1,1
KNK,7,14045,23095,1,1,1
KNK,7,14052,23102,1,1,1
KNK,7,14063,23113,1,1,1
KNK,7,14076,23126,1,1,1
KNK,7,14091,23141,1,1,1
KNK,7,14093,23143,1,1,1
KNK,7,14095,23145,1,1,1
KNK,7,14117,23167,1,1,1
KNK,7,14157,23207,1,1,1
KNK,7,14186,23236,1,1,1
KNK,7,14215,23265,1,1,1
KNK,7,14224,23274,1,1,1
KNK,7,14234,23284,1,1,1
KNK,7,14262,23312,1,1,1
KNK,7,14263,23313,1,1,1
KNK,7,14264,23314,1,1,1
KNK,7,14271,23321,1,1,1
KNK,7,14273,23323,1,1,1
KNK,7,14277,23327,1,1,1
KNK,7,14292,23342,1,1,1
KNK,7,14294,23344,1,1,1
KNK,7,14311,23361,1,1,1
KNK,7,14317,23367,1,1,1
KNK,7,14318,23368,1,1,1
KNK,7,14325,23375,1,1,1
KNK,7,14330,23380,1,1,1
KNK,7,14331,23381,1,1,1
KNK,7,14336,23386,1,1,1
KNK,7,14349,23399,1,1,1
KNK,7,14353,23403,1,1,1
KNK,7,14357,23407,1,1,1
KNK,7,14358,23408,1,1,1
KNK,7,14373,23423,1,1,1
KNK,7,14375,23425,1,1,1
KNK,7,14378,23428,1,1,1
KNK,7,14382,23432,1,1,1
KNK,7,14393,23443,1,1,1
KNK,7,14415,23465,1,1,1
KNK,7,14444,23494,1,1,1
KNK,7,14469,23519,1,1,1
KNK,7,14479,23529,1,1,1
KNK,7,14502,23552,1,1,1
KNK,7,14521,23571,1,1,1
KNK,7,14522,23572,1,1,1
KNK,7,14524,23574,1,1,1
KNK,7,14551,23601,1,1,1
KNK,7,14554,23604,1,1,1
KNK,7,14573,23623,1,1,1
KNK,7,14574,23624,1,1,1
KNK,7,14590,23640,1,1,1
KNK,7,14594,23644,1,1,1
KNK,7,14598,23648,1,1,1
KNK,7,14610,23660,1,1,1
KNK,7,14619,23669,1,1,1
KNK,7,14620,23670,1,1,1
KNK,7,14635,23685,1,1,1
KNK,7,14649,23699,1,1,1
KNK,7,14650,23700,1,1,1
KNK,7,14668,23718,1,1,1
KNK,7,14673,23723,1,1,1
KNK,7,14680,23730,1,1,1
KNK,7,14686,23736,1,1,1
KNK,7,14717,23767,1,1,1
KNK,7,14720,23770,1,1,1
KNK,7,14723,23773,1,1,1
KNK,7,14731,23781,1,1,1
KNK,7,14736,23786,1,1,1
KNK,7,14742,23792,1,1,1
KNK,7,14770,23820,1,1,1
KNK,7,14771,23821,1,1,1
KNK,7,14792,23842,1,1,1
KNK,7,14807,23857,1,1,1
KNK,7,14808,23858,1,1,1
KNK,7,14832,23882,1,1,1
KNK,7,14840,23890,1,1,1
KNK,7,14842,23892,1,1,1
KNK,7,14847,23897,1,1,1
KNK,7,14866,23916,1,1,1
KNK,7,14886,23936,1,1,1
KNK,7,14891,23941,1,1,1
KNK,7,14892,23942,1,0,0
KNK,7,14900,23950,1,1,1
KNK,7,14904,23954,1,1,1
KNK,7,14910,23960,1,1,1
KNK,7,14912,23962,1,1,1
KNK,7,14915,23965,1,1,1
KNK,7,14917,23967,1,1,1
KNK,7,14919,23969,1,1,1
KNK,7,14923,23973,1,1,1
KNK,7,14932,23982,1,1,1
KNK,7,14946,23996,1,1,1
KNK,7,14962,24012,1,1,1
KNK,7,14971,24021,1,1,1
KNK,7,14982,24032,1,1,1
KNK,7,15007,24057,1,1,1
KNK,7,15010,24060,1,1,1
KNK,7,15031,24081,1,1,1
KNK,7,15045,24095,1,1,1
KNK,7,15052,24102,1,1,1
KNK,7,15058,24108,1,1,1
KNK,7,15059,24109,1,1,1
KNK,7,15064,24114,1,1,1
KNK,7,15081,24131,1,1,1
KNK,7,15104,24154,1,1,1
KNK,7,15128,24178,1,1,1
KNK,7,15154,24204,1,1,1
KNK,7,15158,24208,1,1,1
KNK,7,15198,24248,1,1,1
KNK,7,15203,24253,1,1,1
KNK,7,15220,24270,1,1,1
KNK,7,15244,24294,1,1,1
KNK,7,15264,24314,1,1,1
KNK,7,15268,24318,1,1,1
KNK,7,15279,24329,1,1,1
KNK,7,15287,24337,1,1,1
KNK,7,15290,24340,1,1,1
KNK,7,15296,24346,1,1,1
KNK,7,15299,24349,1,1,1
KNK,7,15302,24352,1,1,1
KNK,7,15329,24379,1,1,1
KNK,7,15330,24380,1,1,1
KNK,7,15336,24386,1,1,1
KNK,7,15338,24388,1,1,1
KNK,7,15375,24425,1,1,1
KNK,7,15378,24428,1,1,1
KNK,7,15396,24446,1,1,1
KNK,7,15401,24451,1,1,1
KNK,7,15408,24458,1,1,1
KNK,7,15412,24462,1,1,1
KNK,7,15418,24468,1,1,1
KNK,7,15426,24476,1,1,1
KNK,7,15427,24477,1,1,1
KNK,7,15434,24484,1,1,1
KNK,7,15437,24487,1,1,1
KNK,7,15441,24491,1,1,1
KNK,7,15442,24492,1,1,1
KNK,7,15447,24497,1,1,1
KNK,7,15458,24508,1,1,1
KNK,7,15463,24513,1,1,1
KNK,7,15465,24515,1,1,1
KNK,7,15467,24517,0,0,1
KNK,7,15474,24524,0,0,1
KNK,7,15476,24526,0,0,1
KNK,7,15500,24550,0,0,1
KNK,7,15505,24555,0,0,1
KNK,7,15509,24559,0,0,1
KNK,7,15513,24563,0,0,1
KNK,7,15522,24572,0,0,1
KNK,7,15524,24574,0,0,1
KNK,7,15525,24575,0,0,1
KNK,7,15529,24579,0,0,1
KNK,7,15536,24586,0,0,1
KNK,7,15539,24589,0,0,1
KNK,7,15547,24597,0,0,1
KNK,7,15557,24607,0,0,1
KNK,7,15558,24608,0,0,1
KNK,7,15579,24629,0,0,1
KNK,7,15621,24671,0,0,1
KNK,7,15622,24672,0,0,1
KNK,7,15658,24708,0,0,1
KNK,7,15664,24714,0,0,1
KNK,7,15669,24719,0,0,1
KNK,7,15683,24733,0,0,1
KNK,7,15684,24734,0,0,1
KNK,7,15689,24739,0,0,1
KNK,7,15712,24762,0,0,1
KNK,7,15718,24768,0,0,1
KNK,7,15723,24773,0,0,1
KNK,7,15731,24781,0,0,1
KNK,7,15756,24806,0,0,1
KNK,7,15778,24828,0,0,1
KNK,7,15780,24830,0,0,1
KNK,7,15781,24831,0,0,1
KNK,7,15787,24837,0,0,1
KNK,7,15794,24844,0,0,1
KNK,7,15798,24848,0,0,1
KNK,7,15818,24868,0,0,1
KNK,7,15821,24871,0,0,1
KNK,7,15824,24874,0,0,1
KNK,7,15834,24884,0,0,1
KNK,7,15837,24887,0,0,1
KNK,7,15839,24889,0,1,0
KNK,7,15850,24900,0,0,1
KNK,7,15853,24903,0,0,1
KNK,7,15859,24909,0,0,1
KNK,7,15863,24913,0,0,1
KNK,7,15871,24921,0,0,1
KNK,7,15885,24935,0,0,1
KNK,7,15889,24939,0,0,1
KNK,7,15893,24943,0,0,1
KNK,7,15905,24955,0,1,0
KNK,7,15919,24969,0,0,1
KNK,7,15925,24975,0,0,1
KNK,7,15931,24981,0,0,1
KNK,7,15941,24991,0,0,1
KNK,7,15949,24999,0,0,1
KNK,7,15963,25013,0,0,1
KNK,7,15970,25020,0,0,1
KNK,7,15972,25022,0,0,1
KNK,7,15973,25023,0,0,1
KNK,7,15993,25043,0,0,1
KNK,7,15996,25046,0,0,1
KNK,7,16000,25050,0,0,1
KNK,7,16010,25060,0,0,1
KNK,7,16011,25061,0,0,1
KNK,7,16032,25082,0,1,0
KNK,7,16066,25116,0,0,1
KNK,7,16077,25127,0,0,1
KNK,7,16078,25128,0,0,1
KNK,7,16109,25159,0,0,1
KNK,7,16123,25173,0,0,1
KNK,7,16131,25181,0,0,1
KNK,7,16146,25196,0,0,1
KNK,7,16147,25197,0,0,1
KNK,7,16163,25213,0,0,1
KNK,7,16187,25237,0,0,1
KNK,7,16191,25241,0,0,1
KNK,7,16198,25248,0,0,1
KNK,7,16203,25253,0,0,1
KNK,7,16222,25272,0,0,1
KNK,7,16243,25293,0,0,1
KNK,7,16254,25304,0,0,1
KNK,7,16267,25317,0,0,1
KNK,7,16293,25343,0,0,1
KNK,7,16307,25357,0,0,1
KNK,7,16310,25360,0,0,1
KNK,7,16312,25362,0,0,1
KNK,7,16316,25366,0,0,1
KNK,7,16330,25380,0,0,1
KNK,7,16332,25382,0,0,1
KNK,7,16347,25397,0,0,1
KNK,7,16358,25408,0,1,0
KNK,7,16370,25420,0,0,1
KNK,7,16408,25458,0,0,1
KNK,7,16409,25459,0,0,1
KNK,7,16412,25462,0,0,1
KNK,7,16420,25470,0,0,1
KNK,7,16428,25478,0,0,1
KNK,7,16436,25486,0,0,1
KNK,7,16440,25490,0,0,1
KNK,7,16452,25502,0,0,1
KNK,7,16457,25507,0,0,1
KNK,7,16471,25521,0,0,1
KNK,7,16472,25522,0,0,1
KNK,7,16481,25531,0,0,1
KNK,7,16490,25540,0,0,1
KNK,7,16504,25554,0,0,1
KNK,7,16505,25555,0,0,1
KNK,7,16510,25560,0,1,0
KNK,7,16517,25567,0,0,1
KNK,7,16523,25573,0,0,1
KNK,7,16525,25575,0,0,1
KNK,7,16534,25584,0,0,1
KNK,7,16538,25588,0,0,1
KNK,7,16547,25597,0,0,1
KNK,7,16552,25602,0,0,1
KNK,7,16577,25627,0,0,1
KNK,7,16583,25633,0,0,1
KNK,7,16587,25637,0,0,1
KNK,7,16591,25641,0,0,1
KNK,7,16593,25643,0,0,1
KNK,7,16612,25662,0,0,1
KNK,7,16619,25669,0,0,1
KNK,7,16620,25670,0,0,1
KNK,7,16622,25672,0,0,1
KNK,7,16624,25674,0,0,1
KNK,7,16629,25679,0,0,1
KNK,7,16639,25689,0,0,1
KNK,7,16640,25690,0,0,1
KNK,7,16641,25691,0,0,1
KNK,7,16643,25693,0,0,1
KNK,7,16644,25694,0,0,1
KNK,7,16656,25706,0,0,1
KNK,7,16691,25741,0,0,1
KNK,7,16702,25752,0,0,1
KNK,7,16709,25759,0,0,1
KNK,7,16734,25784,0,0,1
KNK,7,16738,25788,0,0,1
KNK,7,16767,25817,0,0,1
KNK,7,16768,25818,0,0,1
KNK,7,16781,25831,0,0,1
KNK,7,16787,25837,0,0,1
KNK,7,16793,25843,0,0,1
KNK,7,16824,25874,0,0,1
KNK,7,16830,25880,0,0,1
KNK,7,16860,25910,0,0,1
KNK,7,16862,25912,0,0,1
KNK,7,16889,25939,0,0,1
KNK,7,16897,25947,0,0,1
KNK,7,16916,25966,0,0,1
KNK,7,16924,25974,0,0,1
KNK,7,16927,25977,0,0,1
KNK,7,16928,25978,0,0,1
KNK,7,16967,26017,0,0,1
KNK,7,16968,26018,0,0,1
KNK,7,16973,26023,0,0,1
KNK,7,16975,26025,0,0,1
KNK,7,16977,26027,0,0,1
KNK,7,17022,26072,0,0,1
KNK,7,17076,26126,0,0,1
KNK,7,17079,26129,0,0,1
KNK,7,17082,26132,0,0,1
KNK,7,17086,26136,0,0,1
KNK,7,17104,26154,0,0,1
KNK,7,17110,26160,0,0,1
KNK,7,17141,26191,0,0,1
KNK,7,17162,26212,0,0,1
KNK,7,17175,26225,0,0,1
KNK,7,17187,26237,0,0,1
KNK,7,17188,26238,0,0,1
KNK,7,17195,26245,0,0,1
KNK,7,17202,26252,0,0,1
KNK,7,17205,26255,0,0,1
KNK,7,17227,26277,0,0,1
KNK,7,17244,26294,0,0,1
KNK,7,17251,26301,0,0,1
KNK,7,17254,26304,0,0,1
KNK,7,17265,26315,0,0,1
KNK,7,17299,26349,0,0,1
KNK,7,17334,26384,0,0,1
KNK,7,17335,26385,0,0,1
KNK,7,17336,26386,0,0,1
KNK,7,17339,26389,0,0,1
KNK,7,17346,26396,0,0,1
KNK,7,17351,26401,0,0,1
KNK,7,17353,26403,0,0,1
KNK,7,17360,26410,0,0,1
KNK,7,17368,26418,0,1,0
KNK,7,17374,26424,0,0,1
KNK,7,17390,26440,0,0,1
KNK,7,17402,26452,0,0,1
KNK,7,17411,26461,0,0,1
KNK,7,17413,26463,0,0,1
KNK,7,17414,26464,0,0,1
KNK,7,17417,26467,0,0,1
KNK,7,17428,26478,0,0,1
KNK,7,17430,26480,0,0,1
KNK,7,17438,26488,0,0,1
KNK,7,17441,26491,0,0,1
KNK,7,17445,26495,0,0,1
KNK,7,17469,26519,0,0,1
KNK,7,17475,26525,0,0,1
KNK,7,17481,26531,0,0,1
KNK,7,17484,26534,0,0,1
KNK,7,17509,26559,0,0,1
KNK,7,17517,26567,0,0,1
KNK,7,17529,26579,0,0,1
KNK,7,17534,26584,0,0,1
KNK,7,17553,26603,0,0,1
KNK,7,17558,26608,0,0,1
KNK,8,13103,22153,1,1,1
KNK,8,13116,22166,1,1,1
KNK,8,13124,22174,1,1,1
KNK,8,13125,22175,1,1,1
KNK,8,13127,22177,1,1,1
KNK,8,13138,22188,1,1,1
KNK,8,13142,22192,1,1,1
KNK,8,13182,22232,1,1,1
KNK,8,13186,22236,1,1,1
KNK,8,13193,22243,1,1,1
KNK,8,13244,22294,1,1,1
KNK,8,13267,22317,1,1,1
KNK,8,13283,22333,1,1,1
KNK,8,13300,22350,1,1,1
KNK,8,13304,22354,1,1,1
KNK,8,13309,22359,1,1,1
KNK,8,13327,22377,1,1,1
KNK,8,13343,22393,1,1,1
KNK,8,13361,22411,1,1,1
KNK,8,13365,22415,1,1,1
KNK,8,13368,22418,1,1,1
KNK,8,13369,22419,1,1,1
KNK,8,13370,22420,1,1,1
KNK,8,13374,22424,1,1,1
KNK,8,13381,22431,1,1,1
KNK,8,13385,22435,1,1,1
KNK,8,13394,22444,1,1,1
KNK,8,13408,22458,1,1,1
KNK,8,13414,22464,1,1,1
KNK,8,13424,22474,1,1,1
KNK,8,13438,22488,1,1,1
KNK,8,13442,22492,1,1,1
KNK,8,13449,22499,1,1,1
KNK,8,13461,22511,1,1,1
KNK,8,13479,22529,1,1,1
KNK,8,13491,22541,1,1,1
KNK,8,13513,22563,1,1,1
KNK,8,13528,22578,1,1,1
KNK,8,13535,22585,1,1,1
KNK,8,13548,22598,1,1,1
KNK,8,13552,22602,1,1,1
KNK,8,13556,22606,1,1,1
KNK,8,13579,22629,1,1,1
KNK,8,13615,22665,1,1,1
KNK,8,13621,22671,1,1,1
KNK,8,13631,22681,1,1,1
KNK,8,13646,22696,1,1,1
KNK,8,13648,22698,1,1,1
KNK,8,13652,22702,1,1,1
KNK,8,13659,22709,1,0,0
KNK,8,13679,22729,1,1,1
KNK,8,13680,22730,1,0,0
KNK,8,13683,22733,1,1,1
KNK,8,13698,22748,1,1,1
KNK,8,13710,22760,1,1,1
KNK,8,13725,22775,1,1,1
KNK,8,13726,22776,1,1,1
KNK,8,13727,22777,1,1,1
KNK,8,13729,22779,1,1,1
KNK,8,13734,22784,1,1,1
KNK,8,13740,22790,1,1,1
KNK,8,13746,22796,1,1,1
KNK,8,13748,22798,1,1,1
KNK,8,13761,22811,1,1,1
KNK,8,13768,22818,1,1,1
KNK,8,13774,22824,1,1,1
KNK,8,13782,22832,1,1,1
KNK,8,13789,22839,1,1,1
KNK,8,13831,22881,1,1,1
KNK,8,13832,22882,1,1,1
KNK,8,13849,22899,1,1,1
KNK,8,13854,22904,1,1,1
KNK,8,13871,22921,1,1,1
KNK,8,13901,22951,1,1,1
KNK,8,13907,22957,1,1,1
KNK,8,13923,22973,1,1,1
KNK,8,13935,22985,1,1,1
KNK,8,13940,22990,1,1,1
KNK,8,13946,22996,1,1,1
KNK,8,13950,23000,1,1,1
KNK,8,13971,23021,1,1,1
KNK,8,13996,23046,1,1,1
KNK,8,14006,23056,1,1,1
KNK,8,14016,23066,1,1,1
KNK,8,14027,23077,1,1,1
KNK,8,14043,23093,1,1,1
KNK,8,14051,23101,1,1,1
KNK,8,14053,23103,1,1,1
KNK,8,14060,23110,1,1,1
KNK,8,14062,23112,1,1,1
KNK,8,14065,23115,1,1,1
KNK,8,14080,23130,1,1,1
KNK,8,14082,23132,1,1,1
KNK,8,14085,23135,1,1,1
KNK,8,14088,23138,1,1,1
KNK,8,14101,23151,1,1,1
KNK,8,14119,23169,1,1,1
KNK,8,14122,23172,1,1,1
KNK,8,14125,23175,1,1,1
KNK,8,14131,23181,1,1,1
KNK,8,14142,23192,1,1,1
KNK,8,14143,23193,1,1,1
KNK,8,14159,23209,1,1,1
KNK,8,14165,23215,1,1,1
KNK,8,14175,23225,1,1,1
KNK,8,14187,23237,1,1,1
KNK,8,14193,23243,1,1,1
KNK,8,14204,23254,1,1,1
KNK,8,14230,23280,1,1,1
KNK,8,14233,23283,1,1,1
KNK,8,14255,23305,1,1,1
KNK,8,14265,23315,1,1,1
KNK,8,14289,23339,1,1,1
KNK,8,14301,23351,1,1,1
KNK,8,14316,23366,1,1,1
KNK,8,14324,23374,1,1,1
KNK,8,14332,23382,1,1,1
KNK,8,14338,23388,1,1,1
KNK,8,14344,23394,1,1,1
KNK,8,14359,23409,1,1,1
KNK,8,14360,23410,1,1,1
KNK,8,14369,23419,1,1,1
KNK,8,14379,23429,1,1,1
KNK,8,14380,23430,1,1,1
KNK,8,14407,23457,1,1,1
KNK,8,14420,23470,1,1,1
KNK,8,14422,23472,1,1,1
KNK,8,14431,23481,1,1,1
KNK,8,14433,23483,1,1,1
KNK,8,14434,23484,1,1,1
KNK,8,14445,23495,1,1,1
KNK,8,14467,23517,1,1,1
KNK,8,14470,23520,1,1,1
KNK,8,14473,23523,1,1,1
KNK,8,14478,23528,1,1,1
KNK,8,14492,23542,1,1,1
KNK,8,14493,23543,1,1,1
KNK,8,14501,23551,1,1,1
KNK,8,14503,23553,1,1,1
KNK,8,14505,23555,1,1,1
KNK,8,14526,23576,1,1,1
KNK,8,14538,23588,1,1,1
KNK,8,14540,23590,1,1,1
KNK,8,14543,23593,1,1,1
KNK,8,14545,23595,1,1,1
KNK,8,14548,23598,1,1,1
KNK,8,14564,23614,1,0,0
KNK,8,14566,23616,1,1,1
KNK,8,14581,23631,1,1,1
KNK,8,14593,23643,1,1,1
KNK,8,14608,23658,1,1,1
KNK,8,14613,23663,1,1,1
KNK,8,14622,23672,1,1,1
KNK,8,14638,23688,1,1,1
KNK,8,14660,23710,1,1,1
KNK,8,14664,23714,1,1,1
KNK,8,14665,23715,1,1,1
KNK,8,14675,23725,1,1,1
KNK,8,14678,23728,1,1,1
KNK,8,14685,23735,1,1,1
KNK,8,14691,23741,1,1,1
KNK,8,14692,23742,1,1,1
KNK,8,14694,23744,1,1,1
KNK,8,14704,23754,1,1,1
KNK,8,14711,23761,1,1,1
KNK,8,14719,23769,1,1,1
KNK,8,14727,23777,1,1,1
KNK,8,14747,23797,1,0,0
KNK,8,14765,23815,1,1,1
KNK,8,14775,23825,1,1,1
KNK,8,14796,23846,1,1,1
KNK,8,14801,23851,1,1,1
KNK,8,14813,23863,1,1,1
KNK,8,14828,23878,1,1,1
KNK,8,14833,23883,1,1,1
KNK,8,14836,23886,1,1,1
KNK,8,14837,23887,1,1,1
KNK,8,14857,23907,1,1,1
KNK,8,14897,23947,1,1,1
KNK,8,14921,23971,1,1,1
KNK,8,14943,23993,1,1,1
KNK,8,14959,24009,1,1,1
KNK,8,14987,24037,1,1,1
KNK,8,14992,24042,1,1,1
KNK,8,15005,24055,1,1,1
KNK,8,15012,24062,1,1,1
KNK,8,15016,24066,1,1,1
KNK,8,15024,24074,1,1,1
KNK,8,15025,24075,1,1,1
KNK,8,15028,24078,1,1,1
KNK,8,15076,24126,1,1,1
KNK,8,15080,24130,1,1,1
KNK,8,15089,24139,1,1,1
KNK,8,15098,24148,1,1,1
KNK,8,15138,24188,1,1,1
KNK,8,15142,24192,1,1,1
KNK,8,15143,24193,1,1,1
KNK,8,15144,24194,1,1,1
KNK,8,15145,24195,1,1,1
KNK,8,15146,24196,1,1,1
KNK,8,15157,24207,1,1,1
KNK,8,15168,24218,1,1,1
KNK,8,15169,24219,1,1,1
KNK,8,15179,24229,1,1,1
KNK,8,15182,24232,1,1,1
KNK,8,15191,24241,1,1,1
KNK,8,15197,24247,1,1,1
KNK,8,15205,24255,1,1,1
KNK,8,15212,24262,1,1,1
KNK,8,15235,24285,1,1,1
KNK,8,15245,24295,1,1,1
KNK,8,15247,24297,1,1,1
KNK,8,15249,24299,1,1,1
KNK,8,15253,24303,1,1,1
KNK,8,15257,24307,1,1,1
KNK,8,15263,24313,1,1,1
KNK,8,15269,24319,1,1,1
KNK,8,15271,24321,1,1,1
KNK,8,15274,24324,1,1,1
KNK,8,15292,24342,1,1,1
KNK,8,15313,24363,1,1,1
KNK,8,15316,24366,1,1,1
KNK,8,15344,24394,1,1,1
KNK,8,15352,24402,1,1,1
KNK,8,15376,24426,1,1,1
KNK,8,15379,24429,1,1,1
KNK,8,15382,24432,1,1,1
KNK,8,15403,24453,1,1,1
KNK,8,15409,24459,1,1,1
KNK,8,15410,24460,1,1,1
KNK,8,15416,24466,1,1,1
KNK,8,15417,24467,1,1,1
KNK,8,15438,24488,1,1,1
KNK,8,15449,24499,1,1,1
KNK,8,15454,24504,1,1,1
KNK,8,15457,24507,1,1,1
KNK,8,15469,24519,0,0,1
KNK,8,15473,24523,0,0,1
KNK,8,15477,24527,0,0,1
KNK,8,15480,24530,0,0,1
KNK,8,15532,24582,0,0,1
KNK,8,15535,24585,0,0,1
KNK,8,15548,24598,0,0,1
KNK,8,15551,24601,0,0,1
KNK,8,15553,24603,0,0,1
KNK,8,15561,24611,0,0,1
KNK,8,15565,24615,0,0,1
KNK,8,15571,24621,0,0,1
KNK,8,15581,24631,0,0,1
KNK,8,15584,24634,0,0,1
KNK,8,15588,24638,0,0,1
KNK,8,15590,24640,0,0,1
KNK,8,15592,24642,0,0,1
KNK,8,15595,24645,0,0,1
KNK,8,15596,24646,0,0,1
KNK,8,15600,24650,0,0,1
KNK,8,15619,24669,0,0,1
KNK,8,15620,24670,0,0,1
KNK,8,15624,24674,0,0,1
KNK,8,15626,24676,0,0,1
KNK,8,15627,24677,0,0,1
KNK,8,15640,24690,0,0,1
KNK,8,15643,24693,0,0,1
KNK,8,15661,24711,0,0,1
KNK,8,15662,24712,0,0,1
KNK,8,15670,24720,0,0,1
KNK,8,15674,24724,0,0,1
KNK,8,15687,24737,0,0,1
KNK,8,15692,24742,0,0,1
KNK,8,15700,24750,0,0,1
KNK,8,15702,24752,0,0,1
KNK,8,15706,24756,0,0,1
KNK,8,15707,24757,0,0,1
KNK,8,15713,24763,0,0,1
KNK,8,15728,24778,0,0,1
KNK,8,15750,24800,0,0,1
KNK,8,15757,24807,0,0,1
KNK,8,15758,24808,0,1,0
KNK,8,15759,24809,0,0,1
KNK,8,15760,24810,0,0,1
KNK,8,15768,24818,0,0,1
KNK,8,15773,24823,0,0,1
KNK,8,15785,24835,0,0,1
KNK,8,15790,24840,0,0,1
KNK,8,15809,24859,0,0,1
KNK,8,15825,24875,0,0,1
KNK,8,15827,24877,0,0,1
KNK,8,15840,24890,0,0,1
KNK,8,15846,24896,0,0,1
KNK,8,15847,24897,0,0,1
KNK,8,15873,24923,0,0,1
KNK,8,15895,24945,0,0,1
KNK,8,15900,24950,0,0,1
KNK,8,15909,24959,0,0,1
KNK,8,15936,24986,0,0,1
KNK,8,15943,24993,0,0,1
KNK,8,15944,24994,0,0,1
KNK,8,15958,25008,0,0,1
KNK,8,15967,25017,0,0,1
KNK,8,15971,25021,0,0,1
KNK,8,15974,25024,0,0,1
KNK,8,15975,25025,0,0,1
KNK,8,15984,25034,0,0,1
KNK,8,15987,25037,0,0,1
KNK,8,16001,25051,0,0,1
KNK,8,16005,25055,0,0,1
KNK,8,16009,25059,0,1,0
KNK,8,16017,25067,0,0,1
KNK,8,16021,25071,0,0,1
KNK,8,16027,25077,0,0,1
KNK,8,16033,25083,0,0,1
KNK,8,16036,25086,0,0,1
KNK,8,16052,25102,0,0,1
KNK,8,16074,25124,0,0,1
KNK,8,16081,25131,0,0,1
KNK,8,16085,25135,0,0,1
KNK,8,16089,25139,0,0,1
KNK,8,16090,25140,0,0,1
KNK,8,16098,25148,0,0,1
KNK,8,16102,25152,0,0,1
KNK,8,16120,25170,0,0,1
KNK,8,16130,25180,0,1,0
KNK,8,16151,25201,0,0,1
KNK,8,16153,25203,0,0,1
KNK,8,16156,25206,0,0,1
KNK,8,16158,25208,0,0,1
KNK,8,16182,25232,0,0,1
KNK,8,16186,25236,0,0,1
KNK,8,16193,25243,0,0,1
KNK,8,16229,25279,0,0,1
KNK,8,16232,25282,0,0,1
KNK,8,16236,25286,0,0,1
KNK,8,16248,25298,0,0,1
KNK,8,16252,25302,0,0,1
KNK,8,16266,25316,0,0,1
KNK,8,16291,25341,0,0,1
KNK,8,16301,25351,0,0,1
KNK,8,16327,25377,0,0,1
KNK,8,16345,25395,0,0,1
KNK,8,16351,25401,0,0,1
KNK,8,16355,25405,0,0,1
KNK,8,16359,25409,0,0,1
KNK,8,16373,25423,0,0,1
KNK,8,16378,25428,0,0,1
KNK,8,16388,25438,0,0,1
KNK,8,16394,25444,0,0,1
KNK,8,16399,25449,0,0,1
KNK,8,16416,25466,0,0,1
KNK,8,16442,25492,0,0,1
KNK,8,16443,25493,0,0,1
KNK,8,16449,25499,0,0,1
KNK,8,16489,25539,0,0,1
KNK,8,16496,25546,0,0,1
KNK,8,16516,25566,0,0,1
KNK,8,16555,25605,0,0,1
KNK,8,16559,25609,0,0,1
KNK,8,16568,25618,0,0,1
KNK,8,16584,25634,0,0,1
KNK,8,16590,25640,0,0,1
KNK,8,16597,25647,0,0,1
KNK,8,16600,25650,0,0,1
KNK,8,16613,25663,0,0,1
KNK,8,16618,25668,0,0,1
KNK,8,16650,25700,0,0,1
KNK,8,16658,25708,0,0,1
KNK,8,16659,25709,0,0,1
KNK,8,16666,25716,0,0,1
KNK,8,16667,25717,0,0,1
KNK,8,16681,25731,0,0,1
KNK,8,16683,25733,0,0,1
KNK,8,16688,25738,0,0,1
KNK,8,16695,25745,0,0,1
KNK,8,16699,25749,0,0,1
KNK,8,16721,25771,0,0,1
KNK,8,16735,25785,0,0,1
KNK,8,16755,25805,0,0,1
KNK,8,16766,25816,0,0,1
KNK,8,16770,25820,0,0,1
KNK,8,16779,25829,0,0,1
KNK,8,16792,25842,0,0,1
KNK,8,16804,25854,0,0,1
KNK,8,16805,25855,0,0,1
KNK,8,16810,25860,0,0,1
KNK,8,16825,25875,0,0,1
KNK,8,16856,25906,0,0,1
KNK,8,16857,25907,0,0,1
KNK,8,16876,25926,0,0,1
KNK,8,16878,25928,0,0,1
KNK,8,16891,25941,0,0,1
KNK,8,16898,25948,0,0,1
KNK,8,16909,25959,0,0,1
KNK,8,16922,25972,0,0,1
KNK,8,16929,25979,0,0,1
KNK,8,16941,25991,0,0,1
KNK,8,16952,26002,0,0,1
KNK,8,16960,26010,0,0,1
KNK,8,16961,26011,0,0,1
KNK,8,16964,26014,0,0,1
KNK,8,16979,26029,0,0,1
KNK,8,16981,26031,0,0,1
KNK,8,16986,26036,0,0,1
KNK,8,17004,26054,0,0,1
KNK,8,17009,26059,0,0,1
KNK,8,17015,26065,0,0,1
KNK,8,17040,26090,0,0,1
KNK,8,17051,26101,0,0,1
KNK,8,17062,26112,0,0,1
KNK,8,17067,26117,0,0,1
KNK,8,17088,26138,0,0,1
KNK,8,17105,26155,0,0,1
KNK,8,17120,26170,0,0,1
KNK,8,17122,26172,0,0,1
KNK,8,17123,26173,0,0,1
KNK,8,17153,26203,0,0,1
KNK,8,17158,26208,0,0,1
KNK,8,17161,26211,0,0,1
KNK,8,17172,26222,0,0,1
KNK,8,17185,26235,0,0,1
KNK,8,17192,26242,0,0,1
KNK,8,17197,26247,0,0,1
KNK,8,17214,26264,0,0,1
KNK,8,17215,26265,0,0,1
KNK,8,17225,26275,0,0,1
KNK,8,17272,26322,0,0,1
KNK,8,17274,26324,0,0,1
KNK,8,17283,26333,0,0,1
KNK,8,17289,26339,0,0,1
KNK,8,17315,26365,0,0,1
KNK,8,17319,26369,0,0,1
KNK,8,17321,26371,0,0,1
KNK,8,17322,26372,0,0,1
KNK,8,17355,26405,0,0,1
KNK,8,17366,26416,0,0,1
KNK,8,17376,26426,0,0,1
KNK,8,17397,26447,0,0,1
KNK,8,17415,26465,0,0,1
KNK,8,17435,26485,0,0,1
KNK,8,17464,26514,0,0,1
KNK,8,17474,26524,0,0,1
KNK,8,17477,26527,0,0,1
KNK,8,17497,26547,0,0,1
KNK,8,17503,26553,0,0,1
KNK,8,17532,26582,0,0,1
KNK,8,17538,26588,0,0,1
KNK,8,17546,26596,0,0,1
KNK,8,17562,26612,0,0,1
KNK,9,13109,22159,1,1,1
KNK,9,13122,22172,1,1,1
KNK,9,13150,22200,1,1,1
KNK,9,13161,22211,1,1,1
KNK,9,13162,22212,1,1,1
KNK,9,13165,22215,1,1,1
KNK,9,13184,22234,1,1,1
KNK,9,13192,22242,1,1,1
KNK,9,13227,22277,1,1,1
KNK,9,13229,22279,1,1,1
KNK,9,13235,22285,1,1,1
KNK,9,13258,22308,1,1,1
KNK,9,13277,22327,1,1,1
KNK,9,13289,22339,1,1,1
KNK,9,13302,22352,1,1,1
KNK,9,13303,22353,1,1,1
KNK,9,13311,22361,1,1,1
KNK,9,13316,22366,1,1,1
KNK,9,13330,22380,1,1,1
KNK,9,13335,22385,1,1,1
KNK,9,13352,22402,1,1,1
KNK,9,13376,22426,1,1,1
KNK,9,13377,22427,1,1,1
KNK,9,13390,22440,1,1,1
KNK,9,13418,22468,1,1,1
KNK,9,13420,22470,1,1,1
KNK,9,13436,22486,1,1,1
KNK,9,13452,22502,1,1,1
KNK,9,13470,22520,1,1,1
KNK,9,13481,22531,1,1,1
KNK,9,13490,22540,1,1,1
KNK,9,13515,22565,1,1,1
KNK,9,13526,22576,1,1,1
KNK,9,13543,22593,1,1,1
KNK,9,13553,22603,1,1,1
KNK,9,13561,22611,1,1,1
KNK,9,13572,22622,1,1,1
KNK,9,13603,22653,1,1,1
KNK,9,13608,22658,1,1,1
KNK,9,13620,22670,1,1,1
KNK,9,13622,22672,1,1,1
KNK,9,13630,22680,1,1,1
KNK,9,13635,22685,1,1,1
KNK,9,13645,22695,1,1,1
KNK,9,13649,22699,1,1,1
KNK,9,13651,22701,1,1,1
KNK,9,13661,22711,1,1,1
KNK,9,13676,22726,1,1,1
KNK,9,13677,22727,1,1,1
KNK,9,13685,22735,1,1,1
KNK,9,13686,22736,1,1,1
KNK,9,13700,22750,1,1,1
KNK,9,13703,22753,1,1,1
KNK,9,13704,22754,1,0,0
KNK,9,13709,22759,1,1,1
KNK,9,13712,22762,1,1,1
KNK,9,13715,22765,1,1,1
KNK,9,13732,22782,1,1,1
KNK,9,13736,22786,1,1,1
KNK,9,13738,22788,1,1,1
KNK,9,13742,22792,1,1,1
KNK,9,13744,22794,1,1,1
KNK,9,13747,22797,1,1,1
KNK,9,13758,22808,1,1,1
KNK,9,13794,22844,1,1,1
KNK,9,13797,22847,1,1,1
KNK,9,13801,22851,1,1,1
KNK,9,13825,22875,1,1,1
KNK,9,13830,22880,1,1,1
KNK,9,13843,22893,1,1,1
KNK,9,13883,22933,1,1,1
KNK,9,13899,22949,1,1,1
KNK,9,13900,22950,1,1,1
KNK,9,13930,22980,1,1,1
KNK,9,13931,22981,1,1,1
KNK,9,13936,22986,1,1,1
KNK,9,13951,23001,1,1,1
KNK,9,13967,23017,1,1,1
KNK,9,13973,23023,1,1,1
KNK,9,13976,23026,1,1,1
KNK,9,13980,23030,1,1,1
KNK,9,13982,23032,1,1,1
KNK,9,14007,23057,1,0,0
KNK,9,14008,23058,1,1,1
KNK,9,14025,23075,1,1,1
KNK,9,14026,23076,1,1,1
KNK,9,14029,23079,1,1,1
KNK,9,14034,23084,1,1,1
KNK,9,14044,23094,1,1,1
KNK,9,14046,23096,1,1,1
KNK,9,14047,23097,1,1,1
KNK,9,14070,23120,1,1,1
KNK,9,14083,23133,1,1,1
KNK,9,14086,23136,1,1,1
KNK,9,14097,23147,1,1,1
KNK,9,14099,23149,1,1,1
KNK,9,14120,23170,1,1,1
KNK,9,14123,23173,1,1,1
KNK,9,14130,23180,1,1,1
KNK,9,14134,23184,1,1,1
KNK,9,14141,23191,1,1,1
KNK,9,14146,23196,1,1,1
KNK,9,14155,23205,1,1,1
KNK,9,14156,23206,1,1,1
KNK,9,14169,23219,1,1,1
KNK,9,14178,23228,1,1,1
KNK,9,14180,23230,1,1,1
KNK,9,14183,23233,1,1,1
KNK,9,14192,23242,1,1,1
KNK,9,14197,23247,1,1,1
KNK,9,14201,23251,1,1,1
KNK,9,14212,23262,1,1,1
KNK,9,14241,23291,1,1,1
KNK,9,14248,23298,1,1,1
KNK,9,14252,23302,1,1,1
KNK,9,14253,23303,1,1,1
KNK,9,14267,23317,1,1,1
KNK,9,14287,23337,1,1,1
KNK,9,14296,23346,1,1,1
KNK,9,14298,23348,1,1,1
KNK,9,14300,23350,1,1,1
KNK,9,14364,23414,1,1,1
KNK,9,14381,23431,1,1,1
KNK,9,14391,23441,1,1,1
KNK,9,14392,23442,1,1,1
KNK,9,14411,23461,1,1,1
KNK,9,14417,23467,1,1,1
KNK,9,14430,23480,1,1,1
KNK,9,14442,23492,1,1,1
KNK,9,14448,23498,1,1,1
KNK,9,14451,23501,1,1,1
KNK,9,14471,23521,1,1,1
KNK,9,14477,23527,1,1,1
KNK,9,14480,23530,1,1,1
KNK,9,14562,23612,1,1,1
KNK,9,14586,23636,1,1,1
KNK,9,14587,23637,1,1,1
KNK,9,14591,23641,1,1,1
KNK,9,14600,23650,1,1,1
KNK,9,14604,23654,1,1,1
KNK,9,14618,23668,1,1,1
KNK,9,14621,23671,1,1,1
KNK,9,14627,23677,1,1,1
KNK,9,14640,23690,1,1,1
KNK,9,14645,23695,1,1,1
KNK,9,14647,23697,1,1,1
KNK,9,14657,23707,1,1,1
KNK,9,14674,23724,1,1,1
KNK,9,14677,23727,1,1,1
KNK,9,14679,23729,1,1,1
KNK,9,14684,23734,1,1,1
KNK,9,14696,23746,1,1,1
KNK,9,14701,23751,1,1,1
KNK,9,14703,23753,1,1,1
KNK,9,14715,23765,1,1,1
KNK,9,14726,23776,1,1,1
KNK,9,14730,23780,1,1,1
KNK,9,14737,23787,1,1,1
KNK,9,14750,23800,1,1,1
KNK,9,14762,23812,1,1,1
KNK,9,14763,23813,1,1,1
KNK,9,14766,23816,1,0,0
KNK,9,14778,23828,1,1,1
KNK,9,14802,23852,1,1,1
KNK,9,14822,23872,1,1,1
KNK,9,14823,23873,1,1,1
KNK,9,14830,23880,1,1,1
KNK,9,14831,23881,1,1,1
KNK,9,14853,23903,1,1,1
KNK,9,14861,23911,1,1,1
KNK,9,14881,23931,1,1,1
KNK,9,14884,23934,1,1,1
KNK,9,14887,23937,1,1,1
KNK,9,14916,23966,1,1,1
KNK,9,14927,23977,1,1,1
KNK,9,14939,23989,1,1,1
KNK,9,14960,24010,1,1,1
KNK,9,14967,24017,1,1,1
KNK,9,14974,24024,1,1,1
KNK,9,14990,24040,1,1,1
KNK,9,14993,24043,1,1,1
KNK,9,14994,24044,1,1,1
KNK,9,15032,24082,1,1,1
KNK,9,15041,24091,1,1,1
KNK,9,15046,24096,1,1,1
KNK,9,15055,24105,1,1,1
KNK,9,15070,24120,1,1,1
KNK,9,15077,24127,1,1,1
KNK,9,15086,24136,1,1,1
KNK,9,15088,24138,1,1,1
KNK,9,15097,24147,1,1,1
KNK,9,15105,24155,1,1,1
KNK,9,15107,24157,1,0,0
KNK,9,15116,24166,1,1,1
KNK,9,15119,24169,1,1,1
KNK,9,15121,24171,1,1,1
KNK,9,15135,24185,1,1,1
KNK,9,15136,24186,1,1,1
KNK,9,15152,24202,1,1,1
KNK,9,15170,24220,1,1,1
KNK,9,15171,24221,1,1,1
KNK,9,15183,24233,1,1,1
KNK,9,15190,24240,1,1,1
KNK,9,15199,24249,1,1,1
KNK,9,15204,24254,1,1,1
KNK,9,15206,24256,1,1,1
KNK,9,15213,24263,1,1,1
KNK,9,15223,24273,1,1,1
KNK,9,15231,24281,1,1,1
KNK,9,15234,24284,1,1,1
KNK,9,15236,24286,1,1,1
KNK,9,15251,24301,1,1,1
KNK,9,15252,24302,1,1,1
KNK,9,15262,24312,1,1,1
KNK,9,15281,24331,1,1,1
KNK,9,15286,24336,1,1,1
KNK,9,15294,24344,1,1,1
KNK,9,15305,24355,1,1,1
KNK,9,15319,24369,1,1,1
KNK,9,15326,24376,1,1,1
KNK,9,15335,24385,1,1,1
KNK,9,15342,24392,1,1,1
KNK,9,15345,24395,1,1,1
KNK,9,15354,24404,1,1,1
KNK,9,15355,24405,1,1,1
KNK,9,15357,24407,1,1,1
KNK,9,15364,24414,1,1,1
KNK,9,15370,24420,1,1,1
KNK,9,15373,24423,1,1,1
KNK,9,15374,24424,1,1,1
KNK,9,15385,24435,1,1,1
KNK,9,15413,24463,1,1,1
KNK,9,15443,24493,1,1,1
KNK,9,15444,24494,1,1,1
KNK,9,15451,24501,1,1,1
KNK,9,15461,24511,1,1,1
KNK,9,15478,24528,0,0,1
KNK,9,15491,24541,0,0,1
KNK,9,15531,24581,0,0,1
KNK,9,15533,24583,0,0,1
KNK,9,15543,24593,0,0,1
KNK,9,15549,24599,0,0,1
KNK,9,15555,24605,0,0,1
KNK,9,15566,24616,0,0,1
KNK,9,15569,24619,0,0,1
KNK,9,15575,24625,0,0,1
KNK,9,15576,24626,0,0,1
KNK,9,15578,24628,0,0,1
KNK,9,15587,24637,0,0,1
KNK,9,15612,24662,0,0,1
KNK,9,15628,24678,0,0,1
KNK,9,15634,24684,0,0,1
KNK,9,15639,24689,0,0,1
KNK,9,15647,24697,0,0,1
KNK,9,15648,24698,0,0,1
KNK,9,15653,24703,0,0,1
KNK,9,15659,24709,0,0,1
KNK,9,15678,24728,0,0,1
KNK,9,15681,24731,0,0,1
KNK,9,15697,24747,0,0,1
KNK,9,15705,24755,0,0,1
KNK,9,15733,24783,0,0,1
KNK,9,15735,24785,0,0,1
KNK,9,15747,24797,0,0,1
KNK,9,15775,24825,0,0,1
KNK,9,15779,24829,0,0,1
KNK,9,15783,24833,0,0,1
KNK,9,15792,24842,0,0,1
KNK,9,15796,24846,0,0,1
KNK,9,15797,24847,0,0,1
KNK,9,15807,24857,0,0,1
KNK,9,15811,24861,0,0,1
KNK,9,15812,24862,0,0,1
KNK,9,15842,24892,0,0,1
KNK,9,15843,24893,0,0,1
KNK,9,15854,24904,0,0,1
KNK,9,15870,24920,0,0,1
KNK,9,15879,24929,0,0,1
KNK,9,15884,24934,0,0,1
KNK,9,15891,24941,0,0,1
KNK,9,15899,24949,0,0,1
KNK,9,15932,24982,0,0,1
KNK,9,15934,24984,0,0,1
KNK,9,15938,24988,0,0,1
KNK,9,15939,24989,0,0,1
KNK,9,15950,25000,0,0,1
KNK,9,15983,25033,0,0,1
KNK,9,15986,25036,0,0,1
KNK,9,15999,25049,0,0,1
KNK,9,16004,25054,0,0,1
KNK,9,16012,25062,0,0,1
KNK,9,16025,25075,0,0,1
KNK,9,16035,25085,0,0,1
KNK,9,16037,25087,0,0,1
KNK,9,16063,25113,0,0,1
KNK,9,16099,25149,0,0,1
KNK,9,16118,25168,0,0,1
KNK,9,16134,25184,0,1,0
KNK,9,16135,25185,0,0,1
KNK,9,16138,25188,0,0,1
KNK,9,16140,25190,0,0,1
KNK,9,16141,25191,0,0,1
KNK,9,16150,25200,0,0,1
KNK,9,16161,25211,0,0,1
KNK,9,16162,25212,0,0,1
KNK,9,16174,25224,0,0,1
KNK,9,16195,25245,0,0,1
KNK,9,16207,25257,0,0,1
KNK,9,16208,25258,0,0,1
KNK,9,16209,25259,0,0,1
KNK,9,16223,25273,0,0,1
KNK,9,16233,25283,0,0,1
KNK,9,16249,25299,0,0,1
KNK,9,16263,25313,0,0,1
KNK,9,16273,25323,0,0,1
KNK,9,16284,25334,0,0,1
KNK,9,16286,25336,0,0,1
KNK,9,16287,25337,0,0,1
KNK,9,16313,25363,0,0,1
KNK,9,16314,25364,0,0,1
KNK,9,16315,25365,0,1,0
KNK,9,16324,25374,0,0,1
KNK,9,16335,25385,0,1,0
KNK,9,16338,25388,0,0,1
KNK,9,16356,25406,0,0,1
KNK,9,16375,25425,0,0,1
KNK,9,16389,25439,0,0,1
KNK,9,16392,25442,0,0,1
KNK,9,16397,25447,0,0,1
KNK,9,16402,25452,0,0,1
KNK,9,16403,25453,0,0,1
KNK,9,16414,25464,0,0,1
KNK,9,16418,25468,0,0,1
KNK,9,16426,25476,0,0,1
KNK,9,16433,25483,0,0,1
KNK,9,16461,25511,0,0,1
KNK,9,16470,25520,0,0,1
KNK,9,16474,25524,0,0,1
KNK,9,16478,25528,0,0,1
KNK,9,16508,25558,0,0,1
KNK,9,16519,25569,0,1,0
KNK,9,16522,25572,0,0,1
KNK,9,16527,25577,0,0,1
KNK,9,16533,25583,0,0,1
KNK,9,16544,25594,0,0,1
KNK,9,16557,25607,0,0,1
KNK,9,16563,25613,0,0,1
KNK,9,16567,25617,0,0,1
KNK,9,16610,25660,0,0,1
KNK,9,16626,25676,0,0,1
KNK,9,16633,25683,0,0,1
KNK,9,16646,25696,0,0,1
KNK,9,16649,25699,0,0,1
KNK,9,16651,25701,0,0,1
KNK,9,16671,25721,0,0,1
KNK,9,16675,25725,0,0,1
KNK,9,16687,25737,0,0,1
KNK,9,16696,25746,0,0,1
KNK,9,16700,25750,0,0,1
KNK,9,16739,25789,0,0,1
KNK,9,16745,25795,0,0,1
KNK,9,16753,25803,0,0,1
KNK,9,16772,25822,0,0,1
KNK,9,16798,25848,0,0,1
KNK,9,16811,25861,0,0,1
KNK,9,16821,25871,0,0,1
KNK,9,16839,25889,0,0,1
KNK,9,16842,25892,0,0,1
KNK,9,16845,25895,0,0,1
KNK,9,16850,25900,0,0,1
KNK,9,16880,25930,0,0,1
KNK,9,16920,25970,0,0,1
KNK,9,16931,25981,0,0,1
KNK,9,16936,25986,0,0,1
KNK,9,16953,26003,0,0,1
KNK,9,16971,26021,0,0,1
KNK,9,16978,26028,0,0,1
KNK,9,16993,26043,0,0,1
KNK,9,16994,26044,0,0,1
KNK,9,16997,26047,0,0,1
KNK,9,16999,26049,0,0,1
KNK,9,17001,26051,0,0,1
KNK,9,17008,26058,0,0,1
KNK,9,17014,26064,0,0,1
KNK,9,17019,26069,0,0,1
KNK,9,17020,26070,0,0,1
KNK,9,17029,26079,0,0,1
KNK,9,17030,26080,0,0,1
KNK,9,17046,26096,0,0,1
KNK,9,17050,26100,0,0,1
KNK,9,17066,26116,0,0,1
KNK,9,17091,26141,0,0,1
KNK,9,17098,26148,0,0,1
KNK,9,17132,26182,0,0,1
KNK,9,17133,26183,0,0,1
KNK,9,17151,26201,0,0,1
KNK,9,17152,26202,0,0,1
KNK,9,17155,26205,0,0,1
KNK,9,17165,26215,0,0,1
KNK,9,17173,26223,0,0,1
KNK,9,17193,26243,0,0,1
KNK,9,17213,26263,0,0,1
KNK,9,17221,26271,0,0,1
KNK,9,17224,26274,0,0,1
KNK,9,17226,26276,0,0,1
KNK,9,17234,26284,0,0,1
KNK,9,17242,26292,0,0,1
KNK,9,17246,26296,0,0,1
KNK,9,17250,26300,0,0,1
KNK,9,17266,26316,0,0,1
KNK,9,17269,26319,0,0,1
KNK,9,17288,26338,0,0,1
KNK,9,17291,26341,0,0,1
KNK,9,17313,26363,0,0,1
KNK,9,17314,26364,0,0,1
KNK,9,17328,26378,0,1,0
KNK,9,17333,26383,0,0,1
KNK,9,17371,26421,0,0,1
KNK,9,17382,26432,0,0,1
KNK,9,17392,26442,0,0,1
KNK,9,17400,26450,0,0,1
KNK,9,17410,26460,0,0,1
KNK,9,17423,26473,0,0,1
KNK,9,17424,26474,0,0,1
KNK,9,17427,26477,0,0,1
KNK,9,17429,26479,0,0,1
KNK,9,17431,26481,0,0,1
KNK,9,17439,26489,0,1,0
KNK,9,17442,26492,0,0,1
KNK,9,17443,26493,0,0,1
KNK,9,17448,26498,0,0,1
KNK,9,17449,26499,0,1,0
KNK,9,17451,26501,0,0,1
KNK,9,17458,26508,0,0,1
KNK,9,17466,26516,0,0,1
KNK,9,17470,26520,0,0,1
KNK,9,17471,26521,0,0,1
KNK,9,17487,26537,0,0,1
KNK,9,17489,26539,0,0,1
KNK,9,17506,26556,0,0,1
KNK,9,17507,26557,0,0,1
KNK,9,17511,26561,0,0,1
KNK,9,17513,26563,0,0,1
KNK,9,17519,26569,0,0,1
KNK,9,17524,26574,0,0,1
KNK,9,17542,26592,0,0,1
KNK,10,13102,22152,1,1,1
KNK,10,13104,22154,1,1,1
KNK,10,13129,22179,1,1,1
KNK,10,13137,22187,1,1,1
KNK,10,13140,22190,1,1,1
KNK,10,13185,22235,1,1,1
KNK,10,13188,22238,1,1,1
KNK,10,13195,22245,1,1,1
KNK,10,13205,22255,1,1,1
KNK,10,13207,22257,1,1,1
KNK,10,13216,22266,1,1,1
KNK,10,13224,22274,1,1,1
KNK,10,13226,22276,1,1,1
KNK,10,13228,22278,1,1,1
KNK,10,13238,22288,1,1,1
KNK,10,13262,22312,1,1,1
KNK,10,13271,22321,1,1,1
KNK,10,13276,22326,1,1,1
KNK,10,13280,22330,1,1,1
KNK,10,13282,22332,1,1,1
KNK,10,13287,22337,1,1,1
KNK,10,13308,22358,1,1,1
KNK,10,13326,22376,1,1,1
KNK,10,13332,22382,1,1,1
KNK,10,13338,22388,1,0,0
KNK,10,13342,22392,1,1,1
KNK,10,13348,22398,1,1,1
KNK,10,13353,22403,1,1,1
KNK,10,13357,22407,1,1,1
KNK,10,13364,22414,1,0,0
KNK,10,13375,22425,1,1,1
KNK,10,13402,22452,1,1,1
KNK,10,13404,22454,1,1,1
KNK,10,13411,22461,1,1,1
KNK,10,13422,22472,1,1,1
KNK,10,13468,22518,1,1,1
KNK,10,13486,22536,1,1,1
KNK,10,13493,22543,1,1,1
KNK,10,13499,22549,1,1,1
KNK,10,13501,22551,1,1,1
KNK,10,13508,22558,1,1,1
KNK,10,13514,22564,1,1,1
KNK,10,13521,22571,1,1,1
KNK,10,13525,22575,1,1,1
KNK,10,13533,22583,1,0,0
KNK,10,13547,22597,1,1,1
KNK,10,13585,22635,1,1,1
KNK,10,13587,22637,1,1,1
KNK,10,13593,22643,1,1,1
KNK,10,13605,22655,1,1,1
KNK,10,13606,22656,1,1,1
KNK,10,13610,22660,1,1,1
KNK,10,13613,22663,1,1,1
KNK,10,13614,22664,1,1,1
KNK,10,13618,22668,1,1,1
KNK,10,13619,22669,1,1,1
KNK,10,13629,22679,1,1,1
KNK,10,13634,22684,1,1,1
KNK,10,13668,22718,1,1,1
KNK,10,13669,22719,1,1,1
KNK,10,13671,22721,1,1,1
KNK,10,13682,22732,1,1,1
KNK,10,13687,22737,1,1,1
KNK,10,13695,22745,1,1,1
KNK,10,13706,22756,1,1,1
KNK,10,13711,22761,1,1,1
KNK,10,13733,22783,1,1,1
KNK,10,13760,22810,1,1,1
KNK,10,13780,22830,1,1,1
KNK,10,13785,22835,1,1,1
KNK,10,13808,22858,1,1,1
KNK,10,13823,22873,1,1,1
KNK,10,13826,22876,1,0,0
KNK,10,13829,22879,1,1,1
KNK,10,13846,22896,1,1,1
KNK,10,13873,22923,1,1,1
KNK,10,13878,22928,1,1,1
KNK,10,13886,22936,1,1,1
KNK,10,13897,22947,1,1,1
KNK,10,13906,22956,1,1,1
KNK,10,13925,22975,1,1,1
KNK,10,13934,22984,1,1,1
KNK,10,13944,22994,1,1,1
KNK,10,13952,23002,1,1,1
KNK,10,13968,23018,1,1,1
KNK,10,13969,23019,1,1,1
KNK,10,14003,23053,1,1,1
KNK,10,14011,23061,1,1,1
KNK,10,14015,23065,1,1,1
KNK,10,14050,23100,1,1,1
KNK,10,14108,23158,1,1,1
KNK,10,14114,23164,1,1,1
KNK,10,14144,23194,1,1,1
KNK,10,14147,23197,1,1,1
KNK,10,14167,23217,1,1,1
KNK,10,14170,23220,1,1,1
KNK,10,14181,23231,1,1,1
KNK,10,14182,23232,1,1,1
KNK,10,14189,23239,1,1,1
KNK,10,14191,23241,1,1,1
KNK,10,14194,23244,1,1,1
KNK,10,14198,23248,1,1,1
KNK,10,14209,23259,1,1,1
KNK,10,14220,23270,1,1,1
KNK,10,14246,23296,1,1,1
KNK,10,14249,23299,1,1,1
KNK,10,14257,23307,1,1,1
KNK,10,14272,23322,1,1,1
KNK,10,14276,23326,1,1,1
KNK,10,14279,23329,1,1,1
KNK,10,14281,23331,1,1,1
KNK,10,14290,23340,1,1,1
KNK,10,14303,23353,1,1,1
KNK,10,14323,23373,1,1,1
KNK,10,14333,23383,1,1,1
KNK,10,14337,23387,1,1,1
KNK,10,14340,23390,1,1,1
KNK,10,14363,23413,1,1,1
KNK,10,14366,23416,1,1,1
KNK,10,14370,23420,1,1,1
KNK,10,14385,23435,1,1,1
KNK,10,14386,23436,1,1,1
KNK,10,14397,23447,1,1,1
KNK,10,14401,23451,1,1,1
KNK,10,14428,23478,1,1,1
KNK,10,14432,23482,1,1,1
KNK,10,14441,23491,1,1,1
KNK,10,14456,23506,1,1,1
KNK,10,14461,23511,1,0,0
KNK,10,14462,23512,1,1,1
KNK,10,14463,23513,1,1,1
KNK,10,14475,23525,1,1,1
KNK,10,14482,23532,1,1,1
KNK,10,14486,23536,1,1,1
KNK,10,14510,23560,1,1,1
KNK,10,14516,23566,1,0,0
KNK,10,14532,23582,1,1,1
KNK,10,14535,23585,1,1,1
KNK,10,14552,23602,1,1,1
KNK,10,14558,23608,1,1,1
KNK,10,14559,23609,1,1,1
KNK,10,14560,23610,1,1,1
KNK,10,14567,23617,1,1,1
KNK,10,14571,23621,1,1,1
KNK,10,14576,23626,1,0,0
KNK,10,14577,23627,1,1,1
KNK,10,14578,23628,1,1,1
KNK,10,14583,23633,1,1,1
KNK,10,14585,23635,1,1,1
KNK,10,14603,23653,1,1,1
KNK,10,14607,23657,1,1,1
KNK,10,14611,23661,1,1,1
KNK,10,14630,23680,1,1,1
KNK,10,14636,23686,1,1,1
KNK,10,14642,23692,1,1,1
KNK,10,14655,23705,1,1,1
KNK,10,14669,23719,1,1,1
KNK,10,14672,23722,1,1,1
KNK,10,14700,23750,1,1,1
KNK,10,14713,23763,1,1,1
KNK,10,14729,23779,1,1,1
KNK,10,14733,23783,1,1,1
KNK,10,14738,23788,1,1,1
KNK,10,14760,23810,1,1,1
KNK,10,14761,23811,1,1,1
KNK,10,14773,23823,1,1,1
KNK,10,14776,23826,1,1,1
KNK,10,14784,23834,1,1,1
KNK,10,14793,23843,1,1,1
KNK,10,14795,23845,1,1,1
KNK,10,14798,23848,1,1,1
KNK,10,14800,23850,1,1,1
KNK,10,14846,23896,1,1,1
KNK,10,14867,23917,1,1,1
KNK,10,14869,23919,1,1,1
KNK,10,14893,23943,1,1,1
KNK,10,14898,23948,1,0,0
KNK,10,14925,23975,1,1,1
KNK,10,14929,23979,1,1,1
KNK,10,14936,23986,1,1,1
KNK,10,14937,23987,1,1,1
KNK,10,14945,23995,1,1,1
KNK,10,14957,24007,1,1,1
KNK,10,14966,24016,1,1,1
KNK,10,14968,24018,1,1,1
KNK,10,14970,24020,1,1,1
KNK,10,14978,24028,1,1,1
KNK,10,15009,24059,1,1,1
KNK,10,15013,24063,1,1,1
KNK,10,15017,24067,1,1,1
KNK,10,15034,24084,1,1,1
KNK,10,15035,24085,1,1,1
KNK,10,15042,24092,1,1,1
KNK,10,15051,24101,1,0,0
KNK,10,15071,24121,1,1,1
KNK,10,15072,24122,1,1,1
KNK,10,15091,24141,1,1,1
KNK,10,15092,24142,1,1,1
KNK,10,15095,24145,1,1,1
KNK,10,15113,24163,1,1,1
KNK,10,15118,24168,1,1,1
KNK,10,15123,24173,1,1,1
KNK,10,15126,24176,1,1,1
KNK,10,15148,24198,1,1,1
KNK,10,15149,24199,1,1,1
KNK,10,15163,24213,1,1,1
KNK,10,15187,24237,1,1,1
KNK,10,15193,24243,1,1,1
KNK,10,15201,24251,1,1,1
KNK,10,15208,24258,1,1,1
KNK,10,15217,24267,1,1,1
KNK,10,15225,24275,1,1,1
KNK,10,15226,24276,1,1,1
KNK,10,15242,24292,1,1,1
KNK,10,15256,24306,1,1,1
KNK,10,15259,24309,1,1,1
KNK,10,15265,24315,1,1,1
KNK,10,15291,24341,1,1,1
KNK,10,15295,24345,1,1,1
KNK,10,15298,24348,1,1,1
KNK,10,15307,24357,1,1,1
KNK,10,15315,24365,1,1,1
KNK,10,15325,24375,1,1,1
KNK,10,15340,24390,1,1,1
KNK,10,15361,24411,1,1,1
KNK,10,15381,24431,1,1,1
KNK,10,15386,24436,1,1,1
KNK,10,15390,24440,1,1,1
KNK,10,15399,24449,1,1,1
KNK,10,15402,24452,1,1,1
KNK,10,15406,24456,1,1,1
KNK,10,15420,24470,1,1,1
KNK,10,15433,24483,1,1,1
KNK,10,15435,24485,1,1,1
KNK,10,15439,24489,1,1,1
KNK,10,15446,24496,1,1,1
KNK,10,15487,24537,0,0,1
KNK,10,15488,24538,0,0,1
KNK,10,15518,24568,0,0,1
KNK,10,15519,24569,0,0,1
KNK,10,15537,24587,0,0,1
KNK,10,15538,24588,0,0,1
KNK,10,15556,24606,0,0,1
KNK,10,15559,24609,0,0,1
KNK,10,15573,24623,0,0,1
KNK,10,15582,24632,0,0,1
KNK,10,15597,24647,0,0,1
KNK,10,15602,24652,0,0,1
KNK,10,15603,24653,0,0,1
KNK,10,15607,24657,0,0,1
KNK,10,15617,24667,0,0,1
KNK,10,15629,24679,0,0,1
KNK,10,15636,24686,0,0,1
KNK,10,15649,24699,0,0,1
KNK,10,15656,24706,0,0,1
KNK,10,15667,24717,0,0,1
KNK,10,15675,24725,0,0,1
KNK,10,15682,24732,0,0,1
KNK,10,15695,24745,0,0,1
KNK,10,15696,24746,0,0,1
KNK,10,15704,24754,0,0,1
KNK,10,15710,24760,0,0,1
KNK,10,15715,24765,0,0,1
KNK,10,15730,24780,0,0,1
KNK,10,15743,24793,0,0,1
KNK,10,15748,24798,0,0,1
KNK,10,15752,24802,0,0,1
KNK,10,15770,24820,0,0,1
KNK,10,15771,24821,0,0,1
KNK,10,15774,24824,0,0,1
KNK,10,15777,24827,0,0,1
KNK,10,15789,24839,0,0,1
KNK,10,15800,24850,0,0,1
KNK,10,15803,24853,0,0,1
KNK,10,15808,24858,0,0,1
KNK,10,15815,24865,0,0,1
KNK,10,15823,24873,0,0,1
KNK,10,15826,24876,0,0,1
KNK,10,15855,24905,0,0,1
KNK,10,15872,24922,0,0,1
KNK,10,15894,24944,0,0,1
KNK,10,15896,24946,0,0,1
KNK,10,15898,24948,0,0,1
KNK,10,15902,24952,0,0,1
KNK,10,15915,24965,0,0,1
KNK,10,15918,24968,0,0,1
KNK,10,15923,24973,0,0,1
KNK,10,15929,24979,0,0,1
KNK,10,15937,24987,0,0,1
KNK,10,15953,25003,0,0,1
KNK,10,15959,25009,0,0,1
KNK,10,15966,25016,0,0,1
KNK,10,15981,25031,0,0,1
KNK,10,15998,25048,0,0,1
KNK,10,16016,25066,0,0,1
KNK,10,16019,25069,0,0,1
KNK,10,16030,25080,0,0,1
KNK,10,16034,25084,0,0,1
KNK,10,16038,25088,0,0,1
KNK,10,16045,25095,0,0,1
KNK,10,16050,25100,0,0,1
KNK,10,16060,25110,0,0,1
KNK,10,16061,25111,0,0,1
KNK,10,16065,25115,0,0,1
KNK,10,16070,25120,0,0,1
KNK,10,16088,25138,0,0,1
KNK,10,16104,25154,0,0,1
KNK,10,16108,25158,0,0,1
KNK,10,16112,25162,0,0,1
KNK,10,16113,25163,0,0,1
KNK,10,16115,25165,0,0,1
KNK,10,16122,25172,0,0,1
KNK,10,16124,25174,0,0,1
KNK,10,16125,25175,0,0,1
KNK,10,16128,25178,0,0,1
KNK,10,16133,25183,0,0,1
KNK,10,16149,25199,0,0,1
KNK,10,16175,25225,0,0,1
KNK,10,16181,25231,0,0,1
KNK,10,16204,25254,0,0,1
KNK,10,16206,25256,0,0,1
KNK,10,16219,25269,0,1,0
KNK,10,16234,25284,0,0,1
KNK,10,16250,25300,0,0,1
KNK,10,16251,25301,0,0,1
KNK,10,16261,25311,0,0,1
KNK,10,16275,25325,0,0,1
KNK,10,16278,25328,0,0,1
KNK,10,16280,25330,0,0,1
KNK,10,16295,25345,0,0,1
KNK,10,16296,25346,0,0,1
KNK,10,16299,25349,0,0,1
KNK,10,16300,25350,0,0,1
KNK,10,16308,25358,0,0,1
KNK,10,16337,25387,0,0,1
KNK,10,16339,25389,0,0,1
KNK,10,16349,25399,0,0,1
KNK,10,16350,25400,0,0,1
KNK,10,16352,25402,0,0,1
KNK,10,16354,25404,0,0,1
KNK,10,16379,25429,0,0,1
KNK,10,16387,25437,0,0,1
KNK,10,16434,25484,0,0,1
KNK,10,16453,25503,0,0,1
KNK,10,16455,25505,0,0,1
KNK,10,16467,25517,0,0,1
KNK,10,16473,25523,0,0,1
KNK,10,16480,25530,0,0,1
KNK,10,16512,25562,0,0,1
KNK,10,16528,25578,0,0,1
KNK,10,16581,25631,0,0,1
KNK,10,16589,25639,0,0,1
KNK,10,16595,25645,0,0,1
KNK,10,16605,25655,0,0,1
KNK,10,16652,25702,0,0,1
KNK,10,16653,25703,0,0,1
KNK,10,16669,25719,0,0,1
KNK,10,16674,25724,0,0,1
KNK,10,16676,25726,0,0,1
KNK,10,16678,25728,0,0,1
KNK,10,16692,25742,0,0,1
KNK,10,16705,25755,0,0,1
KNK,10,16707,25757,0,0,1
KNK,10,16710,25760,0,0,1
KNK,10,16716,25766,0,0,1
KNK,10,16733,25783,0,1,0
KNK,10,16746,25796,0,0,1
KNK,10,16751,25801,0,0,1
KNK,10,16759,25809,0,0,1
KNK,10,16765,25815,0,0,1
KNK,10,16771,25821,0,0,1
KNK,10,16800,25850,0,0,1
KNK,10,16803,25853,0,0,1
KNK,10,16836,25886,0,0,1
KNK,10,16861,25911,0,0,1
KNK,10,16879,25929,0,0,1
KNK,10,16895,25945,0,0,1
KNK,10,16901,25951,0,0,1
KNK,10,16912,25962,0,0,1
KNK,10,16933,25983,0,0,1
KNK,10,16943,25993,0,0,1
KNK,10,16949,25999,0,0,1
KNK,10,16950,26000,0,0,1
KNK,10,16970,26020,0,0,1
KNK,10,16972,26022,0,0,1
KNK,10,16982,26032,0,0,1
KNK,10,16988,26038,0,0,1
KNK,10,16989,26039,0,0,1
KNK,10,16990,26040,0,0,1
KNK,10,16992,26042,0,0,1
KNK,10,17002,26052,0,0,1
KNK,10,17010,26060,0,0,1
KNK,10,17012,26062,0,0,1
KNK,10,17016,26066,0,0,1
KNK,10,17021,26071,0,0,1
KNK,10,17026,26076,0,0,1
KNK,10,17065,26115,0,0,1
KNK,10,17075,26125,0,0,1
KNK,10,17084,26134,0,0,1
KNK,10,17087,26137,0,0,1
KNK,10,17101,26151,0,0,1
KNK,10,17106,26156,0,0,1
KNK,10,17109,26159,0,0,1
KNK,10,17135,26185,0,0,1
KNK,10,17160,26210,0,0,1
KNK,10,17163,26213,0,0,1
KNK,10,17170,26220,0,0,1
KNK,10,17182,26232,0,0,1
KNK,10,17183,26233,0,0,1
KNK,10,17198,26248,0,0,1
KNK,10,17216,26266,0,0,1
KNK,10,17217,26267,0,0,1
KNK,10,17232,26282,0,0,1
KNK,10,17233,26283,0,0,1
KNK,10,17237,26287,0,0,1
KNK,10,17238,26288,0,0,1
KNK,10,17252,26302,0,0,1
KNK,10,17263,26313,0,0,1
KNK,10,17279,26329,0,0,1
KNK,10,17300,26350,0,0,1
KNK,10,17312,26362,0,0,1
KNK,10,17320,26370,0,1,0
KNK,10,17329,26379,0,0,1
KNK,10,17345,26395,0,0,1
KNK,10,17352,26402,0,0,1
KNK,10,17362,26412,0,0,1
KNK,10,17377,26427,0,0,1
KNK,10,17393,26443,0,0,1
KNK,10,17395,26445,0,0,1
KNK,10,17399,26449,0,0,1
KNK,10,17404,26454,0,0,1
KNK,10,17446,26496,0,0,1
KNK,10,17456,26506,0,0,1
KNK,10,17459,26509,0,0,1
KNK,10,17461,26511,0,0,1
KNK,10,17486,26536,0,0,1
KNK,10,17491,26541,0,0,1
KNK,10,17492,26542,0,0,1
KNK,10,17504,26554,0,0,1
KNK,10,17518,26568,0,0,1
KNK,10,17525,26575,0,0,1
KNK,10,17527,26577,0,0,1
KNK,10,17528,26578,0,0,1
KNK,10,17563,26613,0,0,1
KNK,10,17564,26614,0,0,1
KNK,10,17565,26615,0,0,1
