station,outer_fold,source_row_index,serial_no,label_true,label_predicted,correct
SAW,1,19062,33015,1,1,1
SAW,1,19080,33033,1,1,1
SAW,1,19081,33034,1,1,1
SAW,1,19090,33043,1,1,1
SAW,1,19096,33049,1,1,1
SAW,1,19101,33054,1,1,1
SAW,1,19103,33056,1,1,1
SAW,1,19108,33061,1,1,1
SAW,1,19114,33067,1,1,1
SAW,1,19117,33070,1,1,1
SAW,1,19126,33079,1,1,1
SAW,1,19128,33081,1,1,1
SAW,1,19132,33085,1,1,1
SAW,1,19141,33094,1,1,1
SAW,1,19162,33115,1,1,1
SAW,1,19163,33116,1,1,1
SAW,1,19167,33120,1,1,1
SAW,1,19173,33126,1,1,1
SAW,1,19176,33129,1,1,1
SAW,1,19179,33132,1,1,1
SAW,1,19182,33135,1,1,1
SAW,1,19184,33137,1,1,1
SAW,1,19201,33154,1,1,1
SAW,1,19210,33163,1,1,1
SAW,1,19216,33169,1,0,0
SAW,1,19226,33179,1,1,1
SAW,1,19258,33211,1,1,1
SAW,1,19266,33219,1,1,1
SAW,1,19268,33221,1,1,1
SAW,1,19275,33228,1,1,1
SAW,1,19276,33229,1,1,1
SAW,1,19277,33230,1,1,1
SAW,1,19281,33234,1,1,1
SAW,1,19282,33235,1,1,1
SAW,1,19290,33243,1,1,1
SAW,1,19306,33259,1,1,1
SAW,1,19329,33282,1,1,1
SAW,1,19348,33301,1,1,1
SAW,1,19368,33321,1,1,1
SAW,1,19374,33327,1,1,1
SAW,1,19383,33336,1,1,1
SAW,1,19385,33338,1,1,1
SAW,1,19399,33352,1,1,1
SAW,1,19412,33365,1,1,1
SAW,1,19413,33366,1,1,1
SAW,1,19418,33371,1,1,1
SAW,1,19423,33376,1,1,1
SAW,1,19439,33392,1,1,1
SAW,1,19442,33395,1,1,1
SAW,1,19444,33397,1,1,1
SAW,1,19451,33404,1,1,1
SAW,1,19458,33411,1,1,1
SAW,1,19463,33416,1,1,1
SAW,1,19467,33420,1,1,1
SAW,1,19471,33424,1,1,1
SAW,1,19474,33427,1,1,1
SAW,1,19480,33433,1,1,1
SAW,1,19483,33436,1,1,1
SAW,1,19486,33439,1,0,0
SAW,1,19494,33447,1,1,1
SAW,1,19505,33458,1,1,1
SAW,1,19522,33475,1,1,1
SAW,1,19527,33480,1,1,1
SAW,1,19555,33508,1,1,1
SAW,1,19563,33516,1,1,1
SAW,1,19564,33517,1,0,0
SAW,1,19569,33522,1,1,1
SAW,1,19585,33538,1,1,1
SAW,1,19597,33550,1,1,1
SAW,1,19606,33559,1,1,1
SAW,1,19609,33562,1,1,1
SAW,1,19615,33568,1,1,1
SAW,1,19621,33574,1,1,1
SAW,1,19629,33582,1,0,0
SAW,1,19632,33585,1,1,1
SAW,1,19637,33590,1,1,1
SAW,1,19658,33611,1,1,1
SAW,1,19661,33614,1,1,1
SAW,1,19666,33619,1,1,1
SAW,1,19671,33624,1,1,1
SAW,1,19682,33635,1,1,1
SAW,1,19684,33637,1,1,1
SAW,1,19699,33652,1,1,1
SAW,1,19706,33659,1,1,1
SAW,1,19709,33662,1,1,1
SAW,1,19721,33674,1,1,1
SAW,1,19729,33682,1,1,1
SAW,1,19734,33687,1,1,1
SAW,1,19742,33695,1,1,1
SAW,1,19755,33708,1,1,1
SAW,1,19756,33709,1,1,1
SAW,1,19758,33711,1,1,1
SAW,1,19787,33740,1,1,1
SAW,1,19822,33775,1,1,1
SAW,1,19825,33778,1,1,1
SAW,1,19827,33780,1,1,1
SAW,1,19832,33785,1,1,1
SAW,1,19841,33794,1,1,1
SAW,1,19847,33800,1,1,1
SAW,1,19848,33801,1,1,1
SAW,1,19854,33807,1,1,1
SAW,1,19877,33830,1,1,1
SAW,1,19878,33831,1,1,1
SAW,1,19885,33838,1,1,1
SAW,1,19886,33839,1,1,1
SAW,1,19899,33852,1,1,1
SAW,1,19908,33861,1,1,1
SAW,1,19963,33916,1,1,1
SAW,1,19968,33921,1,1,1
SAW,1,19971,33924,1,1,1
SAW,1,19985,33938,1,1,1
SAW,1,19986,33939,1,1,1
SAW,1,19988,33941,1,1,1
SAW,1,20001,33954,1,1,1
SAW,1,20008,33961,1,1,1
SAW,1,20019,33972,1,1,1
SAW,1,20023,33976,1,1,1
SAW,1,20029,33982,1,1,1
SAW,1,20046,33999,1,0,0
SAW,1,20047,34000,1,1,1
SAW,1,20054,34007,1,1,1
SAW,1,20064,34017,1,1,1
SAW,1,20078,34031,1,1,1
SAW,1,20091,34044,1,1,1
SAW,1,20092,34045,1,1,1
SAW,1,20111,34064,1,1,1
SAW,1,20119,34072,1,1,1
SAW,1,20121,34074,1,1,1
SAW,1,20124,34077,1,1,1
SAW,1,20129,34082,1,1,1
SAW,1,20133,34086,1,1,1
SAW,1,20150,34103,1,1,1
SAW,1,20163,34116,1,1,1
SAW,1,20183,34136,1,1,1
SAW,1,20184,34137,1,1,1
SAW,1,20187,34140,1,1,1
SAW,1,20206,34159,1,1,1
SAW,1,20211,34164,1,1,1
SAW,1,20221,34174,1,1,1
SAW,1,20247,34200,1,1,1
SAW,1,20259,34212,1,1,1
SAW,1,20263,34216,1,1,1
SAW,1,20274,34227,1,1,1
SAW,1,20282,34235,1,1,1
SAW,1,20284,34237,1,1,1
SAW,1,20293,34246,1,1,1
SAW,1,20313,34266,1,1,1
SAW,1,20329,34282,1,1,1
SAW,1,20332,34285,1,1,1
SAW,1,20359,34312,1,1,1
SAW,1,20381,34334,1,1,1
SAW,1,20400,34353,1,1,1
SAW,1,20408,34361,1,1,1
SAW,1,20435,34388,1,1,1
SAW,1,20448,34401,1,1,1
SAW,1,20474,34427,1,1,1
SAW,1,20492,34445,1,1,1
SAW,1,20494,34447,1,0,0
SAW,1,20497,34450,1,1,1
SAW,1,20535,34488,1,1,1
SAW,1,20547,34500,1,1,1
SAW,1,20559,34512,1,1,1
SAW,1,20581,34534,1,1,1
SAW,1,20595,34548,1,1,1
SAW,1,20614,34567,1,1,1
SAW,1,20631,34584,1,1,1
SAW,1,20633,34586,1,1,1
SAW,1,20634,34587,1,1,1
SAW,1,20636,34589,1,0,0
SAW,1,20650,34603,1,1,1
SAW,1,20663,34616,1,1,1
SAW,1,20667,34620,1,1,1
SAW,1,20668,34621,1,1,1
SAW,1,20705,34658,1,1,1
SAW,1,20710,34663,1,1,1
SAW,1,20725,34678,1,0,0
SAW,1,20737,34690,1,1,1
SAW,1,20738,34691,1,0,0
SAW,1,20745,34698,1,1,1
SAW,1,20747,34700,1,1,1
SAW,1,20759,34712,1,1,1
SAW,1,20761,34714,1,1,1
SAW,1,20785,34738,1,1,1
SAW,1,20814,34767,1,1,1
SAW,1,20851,34804,1,1,1
SAW,1,20866,34819,1,1,1
SAW,1,20877,34830,1,1,1
SAW,1,20878,34831,1,1,1
SAW,1,20879,34832,1,1,1
SAW,1,20881,34834,1,1,1
SAW,1,20883,34836,1,1,1
SAW,1,20899,34852,1,1,1
SAW,1,20912,34865,1,1,1
SAW,1,20932,34885,1,1,1
SAW,1,20936,34889,1,1,1
SAW,1,20947,34900,1,1,1
SAW,1,20949,34902,1,1,1
SAW,1,20956,34909,1,1,1
SAW,1,20971,34924,1,1,1
SAW,1,20983,34936,1,1,1
SAW,1,20993,34946,1,1,1
SAW,1,20994,34947,1,1,1
SAW,1,20998,34951,1,1,1
SAW,1,20999,34952,1,1,1
SAW,1,21000,34953,1,1,1
SAW,1,21009,34962,1,1,1
SAW,1,21018,34971,1,1,1
SAW,1,21032,34985,1,1,1
SAW,1,21043,34996,1,1,1
SAW,1,21077,35030,1,1,1
SAW,1,21112,35065,1,1,1
SAW,1,21115,35068,1,1,1
SAW,1,21117,35070,1,1,1
SAW,1,21121,35074,1,1,1
SAW,1,21136,35089,1,1,1
SAW,1,21137,35090,1,1,1
SAW,1,21140,35093,1,1,1
SAW,1,21155,35108,1,1,1
SAW,1,21158,35111,1,1,1
SAW,1,21170,35123,1,1,1
SAW,1,21176,35129,1,1,1
SAW,1,21190,35143,1,1,1
SAW,1,21230,35183,1,1,1
SAW,1,21247,35200,1,1,1
SAW,1,21248,35201,1,1,1
SAW,1,21262,35215,1,1,1
SAW,1,21265,35218,1,1,1
SAW,1,21278,35231,1,1,1
SAW,1,21283,35236,1,1,1
SAW,1,21295,35248,1,1,1
SAW,1,21303,35256,1,1,1
SAW,1,21325,35278,1,1,1
SAW,1,21356,35309,1,1,1
SAW,1,21364,35317,1,1,1
SAW,1,21366,35319,1,1,1
SAW,1,21368,35321,1,1,1
SAW,1,21372,35325,1,1,1
SAW,1,21390,35343,1,1,1
SAW,1,21391,35344,1,1,1
SAW,1,21395,35348,1,1,1
SAW,1,21403,35356,1,1,1
SAW,1,21412,35365,1,1,1
SAW,1,21413,35366,1,1,1
SAW,1,21429,35382,1,1,1
SAW,1,21445,35398,1,1,1
SAW,1,21464,35417,1,1,1
SAW,1,21470,35423,1,1,1
SAW,1,21477,35430,1,1,1
SAW,1,21522,35475,1,1,1
SAW,1,21533,35486,1,1,1
SAW,1,21569,35522,0,0,1
SAW,1,21578,35531,0,0,1
SAW,1,21580,35533,0,0,1
SAW,1,21581,35534,0,0,1
SAW,1,21582,35535,0,1,0
SAW,1,21591,35544,0,0,1
SAW,1,21592,35545,0,0,1
SAW,1,21604,35557,0,0,1
SAW,1,21614,35567,0,0,1
SAW,1,21616,35569,0,0,1
SAW,1,21619,35572,0,0,1
SAW,1,21624,35577,0,0,1
SAW,1,21638,35591,0,0,1
SAW,1,21643,35596,0,0,1
SAW,1,21646,35599,0,0,1
SAW,1,21649,35602,0,0,1
SAW,1,21668,35621,0,0,1
SAW,1,21702,35655,0,0,1
SAW,1,21715,35668,0,0,1
SAW,1,21717,35670,0,0,1
SAW,1,21722,35675,0,1,0
SAW,1,21725,35678,0,0,1
SAW,1,21738,35691,0,0,1
SAW,1,21741,35694,0,0,1
SAW,1,21744,35697,0,0,1
SAW,1,21753,35706,0,0,1
SAW,1,21760,35713,0,0,1
SAW,1,21763,35716,0,0,1
SAW,1,21771,35724,0,0,1
SAW,1,21776,35729,0,0,1
SAW,1,21784,35737,0,0,1
SAW,1,21809,35762,0,0,1
SAW,1,21815,35768,0,0,1
SAW,1,21822,35775,0,0,1
SAW,1,21827,35780,0,0,1
SAW,1,21846,35799,0,0,1
SAW,1,21849,35802,0,0,1
SAW,1,21858,35811,0,0,1
SAW,1,21862,35815,0,0,1
SAW,1,21863,35816,0,0,1
SAW,1,21891,35844,0,0,1
SAW,1,21915,35868,0,0,1
SAW,1,21921,35874,0,0,1
SAW,1,21927,35880,0,0,1
SAW,1,21944,35897,0,0,1
SAW,1,21954,35907,0,0,1
SAW,1,21955,35908,0,0,1
SAW,1,21956,35909,0,0,1
SAW,1,21979,35932,0,1,0
SAW,1,21988,35941,0,0,1
SAW,1,22000,35953,0,0,1
SAW,1,22006,35959,0,0,1
SAW,1,22019,35972,0,0,1
SAW,1,22022,35975,0,0,1
SAW,1,22035,35988,0,0,1
SAW,1,22038,35991,0,0,1
SAW,1,22058,36011,0,0,1
SAW,1,22060,36013,0,1,0
SAW,1,22062,36015,0,0,1
SAW,1,22067,36020,0,0,1
SAW,1,22081,36034,0,0,1
SAW,1,22093,36046,0,0,1
SAW,1,22112,36065,0,0,1
SAW,1,22117,36070,0,0,1
SAW,1,22125,36078,0,0,1
SAW,1,22143,36096,0,0,1
SAW,1,22162,36115,0,0,1
SAW,1,22167,36120,0,0,1
SAW,1,22170,36123,0,0,1
SAW,1,22176,36129,0,0,1
SAW,1,22199,36152,0,0,1
SAW,1,22203,36156,0,0,1
SAW,1,22210,36163,0,0,1
SAW,1,22220,36173,0,0,1
SAW,1,22221,36174,0,0,1
SAW,1,22223,36176,0,0,1
SAW,1,22226,36179,0,0,1
SAW,1,22242,36195,0,0,1
SAW,1,22243,36196,0,0,1
SAW,1,22256,36210,0,0,1
SAW,1,22259,36213,0,0,1
SAW,1,22269,36223,0,0,1
SAW,1,22272,36226,0,0,1
SAW,1,22274,36228,0,0,1
SAW,1,22275,36229,0,0,1
SAW,1,22297,36251,0,0,1
SAW,1,22298,36252,0,0,1
SAW,1,22299,36253,0,0,1
SAW,1,22302,36256,0,0,1
SAW,1,22313,36267,0,0,1
SAW,1,22359,36313,0,0,1
SAW,1,22364,36318,0,0,1
SAW,1,22366,36320,0,0,1
SAW,1,22395,36349,0,1,0
SAW,1,22396,36350,0,1,0
SAW,1,22468,36422,0,0,1
SAW,1,22485,36439,0,0,1
SAW,1,22488,36442,0,0,1
SAW,1,22496,36450,0,1,0
SAW,1,22501,36455,0,0,1
SAW,1,22505,36459,0,0,1
SAW,1,22516,36470,0,0,1
SAW,1,22527,36481,0,0,1
SAW,1,22546,36500,0,0,1
SAW,1,22572,36526,0,1,0
SAW,1,22583,36537,0,0,1
SAW,1,22600,36554,0,0,1
SAW,1,22605,36559,0,0,1
SAW,1,22606,36560,0,0,1
SAW,1,22632,36586,0,0,1
SAW,1,22634,36588,0,0,1
SAW,1,22641,36595,0,0,1
SAW,1,22656,36610,0,0,1
SAW,1,22661,36615,0,0,1
SAW,1,22668,36622,0,0,1
SAW,1,22671,36625,0,0,1
SAW,1,22683,36637,0,0,1
SAW,1,22684,36638,0,0,1
SAW,1,22689,36643,0,0,1
SAW,1,22712,36666,0,0,1
SAW,1,22728,36682,0,0,1
SAW,1,22753,36707,0,0,1
SAW,1,22757,36711,0,0,1
SAW,1,22798,36752,0,0,1
SAW,1,22820,36774,0,0,1
SAW,1,22824,36778,0,0,1
SAW,1,22831,36785,0,0,1
SAW,1,22853,36807,0,0,1
SAW,1,22859,36813,0,0,1
SAW,1,22866,36820,0,0,1
SAW,1,22879,36833,0,0,1
SAW,1,22891,36845,0,0,1
SAW,1,22895,36849,0,0,1
SAW,1,22907,36861,0,0,1
SAW,1,22908,36862,0,0,1
SAW,1,22909,36863,0,0,1
SAW,1,22910,36864,0,0,1
SAW,1,22920,36874,0,0,1
SAW,1,22929,36883,0,0,1
SAW,1,22932,36886,0,0,1
SAW,1,22935,36889,0,0,1
SAW,1,22939,36893,0,0,1
SAW,1,22949,36903,0,0,1
SAW,1,22963,36917,0,0,1
SAW,1,22991,36945,0,0,1
SAW,1,22997,36951,0,0,1
SAW,1,23001,36955,0,0,1
SAW,1,23014,36968,0,0,1
SAW,1,23022,36976,0,0,1
SAW,1,23029,36983,0,0,1
SAW,1,23047,37001,0,0,1
SAW,1,23051,37005,0,0,1
SAW,1,23056,37010,0,0,1
SAW,1,23092,37046,0,0,1
SAW,1,23107,37061,0,0,1
SAW,1,23114,37068,0,0,1
SAW,1,23123,37077,0,0,1
SAW,1,23126,37080,0,0,1
SAW,1,23168,37122,0,0,1
SAW,1,23183,37137,0,0,1
SAW,1,23224,37178,0,0,1
SAW,1,23225,37179,0,0,1
SAW,1,23227,37181,0,0,1
SAW,1,23249,37203,0,0,1
SAW,1,23258,37212,0,1,0
SAW,1,23259,37213,0,0,1
SAW,1,23269,37223,0,0,1
SAW,1,23270,37224,0,0,1
SAW,1,23278,37232,0,0,1
SAW,1,23281,37235,0,1,0
SAW,1,23283,37237,0,0,1
SAW,1,23289,37243,0,0,1
SAW,1,23299,37253,0,0,1
SAW,1,23302,37256,0,0,1
SAW,1,23320,37274,0,0,1
SAW,1,23335,37289,0,0,1
SAW,1,23341,37295,0,0,1
SAW,1,23358,37312,0,0,1
SAW,1,23364,37318,0,0,1
SAW,1,23374,37328,0,0,1
SAW,1,23378,37332,0,0,1
SAW,1,23384,37338,0,0,1
SAW,1,23403,37357,0,0,1
SAW,1,23406,37360,0,0,1
SAW,1,23407,37361,0,0,1
SAW,1,23417,37371,0,1,0
SAW,1,23421,37375,0,1,0
SAW,1,23444,37398,0,0,1
SAW,1,23450,37404,0,0,1
SAW,1,23467,37421,0,0,1
SAW,1,23471,37425,0,0,1
SAW,1,23477,37431,0,0,1
SAW,1,23484,37438,0,0,1
SAW,1,23490,37444,0,0,1
SAW,1,23505,37459,0,0,1
SAW,1,23507,37461,0,0,1
SAW,1,23511,37465,0,0,1
SAW,1,23515,37469,0,0,1
SAW,1,23523,37477,0,0,1
SAW,1,23526,37480,0,0,1
SAW,1,23533,37487,0,0,1
SAW,1,23545,37499,0,0,1
SAW,2,19046,32999,1,1,1
SAW,2,19068,33021,1,1,1
SAW,2,19069,33022,1,1,1
SAW,2,19070,33023,1,1,1
SAW,2,19077,33030,1,1,1
SAW,2,19093,33046,1,1,1
SAW,2,19097,33050,1,1,1
SAW,2,19154,33107,1,1,1
SAW,2,19199,33152,1,1,1
SAW,2,19200,33153,1,1,1
SAW,2,19206,33159,1,1,1
SAW,2,19213,33166,1,1,1
SAW,2,19230,33183,1,1,1
SAW,2,19240,33193,1,1,1
SAW,2,19241,33194,1,1,1
SAW,2,19245,33198,1,1,1
SAW,2,19247,33200,1,1,1
SAW,2,19252,33205,1,1,1
SAW,2,19253,33206,1,1,1
SAW,2,19256,33209,1,1,1
SAW,2,19257,33210,1,1,1
SAW,2,19274,33227,1,1,1
SAW,2,19287,33240,1,1,1
SAW,2,19289,33242,1,1,1
SAW,2,19292,33245,1,1,1
SAW,2,19293,33246,1,1,1
SAW,2,19298,33251,1,1,1
SAW,2,19325,33278,1,1,1
SAW,2,19328,33281,1,1,1
SAW,2,19335,33288,1,1,1
SAW,2,19336,33289,1,1,1
SAW,2,19338,33291,1,1,1
SAW,2,19349,33302,1,1,1
SAW,2,19354,33307,1,1,1
SAW,2,19364,33317,1,1,1
SAW,2,19369,33322,1,1,1
SAW,2,19391,33344,1,1,1
SAW,2,19397,33350,1,1,1
SAW,2,19403,33356,1,1,1
SAW,2,19410,33363,1,1,1
SAW,2,19417,33370,1,1,1
SAW,2,19450,33403,1,1,1
SAW,2,19454,33407,1,1,1
SAW,2,19469,33422,1,1,1
SAW,2,19487,33440,1,1,1
SAW,2,19508,33461,1,1,1
SAW,2,19523,33476,1,1,1
SAW,2,19536,33489,1,1,1
SAW,2,19545,33498,1,1,1
SAW,2,19549,33502,1,1,1
SAW,2,19583,33536,1,1,1
SAW,2,19589,33542,1,1,1
SAW,2,19591,33544,1,1,1
SAW,2,19596,33549,1,1,1
SAW,2,19598,33551,1,1,1
SAW,2,19599,33552,1,1,1
SAW,2,19612,33565,1,1,1
SAW,2,19618,33571,1,1,1
SAW,2,19623,33576,1,1,1
SAW,2,19664,33617,1,1,1
SAW,2,19674,33627,1,0,0
SAW,2,19678,33631,1,1,1
SAW,2,19679,33632,1,1,1
SAW,2,19698,33651,1,1,1
SAW,2,19731,33684,1,1,1
SAW,2,19732,33685,1,1,1
SAW,2,19748,33701,1,1,1
SAW,2,19770,33723,1,1,1
SAW,2,19789,33742,1,0,0
SAW,2,19797,33750,1,1,1
SAW,2,19800,33753,1,1,1
SAW,2,19802,33755,1,1,1
SAW,2,19803,33756,1,1,1
SAW,2,19817,33770,1,1,1
SAW,2,19836,33789,1,1,1
SAW,2,19857,33810,1,1,1
SAW,2,19864,33817,1,1,1
SAW,2,19909,33862,1,1,1
SAW,2,19911,33864,1,1,1
SAW,2,19919,33872,1,1,1
SAW,2,19921,33874,1,1,1
SAW,2,19940,33893,1,1,1
SAW,2,19942,33895,1,1,1
SAW,2,19955,33908,1,1,1
SAW,2,19972,33925,1,1,1
SAW,2,19975,33928,1,1,1
SAW,2,19978,33931,1,1,1
SAW,2,19979,33932,1,1,1
SAW,2,19981,33934,1,0,0
SAW,2,19984,33937,1,1,1
SAW,2,20003,33956,1,1,1
SAW,2,20006,33959,1,1,1
SAW,2,20022,33975,1,1,1
SAW,2,20024,33977,1,1,1
SAW,2,20037,33990,1,1,1
SAW,2,20044,33997,1,0,0
SAW,2,20070,34023,1,1,1
SAW,2,20088,34041,1,0,0
SAW,2,20096,34049,1,1,1
SAW,2,20099,34052,1,1,1
SAW,2,20100,34053,1,1,1
SAW,2,20109,34062,1,1,1
SAW,2,20116,34069,1,1,1
SAW,2,20125,34078,1,1,1
SAW,2,20128,34081,1,1,1
SAW,2,20136,34089,1,1,1
SAW,2,20152,34105,1,1,1
SAW,2,20154,34107,1,1,1
SAW,2,20157,34110,1,0,0
SAW,2,20174,34127,1,1,1
SAW,2,20176,34129,1,1,1
SAW,2,20200,34153,1,1,1
SAW,2,20214,34167,1,1,1
SAW,2,20215,34168,1,1,1
SAW,2,20219,34172,1,0,0
SAW,2,20223,34176,1,1,1
SAW,2,20233,34186,1,1,1
SAW,2,20239,34192,1,1,1
SAW,2,20258,34211,1,1,1
SAW,2,20287,34240,1,1,1
SAW,2,20289,34242,1,1,1
SAW,2,20311,34264,1,1,1
SAW,2,20314,34267,1,1,1
SAW,2,20317,34270,1,1,1
SAW,2,20345,34298,1,1,1
SAW,2,20351,34304,1,1,1
SAW,2,20353,34306,1,0,0
SAW,2,20356,34309,1,1,1
SAW,2,20388,34341,1,1,1
SAW,2,20389,34342,1,1,1
SAW,2,20392,34345,1,1,1
SAW,2,20429,34382,1,1,1
SAW,2,20456,34409,1,1,1
SAW,2,20469,34422,1,1,1
SAW,2,20473,34426,1,1,1
SAW,2,20475,34428,1,1,1
SAW,2,20488,34441,1,1,1
SAW,2,20490,34443,1,1,1
SAW,2,20496,34449,1,1,1
SAW,2,20498,34451,1,1,1
SAW,2,20501,34454,1,1,1
SAW,2,20502,34455,1,1,1
SAW,2,20504,34457,1,1,1
SAW,2,20507,34460,1,1,1
SAW,2,20514,34467,1,1,1
SAW,2,20516,34469,1,1,1
SAW,2,20543,34496,1,1,1
SAW,2,20546,34499,1,1,1
SAW,2,20553,34506,1,1,1
SAW,2,20568,34521,1,1,1
SAW,2,20571,34524,1,1,1
SAW,2,20590,34543,1,1,1
SAW,2,20592,34545,1,1,1
SAW,2,20603,34556,1,1,1
SAW,2,20605,34558,1,1,1
SAW,2,20608,34561,1,0,0
SAW,2,20610,34563,1,1,1
SAW,2,20612,34565,1,1,1
SAW,2,20637,34590,1,1,1
SAW,2,20642,34595,1,0,0
SAW,2,20655,34608,1,1,1
SAW,2,20670,34623,1,1,1
SAW,2,20672,34625,1,1,1
SAW,2,20699,34652,1,1,1
SAW,2,20721,34674,1,1,1
SAW,2,20727,34680,1,1,1
SAW,2,20735,34688,1,0,0
SAW,2,20757,34710,1,1,1
SAW,2,20764,34717,1,1,1
SAW,2,20766,34719,1,1,1
SAW,2,20771,34724,1,1,1
SAW,2,20776,34729,1,1,1
SAW,2,20780,34733,1,1,1
SAW,2,20797,34750,1,1,1
SAW,2,20803,34756,1,1,1
SAW,2,20818,34771,1,1,1
SAW,2,20824,34777,1,1,1
SAW,2,20834,34787,1,1,1
SAW,2,20844,34797,1,1,1
SAW,2,20868,34821,1,1,1
SAW,2,20880,34833,1,1,1
SAW,2,20911,34864,1,1,1
SAW,2,20914,34867,1,1,1
SAW,2,20915,34868,1,1,1
SAW,2,20920,34873,1,1,1
SAW,2,20925,34878,1,1,1
SAW,2,20931,34884,1,0,0
SAW,2,20944,34897,1,1,1
SAW,2,20946,34899,1,1,1
SAW,2,20953,34906,1,1,1
SAW,2,20967,34920,1,1,1
SAW,2,20978,34931,1,1,1
SAW,2,20984,34937,1,1,1
SAW,2,20997,34950,1,1,1
SAW,2,21010,34963,1,1,1
SAW,2,21027,34980,1,1,1
SAW,2,21042,34995,1,1,1
SAW,2,21045,34998,1,1,1
SAW,2,21063,35016,1,1,1
SAW,2,21065,35018,1,1,1
SAW,2,21069,35022,1,1,1
SAW,2,21082,35035,1,1,1
SAW,2,21086,35039,1,0,0
SAW,2,21101,35054,1,1,1
SAW,2,21111,35064,1,1,1
SAW,2,21116,35069,1,1,1
SAW,2,21119,35072,1,1,1
SAW,2,21120,35073,1,1,1
SAW,2,21125,35078,1,1,1
SAW,2,21130,35083,1,1,1
SAW,2,21132,35085,1,1,1
SAW,2,21139,35092,1,0,0
SAW,2,21144,35097,1,1,1
SAW,2,21147,35100,1,1,1
SAW,2,21151,35104,1,1,1
SAW,2,21162,35115,1,1,1
SAW,2,21169,35122,1,1,1
SAW,2,21172,35125,1,1,1
SAW,2,21173,35126,1,1,1
SAW,2,21175,35128,1,1,1
SAW,2,21179,35132,1,1,1
SAW,2,21185,35138,1,1,1
SAW,2,21188,35141,1,1,1
SAW,2,21216,35169,1,1,1
SAW,2,21224,35177,1,1,1
SAW,2,21268,35221,1,1,1
SAW,2,21273,35226,1,1,1
SAW,2,21276,35229,1,1,1
SAW,2,21282,35235,1,0,0
SAW,2,21287,35240,1,1,1
SAW,2,21301,35254,1,1,1
SAW,2,21309,35262,1,1,1
SAW,2,21321,35274,1,1,1
SAW,2,21322,35275,1,1,1
SAW,2,21333,35286,1,1,1
SAW,2,21335,35288,1,1,1
SAW,2,21360,35313,1,1,1
SAW,2,21422,35375,1,1,1
SAW,2,21437,35390,1,1,1
SAW,2,21439,35392,1,1,1
SAW,2,21448,35401,1,1,1
SAW,2,21452,35405,1,1,1
SAW,2,21467,35420,1,0,0
SAW,2,21485,35438,1,1,1
SAW,2,21486,35439,1,1,1
SAW,2,21495,35448,1,1,1
SAW,2,21500,35453,1,1,1
SAW,2,21508,35461,1,1,1
SAW,2,21517,35470,1,1,1
SAW,2,21524,35477,1,1,1
SAW,2,21565,35518,0,0,1
SAW,2,21593,35546,0,0,1
SAW,2,21597,35550,0,0,1
SAW,2,21598,35551,0,0,1
SAW,2,21602,35555,0,0,1
SAW,2,21618,35571,0,0,1
SAW,2,21625,35578,0,0,1
SAW,2,21653,35606,0,0,1
SAW,2,21662,35615,0,0,1
SAW,2,21666,35619,0,0,1
SAW,2,21669,35622,0,0,1
SAW,2,21707,35660,0,0,1
SAW,2,21718,35671,0,0,1
SAW,2,21757,35710,0,0,1
SAW,2,21786,35739,0,0,1
SAW,2,21796,35749,0,0,1
SAW,2,21799,35752,0,0,1
SAW,2,21803,35756,0,0,1
SAW,2,21812,35765,0,0,1
SAW,2,21820,35773,0,0,1
SAW,2,21826,35779,0,0,1
SAW,2,21845,35798,0,0,1
SAW,2,21877,35830,0,0,1
SAW,2,21895,35848,0,0,1
SAW,2,21903,35856,0,1,0
SAW,2,21925,35878,0,0,1
SAW,2,21940,35893,0,0,1
SAW,2,21963,35916,0,1,0
SAW,2,21965,35918,0,0,1
SAW,2,21972,35925,0,0,1
SAW,2,21992,35945,0,0,1
SAW,2,21995,35948,0,0,1
SAW,2,22020,35973,0,0,1
SAW,2,22026,35979,0,0,1
SAW,2,22029,35982,0,0,1
SAW,2,22030,35983,0,0,1
SAW,2,22034,35987,0,0,1
SAW,2,22057,36010,0,0,1
SAW,2,22063,36016,0,0,1
SAW,2,22070,36023,0,0,1
SAW,2,22099,36052,0,0,1
SAW,2,22103,36056,0,0,1
SAW,2,22113,36066,0,0,1
SAW,2,22123,36076,0,0,1
SAW,2,22128,36081,0,0,1
SAW,2,22173,36126,0,0,1
SAW,2,22174,36127,0,0,1
SAW,2,22175,36128,0,0,1
SAW,2,22179,36132,0,0,1
SAW,2,22185,36138,0,0,1
SAW,2,22196,36149,0,0,1
SAW,2,22202,36155,0,0,1
SAW,2,22207,36160,0,0,1
SAW,2,22211,36164,0,1,0
SAW,2,22214,36167,0,0,1
SAW,2,22233,36186,0,0,1
SAW,2,22245,36198,0,0,1
SAW,2,22250,36204,0,0,1
SAW,2,22266,36220,0,0,1
SAW,2,22285,36239,0,0,1
SAW,2,22292,36246,0,0,1
SAW,2,22301,36255,0,0,1
SAW,2,22303,36257,0,0,1
SAW,2,22307,36261,0,0,1
SAW,2,22315,36269,0,0,1
SAW,2,22324,36278,0,0,1
SAW,2,22335,36289,0,0,1
SAW,2,22340,36294,0,0,1
SAW,2,22351,36305,0,0,1
SAW,2,22357,36311,0,0,1
SAW,2,22367,36321,0,0,1
SAW,2,22375,36329,0,0,1
SAW,2,22385,36339,0,0,1
SAW,2,22386,36340,0,0,1
SAW,2,22399,36353,0,0,1
SAW,2,22403,36357,0,0,1
SAW,2,22451,36405,0,0,1
SAW,2,22495,36449,0,0,1
SAW,2,22498,36452,0,0,1
SAW,2,22500,36454,0,0,1
SAW,2,22504,36458,0,0,1
SAW,2,22514,36468,0,0,1
SAW,2,22518,36472,0,0,1
SAW,2,22521,36475,0,0,1
SAW,2,22524,36478,0,0,1
SAW,2,22538,36492,0,0,1
SAW,2,22543,36497,0,1,0
SAW,2,22554,36508,0,0,1
SAW,2,22555,36509,0,0,1
SAW,2,22575,36529,0,1,0
SAW,2,22576,36530,0,0,1
SAW,2,22585,36539,0,0,1
SAW,2,22594,36548,0,0,1
SAW,2,22595,36549,0,0,1
SAW,2,22614,36568,0,0,1
SAW,2,22628,36582,0,0,1
SAW,2,22649,36603,0,0,1
SAW,2,22650,36604,0,0,1
SAW,2,22663,36617,0,0,1
SAW,2,22666,36620,0,0,1
SAW,2,22672,36626,0,0,1
SAW,2,22686,36640,0,0,1
SAW,2,22687,36641,0,0,1
SAW,2,22690,36644,0,0,1
SAW,2,22699,36653,0,0,1
SAW,2,22707,36661,0,0,1
SAW,2,22710,36664,0,0,1
SAW,2,22714,36668,0,0,1
SAW,2,22730,36684,0,0,1
SAW,2,22739,36693,0,0,1
SAW,2,22751,36705,0,0,1
SAW,2,22762,36716,0,0,1
SAW,2,22793,36747,0,0,1
SAW,2,22796,36750,0,0,1
SAW,2,22801,36755,0,0,1
SAW,2,22802,36756,0,0,1
SAW,2,22806,36760,0,0,1
SAW,2,22832,36786,0,0,1
SAW,2,22835,36789,0,0,1
SAW,2,22836,36790,0,0,1
SAW,2,22840,36794,0,0,1
SAW,2,22861,36815,0,0,1
SAW,2,22865,36819,0,0,1
SAW,2,22890,36844,0,0,1
SAW,2,22901,36855,0,0,1
SAW,2,22915,36869,0,1,0
SAW,2,22933,36887,0,0,1
SAW,2,22936,36890,0,0,1
SAW,2,22940,36894,0,0,1
SAW,2,22948,36902,0,0,1
SAW,2,22952,36906,0,1,0
SAW,2,22959,36913,0,0,1
SAW,2,22969,36923,0,0,1
SAW,2,22970,36924,0,0,1
SAW,2,22977,36931,0,0,1
SAW,2,22982,36936,0,0,1
SAW,2,23012,36966,0,0,1
SAW,2,23018,36972,0,0,1
SAW,2,23026,36980,0,0,1
SAW,2,23043,36997,0,0,1
SAW,2,23065,37019,0,0,1
SAW,2,23068,37022,0,0,1
SAW,2,23072,37026,0,0,1
SAW,2,23073,37027,0,0,1
SAW,2,23078,37032,0,0,1
SAW,2,23082,37036,0,0,1
SAW,2,23085,37039,0,0,1
SAW,2,23093,37047,0,0,1
SAW,2,23119,37073,0,0,1
SAW,2,23134,37088,0,0,1
SAW,2,23139,37093,0,0,1
SAW,2,23147,37101,0,0,1
SAW,2,23154,37108,0,0,1
SAW,2,23162,37116,0,0,1
SAW,2,23167,37121,0,0,1
SAW,2,23173,37127,0,0,1
SAW,2,23174,37128,0,0,1
SAW,2,23187,37141,0,0,1
SAW,2,23188,37142,0,0,1
SAW,2,23194,37148,0,0,1
SAW,2,23203,37157,0,0,1
SAW,2,23204,37158,0,0,1
SAW,2,23205,37159,0,0,1
SAW,2,23209,37163,0,0,1
SAW,2,23231,37185,0,0,1
SAW,2,23237,37191,0,0,1
SAW,2,23245,37199,0,0,1
SAW,2,23246,37200,0,0,1
SAW,2,23247,37201,0,0,1
SAW,2,23250,37204,0,0,1
SAW,2,23292,37246,0,0,1
SAW,2,23304,37258,0,0,1
SAW,2,23311,37265,0,0,1
SAW,2,23312,37266,0,0,1
SAW,2,23328,37282,0,0,1
SAW,2,23330,37284,0,0,1
SAW,2,23336,37290,0,0,1
SAW,2,23345,37299,0,0,1
SAW,2,23356,37310,0,0,1
SAW,2,23367,37321,0,0,1
SAW,2,23371,37325,0,0,1
SAW,2,23377,37331,0,0,1
SAW,2,23385,37339,0,0,1
SAW,2,23396,37350,0,0,1
SAW,2,23409,37363,0,0,1
SAW,2,23414,37368,0,0,1
SAW,2,23416,37370,0,0,1
SAW,2,23424,37378,0,0,1
SAW,2,23426,37380,0,0,1
SAW,2,23432,37386,0,0,1
SAW,2,23434,37388,0,0,1
SAW,2,23437,37391,0,0,1
SAW,2,23446,37400,0,0,1
SAW,2,23449,37403,0,0,1
SAW,2,23463,37417,0,0,1
SAW,2,23485,37439,0,0,1
SAW,2,23512,37466,0,0,1
SAW,2,23519,37473,0,0,1
SAW,2,23529,37483,0,0,1
SAW,2,23537,37491,0,0,1
SAW,2,23548,37502,0,0,1
SAW,2,23555,37509,0,1,0
SAW,3,19044,32997,1,1,1
SAW,3,19057,33010,1,1,1
SAW,3,19072,33025,1,1,1
SAW,3,19076,33029,1,1,1
SAW,3,19102,33055,1,1,1
SAW,3,19104,33057,1,1,1
SAW,3,19115,33068,1,1,1
SAW,3,19127,33080,1,1,1
SAW,3,19136,33089,1,1,1
SAW,3,19138,33091,1,1,1
SAW,3,19151,33104,1,1,1
SAW,3,19165,33118,1,1,1
SAW,3,19177,33130,1,1,1
SAW,3,19178,33131,1,1,1
SAW,3,19186,33139,1,1,1
SAW,3,19194,33147,1,1,1
SAW,3,19198,33151,1,1,1
SAW,3,19204,33157,1,1,1
SAW,3,19215,33168,1,1,1
SAW,3,19221,33174,1,1,1
SAW,3,19224,33177,1,1,1
SAW,3,19225,33178,1,1,1
SAW,3,19229,33182,1,1,1
SAW,3,19231,33184,1,1,1
SAW,3,19255,33208,1,1,1
SAW,3,19265,33218,1,0,0
SAW,3,19286,33239,1,1,1
SAW,3,19291,33244,1,1,1
SAW,3,19295,33248,1,1,1
SAW,3,19305,33258,1,1,1
SAW,3,19316,33269,1,1,1
SAW,3,19317,33270,1,1,1
SAW,3,19358,33311,1,1,1
SAW,3,19359,33312,1,1,1
SAW,3,19363,33316,1,1,1
SAW,3,19379,33332,1,1,1
SAW,3,19393,33346,1,1,1
SAW,3,19401,33354,1,1,1
SAW,3,19430,33383,1,1,1
SAW,3,19436,33389,1,1,1
SAW,3,19438,33391,1,1,1
SAW,3,19441,33394,1,1,1
SAW,3,19472,33425,1,1,1
SAW,3,19475,33428,1,1,1
SAW,3,19491,33444,1,1,1
SAW,3,19501,33454,1,1,1
SAW,3,19502,33455,1,1,1
SAW,3,19503,33456,1,1,1
SAW,3,19526,33479,1,1,1
SAW,3,19541,33494,1,1,1
SAW,3,19543,33496,1,1,1
SAW,3,19565,33518,1,1,1
SAW,3,19572,33525,1,1,1
SAW,3,19574,33527,1,1,1
SAW,3,19593,33546,1,1,1
SAW,3,19611,33564,1,1,1
SAW,3,19622,33575,1,1,1
SAW,3,19634,33587,1,1,1
SAW,3,19641,33594,1,1,1
SAW,3,19645,33598,1,1,1
SAW,3,19648,33601,1,1,1
SAW,3,19665,33618,1,1,1
SAW,3,19683,33636,1,1,1
SAW,3,19685,33638,1,1,1
SAW,3,19686,33639,1,1,1
SAW,3,19689,33642,1,1,1
SAW,3,19694,33647,1,1,1
SAW,3,19733,33686,1,1,1
SAW,3,19739,33692,1,1,1
SAW,3,19749,33702,1,1,1
SAW,3,19750,33703,1,1,1
SAW,3,19761,33714,1,1,1
SAW,3,19762,33715,1,1,1
SAW,3,19764,33717,1,1,1
SAW,3,19776,33729,1,1,1
SAW,3,19780,33733,1,1,1
SAW,3,19782,33735,1,1,1
SAW,3,19788,33741,1,1,1
SAW,3,19790,33743,1,1,1
SAW,3,19813,33766,1,1,1
SAW,3,19829,33782,1,1,1
SAW,3,19834,33787,1,1,1
SAW,3,19835,33788,1,0,0
SAW,3,19867,33820,1,1,1
SAW,3,19873,33826,1,1,1
SAW,3,19888,33841,1,1,1
SAW,3,19897,33850,1,1,1
SAW,3,19912,33865,1,1,1
SAW,3,19918,33871,1,1,1
SAW,3,19947,33900,1,1,1
SAW,3,19965,33918,1,1,1
SAW,3,19974,33927,1,1,1
SAW,3,19976,33929,1,1,1
SAW,3,19990,33943,1,1,1
SAW,3,20014,33967,1,1,1
SAW,3,20034,33987,1,1,1
SAW,3,20060,34013,1,1,1
SAW,3,20094,34047,1,1,1
SAW,3,20104,34057,1,1,1
SAW,3,20117,34070,1,1,1
SAW,3,20130,34083,1,1,1
SAW,3,20131,34084,1,1,1
SAW,3,20143,34096,1,1,1
SAW,3,20171,34124,1,1,1
SAW,3,20195,34148,1,0,0
SAW,3,20196,34149,1,1,1
SAW,3,20210,34163,1,1,1
SAW,3,20213,34166,1,1,1
SAW,3,20225,34178,1,1,1
SAW,3,20230,34183,1,1,1
SAW,3,20238,34191,1,1,1
SAW,3,20251,34204,1,1,1
SAW,3,20256,34209,1,1,1
SAW,3,20271,34224,1,1,1
SAW,3,20275,34228,1,1,1
SAW,3,20303,34256,1,1,1
SAW,3,20307,34260,1,1,1
SAW,3,20319,34272,1,1,1
SAW,3,20340,34293,1,1,1
SAW,3,20360,34313,1,0,0
SAW,3,20370,34323,1,1,1
SAW,3,20375,34328,1,1,1
SAW,3,20394,34347,1,1,1
SAW,3,20399,34352,1,1,1
SAW,3,20406,34359,1,1,1
SAW,3,20422,34375,1,1,1
SAW,3,20432,34385,1,1,1
SAW,3,20433,34386,1,1,1
SAW,3,20436,34389,1,1,1
SAW,3,20443,34396,1,0,0
SAW,3,20446,34399,1,0,0
SAW,3,20449,34402,1,1,1
SAW,3,20477,34430,1,1,1
SAW,3,20483,34436,1,1,1
SAW,3,20485,34438,1,1,1
SAW,3,20491,34444,1,1,1
SAW,3,20506,34459,1,1,1
SAW,3,20509,34462,1,1,1
SAW,3,20511,34464,1,1,1
SAW,3,20518,34471,1,1,1
SAW,3,20531,34484,1,1,1
SAW,3,20533,34486,1,1,1
SAW,3,20548,34501,1,1,1
SAW,3,20557,34510,1,1,1
SAW,3,20566,34519,1,1,1
SAW,3,20584,34537,1,1,1
SAW,3,20587,34540,1,1,1
SAW,3,20597,34550,1,1,1
SAW,3,20598,34551,1,1,1
SAW,3,20618,34571,1,0,0
SAW,3,20629,34582,1,0,0
SAW,3,20660,34613,1,1,1
SAW,3,20675,34628,1,1,1
SAW,3,20687,34640,1,1,1
SAW,3,20690,34643,1,1,1
SAW,3,20691,34644,1,1,1
SAW,3,20692,34645,1,1,1
SAW,3,20697,34650,1,1,1
SAW,3,20700,34653,1,1,1
SAW,3,20744,34697,1,0,0
SAW,3,20752,34705,1,1,1
SAW,3,20769,34722,1,1,1
SAW,3,20774,34727,1,1,1
SAW,3,20778,34731,1,1,1
SAW,3,20793,34746,1,1,1
SAW,3,20804,34757,1,0,0
SAW,3,20808,34761,1,1,1
SAW,3,20810,34763,1,1,1
SAW,3,20811,34764,1,1,1
SAW,3,20819,34772,1,1,1
SAW,3,20837,34790,1,1,1
SAW,3,20841,34794,1,1,1
SAW,3,20859,34812,1,1,1
SAW,3,20865,34818,1,0,0
SAW,3,20870,34823,1,1,1
SAW,3,20871,34824,1,1,1
SAW,3,20889,34842,1,1,1
SAW,3,20894,34847,1,1,1
SAW,3,20902,34855,1,1,1
SAW,3,20907,34860,1,1,1
SAW,3,20908,34861,1,1,1
SAW,3,20916,34869,1,1,1
SAW,3,20937,34890,1,1,1
SAW,3,20955,34908,1,1,1
SAW,3,20966,34919,1,1,1
SAW,3,20972,34925,1,1,1
SAW,3,20990,34943,1,1,1
SAW,3,21006,34959,1,1,1
SAW,3,21012,34965,1,1,1
SAW,3,21014,34967,1,1,1
SAW,3,21015,34968,1,1,1
SAW,3,21021,34974,1,1,1
SAW,3,21037,34990,1,1,1
SAW,3,21061,35014,1,1,1
SAW,3,21064,35017,1,1,1
SAW,3,21071,35024,1,1,1
SAW,3,21074,35027,1,1,1
SAW,3,21089,35042,1,1,1
SAW,3,21093,35046,1,1,1
SAW,3,21094,35047,1,1,1
SAW,3,21102,35055,1,1,1
SAW,3,21114,35067,1,1,1
SAW,3,21118,35071,1,1,1
SAW,3,21127,35080,1,1,1
SAW,3,21145,35098,1,1,1
SAW,3,21150,35103,1,1,1
SAW,3,21154,35107,1,1,1
SAW,3,21163,35116,1,0,0
SAW,3,21174,35127,1,1,1
SAW,3,21182,35135,1,1,1
SAW,3,21191,35144,1,1,1
SAW,3,21192,35145,1,1,1
SAW,3,21194,35147,1,1,1
SAW,3,21204,35157,1,1,1
SAW,3,21206,35159,1,1,1
SAW,3,21210,35163,1,1,1
SAW,3,21215,35168,1,1,1
SAW,3,21218,35171,1,1,1
SAW,3,21226,35179,1,1,1
SAW,3,21229,35182,1,1,1
SAW,3,21232,35185,1,1,1
SAW,3,21233,35186,1,1,1
SAW,3,21246,35199,1,1,1
SAW,3,21255,35208,1,1,1
SAW,3,21270,35223,1,1,1
SAW,3,21272,35225,1,1,1
SAW,3,21292,35245,1,0,0
SAW,3,21294,35247,1,1,1
SAW,3,21310,35263,1,1,1
SAW,3,21332,35285,1,1,1
SAW,3,21339,35292,1,1,1
SAW,3,21341,35294,1,1,1
SAW,3,21347,35300,1,1,1
SAW,3,21363,35316,1,1,1
SAW,3,21373,35326,1,1,1
SAW,3,21375,35328,1,1,1
SAW,3,21379,35332,1,0,0
SAW,3,21381,35334,1,1,1
SAW,3,21384,35337,1,1,1
SAW,3,21397,35350,1,1,1
SAW,3,21410,35363,1,1,1
SAW,3,21425,35378,1,1,1
SAW,3,21426,35379,1,1,1
SAW,3,21434,35387,1,1,1
SAW,3,21458,35411,1,1,1
SAW,3,21465,35418,1,1,1
SAW,3,21496,35449,1,1,1
SAW,3,21520,35473,1,1,1
SAW,3,21527,35480,1,1,1
SAW,3,21535,35488,1,0,0
SAW,3,21540,35493,0,0,1
SAW,3,21553,35506,0,0,1
SAW,3,21558,35511,0,0,1
SAW,3,21559,35512,0,0,1
SAW,3,21571,35524,0,0,1
SAW,3,21576,35529,0,0,1
SAW,3,21577,35530,0,0,1
SAW,3,21590,35543,0,1,0
SAW,3,21607,35560,0,0,1
SAW,3,21610,35563,0,0,1
SAW,3,21621,35574,0,0,1
SAW,3,21629,35582,0,0,1
SAW,3,21630,35583,0,0,1
SAW,3,21632,35585,0,0,1
SAW,3,21641,35594,0,0,1
SAW,3,21642,35595,0,0,1
SAW,3,21689,35642,0,0,1
SAW,3,21697,35650,0,0,1
SAW,3,21700,35653,0,1,0
SAW,3,21711,35664,0,0,1
SAW,3,21713,35666,0,0,1
SAW,3,21716,35669,0,0,1
SAW,3,21720,35673,0,0,1
SAW,3,21732,35685,0,0,1
SAW,3,21733,35686,0,0,1
SAW,3,21739,35692,0,0,1
SAW,3,21743,35696,0,0,1
SAW,3,21745,35698,0,0,1
SAW,3,21747,35700,0,0,1
SAW,3,21752,35705,0,0,1
SAW,3,21756,35709,0,0,1
SAW,3,21758,35711,0,0,1
SAW,3,21780,35733,0,0,1
SAW,3,21793,35746,0,0,1
SAW,3,21807,35760,0,0,1
SAW,3,21810,35763,0,0,1
SAW,3,21813,35766,0,0,1
SAW,3,21829,35782,0,0,1
SAW,3,21831,35784,0,0,1
SAW,3,21852,35805,0,0,1
SAW,3,21856,35809,0,0,1
SAW,3,21860,35813,0,0,1
SAW,3,21872,35825,0,0,1
SAW,3,21886,35839,0,0,1
SAW,3,21907,35860,0,0,1
SAW,3,21916,35869,0,0,1
SAW,3,21920,35873,0,0,1
SAW,3,21922,35875,0,0,1
SAW,3,21931,35884,0,0,1
SAW,3,21933,35886,0,0,1
SAW,3,21953,35906,0,0,1
SAW,3,21958,35911,0,0,1
SAW,3,21981,35934,0,0,1
SAW,3,21989,35942,0,0,1
SAW,3,22011,35964,0,1,0
SAW,3,22015,35968,0,0,1
SAW,3,22024,35977,0,0,1
SAW,3,22027,35980,0,0,1
SAW,3,22032,35985,0,0,1
SAW,3,22047,36000,0,0,1
SAW,3,22049,36002,0,0,1
SAW,3,22056,36009,0,1,0
SAW,3,22061,36014,0,0,1
SAW,3,22065,36018,0,0,1
SAW,3,22066,36019,0,0,1
SAW,3,22071,36024,0,0,1
SAW,3,22074,36027,0,0,1
SAW,3,22084,36037,0,1,0
SAW,3,22088,36041,0,0,1
SAW,3,22097,36050,0,1,0
SAW,3,22101,36054,0,0,1
SAW,3,22106,36059,0,0,1
SAW,3,22108,36061,0,0,1
SAW,3,22115,36068,0,0,1
SAW,3,22139,36092,0,0,1
SAW,3,22146,36099,0,0,1
SAW,3,22147,36100,0,0,1
SAW,3,22155,36108,0,0,1
SAW,3,22171,36124,0,0,1
SAW,3,22178,36131,0,0,1
SAW,3,22180,36133,0,0,1
SAW,3,22181,36134,0,0,1
SAW,3,22194,36147,0,0,1
SAW,3,22200,36153,0,0,1
SAW,3,22209,36162,0,0,1
SAW,3,22228,36181,0,0,1
SAW,3,22246,36199,0,0,1
SAW,3,22273,36227,0,0,1
SAW,3,22283,36237,0,0,1
SAW,3,22304,36258,0,0,1
SAW,3,22306,36260,0,1,0
SAW,3,22310,36264,0,0,1
SAW,3,22341,36295,0,0,1
SAW,3,22349,36303,0,0,1
SAW,3,22356,36310,0,0,1
SAW,3,22362,36316,0,1,0
SAW,3,22383,36337,0,0,1
SAW,3,22384,36338,0,0,1
SAW,3,22390,36344,0,0,1
SAW,3,22397,36351,0,0,1
SAW,3,22424,36378,0,0,1
SAW,3,22428,36382,0,0,1
SAW,3,22441,36395,0,0,1
SAW,3,22452,36406,0,0,1
SAW,3,22454,36408,0,0,1
SAW,3,22472,36426,0,0,1
SAW,3,22478,36432,0,0,1
SAW,3,22480,36434,0,0,1
SAW,3,22481,36435,0,0,1
SAW,3,22492,36446,0,0,1
SAW,3,22512,36466,0,0,1
SAW,3,22519,36473,0,0,1
SAW,3,22522,36476,0,0,1
SAW,3,22533,36487,0,0,1
SAW,3,22536,36490,0,0,1
SAW,3,22558,36512,0,0,1
SAW,3,22561,36515,0,0,1
SAW,3,22566,36520,0,0,1
SAW,3,22588,36542,0,0,1
SAW,3,22597,36551,0,0,1
SAW,3,22603,36557,0,0,1
SAW,3,22607,36561,0,0,1
SAW,3,22608,36562,0,1,0
SAW,3,22611,36565,0,0,1
SAW,3,22622,36576,0,0,1
SAW,3,22638,36592,0,0,1
SAW,3,22645,36599,0,0,1
SAW,3,22651,36605,0,0,1
SAW,3,22658,36612,0,0,1
SAW,3,22664,36618,0,0,1
SAW,3,22697,36651,0,0,1
SAW,3,22703,36657,0,0,1
SAW,3,22734,36688,0,0,1
SAW,3,22742,36696,0,0,1
SAW,3,22744,36698,0,0,1
SAW,3,22760,36714,0,0,1
SAW,3,22780,36734,0,0,1
SAW,3,22800,36754,0,0,1
SAW,3,22809,36763,0,0,1
SAW,3,22829,36783,0,0,1
SAW,3,22839,36793,0,0,1
SAW,3,22847,36801,0,0,1
SAW,3,22854,36808,0,0,1
SAW,3,22860,36814,0,0,1
SAW,3,22881,36835,0,0,1
SAW,3,22892,36846,0,0,1
SAW,3,22893,36847,0,0,1
SAW,3,22902,36856,0,0,1
SAW,3,22904,36858,0,0,1
SAW,3,22918,36872,0,0,1
SAW,3,22938,36892,0,0,1
SAW,3,22960,36914,0,0,1
SAW,3,22962,36916,0,0,1
SAW,3,22965,36919,0,0,1
SAW,3,22968,36922,0,0,1
SAW,3,22981,36935,0,0,1
SAW,3,22994,36948,0,0,1
SAW,3,22998,36952,0,0,1
SAW,3,22999,36953,0,0,1
SAW,3,23003,36957,0,0,1
SAW,3,23006,36960,0,0,1
SAW,3,23007,36961,0,0,1
SAW,3,23011,36965,0,0,1
SAW,3,23025,36979,0,0,1
SAW,3,23032,36986,0,0,1
SAW,3,23039,36993,0,0,1
SAW,3,23052,37006,0,0,1
SAW,3,23060,37014,0,0,1
SAW,3,23071,37025,0,0,1
SAW,3,23083,37037,0,0,1
SAW,3,23109,37063,0,0,1
SAW,3,23111,37065,0,0,1
SAW,3,23128,37082,0,0,1
SAW,3,23133,37087,0,0,1
SAW,3,23146,37100,0,0,1
SAW,3,23156,37110,0,0,1
SAW,3,23163,37117,0,0,1
SAW,3,23166,37120,0,0,1
SAW,3,23190,37144,0,1,0
SAW,3,23200,37154,0,0,1
SAW,3,23228,37182,0,0,1
SAW,3,23244,37198,0,0,1
SAW,3,23272,37226,0,0,1
SAW,3,23290,37244,0,0,1
SAW,3,23325,37279,0,0,1
SAW,3,23339,37293,0,0,1
SAW,3,23342,37296,0,0,1
SAW,3,23348,37302,0,0,1
SAW,3,23382,37336,0,0,1
SAW,3,23393,37347,0,0,1
SAW,3,23395,37349,0,0,1
SAW,3,23397,37351,0,0,1
SAW,3,23419,37373,0,0,1
SAW,3,23423,37377,0,0,1
SAW,3,23429,37383,0,0,1
SAW,3,23439,37393,0,1,0
SAW,3,23442,37396,0,0,1
SAW,3,23448,37402,0,0,1
SAW,3,23503,37457,0,0,1
SAW,3,23514,37468,0,0,1
SAW,3,23530,37484,0,0,1
SAW,3,23550,37504,0,0,1
SAW,4,19047,33000,1,1,1
SAW,4,19048,33001,1,1,1
SAW,4,19054,33007,1,1,1
SAW,4,19061,33014,1,1,1
SAW,4,19066,33019,1,1,1
SAW,4,19067,33020,1,1,1
SAW,4,19082,33035,1,1,1
SAW,4,19083,33036,1,1,1
SAW,4,19094,33047,1,1,1
SAW,4,19105,33058,1,1,1
SAW,4,19107,33060,1,1,1
SAW,4,19145,33098,1,1,1
SAW,4,19146,33099,1,1,1
SAW,4,19147,33100,1,1,1
SAW,4,19155,33108,1,1,1
SAW,4,19157,33110,1,1,1
SAW,4,19170,33123,1,1,1
SAW,4,19172,33125,1,1,1
SAW,4,19191,33144,1,1,1
SAW,4,19192,33145,1,1,1
SAW,4,19217,33170,1,1,1
SAW,4,19219,33172,1,1,1
SAW,4,19248,33201,1,1,1
SAW,4,19272,33225,1,1,1
SAW,4,19280,33233,1,1,1
SAW,4,19311,33264,1,1,1
SAW,4,19312,33265,1,1,1
SAW,4,19326,33279,1,1,1
SAW,4,19327,33280,1,1,1
SAW,4,19339,33292,1,1,1
SAW,4,19345,33298,1,1,1
SAW,4,19356,33309,1,1,1
SAW,4,19371,33324,1,1,1
SAW,4,19384,33337,1,1,1
SAW,4,19409,33362,1,1,1
SAW,4,19422,33375,1,1,1
SAW,4,19431,33384,1,1,1
SAW,4,19435,33388,1,1,1
SAW,4,19462,33415,1,1,1
SAW,4,19468,33421,1,1,1
SAW,4,19485,33438,1,1,1
SAW,4,19510,33463,1,1,1
SAW,4,19516,33469,1,1,1
SAW,4,19517,33470,1,0,0
SAW,4,19519,33472,1,1,1
SAW,4,19521,33474,1,1,1
SAW,4,19534,33487,1,1,1
SAW,4,19551,33504,1,1,1
SAW,4,19552,33505,1,1,1
SAW,4,19570,33523,1,1,1
SAW,4,19576,33529,1,1,1
SAW,4,19578,33531,1,1,1
SAW,4,19582,33535,1,1,1
SAW,4,19584,33537,1,1,1
SAW,4,19595,33548,1,1,1
SAW,4,19604,33557,1,1,1
SAW,4,19610,33563,1,1,1
SAW,4,19627,33580,1,1,1
SAW,4,19631,33584,1,1,1
SAW,4,19643,33596,1,1,1
SAW,4,19651,33604,1,1,1
SAW,4,19670,33623,1,1,1
SAW,4,19672,33625,1,1,1
SAW,4,19725,33678,1,1,1
SAW,4,19730,33683,1,1,1
SAW,4,19766,33719,1,1,1
SAW,4,19767,33720,1,1,1
SAW,4,19795,33748,1,1,1
SAW,4,19810,33763,1,1,1
SAW,4,19811,33764,1,1,1
SAW,4,19812,33765,1,1,1
SAW,4,19816,33769,1,1,1
SAW,4,19833,33786,1,1,1
SAW,4,19846,33799,1,1,1
SAW,4,19860,33813,1,1,1
SAW,4,19866,33819,1,1,1
SAW,4,19870,33823,1,1,1
SAW,4,19880,33833,1,1,1
SAW,4,19892,33845,1,1,1
SAW,4,19896,33849,1,1,1
SAW,4,19898,33851,1,1,1
SAW,4,19913,33866,1,1,1
SAW,4,19914,33867,1,1,1
SAW,4,19920,33873,1,1,1
SAW,4,19931,33884,1,1,1
SAW,4,19935,33888,1,1,1
SAW,4,19943,33896,1,1,1
SAW,4,19957,33910,1,1,1
SAW,4,19967,33920,1,1,1
SAW,4,19969,33922,1,1,1
SAW,4,19970,33923,1,1,1
SAW,4,19973,33926,1,1,1
SAW,4,19983,33936,1,1,1
SAW,4,19992,33945,1,1,1
SAW,4,19994,33947,1,1,1
SAW,4,19998,33951,1,1,1
SAW,4,19999,33952,1,1,1
SAW,4,20009,33962,1,1,1
SAW,4,20010,33963,1,1,1
SAW,4,20011,33964,1,1,1
SAW,4,20021,33974,1,1,1
SAW,4,20036,33989,1,1,1
SAW,4,20042,33995,1,1,1
SAW,4,20045,33998,1,1,1
SAW,4,20049,34002,1,1,1
SAW,4,20050,34003,1,1,1
SAW,4,20056,34009,1,1,1
SAW,4,20058,34011,1,1,1
SAW,4,20059,34012,1,1,1
SAW,4,20066,34019,1,1,1
SAW,4,20069,34022,1,1,1
SAW,4,20095,34048,1,1,1
SAW,4,20123,34076,1,1,1
SAW,4,20188,34141,1,1,1
SAW,4,20197,34150,1,1,1
SAW,4,20198,34151,1,1,1
SAW,4,20207,34160,1,1,1
SAW,4,20212,34165,1,1,1
SAW,4,20224,34177,1,1,1
SAW,4,20226,34179,1,1,1
SAW,4,20234,34187,1,1,1
SAW,4,20236,34189,1,1,1
SAW,4,20241,34194,1,1,1
SAW,4,20260,34213,1,1,1
SAW,4,20262,34215,1,1,1
SAW,4,20269,34222,1,1,1
SAW,4,20270,34223,1,1,1
SAW,4,20277,34230,1,1,1
SAW,4,20278,34231,1,1,1
SAW,4,20281,34234,1,1,1
SAW,4,20297,34250,1,1,1
SAW,4,20321,34274,1,1,1
SAW,4,20325,34278,1,1,1
SAW,4,20341,34294,1,1,1
SAW,4,20346,34299,1,1,1
SAW,4,20357,34310,1,1,1
SAW,4,20366,34319,1,1,1
SAW,4,20373,34326,1,1,1
SAW,4,20384,34337,1,0,0
SAW,4,20393,34346,1,1,1
SAW,4,20415,34368,1,1,1
SAW,4,20424,34377,1,0,0
SAW,4,20426,34379,1,1,1
SAW,4,20427,34380,1,1,1
SAW,4,20431,34384,1,1,1
SAW,4,20442,34395,1,1,1
SAW,4,20454,34407,1,1,1
SAW,4,20468,34421,1,1,1
SAW,4,20482,34435,1,1,1
SAW,4,20487,34440,1,1,1
SAW,4,20493,34446,1,1,1
SAW,4,20526,34479,1,1,1
SAW,4,20529,34482,1,1,1
SAW,4,20530,34483,1,1,1
SAW,4,20539,34492,1,1,1
SAW,4,20540,34493,1,1,1
SAW,4,20545,34498,1,1,1
SAW,4,20550,34503,1,1,1
SAW,4,20562,34515,1,1,1
SAW,4,20577,34530,1,1,1
SAW,4,20580,34533,1,1,1
SAW,4,20586,34539,1,1,1
SAW,4,20591,34544,1,1,1
SAW,4,20616,34569,1,1,1
SAW,4,20626,34579,1,1,1
SAW,4,20632,34585,1,1,1
SAW,4,20644,34597,1,1,1
SAW,4,20654,34607,1,1,1
SAW,4,20662,34615,1,1,1
SAW,4,20696,34649,1,1,1
SAW,4,20703,34656,1,1,1
SAW,4,20709,34662,1,1,1
SAW,4,20718,34671,1,1,1
SAW,4,20726,34679,1,1,1
SAW,4,20736,34689,1,0,0
SAW,4,20742,34695,1,1,1
SAW,4,20765,34718,1,1,1
SAW,4,20770,34723,1,1,1
SAW,4,20790,34743,1,1,1
SAW,4,20802,34755,1,1,1
SAW,4,20809,34762,1,1,1
SAW,4,20827,34780,1,1,1
SAW,4,20831,34784,1,1,1
SAW,4,20833,34786,1,0,0
SAW,4,20835,34788,1,0,0
SAW,4,20847,34800,1,1,1
SAW,4,20864,34817,1,1,1
SAW,4,20873,34826,1,1,1
SAW,4,20882,34835,1,1,1
SAW,4,20897,34850,1,1,1
SAW,4,20905,34858,1,1,1
SAW,4,20906,34859,1,1,1
SAW,4,20909,34862,1,1,1
SAW,4,20913,34866,1,1,1
SAW,4,20930,34883,1,1,1
SAW,4,20938,34891,1,1,1
SAW,4,20942,34895,1,1,1
SAW,4,20992,34945,1,1,1
SAW,4,21007,34960,1,1,1
SAW,4,21019,34972,1,1,1
SAW,4,21033,34986,1,1,1
SAW,4,21056,35009,1,1,1
SAW,4,21057,35010,1,0,0
SAW,4,21073,35026,1,1,1
SAW,4,21078,35031,1,1,1
SAW,4,21087,35040,1,1,1
SAW,4,21099,35052,1,1,1
SAW,4,21104,35057,1,1,1
SAW,4,21113,35066,1,1,1
SAW,4,21126,35079,1,1,1
SAW,4,21133,35086,1,1,1
SAW,4,21138,35091,1,0,0
SAW,4,21142,35095,1,1,1
SAW,4,21152,35105,1,1,1
SAW,4,21166,35119,1,1,1
SAW,4,21168,35121,1,1,1
SAW,4,21183,35136,1,1,1
SAW,4,21201,35154,1,1,1
SAW,4,21202,35155,1,1,1
SAW,4,21212,35165,1,1,1
SAW,4,21213,35166,1,1,1
SAW,4,21223,35176,1,1,1
SAW,4,21228,35181,1,1,1
SAW,4,21237,35190,1,0,0
SAW,4,21244,35197,1,1,1
SAW,4,21252,35205,1,1,1
SAW,4,21296,35249,1,1,1
SAW,4,21328,35281,1,1,1
SAW,4,21329,35282,1,1,1
SAW,4,21343,35296,1,1,1
SAW,4,21369,35322,1,1,1
SAW,4,21394,35347,1,1,1
SAW,4,21405,35358,1,1,1
SAW,4,21411,35364,1,1,1
SAW,4,21416,35369,1,1,1
SAW,4,21418,35371,1,1,1
SAW,4,21424,35377,1,1,1
SAW,4,21433,35386,1,1,1
SAW,4,21440,35393,1,1,1
SAW,4,21457,35410,1,1,1
SAW,4,21463,35416,1,1,1
SAW,4,21468,35421,1,1,1
SAW,4,21492,35445,1,1,1
SAW,4,21501,35454,1,1,1
SAW,4,21502,35455,1,1,1
SAW,4,21503,35456,1,1,1
SAW,4,21525,35478,1,1,1
SAW,4,21529,35482,1,1,1
SAW,4,21532,35485,1,1,1
SAW,4,21539,35492,1,1,1
SAW,4,21556,35509,0,0,1
SAW,4,21596,35549,0,0,1
SAW,4,21605,35558,0,0,1
SAW,4,21617,35570,0,0,1
SAW,4,21631,35584,0,0,1
SAW,4,21636,35589,0,0,1
SAW,4,21656,35609,0,0,1
SAW,4,21658,35611,0,0,1
SAW,4,21678,35631,0,0,1
SAW,4,21687,35640,0,0,1
SAW,4,21693,35646,0,1,0
SAW,4,21729,35682,0,0,1
SAW,4,21731,35684,0,1,0
SAW,4,21735,35688,0,0,1
SAW,4,21736,35689,0,0,1
SAW,4,21742,35695,0,0,1
SAW,4,21764,35717,0,0,1
SAW,4,21765,35718,0,0,1
SAW,4,21767,35720,0,1,0
SAW,4,21768,35721,0,0,1
SAW,4,21804,35757,0,0,1
SAW,4,21833,35786,0,0,1
SAW,4,21835,35788,0,0,1
SAW,4,21840,35793,0,1,0
SAW,4,21842,35795,0,1,0
SAW,4,21865,35818,0,1,0
SAW,4,21899,35852,0,0,1
SAW,4,21904,35857,0,0,1
SAW,4,21905,35858,0,0,1
SAW,4,21906,35859,0,0,1
SAW,4,21924,35877,0,0,1
SAW,4,21929,35882,0,0,1
SAW,4,21952,35905,0,0,1
SAW,4,21961,35914,0,0,1
SAW,4,21970,35923,0,0,1
SAW,4,21983,35936,0,0,1
SAW,4,21994,35947,0,0,1
SAW,4,22001,35954,0,0,1
SAW,4,22003,35956,0,0,1
SAW,4,22014,35967,0,0,1
SAW,4,22040,35993,0,0,1
SAW,4,22055,36008,0,0,1
SAW,4,22059,36012,0,1,0
SAW,4,22073,36026,0,0,1
SAW,4,22078,36031,0,0,1
SAW,4,22086,36039,0,1,0
SAW,4,22087,36040,0,0,1
SAW,4,22090,36043,0,0,1
SAW,4,22091,36044,0,0,1
SAW,4,22100,36053,0,0,1
SAW,4,22109,36062,0,0,1
SAW,4,22129,36082,0,0,1
SAW,4,22130,36083,0,0,1
SAW,4,22134,36087,0,0,1
SAW,4,22137,36090,0,0,1
SAW,4,22151,36104,0,0,1
SAW,4,22158,36111,0,0,1
SAW,4,22213,36166,0,0,1
SAW,4,22237,36190,0,0,1
SAW,4,22248,36201,0,0,1
SAW,4,22252,36206,0,0,1
SAW,4,22267,36221,0,0,1
SAW,4,22277,36231,0,0,1
SAW,4,22329,36283,0,0,1
SAW,4,22331,36285,0,0,1
SAW,4,22354,36308,0,0,1
SAW,4,22355,36309,0,0,1
SAW,4,22363,36317,0,0,1
SAW,4,22370,36324,0,0,1
SAW,4,22381,36335,0,0,1
SAW,4,22392,36346,0,0,1
SAW,4,22401,36355,0,0,1
SAW,4,22404,36358,0,0,1
SAW,4,22407,36361,0,0,1
SAW,4,22409,36363,0,0,1
SAW,4,22410,36364,0,0,1
SAW,4,22420,36374,0,0,1
SAW,4,22429,36383,0,0,1
SAW,4,22432,36386,0,0,1
SAW,4,22435,36389,0,0,1
SAW,4,22443,36397,0,0,1
SAW,4,22446,36400,0,0,1
SAW,4,22447,36401,0,1,0
SAW,4,22448,36402,0,0,1
SAW,4,22456,36410,0,0,1
SAW,4,22470,36424,0,0,1
SAW,4,22471,36425,0,0,1
SAW,4,22493,36447,0,0,1
SAW,4,22515,36469,0,0,1
SAW,4,22520,36474,0,0,1
SAW,4,22530,36484,0,0,1
SAW,4,22534,36488,0,0,1
SAW,4,22539,36493,0,0,1
SAW,4,22548,36502,0,0,1
SAW,4,22549,36503,0,0,1
SAW,4,22552,36506,0,0,1
SAW,4,22560,36514,0,0,1
SAW,4,22574,36528,0,0,1
SAW,4,22580,36534,0,0,1
SAW,4,22598,36552,0,0,1
SAW,4,22599,36553,0,0,1
SAW,4,22602,36556,0,0,1
SAW,4,22610,36564,0,0,1
SAW,4,22617,36571,0,0,1
SAW,4,22644,36598,0,0,1
SAW,4,22646,36600,0,0,1
SAW,4,22659,36613,0,0,1
SAW,4,22675,36629,0,0,1
SAW,4,22676,36630,0,0,1
SAW,4,22682,36636,0,0,1
SAW,4,22705,36659,0,0,1
SAW,4,22713,36667,0,0,1
SAW,4,22720,36674,0,0,1
SAW,4,22724,36678,0,0,1
SAW,4,22727,36681,0,0,1
SAW,4,22746,36700,0,0,1
SAW,4,22770,36724,0,0,1
SAW,4,22772,36726,0,0,1
SAW,4,22784,36738,0,0,1
SAW,4,22786,36740,0,0,1
SAW,4,22821,36775,0,0,1
SAW,4,22825,36779,0,0,1
SAW,4,22828,36782,0,0,1
SAW,4,22830,36784,0,0,1
SAW,4,22845,36799,0,0,1
SAW,4,22848,36802,0,0,1
SAW,4,22850,36804,0,0,1
SAW,4,22858,36812,0,0,1
SAW,4,22876,36830,0,0,1
SAW,4,22878,36832,0,0,1
SAW,4,22897,36851,0,0,1
SAW,4,22916,36870,0,0,1
SAW,4,22922,36876,0,0,1
SAW,4,22937,36891,0,0,1
SAW,4,22950,36904,0,0,1
SAW,4,22953,36907,0,0,1
SAW,4,22956,36910,0,0,1
SAW,4,22957,36911,0,0,1
SAW,4,22966,36920,0,0,1
SAW,4,22975,36929,0,0,1
SAW,4,22988,36942,0,0,1
SAW,4,22995,36949,0,0,1
SAW,4,23008,36962,0,0,1
SAW,4,23009,36963,0,0,1
SAW,4,23010,36964,0,0,1
SAW,4,23020,36974,0,1,0
SAW,4,23021,36975,0,0,1
SAW,4,23028,36982,0,0,1
SAW,4,23037,36991,0,0,1
SAW,4,23044,36998,0,0,1
SAW,4,23045,36999,0,0,1
SAW,4,23089,37043,0,0,1
SAW,4,23090,37044,0,1,0
SAW,4,23103,37057,0,0,1
SAW,4,23118,37072,0,0,1
SAW,4,23124,37078,0,0,1
SAW,4,23140,37094,0,0,1
SAW,4,23141,37095,0,0,1
SAW,4,23150,37104,0,0,1
SAW,4,23152,37106,0,0,1
SAW,4,23164,37118,0,0,1
SAW,4,23165,37119,0,0,1
SAW,4,23172,37126,0,1,0
SAW,4,23186,37140,0,0,1
SAW,4,23189,37143,0,0,1
SAW,4,23195,37149,0,0,1
SAW,4,23226,37180,0,0,1
SAW,4,23230,37184,0,0,1
SAW,4,23233,37187,0,0,1
SAW,4,23238,37192,0,0,1
SAW,4,23248,37202,0,0,1
SAW,4,23251,37205,0,0,1
SAW,4,23261,37215,0,0,1
SAW,4,23263,37217,0,0,1
SAW,4,23267,37221,0,0,1
SAW,4,23282,37236,0,0,1
SAW,4,23313,37267,0,0,1
SAW,4,23315,37269,0,0,1
SAW,4,23338,37292,0,0,1
SAW,4,23343,37297,0,0,1
SAW,4,23354,37308,0,0,1
SAW,4,23365,37319,0,0,1
SAW,4,23392,37346,0,0,1
SAW,4,23394,37348,0,0,1
SAW,4,23412,37366,0,0,1
SAW,4,23431,37385,0,0,1
SAW,4,23433,37387,0,0,1
SAW,4,23435,37389,0,0,1
SAW,4,23440,37394,0,0,1
SAW,4,23445,37399,0,0,1
SAW,4,23457,37411,0,0,1
SAW,4,23464,37418,0,0,1
SAW,4,23466,37420,0,0,1
SAW,4,23478,37432,0,0,1
SAW,4,23480,37434,0,0,1
SAW,4,23494,37448,0,0,1
SAW,4,23500,37454,0,0,1
SAW,4,23509,37463,0,1,0
SAW,4,23517,37471,0,0,1
SAW,4,23520,37474,0,0,1
SAW,4,23525,37479,0,0,1
SAW,4,23540,37494,0,0,1
SAW,5,19060,33013,1,1,1
SAW,5,19092,33045,1,0,0
SAW,5,19098,33051,1,1,1
SAW,5,19125,33078,1,1,1
SAW,5,19134,33087,1,1,1
SAW,5,19161,33114,1,1,1
SAW,5,19174,33127,1,1,1
SAW,5,19187,33140,1,1,1
SAW,5,19188,33141,1,1,1
SAW,5,19189,33142,1,1,1
SAW,5,19196,33149,1,1,1
SAW,5,19202,33155,1,1,1
SAW,5,19207,33160,1,1,1
SAW,5,19212,33165,1,1,1
SAW,5,19214,33167,1,1,1
SAW,5,19222,33175,1,1,1
SAW,5,19234,33187,1,1,1
SAW,5,19251,33204,1,1,1
SAW,5,19264,33217,1,1,1
SAW,5,19267,33220,1,1,1
SAW,5,19294,33247,1,1,1
SAW,5,19308,33261,1,1,1
SAW,5,19313,33266,1,1,1
SAW,5,19323,33276,1,1,1
SAW,5,19331,33284,1,1,1
SAW,5,19340,33293,1,1,1
SAW,5,19341,33294,1,1,1
SAW,5,19350,33303,1,1,1
SAW,5,19377,33330,1,1,1
SAW,5,19386,33339,1,1,1
SAW,5,19392,33345,1,1,1
SAW,5,19428,33381,1,1,1
SAW,5,19445,33398,1,1,1
SAW,5,19447,33400,1,1,1
SAW,5,19449,33402,1,1,1
SAW,5,19473,33426,1,1,1
SAW,5,19476,33429,1,1,1
SAW,5,19477,33430,1,1,1
SAW,5,19484,33437,1,1,1
SAW,5,19493,33446,1,1,1
SAW,5,19496,33449,1,1,1
SAW,5,19498,33451,1,1,1
SAW,5,19509,33462,1,1,1
SAW,5,19514,33467,1,1,1
SAW,5,19528,33481,1,1,1
SAW,5,19535,33488,1,1,1
SAW,5,19537,33490,1,1,1
SAW,5,19544,33497,1,1,1
SAW,5,19550,33503,1,1,1
SAW,5,19553,33506,1,1,1
SAW,5,19605,33558,1,1,1
SAW,5,19617,33570,1,1,1
SAW,5,19619,33572,1,1,1
SAW,5,19626,33579,1,1,1
SAW,5,19630,33583,1,1,1
SAW,5,19636,33589,1,1,1
SAW,5,19642,33595,1,1,1
SAW,5,19650,33603,1,1,1
SAW,5,19688,33641,1,1,1
SAW,5,19711,33664,1,1,1
SAW,5,19726,33679,1,1,1
SAW,5,19728,33681,1,1,1
SAW,5,19737,33690,1,1,1
SAW,5,19738,33691,1,1,1
SAW,5,19751,33704,1,1,1
SAW,5,19760,33713,1,1,1
SAW,5,19765,33718,1,1,1
SAW,5,19769,33722,1,1,1
SAW,5,19772,33725,1,1,1
SAW,5,19775,33728,1,1,1
SAW,5,19781,33734,1,1,1
SAW,5,19784,33737,1,1,1
SAW,5,19785,33738,1,1,1
SAW,5,19786,33739,1,1,1
SAW,5,19796,33749,1,1,1
SAW,5,19799,33752,1,1,1
SAW,5,19824,33777,1,1,1
SAW,5,19831,33784,1,1,1
SAW,5,19851,33804,1,1,1
SAW,5,19852,33805,1,1,1
SAW,5,19855,33808,1,1,1
SAW,5,19858,33811,1,1,1
SAW,5,19859,33812,1,1,1
SAW,5,19868,33821,1,1,1
SAW,5,19872,33825,1,1,1
SAW,5,19875,33828,1,1,1
SAW,5,19900,33853,1,1,1
SAW,5,19901,33854,1,1,1
SAW,5,19902,33855,1,1,1
SAW,5,19903,33856,1,1,1
SAW,5,19910,33863,1,1,1
SAW,5,19915,33868,1,1,1
SAW,5,19929,33882,1,1,1
SAW,5,19944,33897,1,1,1
SAW,5,19948,33901,1,1,1
SAW,5,19950,33903,1,1,1
SAW,5,19964,33917,1,1,1
SAW,5,19977,33930,1,0,0
SAW,5,20012,33965,1,1,1
SAW,5,20016,33969,1,1,1
SAW,5,20017,33970,1,1,1
SAW,5,20020,33973,1,1,1
SAW,5,20052,34005,1,1,1
SAW,5,20055,34008,1,1,1
SAW,5,20061,34014,1,1,1
SAW,5,20063,34016,1,1,1
SAW,5,20067,34020,1,1,1
SAW,5,20075,34028,1,1,1
SAW,5,20076,34029,1,1,1
SAW,5,20077,34030,1,1,1
SAW,5,20080,34033,1,1,1
SAW,5,20084,34037,1,1,1
SAW,5,20085,34038,1,1,1
SAW,5,20089,34042,1,1,1
SAW,5,20105,34058,1,1,1
SAW,5,20114,34067,1,1,1
SAW,5,20142,34095,1,1,1
SAW,5,20145,34098,1,1,1
SAW,5,20149,34102,1,1,1
SAW,5,20151,34104,1,1,1
SAW,5,20161,34114,1,1,1
SAW,5,20191,34144,1,1,1
SAW,5,20201,34154,1,1,1
SAW,5,20252,34205,1,1,1
SAW,5,20265,34218,1,1,1
SAW,5,20268,34221,1,1,1
SAW,5,20279,34232,1,1,1
SAW,5,20298,34251,1,1,1
SAW,5,20300,34253,1,1,1
SAW,5,20306,34259,1,1,1
SAW,5,20309,34262,1,1,1
SAW,5,20318,34271,1,1,1
SAW,5,20331,34284,1,1,1
SAW,5,20337,34290,1,1,1
SAW,5,20339,34292,1,1,1
SAW,5,20349,34302,1,1,1
SAW,5,20355,34308,1,1,1
SAW,5,20368,34321,1,1,1
SAW,5,20377,34330,1,1,1
SAW,5,20378,34331,1,1,1
SAW,5,20382,34335,1,1,1
SAW,5,20385,34338,1,1,1
SAW,5,20390,34343,1,1,1
SAW,5,20395,34348,1,1,1
SAW,5,20402,34355,1,1,1
SAW,5,20409,34362,1,1,1
SAW,5,20416,34369,1,0,0
SAW,5,20420,34373,1,1,1
SAW,5,20423,34376,1,1,1
SAW,5,20428,34381,1,1,1
SAW,5,20437,34390,1,1,1
SAW,5,20459,34412,1,1,1
SAW,5,20460,34413,1,1,1
SAW,5,20500,34453,1,1,1
SAW,5,20527,34480,1,1,1
SAW,5,20551,34504,1,1,1
SAW,5,20552,34505,1,1,1
SAW,5,20579,34532,1,1,1
SAW,5,20611,34564,1,1,1
SAW,5,20617,34570,1,1,1
SAW,5,20619,34572,1,1,1
SAW,5,20624,34577,1,1,1
SAW,5,20639,34592,1,1,1
SAW,5,20640,34593,1,1,1
SAW,5,20645,34598,1,1,1
SAW,5,20652,34605,1,1,1
SAW,5,20677,34630,1,1,1
SAW,5,20688,34641,1,1,1
SAW,5,20704,34657,1,1,1
SAW,5,20714,34667,1,1,1
SAW,5,20715,34668,1,0,0
SAW,5,20723,34676,1,1,1
SAW,5,20781,34734,1,1,1
SAW,5,20782,34735,1,1,1
SAW,5,20786,34739,1,1,1
SAW,5,20789,34742,1,1,1
SAW,5,20799,34752,1,1,1
SAW,5,20816,34769,1,1,1
SAW,5,20820,34773,1,1,1
SAW,5,20830,34783,1,1,1
SAW,5,20839,34792,1,1,1
SAW,5,20842,34795,1,1,1
SAW,5,20856,34809,1,1,1
SAW,5,20869,34822,1,1,1
SAW,5,20874,34827,1,1,1
SAW,5,20876,34829,1,1,1
SAW,5,20892,34845,1,1,1
SAW,5,20917,34870,1,1,1
SAW,5,20933,34886,1,1,1
SAW,5,20939,34892,1,1,1
SAW,5,20941,34894,1,1,1
SAW,5,20945,34898,1,1,1
SAW,5,20954,34907,1,1,1
SAW,5,20961,34914,1,1,1
SAW,5,20974,34927,1,1,1
SAW,5,20985,34938,1,1,1
SAW,5,20989,34942,1,1,1
SAW,5,21005,34958,1,1,1
SAW,5,21011,34964,1,1,1
SAW,5,21013,34966,1,1,1
SAW,5,21025,34978,1,1,1
SAW,5,21026,34979,1,1,1
SAW,5,21031,34984,1,1,1
SAW,5,21039,34992,1,0,0
SAW,5,21047,35000,1,1,1
SAW,5,21049,35002,1,1,1
SAW,5,21084,35037,1,1,1
SAW,5,21110,35063,1,1,1
SAW,5,21131,35084,1,1,1
SAW,5,21149,35102,1,1,1
SAW,5,21165,35118,1,1,1
SAW,5,21167,35120,1,1,1
SAW,5,21178,35131,1,1,1
SAW,5,21186,35139,1,1,1
SAW,5,21207,35160,1,1,1
SAW,5,21211,35164,1,1,1
SAW,5,21217,35170,1,1,1
SAW,5,21227,35180,1,1,1
SAW,5,21236,35189,1,1,1
SAW,5,21238,35191,1,1,1
SAW,5,21240,35193,1,1,1
SAW,5,21241,35194,1,1,1
SAW,5,21260,35213,1,1,1
SAW,5,21269,35222,1,1,1
SAW,5,21281,35234,1,1,1
SAW,5,21288,35241,1,1,1
SAW,5,21293,35246,1,1,1
SAW,5,21298,35251,1,1,1
SAW,5,21305,35258,1,1,1
SAW,5,21313,35266,1,1,1
SAW,5,21315,35268,1,1,1
SAW,5,21316,35269,1,1,1
SAW,5,21331,35284,1,1,1
SAW,5,21337,35290,1,1,1
SAW,5,21342,35295,1,0,0
SAW,5,21346,35299,1,1,1
SAW,5,21359,35312,1,1,1
SAW,5,21378,35331,1,1,1
SAW,5,21383,35336,1,1,1
SAW,5,21385,35338,1,1,1
SAW,5,21387,35340,1,1,1
SAW,5,21396,35349,1,1,1
SAW,5,21401,35354,1,1,1
SAW,5,21407,35360,1,1,1
SAW,5,21435,35388,1,1,1
SAW,5,21455,35408,1,1,1
SAW,5,21474,35427,1,1,1
SAW,5,21475,35428,1,1,1
SAW,5,21490,35443,1,1,1
SAW,5,21494,35447,1,1,1
SAW,5,21545,35498,0,0,1
SAW,5,21548,35501,0,0,1
SAW,5,21554,35507,0,0,1
SAW,5,21555,35508,0,0,1
SAW,5,21570,35523,0,0,1
SAW,5,21572,35525,0,0,1
SAW,5,21573,35526,0,0,1
SAW,5,21575,35528,0,0,1
SAW,5,21606,35559,0,0,1
SAW,5,21615,35568,0,0,1
SAW,5,21628,35581,0,0,1
SAW,5,21639,35592,0,0,1
SAW,5,21640,35593,0,0,1
SAW,5,21659,35612,0,0,1
SAW,5,21660,35613,0,0,1
SAW,5,21664,35617,0,0,1
SAW,5,21672,35625,0,0,1
SAW,5,21696,35649,0,0,1
SAW,5,21701,35654,0,0,1
SAW,5,21710,35663,0,0,1
SAW,5,21724,35677,0,0,1
SAW,5,21726,35679,0,0,1
SAW,5,21728,35681,0,0,1
SAW,5,21749,35702,0,0,1
SAW,5,21770,35723,0,0,1
SAW,5,21774,35727,0,0,1
SAW,5,21775,35728,0,0,1
SAW,5,21777,35730,0,0,1
SAW,5,21781,35734,0,0,1
SAW,5,21791,35744,0,0,1
SAW,5,21797,35750,0,0,1
SAW,5,21801,35754,0,0,1
SAW,5,21816,35769,0,0,1
SAW,5,21839,35792,0,0,1
SAW,5,21841,35794,0,0,1
SAW,5,21861,35814,0,0,1
SAW,5,21879,35832,0,0,1
SAW,5,21889,35842,0,0,1
SAW,5,21897,35850,0,0,1
SAW,5,21910,35863,0,0,1
SAW,5,21932,35885,0,0,1
SAW,5,21941,35894,0,0,1
SAW,5,21966,35919,0,0,1
SAW,5,21974,35927,0,0,1
SAW,5,22004,35957,0,0,1
SAW,5,22021,35974,0,0,1
SAW,5,22033,35986,0,0,1
SAW,5,22043,35996,0,0,1
SAW,5,22050,36003,0,0,1
SAW,5,22053,36006,0,0,1
SAW,5,22075,36028,0,0,1
SAW,5,22095,36048,0,0,1
SAW,5,22104,36057,0,0,1
SAW,5,22105,36058,0,0,1
SAW,5,22116,36069,0,0,1
SAW,5,22127,36080,0,0,1
SAW,5,22133,36086,0,0,1
SAW,5,22153,36106,0,0,1
SAW,5,22154,36107,0,0,1
SAW,5,22163,36116,0,0,1
SAW,5,22164,36117,0,0,1
SAW,5,22168,36121,0,0,1
SAW,5,22182,36135,0,0,1
SAW,5,22190,36143,0,0,1
SAW,5,22215,36168,0,0,1
SAW,5,22279,36233,0,0,1
SAW,5,22305,36259,0,0,1
SAW,5,22312,36266,0,0,1
SAW,5,22316,36270,0,0,1
SAW,5,22317,36271,0,1,0
SAW,5,22320,36274,0,1,0
SAW,5,22325,36279,0,0,1
SAW,5,22327,36281,0,0,1
SAW,5,22337,36291,0,0,1
SAW,5,22343,36297,0,0,1
SAW,5,22347,36301,0,0,1
SAW,5,22348,36302,0,1,0
SAW,5,22350,36304,0,0,1
SAW,5,22365,36319,0,1,0
SAW,5,22369,36323,0,0,1
SAW,5,22378,36332,0,0,1
SAW,5,22379,36333,0,0,1
SAW,5,22402,36356,0,0,1
SAW,5,22408,36362,0,0,1
SAW,5,22411,36365,0,0,1
SAW,5,22414,36368,0,0,1
SAW,5,22427,36381,0,0,1
SAW,5,22430,36384,0,0,1
SAW,5,22436,36390,0,0,1
SAW,5,22437,36391,0,0,1
SAW,5,22444,36398,0,0,1
SAW,5,22449,36403,0,0,1
SAW,5,22467,36421,0,1,0
SAW,5,22473,36427,0,1,0
SAW,5,22474,36428,0,0,1
SAW,5,22482,36436,0,0,1
SAW,5,22486,36440,0,0,1
SAW,5,22489,36443,0,0,1
SAW,5,22494,36448,0,0,1
SAW,5,22532,36486,0,0,1
SAW,5,22537,36491,0,0,1
SAW,5,22550,36504,0,0,1
SAW,5,22570,36524,0,0,1
SAW,5,22571,36525,0,0,1
SAW,5,22587,36541,0,0,1
SAW,5,22589,36543,0,0,1
SAW,5,22596,36550,0,0,1
SAW,5,22609,36563,0,0,1
SAW,5,22621,36575,0,0,1
SAW,5,22623,36577,0,0,1
SAW,5,22626,36580,0,0,1
SAW,5,22629,36583,0,0,1
SAW,5,22648,36602,0,0,1
SAW,5,22652,36606,0,0,1
SAW,5,22660,36614,0,0,1
SAW,5,22670,36624,0,0,1
SAW,5,22680,36634,0,0,1
SAW,5,22691,36645,0,0,1
SAW,5,22716,36670,0,0,1
SAW,5,22721,36675,0,0,1
SAW,5,22729,36683,0,1,0
SAW,5,22737,36691,0,0,1
SAW,5,22741,36695,0,0,1
SAW,5,22748,36702,0,0,1
SAW,5,22763,36717,0,0,1
SAW,5,22785,36739,0,0,1
SAW,5,22788,36742,0,0,1
SAW,5,22789,36743,0,0,1
SAW,5,22814,36768,0,0,1
SAW,5,22818,36772,0,1,0
SAW,5,22841,36795,0,0,1
SAW,5,22842,36796,0,0,1
SAW,5,22871,36825,0,0,1
SAW,5,22873,36827,0,0,1
SAW,5,22874,36828,0,0,1
SAW,5,22875,36829,0,0,1
SAW,5,22877,36831,0,0,1
SAW,5,22880,36834,0,0,1
SAW,5,22886,36840,0,0,1
SAW,5,22888,36842,0,0,1
SAW,5,22913,36867,0,1,0
SAW,5,22928,36882,0,0,1
SAW,5,22942,36896,0,0,1
SAW,5,22954,36908,0,0,1
SAW,5,22958,36912,0,1,0
SAW,5,22971,36925,0,0,1
SAW,5,22986,36940,0,0,1
SAW,5,22996,36950,0,0,1
SAW,5,23019,36973,0,0,1
SAW,5,23049,37003,0,0,1
SAW,5,23058,37012,0,0,1
SAW,5,23061,37015,0,0,1
SAW,5,23064,37018,0,0,1
SAW,5,23074,37028,0,0,1
SAW,5,23081,37035,0,0,1
SAW,5,23084,37038,0,0,1
SAW,5,23086,37040,0,0,1
SAW,5,23101,37055,0,0,1
SAW,5,23110,37064,0,0,1
SAW,5,23112,37066,0,0,1
SAW,5,23135,37089,0,0,1
SAW,5,23138,37092,0,0,1
SAW,5,23157,37111,0,0,1
SAW,5,23160,37114,0,1,0
SAW,5,23170,37124,0,0,1
SAW,5,23176,37130,0,0,1
SAW,5,23177,37131,0,0,1
SAW,5,23179,37133,0,0,1
SAW,5,23182,37136,0,0,1
SAW,5,23184,37138,0,0,1
SAW,5,23191,37145,0,1,0
SAW,5,23193,37147,0,0,1
SAW,5,23201,37155,0,0,1
SAW,5,23216,37170,0,0,1
SAW,5,23221,37175,0,0,1
SAW,5,23234,37188,0,0,1
SAW,5,23239,37193,0,0,1
SAW,5,23243,37197,0,0,1
SAW,5,23266,37220,0,0,1
SAW,5,23287,37241,0,0,1
SAW,5,23300,37254,0,0,1
SAW,5,23301,37255,0,0,1
SAW,5,23308,37262,0,0,1
SAW,5,23318,37272,0,1,0
SAW,5,23332,37286,0,1,0
SAW,5,23344,37298,0,0,1
SAW,5,23380,37334,0,0,1
SAW,5,23389,37343,0,0,1
SAW,5,23390,37344,0,0,1
SAW,5,23400,37354,0,0,1
SAW,5,23410,37364,0,0,1
SAW,5,23415,37369,0,0,1
SAW,5,23441,37395,0,0,1
SAW,5,23470,37424,0,0,1
SAW,5,23472,37426,0,0,1
SAW,5,23487,37441,0,0,1
SAW,5,23488,37442,0,0,1
SAW,5,23489,37443,0,0,1
SAW,5,23522,37476,0,0,1
SAW,5,23547,37501,0,0,1
SAW,5,23549,37503,0,0,1
SAW,5,23552,37506,0,0,1
SAW,6,19045,32998,1,1,1
SAW,6,19050,33003,1,1,1
SAW,6,19111,33064,1,1,1
SAW,6,19121,33074,1,1,1
SAW,6,19129,33082,1,1,1
SAW,6,19139,33092,1,1,1
SAW,6,19143,33096,1,1,1
SAW,6,19148,33101,1,1,1
SAW,6,19149,33102,1,1,1
SAW,6,19153,33106,1,1,1
SAW,6,19156,33109,1,1,1
SAW,6,19168,33121,1,1,1
SAW,6,19190,33143,1,1,1
SAW,6,19232,33185,1,1,1
SAW,6,19237,33190,1,1,1
SAW,6,19238,33191,1,1,1
SAW,6,19250,33203,1,1,1
SAW,6,19262,33215,1,1,1
SAW,6,19302,33255,1,1,1
SAW,6,19315,33268,1,0,0
SAW,6,19322,33275,1,1,1
SAW,6,19330,33283,1,1,1
SAW,6,19346,33299,1,1,1
SAW,6,19353,33306,1,1,1
SAW,6,19357,33310,1,1,1
SAW,6,19365,33318,1,1,1
SAW,6,19366,33319,1,1,1
SAW,6,19372,33325,1,1,1
SAW,6,19373,33326,1,1,1
SAW,6,19376,33329,1,1,1
SAW,6,19387,33340,1,1,1
SAW,6,19388,33341,1,1,1
SAW,6,19402,33355,1,1,1
SAW,6,19406,33359,1,1,1
SAW,6,19416,33369,1,1,1
SAW,6,19419,33372,1,1,1
SAW,6,19424,33377,1,1,1
SAW,6,19425,33378,1,1,1
SAW,6,19460,33413,1,1,1
SAW,6,19466,33419,1,0,0
SAW,6,19470,33423,1,1,1
SAW,6,19478,33431,1,1,1
SAW,6,19492,33445,1,1,1
SAW,6,19520,33473,1,1,1
SAW,6,19524,33477,1,1,1
SAW,6,19540,33493,1,1,1
SAW,6,19547,33500,1,1,1
SAW,6,19560,33513,1,1,1
SAW,6,19573,33526,1,1,1
SAW,6,19580,33533,1,1,1
SAW,6,19600,33553,1,1,1
SAW,6,19602,33555,1,0,0
SAW,6,19603,33556,1,1,1
SAW,6,19613,33566,1,1,1
SAW,6,19625,33578,1,1,1
SAW,6,19633,33586,1,1,1
SAW,6,19640,33593,1,1,1
SAW,6,19652,33605,1,1,1
SAW,6,19654,33607,1,1,1
SAW,6,19655,33608,1,1,1
SAW,6,19667,33620,1,1,1
SAW,6,19681,33634,1,1,1
SAW,6,19691,33644,1,1,1
SAW,6,19696,33649,1,1,1
SAW,6,19700,33653,1,1,1
SAW,6,19703,33656,1,1,1
SAW,6,19708,33661,1,1,1
SAW,6,19714,33667,1,1,1
SAW,6,19715,33668,1,1,1
SAW,6,19716,33669,1,1,1
SAW,6,19717,33670,1,1,1
SAW,6,19719,33672,1,1,1
SAW,6,19724,33677,1,1,1
SAW,6,19753,33706,1,1,1
SAW,6,19792,33745,1,1,1
SAW,6,19793,33746,1,1,1
SAW,6,19798,33751,1,1,1
SAW,6,19821,33774,1,1,1
SAW,6,19830,33783,1,1,1
SAW,6,19839,33792,1,1,1
SAW,6,19840,33793,1,1,1
SAW,6,19881,33834,1,1,1
SAW,6,19889,33842,1,1,1
SAW,6,19890,33843,1,1,1
SAW,6,19893,33846,1,1,1
SAW,6,19904,33857,1,1,1
SAW,6,19906,33859,1,0,0
SAW,6,19926,33879,1,1,1
SAW,6,19960,33913,1,1,1
SAW,6,19966,33919,1,1,1
SAW,6,19980,33933,1,1,1
SAW,6,19995,33948,1,1,1
SAW,6,20005,33958,1,1,1
SAW,6,20015,33968,1,1,1
SAW,6,20027,33980,1,1,1
SAW,6,20035,33988,1,1,1
SAW,6,20051,34004,1,1,1
SAW,6,20062,34015,1,1,1
SAW,6,20072,34025,1,1,1
SAW,6,20087,34040,1,1,1
SAW,6,20093,34046,1,1,1
SAW,6,20108,34061,1,1,1
SAW,6,20115,34068,1,1,1
SAW,6,20132,34085,1,1,1
SAW,6,20137,34090,1,1,1
SAW,6,20138,34091,1,1,1
SAW,6,20147,34100,1,1,1
SAW,6,20177,34130,1,1,1
SAW,6,20181,34134,1,1,1
SAW,6,20186,34139,1,1,1
SAW,6,20190,34143,1,1,1
SAW,6,20192,34145,1,1,1
SAW,6,20205,34158,1,1,1
SAW,6,20208,34161,1,1,1
SAW,6,20218,34171,1,1,1
SAW,6,20220,34173,1,1,1
SAW,6,20231,34184,1,1,1
SAW,6,20235,34188,1,1,1
SAW,6,20237,34190,1,1,1
SAW,6,20246,34199,1,1,1
SAW,6,20253,34206,1,1,1
SAW,6,20255,34208,1,1,1
SAW,6,20272,34225,1,1,1
SAW,6,20273,34226,1,1,1
SAW,6,20280,34233,1,1,1
SAW,6,20283,34236,1,1,1
SAW,6,20285,34238,1,1,1
SAW,6,20290,34243,1,1,1
SAW,6,20292,34245,1,1,1
SAW,6,20296,34249,1,1,1
SAW,6,20316,34269,1,1,1
SAW,6,20322,34275,1,1,1
SAW,6,20350,34303,1,1,1
SAW,6,20358,34311,1,1,1
SAW,6,20372,34325,1,1,1
SAW,6,20386,34339,1,1,1
SAW,6,20414,34367,1,0,0
SAW,6,20450,34403,1,1,1
SAW,6,20453,34406,1,1,1
SAW,6,20458,34411,1,1,1
SAW,6,20476,34429,1,1,1
SAW,6,20481,34434,1,1,1
SAW,6,20486,34439,1,1,1
SAW,6,20512,34465,1,1,1
SAW,6,20515,34468,1,1,1
SAW,6,20524,34477,1,0,0
SAW,6,20525,34478,1,1,1
SAW,6,20534,34487,1,0,0
SAW,6,20538,34491,1,1,1
SAW,6,20542,34495,1,1,1
SAW,6,20558,34511,1,1,1
SAW,6,20583,34536,1,1,1
SAW,6,20585,34538,1,1,1
SAW,6,20588,34541,1,1,1
SAW,6,20593,34546,1,1,1
SAW,6,20594,34547,1,1,1
SAW,6,20606,34559,1,1,1
SAW,6,20607,34560,1,1,1
SAW,6,20613,34566,1,1,1
SAW,6,20623,34576,1,1,1
SAW,6,20627,34580,1,1,1
SAW,6,20647,34600,1,1,1
SAW,6,20651,34604,1,1,1
SAW,6,20664,34617,1,1,1
SAW,6,20676,34629,1,1,1
SAW,6,20679,34632,1,1,1
SAW,6,20681,34634,1,1,1
SAW,6,20682,34635,1,1,1
SAW,6,20707,34660,1,1,1
SAW,6,20712,34665,1,1,1
SAW,6,20713,34666,1,1,1
SAW,6,20719,34672,1,1,1
SAW,6,20729,34682,1,1,1
SAW,6,20740,34693,1,1,1
SAW,6,20746,34699,1,1,1
SAW,6,20751,34704,1,1,1
SAW,6,20762,34715,1,1,1
SAW,6,20767,34720,1,1,1
SAW,6,20768,34721,1,1,1
SAW,6,20772,34725,1,0,0
SAW,6,20777,34730,1,1,1
SAW,6,20787,34740,1,1,1
SAW,6,20792,34745,1,1,1
SAW,6,20795,34748,1,0,0
SAW,6,20807,34760,1,1,1
SAW,6,20829,34782,1,1,1
SAW,6,20832,34785,1,0,0
SAW,6,20845,34798,1,1,1
SAW,6,20848,34801,1,1,1
SAW,6,20855,34808,1,1,1
SAW,6,20858,34811,1,1,1
SAW,6,20860,34813,1,1,1
SAW,6,20862,34815,1,1,1
SAW,6,20884,34837,1,1,1
SAW,6,20893,34846,1,1,1
SAW,6,20895,34848,1,1,1
SAW,6,20900,34853,1,0,0
SAW,6,20918,34871,1,1,1
SAW,6,20923,34876,1,1,1
SAW,6,20948,34901,1,1,1
SAW,6,20976,34929,1,1,1
SAW,6,20977,34930,1,1,1
SAW,6,20979,34932,1,1,1
SAW,6,20982,34935,1,1,1
SAW,6,20986,34939,1,1,1
SAW,6,20988,34941,1,1,1
SAW,6,21003,34956,1,1,1
SAW,6,21008,34961,1,1,1
SAW,6,21029,34982,1,1,1
SAW,6,21048,35001,1,1,1
SAW,6,21050,35003,1,1,1
SAW,6,21053,35006,1,1,1
SAW,6,21054,35007,1,1,1
SAW,6,21066,35019,1,1,1
SAW,6,21067,35020,1,1,1
SAW,6,21075,35028,1,1,1
SAW,6,21076,35029,1,1,1
SAW,6,21092,35045,1,1,1
SAW,6,21095,35048,1,1,1
SAW,6,21108,35061,1,1,1
SAW,6,21153,35106,1,1,1
SAW,6,21195,35148,1,0,0
SAW,6,21209,35162,1,0,0
SAW,6,21256,35209,1,1,1
SAW,6,21264,35217,1,1,1
SAW,6,21275,35228,1,1,1
SAW,6,21285,35238,1,1,1
SAW,6,21323,35276,1,1,1
SAW,6,21345,35298,1,1,1
SAW,6,21351,35304,1,0,0
SAW,6,21358,35311,1,1,1
SAW,6,21371,35324,1,1,1
SAW,6,21393,35346,1,1,1
SAW,6,21399,35352,1,1,1
SAW,6,21415,35368,1,1,1
SAW,6,21428,35381,1,1,1
SAW,6,21436,35389,1,1,1
SAW,6,21446,35399,1,1,1
SAW,6,21451,35404,1,1,1
SAW,6,21460,35413,1,1,1
SAW,6,21461,35414,1,1,1
SAW,6,21482,35435,1,1,1
SAW,6,21489,35442,1,1,1
SAW,6,21497,35450,1,1,1
SAW,6,21498,35451,1,1,1
SAW,6,21499,35452,1,1,1
SAW,6,21504,35457,1,1,1
SAW,6,21512,35465,1,1,1
SAW,6,21514,35467,1,1,1
SAW,6,21537,35490,1,1,1
SAW,6,21551,35504,0,0,1
SAW,6,21552,35505,0,0,1
SAW,6,21560,35513,0,0,1
SAW,6,21561,35514,0,0,1
SAW,6,21579,35532,0,0,1
SAW,6,21584,35537,0,0,1
SAW,6,21633,35586,0,0,1
SAW,6,21647,35600,0,0,1
SAW,6,21650,35603,0,0,1
SAW,6,21652,35605,0,0,1
SAW,6,21654,35607,0,0,1
SAW,6,21684,35637,0,0,1
SAW,6,21686,35639,0,0,1
SAW,6,21699,35652,0,0,1
SAW,6,21714,35667,0,0,1
SAW,6,21719,35672,0,1,0
SAW,6,21721,35674,0,0,1
SAW,6,21737,35690,0,0,1
SAW,6,21748,35701,0,0,1
SAW,6,21761,35714,0,0,1
SAW,6,21773,35726,0,0,1
SAW,6,21778,35731,0,0,1
SAW,6,21787,35740,0,0,1
SAW,6,21789,35742,0,0,1
SAW,6,21828,35781,0,0,1
SAW,6,21836,35789,0,0,1
SAW,6,21844,35797,0,0,1
SAW,6,21851,35804,0,0,1
SAW,6,21857,35810,0,0,1
SAW,6,21864,35817,0,0,1
SAW,6,21868,35821,0,0,1
SAW,6,21882,35835,0,0,1
SAW,6,21885,35838,0,0,1
SAW,6,21888,35841,0,0,1
SAW,6,21893,35846,0,0,1
SAW,6,21912,35865,0,0,1
SAW,6,21914,35867,0,0,1
SAW,6,21918,35871,0,0,1
SAW,6,21937,35890,0,0,1
SAW,6,21942,35895,0,0,1
SAW,6,21950,35903,0,0,1
SAW,6,21951,35904,0,0,1
SAW,6,21969,35922,0,0,1
SAW,6,21985,35938,0,0,1
SAW,6,22023,35976,0,0,1
SAW,6,22036,35989,0,1,0
SAW,6,22079,36032,0,0,1
SAW,6,22080,36033,0,0,1
SAW,6,22092,36045,0,0,1
SAW,6,22141,36094,0,0,1
SAW,6,22165,36118,0,1,0
SAW,6,22166,36119,0,0,1
SAW,6,22172,36125,0,0,1
SAW,6,22188,36141,0,0,1
SAW,6,22193,36146,0,0,1
SAW,6,22197,36150,0,0,1
SAW,6,22201,36154,0,0,1
SAW,6,22222,36175,0,0,1
SAW,6,22224,36177,0,0,1
SAW,6,22239,36192,0,0,1
SAW,6,22240,36193,0,0,1
SAW,6,22251,36205,0,0,1
SAW,6,22254,36208,0,1,0
SAW,6,22258,36212,0,1,0
SAW,6,22260,36214,0,0,1
SAW,6,22286,36240,0,0,1
SAW,6,22287,36241,0,0,1
SAW,6,22289,36243,0,0,1
SAW,6,22296,36250,0,0,1
SAW,6,22346,36300,0,0,1
SAW,6,22358,36312,0,0,1
SAW,6,22373,36327,0,0,1
SAW,6,22374,36328,0,0,1
SAW,6,22376,36330,0,0,1
SAW,6,22413,36367,0,0,1
SAW,6,22416,36370,0,0,1
SAW,6,22421,36375,0,0,1
SAW,6,22434,36388,0,0,1
SAW,6,22439,36393,0,0,1
SAW,6,22445,36399,0,0,1
SAW,6,22453,36407,0,0,1
SAW,6,22461,36415,0,0,1
SAW,6,22462,36416,0,0,1
SAW,6,22483,36437,0,0,1
SAW,6,22491,36445,0,0,1
SAW,6,22499,36453,0,0,1
SAW,6,22502,36456,0,0,1
SAW,6,22513,36467,0,0,1
SAW,6,22517,36471,0,1,0
SAW,6,22529,36483,0,0,1
SAW,6,22531,36485,0,0,1
SAW,6,22559,36513,0,0,1
SAW,6,22567,36521,0,0,1
SAW,6,22601,36555,0,0,1
SAW,6,22619,36573,0,0,1
SAW,6,22653,36607,0,0,1
SAW,6,22662,36616,0,0,1
SAW,6,22685,36639,0,0,1
SAW,6,22696,36650,0,0,1
SAW,6,22709,36663,0,0,1
SAW,6,22715,36669,0,0,1
SAW,6,22723,36677,0,0,1
SAW,6,22736,36690,0,0,1
SAW,6,22749,36703,0,0,1
SAW,6,22769,36723,0,0,1
SAW,6,22775,36729,0,0,1
SAW,6,22776,36730,0,0,1
SAW,6,22779,36733,0,0,1
SAW,6,22781,36735,0,0,1
SAW,6,22795,36749,0,0,1
SAW,6,22805,36759,0,0,1
SAW,6,22810,36764,0,0,1
SAW,6,22813,36767,0,0,1
SAW,6,22823,36777,0,0,1
SAW,6,22833,36787,0,0,1
SAW,6,22834,36788,0,0,1
SAW,6,22837,36791,0,0,1
SAW,6,22843,36797,0,0,1
SAW,6,22844,36798,0,0,1
SAW,6,22846,36800,0,0,1
SAW,6,22857,36811,0,0,1
SAW,6,22864,36818,0,0,1
SAW,6,22867,36821,0,0,1
SAW,6,22869,36823,0,0,1
SAW,6,22894,36848,0,0,1
SAW,6,22900,36854,0,0,1
SAW,6,22905,36859,0,0,1
SAW,6,22914,36868,0,0,1
SAW,6,22921,36875,0,0,1
SAW,6,22925,36879,0,0,1
SAW,6,22926,36880,0,0,1
SAW,6,22934,36888,0,0,1
SAW,6,22947,36901,0,0,1
SAW,6,22974,36928,0,0,1
SAW,6,22976,36930,0,0,1
SAW,6,22989,36943,0,0,1
SAW,6,22990,36944,0,0,1
SAW,6,22992,36946,0,0,1
SAW,6,22993,36947,0,0,1
SAW,6,23005,36959,0,0,1
SAW,6,23030,36984,0,0,1
SAW,6,23031,36985,0,0,1
SAW,6,23033,36987,0,0,1
SAW,6,23034,36988,0,0,1
SAW,6,23036,36990,0,0,1
SAW,6,23041,36995,0,0,1
SAW,6,23063,37017,0,0,1
SAW,6,23066,37020,0,0,1
SAW,6,23070,37024,0,0,1
SAW,6,23096,37050,0,0,1
SAW,6,23131,37085,0,0,1
SAW,6,23145,37099,0,0,1
SAW,6,23161,37115,0,0,1
SAW,6,23171,37125,0,0,1
SAW,6,23185,37139,0,0,1
SAW,6,23208,37162,0,0,1
SAW,6,23211,37165,0,0,1
SAW,6,23212,37166,0,0,1
SAW,6,23214,37168,0,0,1
SAW,6,23220,37174,0,0,1
SAW,6,23223,37177,0,0,1
SAW,6,23253,37207,0,0,1
SAW,6,23256,37210,0,0,1
SAW,6,23257,37211,0,0,1
SAW,6,23260,37214,0,1,0
SAW,6,23262,37216,0,0,1
SAW,6,23268,37222,0,0,1
SAW,6,23271,37225,0,0,1
SAW,6,23274,37228,0,0,1
SAW,6,23275,37229,0,1,0
SAW,6,23279,37233,0,1,0
SAW,6,23280,37234,0,0,1
SAW,6,23297,37251,0,0,1
SAW,6,23310,37264,0,0,1
SAW,6,23314,37268,0,0,1
SAW,6,23316,37270,0,0,1
SAW,6,23334,37288,0,0,1
SAW,6,23355,37309,0,0,1
SAW,6,23366,37320,0,0,1
SAW,6,23372,37326,0,0,1
SAW,6,23375,37329,0,0,1
SAW,6,23399,37353,0,0,1
SAW,6,23420,37374,0,0,1
SAW,6,23425,37379,0,0,1
SAW,6,23436,37390,0,0,1
SAW,6,23443,37397,0,0,1
SAW,6,23447,37401,0,0,1
SAW,6,23455,37409,0,0,1
SAW,6,23458,37412,0,0,1
SAW,6,23465,37419,0,0,1
SAW,6,23483,37437,0,0,1
SAW,6,23492,37446,0,0,1
SAW,6,23499,37453,0,0,1
SAW,6,23506,37460,0,0,1
SAW,6,23527,37481,0,0,1
SAW,6,23528,37482,0,0,1
SAW,6,23531,37485,0,0,1
SAW,6,23536,37490,0,0,1
SAW,6,23538,37492,0,0,1
SAW,6,23543,37497,0,0,1
SAW,6,23546,37500,0,0,1
SAW,7,19051,33004,1,1,1
SAW,7,19064,33017,1,1,1
SAW,7,19074,33027,1,1,1
SAW,7,19078,33031,1,1,1
SAW,7,19089,33042,1,1,1
SAW,7,19091,33044,1,1,1
SAW,7,19095,33048,1,1,1
SAW,7,19122,33075,1,1,1
SAW,7,19124,33077,1,1,1
SAW,7,19142,33095,1,1,1
SAW,7,19158,33111,1,1,1
SAW,7,19181,33134,1,1,1
SAW,7,19193,33146,1,1,1
SAW,7,19197,33150,1,1,1
SAW,7,19203,33156,1,1,1
SAW,7,19236,33189,1,1,1
SAW,7,19246,33199,1,1,1
SAW,7,19263,33216,1,1,1
SAW,7,19270,33223,1,1,1
SAW,7,19279,33232,1,1,1
SAW,7,19296,33249,1,1,1
SAW,7,19303,33256,1,1,1
SAW,7,19332,33285,1,1,1
SAW,7,19333,33286,1,1,1
SAW,7,19352,33305,1,1,1
SAW,7,19355,33308,1,1,1
SAW,7,19367,33320,1,1,1
SAW,7,19370,33323,1,1,1
SAW,7,19375,33328,1,1,1
SAW,7,19378,33331,1,1,1
SAW,7,19380,33333,1,1,1
SAW,7,19389,33342,1,1,1
SAW,7,19390,33343,1,1,1
SAW,7,19394,33347,1,1,1
SAW,7,19396,33349,1,1,1
SAW,7,19398,33351,1,1,1
SAW,7,19408,33361,1,1,1
SAW,7,19433,33386,1,1,1
SAW,7,19440,33393,1,1,1
SAW,7,19448,33401,1,1,1
SAW,7,19456,33409,1,1,1
SAW,7,19457,33410,1,1,1
SAW,7,19461,33414,1,1,1
SAW,7,19489,33442,1,1,1
SAW,7,19495,33448,1,1,1
SAW,7,19497,33450,1,1,1
SAW,7,19499,33452,1,1,1
SAW,7,19500,33453,1,1,1
SAW,7,19506,33459,1,1,1
SAW,7,19512,33465,1,1,1
SAW,7,19515,33468,1,1,1
SAW,7,19518,33471,1,1,1
SAW,7,19546,33499,1,1,1
SAW,7,19554,33507,1,1,1
SAW,7,19561,33514,1,1,1
SAW,7,19575,33528,1,0,0
SAW,7,19586,33539,1,1,1
SAW,7,19587,33540,1,1,1
SAW,7,19590,33543,1,1,1
SAW,7,19592,33545,1,1,1
SAW,7,19601,33554,1,1,1
SAW,7,19608,33561,1,1,1
SAW,7,19614,33567,1,1,1
SAW,7,19624,33577,1,1,1
SAW,7,19639,33592,1,1,1
SAW,7,19646,33599,1,1,1
SAW,7,19647,33600,1,0,0
SAW,7,19653,33606,1,1,1
SAW,7,19656,33609,1,1,1
SAW,7,19668,33621,1,1,1
SAW,7,19677,33630,1,1,1
SAW,7,19701,33654,1,1,1
SAW,7,19718,33671,1,1,1
SAW,7,19720,33673,1,1,1
SAW,7,19791,33744,1,0,0
SAW,7,19804,33757,1,1,1
SAW,7,19808,33761,1,1,1
SAW,7,19818,33771,1,1,1
SAW,7,19842,33795,1,1,1
SAW,7,19850,33803,1,1,1
SAW,7,19862,33815,1,1,1
SAW,7,19882,33835,1,1,1
SAW,7,19883,33836,1,1,1
SAW,7,19907,33860,1,1,1
SAW,7,19924,33877,1,1,1
SAW,7,19930,33883,1,1,1
SAW,7,19932,33885,1,1,1
SAW,7,19949,33902,1,1,1
SAW,7,19951,33904,1,1,1
SAW,7,19952,33905,1,1,1
SAW,7,19954,33907,1,1,1
SAW,7,19956,33909,1,0,0
SAW,7,19987,33940,1,1,1
SAW,7,19991,33944,1,1,1
SAW,7,19997,33950,1,1,1
SAW,7,20000,33953,1,1,1
SAW,7,20048,34001,1,1,1
SAW,7,20068,34021,1,1,1
SAW,7,20090,34043,1,1,1
SAW,7,20102,34055,1,1,1
SAW,7,20107,34060,1,1,1
SAW,7,20118,34071,1,1,1
SAW,7,20122,34075,1,1,1
SAW,7,20141,34094,1,1,1
SAW,7,20146,34099,1,1,1
SAW,7,20148,34101,1,1,1
SAW,7,20155,34108,1,1,1
SAW,7,20182,34135,1,1,1
SAW,7,20185,34138,1,1,1
SAW,7,20209,34162,1,1,1
SAW,7,20228,34181,1,1,1
SAW,7,20245,34198,1,1,1
SAW,7,20248,34201,1,1,1
SAW,7,20266,34219,1,1,1
SAW,7,20299,34252,1,1,1
SAW,7,20304,34257,1,1,1
SAW,7,20305,34258,1,1,1
SAW,7,20312,34265,1,1,1
SAW,7,20333,34286,1,1,1
SAW,7,20335,34288,1,1,1
SAW,7,20342,34295,1,1,1
SAW,7,20343,34296,1,1,1
SAW,7,20348,34301,1,1,1
SAW,7,20352,34305,1,1,1
SAW,7,20367,34320,1,1,1
SAW,7,20379,34332,1,1,1
SAW,7,20397,34350,1,1,1
SAW,7,20398,34351,1,1,1
SAW,7,20405,34358,1,1,1
SAW,7,20407,34360,1,1,1
SAW,7,20410,34363,1,1,1
SAW,7,20411,34364,1,1,1
SAW,7,20417,34370,1,1,1
SAW,7,20418,34371,1,1,1
SAW,7,20430,34383,1,0,0
SAW,7,20434,34387,1,1,1
SAW,7,20440,34393,1,1,1
SAW,7,20451,34404,1,1,1
SAW,7,20455,34408,1,1,1
SAW,7,20457,34410,1,1,1
SAW,7,20462,34415,1,1,1
SAW,7,20464,34417,1,1,1
SAW,7,20467,34420,1,1,1
SAW,7,20471,34424,1,1,1
SAW,7,20505,34458,1,1,1
SAW,7,20513,34466,1,1,1
SAW,7,20523,34476,1,1,1
SAW,7,20528,34481,1,1,1
SAW,7,20536,34489,1,1,1
SAW,7,20563,34516,1,1,1
SAW,7,20569,34522,1,1,1
SAW,7,20573,34526,1,1,1
SAW,7,20575,34528,1,1,1
SAW,7,20602,34555,1,1,1
SAW,7,20620,34573,1,1,1
SAW,7,20628,34581,1,1,1
SAW,7,20643,34596,1,1,1
SAW,7,20649,34602,1,1,1
SAW,7,20661,34614,1,1,1
SAW,7,20684,34637,1,1,1
SAW,7,20698,34651,1,1,1
SAW,7,20706,34659,1,1,1
SAW,7,20724,34677,1,1,1
SAW,7,20732,34685,1,1,1
SAW,7,20733,34686,1,0,0
SAW,7,20741,34694,1,0,0
SAW,7,20748,34701,1,1,1
SAW,7,20749,34702,1,1,1
SAW,7,20753,34706,1,1,1
SAW,7,20754,34707,1,1,1
SAW,7,20755,34708,1,1,1
SAW,7,20775,34728,1,1,1
SAW,7,20796,34749,1,1,1
SAW,7,20800,34753,1,1,1
SAW,7,20823,34776,1,0,0
SAW,7,20828,34781,1,1,1
SAW,7,20840,34793,1,1,1
SAW,7,20843,34796,1,1,1
SAW,7,20861,34814,1,1,1
SAW,7,20867,34820,1,1,1
SAW,7,20896,34849,1,1,1
SAW,7,20903,34856,1,1,1
SAW,7,20934,34887,1,1,1
SAW,7,20935,34888,1,1,1
SAW,7,20940,34893,1,1,1
SAW,7,20963,34916,1,1,1
SAW,7,20964,34917,1,1,1
SAW,7,20968,34921,1,1,1
SAW,7,20973,34926,1,1,1
SAW,7,20981,34934,1,1,1
SAW,7,20996,34949,1,1,1
SAW,7,21001,34954,1,1,1
SAW,7,21023,34976,1,1,1
SAW,7,21028,34981,1,1,1
SAW,7,21038,34991,1,1,1
SAW,7,21044,34997,1,1,1
SAW,7,21055,35008,1,1,1
SAW,7,21058,35011,1,1,1
SAW,7,21060,35013,1,1,1
SAW,7,21062,35015,1,1,1
SAW,7,21080,35033,1,1,1
SAW,7,21088,35041,1,1,1
SAW,7,21100,35053,1,1,1
SAW,7,21124,35077,1,1,1
SAW,7,21143,35096,1,1,1
SAW,7,21161,35114,1,1,1
SAW,7,21189,35142,1,1,1
SAW,7,21197,35150,1,1,1
SAW,7,21198,35151,1,1,1
SAW,7,21205,35158,1,1,1
SAW,7,21219,35172,1,1,1
SAW,7,21231,35184,1,1,1
SAW,7,21234,35187,1,1,1
SAW,7,21250,35203,1,1,1
SAW,7,21258,35211,1,1,1
SAW,7,21274,35227,1,1,1
SAW,7,21290,35243,1,1,1
SAW,7,21299,35252,1,1,1
SAW,7,21304,35257,1,1,1
SAW,7,21308,35261,1,1,1
SAW,7,21319,35272,1,1,1
SAW,7,21330,35283,1,1,1
SAW,7,21336,35289,1,1,1
SAW,7,21348,35301,1,1,1
SAW,7,21355,35308,1,1,1
SAW,7,21361,35314,1,1,1
SAW,7,21392,35345,1,1,1
SAW,7,21402,35355,1,1,1
SAW,7,21408,35361,1,1,1
SAW,7,21417,35370,1,1,1
SAW,7,21443,35396,1,1,1
SAW,7,21444,35397,1,1,1
SAW,7,21450,35403,1,1,1
SAW,7,21466,35419,1,1,1
SAW,7,21471,35424,1,0,0
SAW,7,21473,35426,1,1,1
SAW,7,21478,35431,1,1,1
SAW,7,21483,35436,1,1,1
SAW,7,21487,35440,1,1,1
SAW,7,21506,35459,1,1,1
SAW,7,21509,35462,1,1,1
SAW,7,21510,35463,1,1,1
SAW,7,21513,35466,1,1,1
SAW,7,21519,35472,1,1,1
SAW,7,21526,35479,1,1,1
SAW,7,21530,35483,1,1,1
SAW,7,21531,35484,1,1,1
SAW,7,21536,35489,1,1,1
SAW,7,21538,35491,1,1,1
SAW,7,21550,35503,0,0,1
SAW,7,21564,35517,0,0,1
SAW,7,21566,35519,0,0,1
SAW,7,21583,35536,0,0,1
SAW,7,21600,35553,0,0,1
SAW,7,21603,35556,0,0,1
SAW,7,21609,35562,0,0,1
SAW,7,21620,35573,0,0,1
SAW,7,21627,35580,0,0,1
SAW,7,21635,35588,0,1,0
SAW,7,21663,35616,0,0,1
SAW,7,21685,35638,0,1,0
SAW,7,21691,35644,0,0,1
SAW,7,21703,35656,0,0,1
SAW,7,21704,35657,0,0,1
SAW,7,21709,35662,0,0,1
SAW,7,21727,35680,0,0,1
SAW,7,21740,35693,0,0,1
SAW,7,21772,35725,0,0,1
SAW,7,21779,35732,0,0,1
SAW,7,21808,35761,0,0,1
SAW,7,21811,35764,0,0,1
SAW,7,21817,35770,0,0,1
SAW,7,21823,35776,0,0,1
SAW,7,21834,35787,0,0,1
SAW,7,21838,35791,0,0,1
SAW,7,21850,35803,0,0,1
SAW,7,21866,35819,0,0,1
SAW,7,21867,35820,0,0,1
SAW,7,21870,35823,0,0,1
SAW,7,21873,35826,0,0,1
SAW,7,21874,35827,0,0,1
SAW,7,21880,35833,0,0,1
SAW,7,21902,35855,0,0,1
SAW,7,21909,35862,0,0,1
SAW,7,21934,35887,0,0,1
SAW,7,21939,35892,0,0,1
SAW,7,21962,35915,0,0,1
SAW,7,21967,35920,0,1,0
SAW,7,21971,35924,0,0,1
SAW,7,21977,35930,0,0,1
SAW,7,21978,35931,0,0,1
SAW,7,21982,35935,0,0,1
SAW,7,21996,35949,0,0,1
SAW,7,21998,35951,0,1,0
SAW,7,22005,35958,0,0,1
SAW,7,22010,35963,0,0,1
SAW,7,22016,35969,0,0,1
SAW,7,22018,35971,0,0,1
SAW,7,22046,35999,0,0,1
SAW,7,22064,36017,0,0,1
SAW,7,22076,36029,0,0,1
SAW,7,22083,36036,0,0,1
SAW,7,22085,36038,0,0,1
SAW,7,22118,36071,0,0,1
SAW,7,22121,36074,0,1,0
SAW,7,22122,36075,0,0,1
SAW,7,22124,36077,0,0,1
SAW,7,22126,36079,0,0,1
SAW,7,22132,36085,0,0,1
SAW,7,22145,36098,0,0,1
SAW,7,22156,36109,0,0,1
SAW,7,22161,36114,0,0,1
SAW,7,22187,36140,0,0,1
SAW,7,22206,36159,0,1,0
SAW,7,22230,36183,0,0,1
SAW,7,22236,36189,0,0,1
SAW,7,22241,36194,0,0,1
SAW,7,22244,36197,0,0,1
SAW,7,22261,36215,0,0,1
SAW,7,22262,36216,0,0,1
SAW,7,22276,36230,0,0,1
SAW,7,22311,36265,0,0,1
SAW,7,22321,36275,0,0,1
SAW,7,22333,36287,0,0,1
SAW,7,22336,36290,0,0,1
SAW,7,22339,36293,0,1,0
SAW,7,22360,36314,0,0,1
SAW,7,22372,36326,0,0,1
SAW,7,22380,36334,0,0,1
SAW,7,22389,36343,0,0,1
SAW,7,22391,36345,0,0,1
SAW,7,22393,36347,0,0,1
SAW,7,22394,36348,0,0,1
SAW,7,22405,36359,0,0,1
SAW,7,22412,36366,0,0,1
SAW,7,22415,36369,0,0,1
SAW,7,22417,36371,0,0,1
SAW,7,22433,36387,0,0,1
SAW,7,22440,36394,0,0,1
SAW,7,22457,36411,0,0,1
SAW,7,22460,36414,0,0,1
SAW,7,22463,36417,0,0,1
SAW,7,22464,36418,0,0,1
SAW,7,22476,36430,0,0,1
SAW,7,22479,36433,0,0,1
SAW,7,22484,36438,0,0,1
SAW,7,22497,36451,0,0,1
SAW,7,22528,36482,0,0,1
SAW,7,22544,36498,0,1,0
SAW,7,22564,36518,0,0,1
SAW,7,22579,36533,0,0,1
SAW,7,22586,36540,0,0,1
SAW,7,22590,36544,0,0,1
SAW,7,22591,36545,0,0,1
SAW,7,22613,36567,0,0,1
SAW,7,22615,36569,0,0,1
SAW,7,22618,36572,0,0,1
SAW,7,22624,36578,0,0,1
SAW,7,22625,36579,0,0,1
SAW,7,22631,36585,0,0,1
SAW,7,22633,36587,0,0,1
SAW,7,22655,36609,0,0,1
SAW,7,22657,36611,0,0,1
SAW,7,22677,36631,0,0,1
SAW,7,22693,36647,0,0,1
SAW,7,22706,36660,0,0,1
SAW,7,22718,36672,0,0,1
SAW,7,22726,36680,0,0,1
SAW,7,22732,36686,0,0,1
SAW,7,22735,36689,0,0,1
SAW,7,22740,36694,0,0,1
SAW,7,22743,36697,0,0,1
SAW,7,22745,36699,0,0,1
SAW,7,22752,36706,0,0,1
SAW,7,22755,36709,0,0,1
SAW,7,22767,36721,0,0,1
SAW,7,22777,36731,0,0,1
SAW,7,22804,36758,0,0,1
SAW,7,22807,36761,0,0,1
SAW,7,22815,36769,0,0,1
SAW,7,22819,36773,0,0,1
SAW,7,22849,36803,0,0,1
SAW,7,22855,36809,0,0,1
SAW,7,22868,36822,0,0,1
SAW,7,22882,36836,0,0,1
SAW,7,22884,36838,0,0,1
SAW,7,22898,36852,0,0,1
SAW,7,22899,36853,0,0,1
SAW,7,22903,36857,0,0,1
SAW,7,22919,36873,0,0,1
SAW,7,22927,36881,0,0,1
SAW,7,22944,36898,0,0,1
SAW,7,22951,36905,0,0,1
SAW,7,22955,36909,0,0,1
SAW,7,22973,36927,0,0,1
SAW,7,22978,36932,0,0,1
SAW,7,22983,36937,0,0,1
SAW,7,22985,36939,0,0,1
SAW,7,23013,36967,0,0,1
SAW,7,23027,36981,0,0,1
SAW,7,23040,36994,0,0,1
SAW,7,23042,36996,0,0,1
SAW,7,23053,37007,0,0,1
SAW,7,23054,37008,0,0,1
SAW,7,23094,37048,0,0,1
SAW,7,23095,37049,0,0,1
SAW,7,23100,37054,0,0,1
SAW,7,23104,37058,0,0,1
SAW,7,23151,37105,0,0,1
SAW,7,23153,37107,0,0,1
SAW,7,23198,37152,0,0,1
SAW,7,23202,37156,0,0,1
SAW,7,23210,37164,0,0,1
SAW,7,23213,37167,0,1,0
SAW,7,23217,37171,0,0,1
SAW,7,23273,37227,0,0,1
SAW,7,23277,37231,0,0,1
SAW,7,23293,37247,0,0,1
SAW,7,23295,37249,0,0,1
SAW,7,23309,37263,0,0,1
SAW,7,23321,37275,0,0,1
SAW,7,23323,37277,0,0,1
SAW,7,23324,37278,0,0,1
SAW,7,23329,37283,0,0,1
SAW,7,23337,37291,0,0,1
SAW,7,23340,37294,0,0,1
SAW,7,23347,37301,0,0,1
SAW,7,23353,37307,0,0,1
SAW,7,23359,37313,0,0,1
SAW,7,23363,37317,0,0,1
SAW,7,23381,37335,0,0,1
SAW,7,23386,37340,0,1,0
SAW,7,23388,37342,0,0,1
SAW,7,23391,37345,0,0,1
SAW,7,23401,37355,0,0,1
SAW,7,23404,37358,0,0,1
SAW,7,23451,37405,0,0,1
SAW,7,23469,37423,0,0,1
SAW,7,23474,37428,0,0,1
SAW,7,23476,37430,0,0,1
SAW,7,23481,37435,0,0,1
SAW,7,23482,37436,0,0,1
SAW,7,23486,37440,0,0,1
SAW,7,23493,37447,0,0,1
SAW,7,23496,37450,0,0,1
SAW,7,23497,37451,0,0,1
SAW,7,23510,37464,0,0,1
SAW,7,23521,37475,0,0,1
SAW,7,23532,37486,0,0,1
SAW,7,23544,37498,0,0,1
SAW,7,23554,37508,0,0,1
SAW,8,19058,33011,1,1,1
SAW,8,19063,33016,1,1,1
SAW,8,19065,33018,1,1,1
SAW,8,19075,33028,1,1,1
SAW,8,19079,33032,1,1,1
SAW,8,19084,33037,1,1,1
SAW,8,19085,33038,1,1,1
SAW,8,19106,33059,1,1,1
SAW,8,19109,33062,1,1,1
SAW,8,19113,33066,1,1,1
SAW,8,19119,33072,1,1,1
SAW,8,19123,33076,1,1,1
SAW,8,19144,33097,1,1,1
SAW,8,19150,33103,1,1,1
SAW,8,19159,33112,1,1,1
SAW,8,19160,33113,1,0,0
SAW,8,19164,33117,1,1,1
SAW,8,19166,33119,1,1,1
SAW,8,19175,33128,1,1,1
SAW,8,19180,33133,1,1,1
SAW,8,19195,33148,1,1,1
SAW,8,19218,33171,1,1,1
SAW,8,19227,33180,1,1,1
SAW,8,19233,33186,1,1,1
SAW,8,19235,33188,1,1,1
SAW,8,19239,33192,1,1,1
SAW,8,19254,33207,1,1,1
SAW,8,19278,33231,1,1,1
SAW,8,19283,33236,1,0,0
SAW,8,19284,33237,1,1,1
SAW,8,19309,33262,1,1,1
SAW,8,19319,33272,1,1,1
SAW,8,19334,33287,1,1,1
SAW,8,19343,33296,1,1,1
SAW,8,19347,33300,1,1,1
SAW,8,19395,33348,1,1,1
SAW,8,19405,33358,1,1,1
SAW,8,19420,33373,1,1,1
SAW,8,19427,33380,1,1,1
SAW,8,19432,33385,1,1,1
SAW,8,19437,33390,1,1,1
SAW,8,19488,33441,1,1,1
SAW,8,19504,33457,1,1,1
SAW,8,19507,33460,1,1,1
SAW,8,19513,33466,1,1,1
SAW,8,19525,33478,1,1,1
SAW,8,19530,33483,1,1,1
SAW,8,19531,33484,1,1,1
SAW,8,19533,33486,1,1,1
SAW,8,19557,33510,1,1,1
SAW,8,19562,33515,1,1,1
SAW,8,19566,33519,1,1,1
SAW,8,19577,33530,1,1,1
SAW,8,19581,33534,1,1,1
SAW,8,19594,33547,1,1,1
SAW,8,19607,33560,1,1,1
SAW,8,19662,33615,1,1,1
SAW,8,19673,33626,1,1,1
SAW,8,19675,33628,1,1,1
SAW,8,19690,33643,1,1,1
SAW,8,19702,33655,1,1,1
SAW,8,19705,33658,1,1,1
SAW,8,19727,33680,1,1,1
SAW,8,19736,33689,1,1,1
SAW,8,19743,33696,1,1,1
SAW,8,19745,33698,1,1,1
SAW,8,19759,33712,1,1,1
SAW,8,19777,33730,1,1,1
SAW,8,19779,33732,1,1,1
SAW,8,19809,33762,1,1,1
SAW,8,19814,33767,1,1,1
SAW,8,19820,33773,1,1,1
SAW,8,19838,33791,1,0,0
SAW,8,19843,33796,1,0,0
SAW,8,19844,33797,1,1,1
SAW,8,19849,33802,1,1,1
SAW,8,19853,33806,1,1,1
SAW,8,19856,33809,1,1,1
SAW,8,19874,33827,1,1,1
SAW,8,19876,33829,1,1,1
SAW,8,19894,33847,1,1,1
SAW,8,19895,33848,1,1,1
SAW,8,19923,33876,1,1,1
SAW,8,19925,33878,1,1,1
SAW,8,19936,33889,1,1,1
SAW,8,19938,33891,1,1,1
SAW,8,19939,33892,1,1,1
SAW,8,19941,33894,1,1,1
SAW,8,19946,33899,1,0,0
SAW,8,19953,33906,1,1,1
SAW,8,19958,33911,1,1,1
SAW,8,19961,33914,1,1,1
SAW,8,19962,33915,1,1,1
SAW,8,19982,33935,1,1,1
SAW,8,19993,33946,1,1,1
SAW,8,20002,33955,1,1,1
SAW,8,20004,33957,1,1,1
SAW,8,20018,33971,1,1,1
SAW,8,20031,33984,1,1,1
SAW,8,20032,33985,1,1,1
SAW,8,20033,33986,1,1,1
SAW,8,20039,33992,1,1,1
SAW,8,20040,33993,1,1,1
SAW,8,20041,33994,1,1,1
SAW,8,20073,34026,1,1,1
SAW,8,20110,34063,1,1,1
SAW,8,20113,34066,1,1,1
SAW,8,20135,34088,1,1,1
SAW,8,20139,34092,1,1,1
SAW,8,20144,34097,1,1,1
SAW,8,20158,34111,1,1,1
SAW,8,20164,34117,1,1,1
SAW,8,20166,34119,1,1,1
SAW,8,20189,34142,1,1,1
SAW,8,20202,34155,1,1,1
SAW,8,20204,34157,1,1,1
SAW,8,20222,34175,1,1,1
SAW,8,20227,34180,1,1,1
SAW,8,20242,34195,1,1,1
SAW,8,20250,34203,1,1,1
SAW,8,20267,34220,1,0,0
SAW,8,20286,34239,1,1,1
SAW,8,20288,34241,1,1,1
SAW,8,20291,34244,1,1,1
SAW,8,20295,34248,1,1,1
SAW,8,20301,34254,1,1,1
SAW,8,20326,34279,1,1,1
SAW,8,20338,34291,1,1,1
SAW,8,20347,34300,1,1,1
SAW,8,20361,34314,1,1,1
SAW,8,20363,34316,1,1,1
SAW,8,20364,34317,1,1,1
SAW,8,20369,34322,1,1,1
SAW,8,20371,34324,1,1,1
SAW,8,20374,34327,1,1,1
SAW,8,20383,34336,1,1,1
SAW,8,20387,34340,1,1,1
SAW,8,20391,34344,1,1,1
SAW,8,20396,34349,1,1,1
SAW,8,20412,34365,1,1,1
SAW,8,20425,34378,1,1,1
SAW,8,20438,34391,1,1,1
SAW,8,20441,34394,1,1,1
SAW,8,20452,34405,1,0,0
SAW,8,20463,34416,1,1,1
SAW,8,20466,34419,1,1,1
SAW,8,20472,34425,1,1,1
SAW,8,20480,34433,1,1,1
SAW,8,20495,34448,1,1,1
SAW,8,20508,34461,1,1,1
SAW,8,20520,34473,1,1,1
SAW,8,20521,34474,1,1,1
SAW,8,20522,34475,1,1,1
SAW,8,20537,34490,1,1,1
SAW,8,20567,34520,1,1,1
SAW,8,20572,34525,1,1,1
SAW,8,20582,34535,1,1,1
SAW,8,20596,34549,1,1,1
SAW,8,20599,34552,1,1,1
SAW,8,20600,34553,1,1,1
SAW,8,20601,34554,1,0,0
SAW,8,20621,34574,1,1,1
SAW,8,20625,34578,1,1,1
SAW,8,20641,34594,1,1,1
SAW,8,20646,34599,1,1,1
SAW,8,20648,34601,1,1,1
SAW,8,20656,34609,1,1,1
SAW,8,20659,34612,1,1,1
SAW,8,20665,34618,1,1,1
SAW,8,20680,34633,1,1,1
SAW,8,20689,34642,1,1,1
SAW,8,20695,34648,1,1,1
SAW,8,20702,34655,1,1,1
SAW,8,20711,34664,1,1,1
SAW,8,20717,34670,1,1,1
SAW,8,20720,34673,1,1,1
SAW,8,20730,34683,1,1,1
SAW,8,20734,34687,1,0,0
SAW,8,20750,34703,1,1,1
SAW,8,20779,34732,1,1,1
SAW,8,20783,34736,1,1,1
SAW,8,20821,34774,1,1,1
SAW,8,20826,34779,1,1,1
SAW,8,20846,34799,1,1,1
SAW,8,20850,34803,1,1,1
SAW,8,20852,34805,1,1,1
SAW,8,20854,34807,1,1,1
SAW,8,20890,34843,1,1,1
SAW,8,20904,34857,1,1,1
SAW,8,20919,34872,1,1,1
SAW,8,20921,34874,1,1,1
SAW,8,20929,34882,1,1,1
SAW,8,20958,34911,1,1,1
SAW,8,20959,34912,1,1,1
SAW,8,20960,34913,1,1,1
SAW,8,20970,34923,1,1,1
SAW,8,20975,34928,1,1,1
SAW,8,20991,34944,1,1,1
SAW,8,20995,34948,1,1,1
SAW,8,21017,34970,1,1,1
SAW,8,21022,34975,1,1,1
SAW,8,21040,34993,1,0,0
SAW,8,21051,35004,1,1,1
SAW,8,21097,35050,1,1,1
SAW,8,21103,35056,1,1,1
SAW,8,21122,35075,1,1,1
SAW,8,21128,35081,1,1,1
SAW,8,21134,35087,1,1,1
SAW,8,21135,35088,1,1,1
SAW,8,21141,35094,1,1,1
SAW,8,21146,35099,1,1,1
SAW,8,21160,35113,1,1,1
SAW,8,21193,35146,1,1,1
SAW,8,21196,35149,1,1,1
SAW,8,21203,35156,1,0,0
SAW,8,21208,35161,1,1,1
SAW,8,21220,35173,1,1,1
SAW,8,21242,35195,1,1,1
SAW,8,21243,35196,1,1,1
SAW,8,21249,35202,1,1,1
SAW,8,21257,35210,1,1,1
SAW,8,21266,35219,1,0,0
SAW,8,21267,35220,1,1,1
SAW,8,21286,35239,1,1,1
SAW,8,21289,35242,1,1,1
SAW,8,21300,35253,1,1,1
SAW,8,21302,35255,1,1,1
SAW,8,21306,35259,1,1,1
SAW,8,21312,35265,1,1,1
SAW,8,21317,35270,1,1,1
SAW,8,21318,35271,1,1,1
SAW,8,21324,35277,1,0,0
SAW,8,21327,35280,1,1,1
SAW,8,21350,35303,1,1,1
SAW,8,21365,35318,1,1,1
SAW,8,21374,35327,1,1,1
SAW,8,21377,35330,1,1,1
SAW,8,21389,35342,1,1,1
SAW,8,21398,35351,1,1,1
SAW,8,21409,35362,1,1,1
SAW,8,21420,35373,1,1,1
SAW,8,21421,35374,1,1,1
SAW,8,21447,35400,1,1,1
SAW,8,21479,35432,1,1,1
SAW,8,21481,35434,1,1,1
SAW,8,21484,35437,1,1,1
SAW,8,21488,35441,1,1,1
SAW,8,21516,35469,1,1,1
SAW,8,21521,35474,1,1,1
SAW,8,21541,35494,0,0,1
SAW,8,21542,35495,0,0,1
SAW,8,21544,35497,0,0,1
SAW,8,21546,35499,0,0,1
SAW,8,21549,35502,0,1,0
SAW,8,21563,35516,0,0,1
SAW,8,21567,35520,0,0,1
SAW,8,21589,35542,0,0,1
SAW,8,21595,35548,0,0,1
SAW,8,21599,35552,0,0,1
SAW,8,21613,35566,0,0,1
SAW,8,21637,35590,0,0,1
SAW,8,21644,35597,0,0,1
SAW,8,21645,35598,0,0,1
SAW,8,21648,35601,0,0,1
SAW,8,21665,35618,0,0,1
SAW,8,21679,35632,0,0,1
SAW,8,21680,35633,0,0,1
SAW,8,21683,35636,0,0,1
SAW,8,21690,35643,0,0,1
SAW,8,21712,35665,0,1,0
SAW,8,21730,35683,0,0,1
SAW,8,21746,35699,0,1,0
SAW,8,21755,35708,0,0,1
SAW,8,21759,35712,0,0,1
SAW,8,21766,35719,0,0,1
SAW,8,21783,35736,0,0,1
SAW,8,21794,35747,0,0,1
SAW,8,21798,35751,0,0,1
SAW,8,21802,35755,0,0,1
SAW,8,21819,35772,0,0,1
SAW,8,21821,35774,0,0,1
SAW,8,21832,35785,0,0,1
SAW,8,21848,35801,0,0,1
SAW,8,21869,35822,0,0,1
SAW,8,21871,35824,0,0,1
SAW,8,21875,35828,0,0,1
SAW,8,21876,35829,0,0,1
SAW,8,21881,35834,0,0,1
SAW,8,21884,35837,0,0,1
SAW,8,21887,35840,0,0,1
SAW,8,21896,35849,0,0,1
SAW,8,21908,35861,0,0,1
SAW,8,21911,35864,0,0,1
SAW,8,21923,35876,0,0,1
SAW,8,21938,35891,0,1,0
SAW,8,21946,35899,0,0,1
SAW,8,21957,35910,0,0,1
SAW,8,21960,35913,0,0,1
SAW,8,21964,35917,0,0,1
SAW,8,21975,35928,0,0,1
SAW,8,21976,35929,0,0,1
SAW,8,21987,35940,0,0,1
SAW,8,22008,35961,0,0,1
SAW,8,22017,35970,0,0,1
SAW,8,22042,35995,0,0,1
SAW,8,22052,36005,0,0,1
SAW,8,22054,36007,0,0,1
SAW,8,22094,36047,0,0,1
SAW,8,22111,36064,0,0,1
SAW,8,22114,36067,0,0,1
SAW,8,22136,36089,0,0,1
SAW,8,22142,36095,0,0,1
SAW,8,22148,36101,0,0,1
SAW,8,22149,36102,0,0,1
SAW,8,22157,36110,0,0,1
SAW,8,22160,36113,0,1,0
SAW,8,22195,36148,0,0,1
SAW,8,22204,36157,0,0,1
SAW,8,22205,36158,0,0,1
SAW,8,22217,36170,0,0,1
SAW,8,22218,36171,0,0,1
SAW,8,22225,36178,0,1,0
SAW,8,22229,36182,0,0,1
SAW,8,22234,36187,0,0,1
SAW,8,22238,36191,0,0,1
SAW,8,22255,36209,0,1,0
SAW,8,22257,36211,0,0,1
SAW,8,22271,36225,0,0,1
SAW,8,22278,36232,0,0,1
SAW,8,22281,36235,0,0,1
SAW,8,22282,36236,0,1,0
SAW,8,22284,36238,0,0,1
SAW,8,22288,36242,0,0,1
SAW,8,22300,36254,0,0,1
SAW,8,22314,36268,0,0,1
SAW,8,22318,36272,0,0,1
SAW,8,22319,36273,0,0,1
SAW,8,22322,36276,0,0,1
SAW,8,22326,36280,0,1,0
SAW,8,22332,36286,0,0,1
SAW,8,22352,36306,0,0,1
SAW,8,22368,36322,0,0,1
SAW,8,22371,36325,0,1,0
SAW,8,22382,36336,0,0,1
SAW,8,22387,36341,0,0,1
SAW,8,22406,36360,0,0,1
SAW,8,22423,36377,0,0,1
SAW,8,22438,36392,0,0,1
SAW,8,22442,36396,0,0,1
SAW,8,22450,36404,0,0,1
SAW,8,22459,36413,0,0,1
SAW,8,22503,36457,0,0,1
SAW,8,22508,36462,0,0,1
SAW,8,22509,36463,0,0,1
SAW,8,22510,36464,0,0,1
SAW,8,22526,36480,0,0,1
SAW,8,22540,36494,0,0,1
SAW,8,22547,36501,0,0,1
SAW,8,22553,36507,0,0,1
SAW,8,22556,36510,0,0,1
SAW,8,22563,36517,0,0,1
SAW,8,22569,36523,0,0,1
SAW,8,22573,36527,0,0,1
SAW,8,22581,36535,0,0,1
SAW,8,22592,36546,0,0,1
SAW,8,22604,36558,0,0,1
SAW,8,22620,36574,0,0,1
SAW,8,22639,36593,0,0,1
SAW,8,22643,36597,0,0,1
SAW,8,22679,36633,0,0,1
SAW,8,22688,36642,0,0,1
SAW,8,22694,36648,0,0,1
SAW,8,22698,36652,0,0,1
SAW,8,22702,36656,0,0,1
SAW,8,22708,36662,0,1,0
SAW,8,22711,36665,0,0,1
SAW,8,22717,36671,0,0,1
SAW,8,22725,36679,0,0,1
SAW,8,22731,36685,0,0,1
SAW,8,22733,36687,0,1,0
SAW,8,22754,36708,0,0,1
SAW,8,22756,36710,0,0,1
SAW,8,22759,36713,0,0,1
SAW,8,22765,36719,0,0,1
SAW,8,22771,36725,0,0,1
SAW,8,22773,36727,0,0,1
SAW,8,22826,36780,0,0,1
SAW,8,22870,36824,0,0,1
SAW,8,22885,36839,0,0,1
SAW,8,22887,36841,0,0,1
SAW,8,22906,36860,0,0,1
SAW,8,22931,36885,0,0,1
SAW,8,22945,36899,0,0,1
SAW,8,22979,36933,0,0,1
SAW,8,22980,36934,0,0,1
SAW,8,22987,36941,0,0,1
SAW,8,23000,36954,0,0,1
SAW,8,23015,36969,0,0,1
SAW,8,23016,36970,0,0,1
SAW,8,23017,36971,0,0,1
SAW,8,23023,36977,0,0,1
SAW,8,23035,36989,0,0,1
SAW,8,23038,36992,0,1,0
SAW,8,23050,37004,0,0,1
SAW,8,23055,37009,0,0,1
SAW,8,23075,37029,0,0,1
SAW,8,23099,37053,0,0,1
SAW,8,23102,37056,0,0,1
SAW,8,23106,37060,0,0,1
SAW,8,23108,37062,0,0,1
SAW,8,23127,37081,0,1,0
SAW,8,23132,37086,0,0,1
SAW,8,23136,37090,0,0,1
SAW,8,23169,37123,0,0,1
SAW,8,23192,37146,0,1,0
SAW,8,23206,37160,0,0,1
SAW,8,23207,37161,0,0,1
SAW,8,23219,37173,0,0,1
SAW,8,23235,37189,0,0,1
SAW,8,23236,37190,0,0,1
SAW,8,23242,37196,0,0,1
SAW,8,23252,37206,0,0,1
SAW,8,23254,37208,0,0,1
SAW,8,23255,37209,0,1,0
SAW,8,23286,37240,0,0,1
SAW,8,23294,37248,0,0,1
SAW,8,23296,37250,0,0,1
SAW,8,23306,37260,0,0,1
SAW,8,23317,37271,0,0,1
SAW,8,23319,37273,0,0,1
SAW,8,23322,37276,0,0,1
SAW,8,23326,37280,0,0,1
SAW,8,23331,37285,0,0,1
SAW,8,23350,37304,0,1,0
SAW,8,23361,37315,0,0,1
SAW,8,23411,37365,0,0,1
SAW,8,23413,37367,0,0,1
SAW,8,23422,37376,0,0,1
SAW,8,23438,37392,0,0,1
SAW,8,23454,37408,0,0,1
SAW,8,23475,37429,0,0,1
SAW,8,23479,37433,0,0,1
SAW,8,23491,37445,0,0,1
SAW,8,23495,37449,0,0,1
SAW,8,23502,37456,0,0,1
SAW,8,23508,37462,0,0,1
SAW,8,23516,37470,0,0,1
SAW,8,23518,37472,0,0,1
SAW,8,23556,37510,0,0,1
SAW,8,23557,37511,0,0,1
SAW,8,23558,37512,0,0,1
SAW,9,19053,33006,1,1,1
SAW,9,19055,33008,1,1,1
SAW,9,19059,33012,1,1,1
SAW,9,19071,33024,1,1,1
SAW,9,19086,33039,1,1,1
SAW,9,19087,33040,1,1,1
SAW,9,19100,33053,1,1,1
SAW,9,19112,33065,1,1,1
SAW,9,19116,33069,1,1,1
SAW,9,19118,33071,1,1,1
SAW,9,19120,33073,1,1,1
SAW,9,19130,33083,1,1,1
SAW,9,19131,33084,1,1,1
SAW,9,19133,33086,1,0,0
SAW,9,19137,33090,1,1,1
SAW,9,19183,33136,1,1,1
SAW,9,19185,33138,1,1,1
SAW,9,19205,33158,1,1,1
SAW,9,19208,33161,1,1,1
SAW,9,19209,33162,1,1,1
SAW,9,19223,33176,1,1,1
SAW,9,19242,33195,1,1,1
SAW,9,19243,33196,1,1,1
SAW,9,19244,33197,1,1,1
SAW,9,19249,33202,1,1,1
SAW,9,19269,33222,1,1,1
SAW,9,19271,33224,1,1,1
SAW,9,19273,33226,1,1,1
SAW,9,19297,33250,1,1,1
SAW,9,19299,33252,1,1,1
SAW,9,19300,33253,1,1,1
SAW,9,19301,33254,1,1,1
SAW,9,19310,33263,1,0,0
SAW,9,19314,33267,1,1,1
SAW,9,19324,33277,1,1,1
SAW,9,19337,33290,1,1,1
SAW,9,19342,33295,1,1,1
SAW,9,19362,33315,1,1,1
SAW,9,19382,33335,1,1,1
SAW,9,19407,33360,1,1,1
SAW,9,19429,33382,1,1,1
SAW,9,19434,33387,1,1,1
SAW,9,19455,33408,1,1,1
SAW,9,19465,33418,1,1,1
SAW,9,19482,33435,1,1,1
SAW,9,19529,33482,1,1,1
SAW,9,19539,33492,1,0,0
SAW,9,19548,33501,1,1,1
SAW,9,19556,33509,1,1,1
SAW,9,19567,33520,1,1,1
SAW,9,19588,33541,1,1,1
SAW,9,19635,33588,1,0,0
SAW,9,19660,33613,1,1,1
SAW,9,19676,33629,1,1,1
SAW,9,19680,33633,1,1,1
SAW,9,19692,33645,1,1,1
SAW,9,19693,33646,1,1,1
SAW,9,19697,33650,1,1,1
SAW,9,19704,33657,1,1,1
SAW,9,19707,33660,1,0,0
SAW,9,19710,33663,1,1,1
SAW,9,19712,33665,1,1,1
SAW,9,19713,33666,1,1,1
SAW,9,19722,33675,1,1,1
SAW,9,19723,33676,1,1,1
SAW,9,19735,33688,1,1,1
SAW,9,19740,33693,1,1,1
SAW,9,19744,33697,1,1,1
SAW,9,19746,33699,1,1,1
SAW,9,19747,33700,1,1,1
SAW,9,19754,33707,1,1,1
SAW,9,19763,33716,1,1,1
SAW,9,19771,33724,1,1,1
SAW,9,19774,33727,1,1,1
SAW,9,19778,33731,1,1,1
SAW,9,19783,33736,1,1,1
SAW,9,19794,33747,1,1,1
SAW,9,19801,33754,1,1,1
SAW,9,19805,33758,1,1,1
SAW,9,19806,33759,1,1,1
SAW,9,19815,33768,1,1,1
SAW,9,19819,33772,1,1,1
SAW,9,19826,33779,1,1,1
SAW,9,19861,33814,1,1,1
SAW,9,19871,33824,1,1,1
SAW,9,19879,33832,1,1,1
SAW,9,19891,33844,1,1,1
SAW,9,19927,33880,1,1,1
SAW,9,19928,33881,1,1,1
SAW,9,19933,33886,1,1,1
SAW,9,19959,33912,1,1,1
SAW,9,19996,33949,1,1,1
SAW,9,20007,33960,1,1,1
SAW,9,20013,33966,1,1,1
SAW,9,20026,33979,1,1,1
SAW,9,20030,33983,1,1,1
SAW,9,20053,34006,1,1,1
SAW,9,20057,34010,1,1,1
SAW,9,20071,34024,1,1,1
SAW,9,20079,34032,1,1,1
SAW,9,20081,34034,1,1,1
SAW,9,20083,34036,1,1,1
SAW,9,20097,34050,1,1,1
SAW,9,20101,34054,1,1,1
SAW,9,20120,34073,1,1,1
SAW,9,20126,34079,1,1,1
SAW,9,20127,34080,1,1,1
SAW,9,20134,34087,1,1,1
SAW,9,20167,34120,1,1,1
SAW,9,20169,34122,1,1,1
SAW,9,20170,34123,1,1,1
SAW,9,20172,34125,1,1,1
SAW,9,20179,34132,1,1,1
SAW,9,20180,34133,1,1,1
SAW,9,20193,34146,1,1,1
SAW,9,20194,34147,1,1,1
SAW,9,20203,34156,1,0,0
SAW,9,20216,34169,1,1,1
SAW,9,20217,34170,1,1,1
SAW,9,20244,34197,1,1,1
SAW,9,20249,34202,1,1,1
SAW,9,20257,34210,1,1,1
SAW,9,20261,34214,1,1,1
SAW,9,20294,34247,1,1,1
SAW,9,20302,34255,1,1,1
SAW,9,20310,34263,1,1,1
SAW,9,20323,34276,1,1,1
SAW,9,20324,34277,1,1,1
SAW,9,20327,34280,1,1,1
SAW,9,20334,34287,1,1,1
SAW,9,20336,34289,1,1,1
SAW,9,20344,34297,1,1,1
SAW,9,20362,34315,1,0,0
SAW,9,20376,34329,1,1,1
SAW,9,20404,34357,1,0,0
SAW,9,20419,34372,1,0,0
SAW,9,20445,34398,1,1,1
SAW,9,20470,34423,1,1,1
SAW,9,20478,34431,1,1,1
SAW,9,20479,34432,1,1,1
SAW,9,20499,34452,1,1,1
SAW,9,20503,34456,1,1,1
SAW,9,20510,34463,1,0,0
SAW,9,20519,34472,1,1,1
SAW,9,20541,34494,1,1,1
SAW,9,20549,34502,1,1,1
SAW,9,20560,34513,1,1,1
SAW,9,20565,34518,1,0,0
SAW,9,20570,34523,1,1,1
SAW,9,20574,34527,1,1,1
SAW,9,20604,34557,1,1,1
SAW,9,20669,34622,1,1,1
SAW,9,20685,34638,1,1,1
SAW,9,20694,34647,1,1,1
SAW,9,20708,34661,1,1,1
SAW,9,20722,34675,1,1,1
SAW,9,20739,34692,1,1,1
SAW,9,20758,34711,1,1,1
SAW,9,20760,34713,1,1,1
SAW,9,20763,34716,1,1,1
SAW,9,20784,34737,1,1,1
SAW,9,20794,34747,1,1,1
SAW,9,20798,34751,1,1,1
SAW,9,20801,34754,1,1,1
SAW,9,20806,34759,1,1,1
SAW,9,20812,34765,1,1,1
SAW,9,20813,34766,1,1,1
SAW,9,20815,34768,1,1,1
SAW,9,20817,34770,1,1,1
SAW,9,20822,34775,1,1,1
SAW,9,20838,34791,1,1,1
SAW,9,20849,34802,1,1,1
SAW,9,20875,34828,1,1,1
SAW,9,20887,34840,1,1,1
SAW,9,20888,34841,1,1,1
SAW,9,20891,34844,1,1,1
SAW,9,20898,34851,1,1,1
SAW,9,20922,34875,1,1,1
SAW,9,20927,34880,1,1,1
SAW,9,20928,34881,1,1,1
SAW,9,20950,34903,1,1,1
SAW,9,20951,34904,1,1,1
SAW,9,20957,34910,1,1,1
SAW,9,20962,34915,1,1,1
SAW,9,20969,34922,1,1,1
SAW,9,20987,34940,1,1,1
SAW,9,21002,34955,1,1,1
SAW,9,21016,34969,1,1,1
SAW,9,21020,34973,1,1,1
SAW,9,21024,34977,1,1,1
SAW,9,21034,34987,1,0,0
SAW,9,21035,34988,1,1,1
SAW,9,21041,34994,1,1,1
SAW,9,21052,35005,1,1,1
SAW,9,21059,35012,1,1,1
SAW,9,21070,35023,1,1,1
SAW,9,21083,35036,1,1,1
SAW,9,21085,35038,1,1,1
SAW,9,21098,35051,1,1,1
SAW,9,21106,35059,1,0,0
SAW,9,21109,35062,1,1,1
SAW,9,21156,35109,1,1,1
SAW,9,21159,35112,1,1,1
SAW,9,21164,35117,1,1,1
SAW,9,21171,35124,1,1,1
SAW,9,21177,35130,1,1,1
SAW,9,21180,35133,1,1,1
SAW,9,21199,35152,1,1,1
SAW,9,21200,35153,1,0,0
SAW,9,21214,35167,1,1,1
SAW,9,21221,35174,1,1,1
SAW,9,21222,35175,1,0,0
SAW,9,21225,35178,1,1,1
SAW,9,21235,35188,1,1,1
SAW,9,21251,35204,1,1,1
SAW,9,21253,35206,1,1,1
SAW,9,21259,35212,1,1,1
SAW,9,21263,35216,1,1,1
SAW,9,21277,35230,1,1,1
SAW,9,21280,35233,1,1,1
SAW,9,21284,35237,1,1,1
SAW,9,21291,35244,1,1,1
SAW,9,21307,35260,1,1,1
SAW,9,21326,35279,1,1,1
SAW,9,21338,35291,1,1,1
SAW,9,21340,35293,1,1,1
SAW,9,21344,35297,1,1,1
SAW,9,21349,35302,1,1,1
SAW,9,21353,35306,1,1,1
SAW,9,21362,35315,1,1,1
SAW,9,21367,35320,1,1,1
SAW,9,21376,35329,1,1,1
SAW,9,21380,35333,1,1,1
SAW,9,21388,35341,1,1,1
SAW,9,21404,35357,1,1,1
SAW,9,21406,35359,1,1,1
SAW,9,21423,35376,1,1,1
SAW,9,21432,35385,1,1,1
SAW,9,21438,35391,1,1,1
SAW,9,21441,35394,1,1,1
SAW,9,21442,35395,1,1,1
SAW,9,21453,35406,1,1,1
SAW,9,21459,35412,1,1,1
SAW,9,21469,35422,1,1,1
SAW,9,21507,35460,1,1,1
SAW,9,21515,35468,1,1,1
SAW,9,21518,35471,1,1,1
SAW,9,21523,35476,1,1,1
SAW,9,21534,35487,1,1,1
SAW,9,21543,35496,0,0,1
SAW,9,21547,35500,0,0,1
SAW,9,21562,35515,0,0,1
SAW,9,21574,35527,0,0,1
SAW,9,21585,35538,0,0,1
SAW,9,21586,35539,0,0,1
SAW,9,21587,35540,0,0,1
SAW,9,21594,35547,0,0,1
SAW,9,21601,35554,0,0,1
SAW,9,21611,35564,0,0,1
SAW,9,21612,35565,0,0,1
SAW,9,21622,35575,0,0,1
SAW,9,21626,35579,0,0,1
SAW,9,21651,35604,0,0,1
SAW,9,21655,35608,0,0,1
SAW,9,21657,35610,0,0,1
SAW,9,21661,35614,0,0,1
SAW,9,21671,35624,0,0,1
SAW,9,21674,35627,0,0,1
SAW,9,21675,35628,0,0,1
SAW,9,21682,35635,0,0,1
SAW,9,21688,35641,0,0,1
SAW,9,21695,35648,0,0,1
SAW,9,21705,35658,0,0,1
SAW,9,21723,35676,0,0,1
SAW,9,21754,35707,0,0,1
SAW,9,21782,35735,0,0,1
SAW,9,21790,35743,0,0,1
SAW,9,21795,35748,0,0,1
SAW,9,21800,35753,0,1,0
SAW,9,21806,35759,0,0,1
SAW,9,21814,35767,0,0,1
SAW,9,21818,35771,0,0,1
SAW,9,21825,35778,0,0,1
SAW,9,21837,35790,0,0,1
SAW,9,21843,35796,0,0,1
SAW,9,21847,35800,0,0,1
SAW,9,21855,35808,0,0,1
SAW,9,21859,35812,0,0,1
SAW,9,21892,35845,0,0,1
SAW,9,21894,35847,0,0,1
SAW,9,21900,35853,0,0,1
SAW,9,21901,35854,0,0,1
SAW,9,21913,35866,0,0,1
SAW,9,21917,35870,0,0,1
SAW,9,21919,35872,0,0,1
SAW,9,21936,35889,0,0,1
SAW,9,21947,35900,0,0,1
SAW,9,21949,35902,0,0,1
SAW,9,21959,35912,0,0,1
SAW,9,21980,35933,0,0,1
SAW,9,21984,35937,0,1,0
SAW,9,21990,35943,0,0,1
SAW,9,21993,35946,0,0,1
SAW,9,22002,35955,0,0,1
SAW,9,22013,35966,0,0,1
SAW,9,22039,35992,0,0,1
SAW,9,22041,35994,0,0,1
SAW,9,22044,35997,0,0,1
SAW,9,22045,35998,0,0,1
SAW,9,22068,36021,0,0,1
SAW,9,22069,36022,0,0,1
SAW,9,22077,36030,0,0,1
SAW,9,22089,36042,0,0,1
SAW,9,22102,36055,0,0,1
SAW,9,22107,36060,0,0,1
SAW,9,22110,36063,0,0,1
SAW,9,22120,36073,0,0,1
SAW,9,22131,36084,0,0,1
SAW,9,22140,36093,0,0,1
SAW,9,22144,36097,0,1,0
SAW,9,22150,36103,0,0,1
SAW,9,22152,36105,0,0,1
SAW,9,22177,36130,0,1,0
SAW,9,22183,36136,0,1,0
SAW,9,22208,36161,0,0,1
SAW,9,22212,36165,0,0,1
SAW,9,22219,36172,0,0,1
SAW,9,22227,36180,0,0,1
SAW,9,22231,36184,0,0,1
SAW,9,22232,36185,0,0,1
SAW,9,22235,36188,0,0,1
SAW,9,22249,36203,0,0,1
SAW,9,22265,36219,0,0,1
SAW,9,22268,36222,0,0,1
SAW,9,22270,36224,0,0,1
SAW,9,22293,36247,0,0,1
SAW,9,22323,36277,0,0,1
SAW,9,22328,36282,0,0,1
SAW,9,22330,36284,0,1,0
SAW,9,22334,36288,0,0,1
SAW,9,22338,36292,0,0,1
SAW,9,22342,36296,0,0,1
SAW,9,22345,36299,0,0,1
SAW,9,22361,36315,0,0,1
SAW,9,22398,36352,0,1,0
SAW,9,22419,36373,0,0,1
SAW,9,22455,36409,0,0,1
SAW,9,22465,36419,0,0,1
SAW,9,22466,36420,0,0,1
SAW,9,22477,36431,0,0,1
SAW,9,22507,36461,0,0,1
SAW,9,22511,36465,0,0,1
SAW,9,22523,36477,0,1,0
SAW,9,22525,36479,0,0,1
SAW,9,22557,36511,0,0,1
SAW,9,22565,36519,0,0,1
SAW,9,22568,36522,0,1,0
SAW,9,22578,36532,0,0,1
SAW,9,22582,36536,0,0,1
SAW,9,22584,36538,0,0,1
SAW,9,22593,36547,0,0,1
SAW,9,22616,36570,0,0,1
SAW,9,22630,36584,0,0,1
SAW,9,22635,36589,0,0,1
SAW,9,22637,36591,0,0,1
SAW,9,22640,36594,0,0,1
SAW,9,22642,36596,0,0,1
SAW,9,22654,36608,0,0,1
SAW,9,22665,36619,0,0,1
SAW,9,22667,36621,0,0,1
SAW,9,22669,36623,0,0,1
SAW,9,22673,36627,0,1,0
SAW,9,22678,36632,0,0,1
SAW,9,22692,36646,0,0,1
SAW,9,22695,36649,0,0,1
SAW,9,22700,36654,0,0,1
SAW,9,22722,36676,0,0,1
SAW,9,22738,36692,0,0,1
SAW,9,22758,36712,0,0,1
SAW,9,22764,36718,0,0,1
SAW,9,22774,36728,0,0,1
SAW,9,22782,36736,0,0,1
SAW,9,22783,36737,0,0,1
SAW,9,22792,36746,0,0,1
SAW,9,22794,36748,0,0,1
SAW,9,22797,36751,0,0,1
SAW,9,22799,36753,0,0,1
SAW,9,22817,36771,0,0,1
SAW,9,22827,36781,0,0,1
SAW,9,22851,36805,0,0,1
SAW,9,22852,36806,0,0,1
SAW,9,22862,36816,0,0,1
SAW,9,22863,36817,0,0,1
SAW,9,22872,36826,0,0,1
SAW,9,22883,36837,0,0,1
SAW,9,22923,36877,0,0,1
SAW,9,22930,36884,0,0,1
SAW,9,22941,36895,0,0,1
SAW,9,22946,36900,0,0,1
SAW,9,22964,36918,0,0,1
SAW,9,23002,36956,0,0,1
SAW,9,23024,36978,0,0,1
SAW,9,23062,37016,0,0,1
SAW,9,23067,37021,0,1,0
SAW,9,23079,37033,0,0,1
SAW,9,23087,37041,0,1,0
SAW,9,23088,37042,0,0,1
SAW,9,23091,37045,0,0,1
SAW,9,23097,37051,0,0,1
SAW,9,23098,37052,0,0,1
SAW,9,23113,37067,0,0,1
SAW,9,23117,37071,0,0,1
SAW,9,23144,37098,0,0,1
SAW,9,23148,37102,0,0,1
SAW,9,23175,37129,0,0,1
SAW,9,23178,37132,0,0,1
SAW,9,23181,37135,0,0,1
SAW,9,23197,37151,0,0,1
SAW,9,23199,37153,0,0,1
SAW,9,23215,37169,0,0,1
SAW,9,23229,37183,0,1,0
SAW,9,23240,37194,0,0,1
SAW,9,23265,37219,0,0,1
SAW,9,23276,37230,0,1,0
SAW,9,23288,37242,0,0,1
SAW,9,23291,37245,0,0,1
SAW,9,23305,37259,0,0,1
SAW,9,23327,37281,0,0,1
SAW,9,23333,37287,0,1,0
SAW,9,23346,37300,0,0,1
SAW,9,23349,37303,0,0,1
SAW,9,23351,37305,0,0,1
SAW,9,23357,37311,0,0,1
SAW,9,23360,37314,0,0,1
SAW,9,23369,37323,0,0,1
SAW,9,23373,37327,0,1,0
SAW,9,23379,37333,0,1,0
SAW,9,23405,37359,0,0,1
SAW,9,23408,37362,0,0,1
SAW,9,23428,37382,0,0,1
SAW,9,23452,37406,0,0,1
SAW,9,23459,37413,0,0,1
SAW,9,23460,37414,0,0,1
SAW,9,23461,37415,0,0,1
SAW,9,23462,37416,0,0,1
SAW,9,23468,37422,0,0,1
SAW,9,23473,37427,0,0,1
SAW,9,23513,37467,0,0,1
SAW,9,23524,37478,0,0,1
SAW,9,23539,37493,0,0,1
SAW,9,23553,37507,0,0,1
SAW,10,19049,33002,1,1,1
SAW,10,19052,33005,1,1,1
SAW,10,19056,33009,1,1,1
SAW,10,19073,33026,1,1,1
SAW,10,19088,33041,1,1,1
SAW,10,19099,33052,1,0,0
SAW,10,19110,33063,1,0,0
SAW,10,19135,33088,1,1,1
SAW,10,19140,33093,1,1,1
SAW,10,19152,33105,1,1,1
SAW,10,19169,33122,1,1,1
SAW,10,19171,33124,1,1,1
SAW,10,19211,33164,1,1,1
SAW,10,19220,33173,1,1,1
SAW,10,19228,33181,1,1,1
SAW,10,19259,33212,1,1,1
SAW,10,19260,33213,1,1,1
SAW,10,19261,33214,1,1,1
SAW,10,19285,33238,1,1,1
SAW,10,19288,33241,1,1,1
SAW,10,19304,33257,1,1,1
SAW,10,19307,33260,1,1,1
SAW,10,19318,33271,1,1,1
SAW,10,19320,33273,1,1,1
SAW,10,19321,33274,1,1,1
SAW,10,19344,33297,1,1,1
SAW,10,19351,33304,1,1,1
SAW,10,19360,33313,1,1,1
SAW,10,19361,33314,1,1,1
SAW,10,19381,33334,1,1,1
SAW,10,19400,33353,1,1,1
SAW,10,19404,33357,1,1,1
SAW,10,19411,33364,1,1,1
SAW,10,19414,33367,1,1,1
SAW,10,19415,33368,1,1,1
SAW,10,19421,33374,1,1,1
SAW,10,19426,33379,1,0,0
SAW,10,19443,33396,1,1,1
SAW,10,19446,33399,1,1,1
SAW,10,19452,33405,1,1,1
SAW,10,19453,33406,1,1,1
SAW,10,19459,33412,1,1,1
SAW,10,19464,33417,1,1,1
SAW,10,19479,33432,1,1,1
SAW,10,19481,33434,1,1,1
SAW,10,19490,33443,1,1,1
SAW,10,19511,33464,1,1,1
SAW,10,19532,33485,1,1,1
SAW,10,19538,33491,1,1,1
SAW,10,19542,33495,1,1,1
SAW,10,19558,33511,1,1,1
SAW,10,19559,33512,1,1,1
SAW,10,19568,33521,1,1,1
SAW,10,19571,33524,1,1,1
SAW,10,19579,33532,1,1,1
SAW,10,19616,33569,1,1,1
SAW,10,19620,33573,1,1,1
SAW,10,19628,33581,1,1,1
SAW,10,19638,33591,1,1,1
SAW,10,19644,33597,1,1,1
SAW,10,19649,33602,1,1,1
SAW,10,19657,33610,1,1,1
SAW,10,19659,33612,1,1,1
SAW,10,19663,33616,1,1,1
SAW,10,19669,33622,1,1,1
SAW,10,19687,33640,1,1,1
SAW,10,19695,33648,1,1,1
SAW,10,19741,33694,1,0,0
SAW,10,19752,33705,1,1,1
SAW,10,19757,33710,1,1,1
SAW,10,19768,33721,1,1,1
SAW,10,19773,33726,1,0,0
SAW,10,19807,33760,1,1,1
SAW,10,19823,33776,1,1,1
SAW,10,19828,33781,1,1,1
SAW,10,19837,33790,1,1,1
SAW,10,19845,33798,1,1,1
SAW,10,19863,33816,1,1,1
SAW,10,19865,33818,1,1,1
SAW,10,19869,33822,1,1,1
SAW,10,19884,33837,1,1,1
SAW,10,19887,33840,1,1,1
SAW,10,19905,33858,1,1,1
SAW,10,19916,33869,1,1,1
SAW,10,19917,33870,1,1,1
SAW,10,19922,33875,1,1,1
SAW,10,19934,33887,1,1,1
SAW,10,19937,33890,1,1,1
SAW,10,19945,33898,1,1,1
SAW,10,19989,33942,1,1,1
SAW,10,20025,33978,1,1,1
SAW,10,20028,33981,1,1,1
SAW,10,20038,33991,1,1,1
SAW,10,20043,33996,1,1,1
SAW,10,20065,34018,1,1,1
SAW,10,20074,34027,1,1,1
SAW,10,20082,34035,1,1,1
SAW,10,20086,34039,1,1,1
SAW,10,20098,34051,1,1,1
SAW,10,20103,34056,1,1,1
SAW,10,20106,34059,1,1,1
SAW,10,20112,34065,1,1,1
SAW,10,20140,34093,1,1,1
SAW,10,20153,34106,1,0,0
SAW,10,20156,34109,1,1,1
SAW,10,20159,34112,1,1,1
SAW,10,20160,34113,1,1,1
SAW,10,20162,34115,1,1,1
SAW,10,20165,34118,1,1,1
SAW,10,20168,34121,1,1,1
SAW,10,20173,34126,1,1,1
SAW,10,20175,34128,1,1,1
SAW,10,20178,34131,1,1,1
SAW,10,20199,34152,1,1,1
SAW,10,20229,34182,1,1,1
SAW,10,20232,34185,1,1,1
SAW,10,20240,34193,1,0,0
SAW,10,20243,34196,1,1,1
SAW,10,20254,34207,1,1,1
SAW,10,20264,34217,1,1,1
SAW,10,20276,34229,1,1,1
SAW,10,20308,34261,1,1,1
SAW,10,20315,34268,1,1,1
SAW,10,20320,34273,1,1,1
SAW,10,20328,34281,1,1,1
SAW,10,20330,34283,1,1,1
SAW,10,20354,34307,1,1,1
SAW,10,20365,34318,1,1,1
SAW,10,20380,34333,1,1,1
SAW,10,20401,34354,1,1,1
SAW,10,20403,34356,1,1,1
SAW,10,20413,34366,1,1,1
SAW,10,20421,34374,1,1,1
SAW,10,20439,34392,1,1,1
SAW,10,20444,34397,1,1,1
SAW,10,20447,34400,1,1,1
SAW,10,20461,34414,1,1,1
SAW,10,20465,34418,1,1,1
SAW,10,20484,34437,1,1,1
SAW,10,20489,34442,1,1,1
SAW,10,20517,34470,1,1,1
SAW,10,20532,34485,1,1,1
SAW,10,20544,34497,1,1,1
SAW,10,20554,34507,1,1,1
SAW,10,20555,34508,1,1,1
SAW,10,20556,34509,1,1,1
SAW,10,20561,34514,1,1,1
SAW,10,20564,34517,1,1,1
SAW,10,20576,34529,1,1,1
SAW,10,20578,34531,1,1,1
SAW,10,20589,34542,1,1,1
SAW,10,20609,34562,1,1,1
SAW,10,20615,34568,1,1,1
SAW,10,20622,34575,1,1,1
SAW,10,20630,34583,1,1,1
SAW,10,20635,34588,1,1,1
SAW,10,20638,34591,1,1,1
SAW,10,20653,34606,1,1,1
SAW,10,20657,34610,1,0,0
SAW,10,20658,34611,1,1,1
SAW,10,20666,34619,1,1,1
SAW,10,20671,34624,1,1,1
SAW,10,20673,34626,1,1,1
SAW,10,20674,34627,1,1,1
SAW,10,20678,34631,1,1,1
SAW,10,20683,34636,1,1,1
SAW,10,20686,34639,1,1,1
SAW,10,20693,34646,1,1,1
SAW,10,20701,34654,1,1,1
SAW,10,20716,34669,1,1,1
SAW,10,20728,34681,1,1,1
SAW,10,20731,34684,1,1,1
SAW,10,20743,34696,1,1,1
SAW,10,20756,34709,1,1,1
SAW,10,20773,34726,1,1,1
SAW,10,20788,34741,1,1,1
SAW,10,20791,34744,1,1,1
SAW,10,20805,34758,1,1,1
SAW,10,20825,34778,1,1,1
SAW,10,20836,34789,1,1,1
SAW,10,20853,34806,1,1,1
SAW,10,20857,34810,1,0,0
SAW,10,20863,34816,1,1,1
SAW,10,20872,34825,1,0,0
SAW,10,20885,34838,1,1,1
SAW,10,20886,34839,1,1,1
SAW,10,20901,34854,1,1,1
SAW,10,20910,34863,1,1,1
SAW,10,20924,34877,1,1,1
SAW,10,20926,34879,1,1,1
SAW,10,20943,34896,1,1,1
SAW,10,20952,34905,1,1,1
SAW,10,20965,34918,1,1,1
SAW,10,20980,34933,1,1,1
SAW,10,21004,34957,1,1,1
SAW,10,21030,34983,1,1,1
SAW,10,21036,34989,1,1,1
SAW,10,21046,34999,1,1,1
SAW,10,21068,35021,1,1,1
SAW,10,21072,35025,1,1,1
SAW,10,21079,35032,1,1,1
SAW,10,21081,35034,1,1,1
SAW,10,21090,35043,1,1,1
SAW,10,21091,35044,1,1,1
SAW,10,21096,35049,1,1,1
SAW,10,21105,35058,1,1,1
SAW,10,21107,35060,1,1,1
SAW,10,21123,35076,1,1,1
SAW,10,21129,35082,1,1,1
SAW,10,21148,35101,1,1,1
SAW,10,21157,35110,1,1,1
SAW,10,21181,35134,1,1,1
SAW,10,21184,35137,1,1,1
SAW,10,21187,35140,1,1,1
SAW,10,21239,35192,1,1,1
SAW,10,21245,35198,1,1,1
SAW,10,21254,35207,1,1,1
SAW,10,21261,35214,1,1,1
SAW,10,21271,35224,1,1,1
SAW,10,21279,35232,1,1,1
SAW,10,21297,35250,1,1,1
SAW,10,21311,35264,1,1,1
SAW,10,21314,35267,1,1,1
SAW,10,21320,35273,1,1,1
SAW,10,21334,35287,1,1,1
SAW,10,21352,35305,1,1,1
SAW,10,21354,35307,1,1,1
SAW,10,21357,35310,1,1,1
SAW,10,21370,35323,1,1,1
SAW,10,21382,35335,1,1,1
SAW,10,21386,35339,1,1,1
SAW,10,21400,35353,1,1,1
SAW,10,21414,35367,1,1,1
SAW,10,21419,35372,1,1,1
SAW,10,21427,35380,1,1,1
SAW,10,21430,35383,1,1,1
SAW,10,21431,35384,1,1,1
SAW,10,21449,35402,1,1,1
SAW,10,21454,35407,1,1,1
SAW,10,21456,35409,1,1,1
SAW,10,21462,35415,1,1,1
SAW,10,21472,35425,1,1,1
SAW,10,21476,35429,1,1,1
SAW,10,21480,35433,1,1,1
SAW,10,21491,35444,1,1,1
SAW,10,21493,35446,1,1,1
SAW,10,21505,35458,1,1,1
SAW,10,21511,35464,1,1,1
SAW,10,21528,35481,1,1,1
SAW,10,21557,35510,0,0,1
SAW,10,21568,35521,0,0,1
SAW,10,21588,35541,0,0,1
SAW,10,21608,35561,0,0,1
SAW,10,21623,35576,0,0,1
SAW,10,21634,35587,0,0,1
SAW,10,21667,35620,0,0,1
SAW,10,21670,35623,0,0,1
SAW,10,21673,35626,0,0,1
SAW,10,21676,35629,0,0,1
SAW,10,21677,35630,0,0,1
SAW,10,21681,35634,0,0,1
SAW,10,21692,35645,0,1,0
SAW,10,21694,35647,0,0,1
SAW,10,21698,35651,0,0,1
SAW,10,21706,35659,0,0,1
SAW,10,21708,35661,0,0,1
SAW,10,21734,35687,0,0,1
SAW,10,21750,35703,0,0,1
SAW,10,21751,35704,0,0,1
SAW,10,21762,35715,0,0,1
SAW,10,21769,35722,0,0,1
SAW,10,21785,35738,0,0,1
SAW,10,21788,35741,0,0,1
SAW,10,21792,35745,0,1,0
SAW,10,21805,35758,0,0,1
SAW,10,21824,35777,0,0,1
SAW,10,21830,35783,0,0,1
SAW,10,21853,35806,0,0,1
SAW,10,21854,35807,0,0,1
SAW,10,21878,35831,0,0,1
SAW,10,21883,35836,0,1,0
SAW,10,21890,35843,0,0,1
SAW,10,21898,35851,0,0,1
SAW,10,21926,35879,0,0,1
SAW,10,21928,35881,0,0,1
SAW,10,21930,35883,0,0,1
SAW,10,21935,35888,0,0,1
SAW,10,21943,35896,0,0,1
SAW,10,21945,35898,0,0,1
SAW,10,21948,35901,0,0,1
SAW,10,21968,35921,0,0,1
SAW,10,21973,35926,0,0,1
SAW,10,21986,35939,0,0,1
SAW,10,21991,35944,0,0,1
SAW,10,21997,35950,0,0,1
SAW,10,21999,35952,0,0,1
SAW,10,22007,35960,0,0,1
SAW,10,22009,35962,0,0,1
SAW,10,22012,35965,0,0,1
SAW,10,22025,35978,0,0,1
SAW,10,22028,35981,0,0,1
SAW,10,22031,35984,0,0,1
SAW,10,22037,35990,0,0,1
SAW,10,22048,36001,0,0,1
SAW,10,22051,36004,0,0,1
SAW,10,22072,36025,0,0,1
SAW,10,22082,36035,0,0,1
SAW,10,22096,36049,0,0,1
SAW,10,22098,36051,0,0,1
SAW,10,22119,36072,0,0,1
SAW,10,22135,36088,0,0,1
SAW,10,22138,36091,0,0,1
SAW,10,22159,36112,0,0,1
SAW,10,22169,36122,0,0,1
SAW,10,22184,36137,0,0,1
SAW,10,22186,36139,0,0,1
SAW,10,22189,36142,0,0,1
SAW,10,22191,36144,0,0,1
SAW,10,22192,36145,0,0,1
SAW,10,22198,36151,0,0,1
SAW,10,22216,36169,0,0,1
SAW,10,22247,36200,0,1,0
SAW,10,22253,36207,0,0,1
SAW,10,22263,36217,0,0,1
SAW,10,22264,36218,0,0,1
SAW,10,22280,36234,0,0,1
SAW,10,22290,36244,0,0,1
SAW,10,22291,36245,0,1,0
SAW,10,22294,36248,0,0,1
SAW,10,22295,36249,0,0,1
SAW,10,22308,36262,0,0,1
SAW,10,22309,36263,0,1,0
SAW,10,22344,36298,0,0,1
SAW,10,22353,36307,0,0,1
SAW,10,22377,36331,0,0,1
SAW,10,22388,36342,0,0,1
SAW,10,22400,36354,0,0,1
SAW,10,22418,36372,0,0,1
SAW,10,22422,36376,0,0,1
SAW,10,22425,36379,0,0,1
SAW,10,22426,36380,0,1,0
SAW,10,22431,36385,0,0,1
SAW,10,22458,36412,0,0,1
SAW,10,22469,36423,0,0,1
SAW,10,22475,36429,0,0,1
SAW,10,22487,36441,0,0,1
SAW,10,22490,36444,0,0,1
SAW,10,22506,36460,0,0,1
SAW,10,22535,36489,0,0,1
SAW,10,22541,36495,0,0,1
SAW,10,22542,36496,0,0,1
SAW,10,22545,36499,0,0,1
SAW,10,22551,36505,0,0,1
SAW,10,22562,36516,0,0,1
SAW,10,22577,36531,0,0,1
SAW,10,22612,36566,0,0,1
SAW,10,22627,36581,0,0,1
SAW,10,22636,36590,0,0,1
SAW,10,22647,36601,0,0,1
SAW,10,22674,36628,0,0,1
SAW,10,22681,36635,0,0,1
SAW,10,22701,36655,0,0,1
SAW,10,22704,36658,0,0,1
SAW,10,22719,36673,0,0,1
SAW,10,22747,36701,0,0,1
SAW,10,22750,36704,0,0,1
SAW,10,22761,36715,0,0,1
SAW,10,22766,36720,0,0,1
SAW,10,22768,36722,0,0,1
SAW,10,22778,36732,0,0,1
SAW,10,22787,36741,0,0,1
SAW,10,22790,36744,0,0,1
SAW,10,22791,36745,0,0,1
SAW,10,22803,36757,0,0,1
SAW,10,22808,36762,0,0,1
SAW,10,22811,36765,0,0,1
SAW,10,22812,36766,0,0,1
SAW,10,22816,36770,0,0,1
SAW,10,22822,36776,0,0,1
SAW,10,22838,36792,0,0,1
SAW,10,22856,36810,0,1,0
SAW,10,22889,36843,0,0,1
SAW,10,22896,36850,0,0,1
SAW,10,22911,36865,0,0,1
SAW,10,22912,36866,0,0,1
SAW,10,22917,36871,0,0,1
SAW,10,22924,36878,0,0,1
SAW,10,22943,36897,0,0,1
SAW,10,22961,36915,0,0,1
SAW,10,22967,36921,0,0,1
SAW,10,22972,36926,0,1,0
SAW,10,22984,36938,0,0,1
SAW,10,23004,36958,0,0,1
SAW,10,23046,37000,0,0,1
SAW,10,23048,37002,0,0,1
SAW,10,23057,37011,0,0,1
SAW,10,23059,37013,0,0,1
SAW,10,23069,37023,0,0,1
SAW,10,23076,37030,0,0,1
SAW,10,23077,37031,0,0,1
SAW,10,23080,37034,0,0,1
SAW,10,23105,37059,0,0,1
SAW,10,23115,37069,0,0,1
SAW,10,23116,37070,0,0,1
SAW,10,23120,37074,0,0,1
SAW,10,23121,37075,0,0,1
SAW,10,23122,37076,0,0,1
SAW,10,23125,37079,0,0,1
SAW,10,23129,37083,0,0,1
SAW,10,23130,37084,0,0,1
SAW,10,23137,37091,0,0,1
SAW,10,23142,37096,0,0,1
SAW,10,23143,37097,0,0,1
SAW,10,23149,37103,0,0,1
SAW,10,23155,37109,0,0,1
SAW,10,23158,37112,0,0,1
SAW,10,23159,37113,0,1,0
SAW,10,23180,37134,0,0,1
SAW,10,23196,37150,0,0,1
SAW,10,23218,37172,0,0,1
SAW,10,23222,37176,0,0,1
SAW,10,23232,37186,0,0,1
SAW,10,23241,37195,0,0,1
SAW,10,23264,37218,0,0,1
SAW,10,23284,37238,0,0,1
SAW,10,23285,37239,0,0,1
SAW,10,23298,37252,0,0,1
SAW,10,23303,37257,0,0,1
SAW,10,23307,37261,0,0,1
SAW,10,23352,37306,0,0,1
SAW,10,23362,37316,0,0,1
SAW,10,23368,37322,0,0,1
SAW,10,23370,37324,0,0,1
SAW,10,23376,37330,0,0,1
SAW,10,23383,37337,0,0,1
SAW,10,23387,37341,0,0,1
SAW,10,23398,37352,0,0,1
SAW,10,23402,37356,0,0,1
SAW,10,23418,37372,0,0,1
SAW,10,23427,37381,0,0,1
SAW,10,23430,37384,0,0,1
SAW,10,23453,37407,0,0,1
SAW,10,23456,37410,0,0,1
SAW,10,23498,37452,0,0,1
SAW,10,23501,37455,0,0,1
SAW,10,23504,37458,0,0,1
SAW,10,23534,37488,0,0,1
SAW,10,23535,37489,0,0,1
SAW,10,23541,37495,0,0,1
SAW,10,23542,37496,0,0,1
SAW,10,23551,37505,0,0,1
