station,outer_fold,source_row_index,serial_no,label_true,label_predicted,correct
SCM,1,23563,37517,1,1,1
SCM,1,23566,37520,1,1,1
SCM,1,23579,37533,1,1,1
SCM,1,23588,37542,1,1,1
SCM,1,23595,37549,1,0,0
SCM,1,23600,37554,1,1,1
SCM,1,23606,37560,1,1,1
SCM,1,23614,37568,1,1,1
SCM,1,23621,37575,1,1,1
SCM,1,23626,37580,1,1,1
SCM,1,23637,37591,1,1,1
SCM,1,23640,37594,1,1,1
SCM,1,23660,37614,1,1,1
SCM,1,23681,37635,1,1,1
SCM,1,23684,37638,1,1,1
SCM,1,23685,37639,1,0,0
SCM,1,23693,37647,1,1,1
SCM,1,23695,37649,1,1,1
SCM,1,23698,37652,1,1,1
SCM,1,23702,37656,1,1,1
SCM,1,23707,37661,1,1,1
SCM,1,23717,37671,1,1,1
SCM,1,23718,37672,1,1,1
SCM,1,23721,37675,1,1,1
SCM,1,23748,37702,1,1,1
SCM,1,23753,37707,1,1,1
SCM,1,23777,37731,1,1,1
SCM,1,23785,37739,1,1,1
SCM,1,23815,37769,1,1,1
SCM,1,23820,37774,1,1,1
SCM,1,23829,37783,1,1,1
SCM,1,23831,37785,1,1,1
SCM,1,23843,37797,1,1,1
SCM,1,23854,37808,1,1,1
SCM,1,23855,37809,1,1,1
SCM,1,23860,37814,1,1,1
SCM,1,23865,37819,1,1,1
SCM,1,23880,37834,1,1,1
SCM,1,23883,37837,1,1,1
SCM,1,23885,37839,1,1,1
SCM,1,23892,37846,1,1,1
SCM,1,23899,37853,1,1,1
SCM,1,23904,37858,1,1,1
SCM,1,23907,37861,1,1,1
SCM,1,23919,37873,1,1,1
SCM,1,23922,37876,1,1,1
SCM,1,23928,37882,1,1,1
SCM,1,23938,37892,1,1,1
SCM,1,23953,37907,1,1,1
SCM,1,23981,37935,1,1,1
SCM,1,23989,37943,1,1,1
SCM,1,23994,37948,1,1,1
SCM,1,23995,37949,1,1,1
SCM,1,24000,37954,1,1,1
SCM,1,24005,37959,1,1,1
SCM,1,24015,37969,1,1,1
SCM,1,24026,37980,1,1,1
SCM,1,24029,37983,1,1,1
SCM,1,24042,37996,1,1,1
SCM,1,24044,37998,1,1,1
SCM,1,24048,38002,1,1,1
SCM,1,24063,38017,1,1,1
SCM,1,24065,38019,1,1,1
SCM,1,24068,38022,1,1,1
SCM,1,24074,38028,1,1,1
SCM,1,24080,38034,1,1,1
SCM,1,24087,38041,1,1,1
SCM,1,24090,38044,1,1,1
SCM,1,24095,38049,1,1,1
SCM,1,24125,38079,1,1,1
SCM,1,24136,38090,1,1,1
SCM,1,24138,38092,1,1,1
SCM,1,24150,38104,1,1,1
SCM,1,24159,38113,1,1,1
SCM,1,24169,38123,1,1,1
SCM,1,24176,38130,1,1,1
SCM,1,24197,38151,1,1,1
SCM,1,24198,38152,1,1,1
SCM,1,24200,38154,1,1,1
SCM,1,24224,38178,1,1,1
SCM,1,24256,38210,1,1,1
SCM,1,24259,38213,1,1,1
SCM,1,24266,38220,1,1,1
SCM,1,24275,38229,1,1,1
SCM,1,24278,38232,1,1,1
SCM,1,24279,38233,1,0,0
SCM,1,24285,38239,1,1,1
SCM,1,24306,38260,1,1,1
SCM,1,24307,38261,1,1,1
SCM,1,24311,38265,1,1,1
SCM,1,24312,38266,1,0,0
SCM,1,24322,38276,1,1,1
SCM,1,24330,38284,1,1,1
SCM,1,24374,38328,1,1,1
SCM,1,24379,38333,1,1,1
SCM,1,24380,38334,1,1,1
SCM,1,24390,38344,1,1,1
SCM,1,24391,38345,1,1,1
SCM,1,24403,38357,1,1,1
SCM,1,24410,38364,1,1,1
SCM,1,24418,38372,1,1,1
SCM,1,24422,38376,1,1,1
SCM,1,24427,38381,1,1,1
SCM,1,24443,38397,1,1,1
SCM,1,24449,38403,1,1,1
SCM,1,24458,38412,1,1,1
SCM,1,24476,38430,1,1,1
SCM,1,24477,38431,1,1,1
SCM,1,24481,38435,1,1,1
SCM,1,24483,38437,1,1,1
SCM,1,24491,38445,1,1,1
SCM,1,24492,38446,1,1,1
SCM,1,24493,38447,1,1,1
SCM,1,24506,38460,1,1,1
SCM,1,24508,38462,1,1,1
SCM,1,24525,38479,1,1,1
SCM,1,24526,38480,1,1,1
SCM,1,24529,38483,1,1,1
SCM,1,24539,38493,1,1,1
SCM,1,24546,38500,1,1,1
SCM,1,24559,38513,1,1,1
SCM,1,24566,38520,1,1,1
SCM,1,24571,38525,1,1,1
SCM,1,24573,38527,1,1,1
SCM,1,24579,38533,1,1,1
SCM,1,24595,38549,1,1,1
SCM,1,24608,38562,1,1,1
SCM,1,24628,38582,1,1,1
SCM,1,24629,38583,1,1,1
SCM,1,24631,38585,1,1,1
SCM,1,24649,38603,1,1,1
SCM,1,24654,38608,1,1,1
SCM,1,24689,38643,1,1,1
SCM,1,24700,38654,1,1,1
SCM,1,24704,38658,1,1,1
SCM,1,24714,38668,1,1,1
SCM,1,24721,38675,1,1,1
SCM,1,24723,38677,1,1,1
SCM,1,24732,38686,1,1,1
SCM,1,24750,38704,1,1,1
SCM,1,24765,38719,1,1,1
SCM,1,24768,38722,1,0,0
SCM,1,24794,38748,1,1,1
SCM,1,24814,38768,1,1,1
SCM,1,24831,38785,1,1,1
SCM,1,24839,38793,1,1,1
SCM,1,24865,38819,1,1,1
SCM,1,24878,38832,1,1,1
SCM,1,24904,38858,1,1,1
SCM,1,24921,38875,1,1,1
SCM,1,24923,38877,1,1,1
SCM,1,24961,38915,1,1,1
SCM,1,24972,38926,1,1,1
SCM,1,24984,38938,1,1,1
SCM,1,25003,38957,1,1,1
SCM,1,25017,38971,1,1,1
SCM,1,25036,38990,1,1,1
SCM,1,25053,39007,1,1,1
SCM,1,25055,39009,1,1,1
SCM,1,25056,39010,1,1,1
SCM,1,25058,39012,1,1,1
SCM,1,25071,39025,1,1,1
SCM,1,25081,39035,1,1,1
SCM,1,25085,39039,1,1,1
SCM,1,25086,39040,1,1,1
SCM,1,25123,39077,1,1,1
SCM,1,25128,39082,1,1,1
SCM,1,25141,39095,1,1,1
SCM,1,25153,39107,1,1,1
SCM,1,25154,39108,1,1,1
SCM,1,25161,39115,1,1,1
SCM,1,25163,39117,1,1,1
SCM,1,25173,39127,1,1,1
SCM,1,25175,39129,1,1,1
SCM,1,25198,39152,1,1,1
SCM,1,25225,39179,1,1,1
SCM,1,25261,39215,1,1,1
SCM,1,25274,39228,1,1,1
SCM,1,25285,39239,1,1,1
SCM,1,25286,39240,1,1,1
SCM,1,25287,39241,1,1,1
SCM,1,25289,39243,1,1,1
SCM,1,25291,39245,1,1,1
SCM,1,25307,39261,1,1,1
SCM,1,25319,39273,1,1,1
SCM,1,25338,39292,1,1,1
SCM,1,25342,39296,1,1,1
SCM,1,25353,39307,1,1,1
SCM,1,25355,39309,1,1,1
SCM,1,25361,39315,1,1,1
SCM,1,25373,39327,1,1,1
SCM,1,25384,39338,1,1,1
SCM,1,25394,39348,1,1,1
SCM,1,25395,39349,1,1,1
SCM,1,25399,39353,1,1,1
SCM,1,25401,39355,1,1,1
SCM,1,25410,39364,1,1,1
SCM,1,25418,39372,1,1,1
SCM,1,25431,39385,1,1,1
SCM,1,25440,39394,1,1,1
SCM,1,25471,39425,1,1,1
SCM,1,25490,39444,1,1,1
SCM,1,25510,39464,1,1,1
SCM,1,25518,39472,1,1,1
SCM,1,25521,39475,1,1,1
SCM,1,25529,39483,1,1,1
SCM,1,25530,39484,1,1,1
SCM,1,25538,39492,1,1,1
SCM,1,25545,39499,1,1,1
SCM,1,25576,39530,1,1,1
SCM,1,25579,39533,1,1,1
SCM,1,25586,39540,1,1,1
SCM,1,25613,39567,1,0,0
SCM,1,25616,39570,1,1,1
SCM,1,25628,39582,1,1,1
SCM,1,25634,39588,1,1,1
SCM,1,25646,39600,1,1,1
SCM,1,25702,39656,1,1,1
SCM,1,25703,39657,1,1,1
SCM,1,25717,39671,1,1,1
SCM,1,25720,39674,1,1,1
SCM,1,25733,39687,1,1,1
SCM,1,25738,39692,1,1,1
SCM,1,25750,39704,1,1,1
SCM,1,25758,39712,1,1,1
SCM,1,25809,39763,1,1,1
SCM,1,25817,39771,1,1,1
SCM,1,25819,39773,1,1,1
SCM,1,25821,39775,1,1,1
SCM,1,25824,39778,1,1,1
SCM,1,25840,39794,1,1,1
SCM,1,25841,39795,1,1,1
SCM,1,25845,39799,1,1,1
SCM,1,25852,39806,1,1,1
SCM,1,25861,39815,1,1,1
SCM,1,25862,39816,1,1,1
SCM,1,25876,39830,1,1,1
SCM,1,25891,39845,1,1,1
SCM,1,25909,39863,1,1,1
SCM,1,25915,39869,1,1,1
SCM,1,25922,39876,1,0,0
SCM,1,25966,39920,1,1,1
SCM,1,25977,39931,1,1,1
SCM,1,25984,39938,0,0,1
SCM,1,25997,39951,0,0,1
SCM,1,26012,39966,0,0,1
SCM,1,26016,39970,0,0,1
SCM,1,26032,39986,0,0,1
SCM,1,26040,39994,0,0,1
SCM,1,26045,39999,0,0,1
SCM,1,26059,40013,0,0,1
SCM,1,26064,40018,0,0,1
SCM,1,26078,40032,0,0,1
SCM,1,26080,40034,0,0,1
SCM,1,26092,40046,0,0,1
SCM,1,26095,40049,0,0,1
SCM,1,26113,40067,0,0,1
SCM,1,26117,40071,0,0,1
SCM,1,26126,40080,0,0,1
SCM,1,26131,40085,0,0,1
SCM,1,26133,40087,0,0,1
SCM,1,26142,40096,0,0,1
SCM,1,26145,40099,0,0,1
SCM,1,26148,40102,0,0,1
SCM,1,26156,40110,0,0,1
SCM,1,26175,40129,0,0,1
SCM,1,26185,40139,0,1,0
SCM,1,26188,40142,0,0,1
SCM,1,26193,40147,0,0,1
SCM,1,26198,40152,0,0,1
SCM,1,26215,40169,0,0,1
SCM,1,26221,40175,0,0,1
SCM,1,26236,40190,0,0,1
SCM,1,26238,40192,0,0,1
SCM,1,26240,40194,0,0,1
SCM,1,26248,40202,0,0,1
SCM,1,26252,40206,0,0,1
SCM,1,26253,40207,0,0,1
SCM,1,26277,40231,0,0,1
SCM,1,26299,40253,0,0,1
SCM,1,26313,40267,0,0,1
SCM,1,26323,40277,0,0,1
SCM,1,26324,40278,0,0,1
SCM,1,26342,40296,0,0,1
SCM,1,26361,40315,0,0,1
SCM,1,26367,40321,0,0,1
SCM,1,26379,40333,0,0,1
SCM,1,26393,40347,0,0,1
SCM,1,26414,40368,0,0,1
SCM,1,26417,40371,0,0,1
SCM,1,26420,40374,0,0,1
SCM,1,26427,40381,0,0,1
SCM,1,26429,40383,0,0,1
SCM,1,26451,40405,0,0,1
SCM,1,26455,40409,0,0,1
SCM,1,26461,40415,0,0,1
SCM,1,26477,40431,0,0,1
SCM,1,26487,40441,0,0,1
SCM,1,26488,40442,0,0,1
SCM,1,26506,40460,0,0,1
SCM,1,26509,40463,0,1,0
SCM,1,26531,40485,0,0,1
SCM,1,26553,40507,0,0,1
SCM,1,26562,40516,0,0,1
SCM,1,26583,40537,0,0,1
SCM,1,26587,40541,0,0,1
SCM,1,26594,40548,0,0,1
SCM,1,26602,40556,0,0,1
SCM,1,26608,40562,0,0,1
SCM,1,26625,40579,0,0,1
SCM,1,26637,40591,0,0,1
SCM,1,26639,40593,0,0,1
SCM,1,26649,40603,0,0,1
SCM,1,26652,40606,0,0,1
SCM,1,26654,40608,0,0,1
SCM,1,26655,40609,0,0,1
SCM,1,26674,40628,0,0,1
SCM,1,26675,40629,0,0,1
SCM,1,26676,40630,0,0,1
SCM,1,26678,40632,0,0,1
SCM,1,26687,40641,0,0,1
SCM,1,26730,40684,0,0,1
SCM,1,26735,40689,0,0,1
SCM,1,26736,40690,0,0,1
SCM,1,26764,40718,0,0,1
SCM,1,26765,40719,0,0,1
SCM,1,26823,40777,0,0,1
SCM,1,26839,40793,0,0,1
SCM,1,26841,40795,0,0,1
SCM,1,26848,40802,0,1,0
SCM,1,26857,40811,0,0,1
SCM,1,26867,40821,0,0,1
SCM,1,26878,40832,0,0,1
SCM,1,26897,40851,0,0,1
SCM,1,26923,40877,0,0,1
SCM,1,26928,40882,0,0,1
SCM,1,26944,40898,0,0,1
SCM,1,26947,40901,0,0,1
SCM,1,26949,40903,0,1,0
SCM,1,26951,40905,0,0,1
SCM,1,26953,40907,0,0,1
SCM,1,26954,40908,0,0,1
SCM,1,26971,40925,0,0,1
SCM,1,26972,40926,0,0,1
SCM,1,26986,40940,0,1,0
SCM,1,26995,40949,0,1,0
SCM,1,27002,40956,0,0,1
SCM,1,27003,40957,0,0,1
SCM,1,27032,40986,0,0,1
SCM,1,27034,40988,0,0,1
SCM,1,27040,40994,0,0,1
SCM,1,27054,41008,0,0,1
SCM,1,27059,41013,0,0,1
SCM,1,27061,41015,0,0,1
SCM,1,27066,41020,0,0,1
SCM,1,27069,41023,0,0,1
SCM,1,27080,41034,0,0,1
SCM,1,27081,41035,0,0,1
SCM,1,27086,41040,0,0,1
SCM,1,27107,41061,0,0,1
SCM,1,27121,41075,0,0,1
SCM,1,27144,41098,0,0,1
SCM,1,27148,41102,0,0,1
SCM,1,27186,41140,0,0,1
SCM,1,27207,41161,0,0,1
SCM,1,27211,41165,0,0,1
SCM,1,27218,41172,0,1,0
SCM,1,27240,41194,0,0,1
SCM,1,27246,41200,0,0,1
SCM,1,27253,41207,0,0,1
SCM,1,27266,41220,0,0,1
SCM,1,27278,41232,0,0,1
SCM,1,27282,41236,0,0,1
SCM,1,27292,41246,0,0,1
SCM,1,27293,41247,0,0,1
SCM,1,27294,41248,0,0,1
SCM,1,27295,41249,0,1,0
SCM,1,27305,41259,0,0,1
SCM,1,27313,41267,0,0,1
SCM,1,27316,41270,0,0,1
SCM,1,27319,41273,0,1,0
SCM,1,27323,41277,0,0,1
SCM,1,27332,41286,0,0,1
SCM,1,27345,41299,0,0,1
SCM,1,27371,41325,0,0,1
SCM,1,27377,41331,0,0,1
SCM,1,27381,41335,0,0,1
SCM,1,27394,41348,0,0,1
SCM,1,27400,41354,0,0,1
SCM,1,27407,41361,0,0,1
SCM,1,27425,41379,0,0,1
SCM,1,27429,41383,0,0,1
SCM,1,27434,41388,0,0,1
SCM,1,27469,41423,0,0,1
SCM,1,27484,41438,0,0,1
SCM,1,27491,41445,0,0,1
SCM,1,27499,41453,0,0,1
SCM,1,27502,41456,0,0,1
SCM,1,27543,41497,0,0,1
SCM,1,27556,41510,0,0,1
SCM,1,27595,41549,0,0,1
SCM,1,27596,41550,0,0,1
SCM,1,27598,41552,0,0,1
SCM,1,27619,41573,0,0,1
SCM,1,27628,41582,0,0,1
SCM,1,27629,41583,0,0,1
SCM,1,27639,41593,0,0,1
SCM,1,27640,41594,0,0,1
SCM,1,27647,41601,0,0,1
SCM,1,27650,41604,0,0,1
SCM,1,27652,41606,0,0,1
SCM,1,27658,41612,0,0,1
SCM,1,27668,41622,0,0,1
SCM,1,27671,41625,0,0,1
SCM,1,27688,41642,0,0,1
SCM,1,27702,41656,0,0,1
SCM,1,27708,41662,0,0,1
SCM,1,27724,41678,0,0,1
SCM,1,27730,41684,0,0,1
SCM,1,27742,41696,0,0,1
SCM,1,27747,41701,0,0,1
SCM,1,27764,41718,0,0,1
SCM,1,27767,41721,0,0,1
SCM,1,27768,41722,0,0,1
SCM,1,27777,41731,0,0,1
SCM,1,27778,41732,0,0,1
SCM,1,27782,41736,0,1,0
SCM,1,27805,41759,0,0,1
SCM,1,27811,41765,0,0,1
SCM,1,27827,41781,0,0,1
SCM,1,27831,41785,0,0,1
SCM,1,27837,41791,0,1,0
SCM,1,27844,41798,0,1,0
SCM,1,27850,41804,0,0,1
SCM,1,27863,41817,0,0,1
SCM,1,27865,41819,0,0,1
SCM,1,27869,41823,0,0,1
SCM,1,27873,41827,0,0,1
SCM,1,27881,41835,0,0,1
SCM,1,27884,41838,0,0,1
SCM,1,27891,41845,0,0,1
SCM,1,27902,41856,0,0,1
SCM,1,27918,41872,0,0,1
SCM,1,27965,41919,0,0,1
SCM,1,27990,41944,0,0,1
SCM,1,27997,41951,0,0,1
SCM,1,27999,41953,0,0,1
SCM,2,23572,37526,1,1,1
SCM,2,23577,37531,1,1,1
SCM,2,23604,37558,1,1,1
SCM,2,23610,37564,1,1,1
SCM,2,23617,37571,1,1,1
SCM,2,23623,37577,1,1,1
SCM,2,23632,37586,1,1,1
SCM,2,23688,37642,1,1,1
SCM,2,23700,37654,1,1,1
SCM,2,23729,37683,1,1,1
SCM,2,23740,37694,1,1,1
SCM,2,23744,37698,1,1,1
SCM,2,23765,37719,1,1,1
SCM,2,23772,37726,1,1,1
SCM,2,23779,37733,1,1,1
SCM,2,23781,37735,1,1,1
SCM,2,23787,37741,1,1,1
SCM,2,23816,37770,1,1,1
SCM,2,23817,37771,1,1,1
SCM,2,23837,37791,1,1,1
SCM,2,23844,37798,1,1,1
SCM,2,23846,37800,1,1,1
SCM,2,23850,37804,1,1,1
SCM,2,23851,37805,1,1,1
SCM,2,23852,37806,1,1,1
SCM,2,23859,37813,1,1,1
SCM,2,23861,37815,1,1,1
SCM,2,23867,37821,1,1,1
SCM,2,23874,37828,1,0,0
SCM,2,23906,37860,1,1,1
SCM,2,23926,37880,1,1,1
SCM,2,23931,37885,1,1,1
SCM,2,23941,37895,1,1,1
SCM,2,23954,37908,1,1,1
SCM,2,23955,37909,1,1,1
SCM,2,23958,37912,1,1,1
SCM,2,23968,37922,1,1,1
SCM,2,23973,37927,1,1,1
SCM,2,23976,37930,1,1,1
SCM,2,23986,37940,1,1,1
SCM,2,23988,37942,1,1,1
SCM,2,23990,37944,1,1,1
SCM,2,24014,37968,1,1,1
SCM,2,24024,37978,1,1,1
SCM,2,24027,37981,1,1,1
SCM,2,24033,37987,1,1,1
SCM,2,24047,38001,1,1,1
SCM,2,24049,38003,1,1,1
SCM,2,24071,38025,1,1,1
SCM,2,24077,38031,1,1,1
SCM,2,24082,38036,1,1,1
SCM,2,24128,38082,1,1,1
SCM,2,24132,38086,1,1,1
SCM,2,24133,38087,1,1,1
SCM,2,24149,38103,1,1,1
SCM,2,24178,38132,1,1,1
SCM,2,24179,38133,1,1,1
SCM,2,24191,38145,1,1,1
SCM,2,24212,38166,1,1,1
SCM,2,24226,38180,1,1,1
SCM,2,24234,38188,1,1,1
SCM,2,24237,38191,1,1,1
SCM,2,24252,38206,1,1,1
SCM,2,24270,38224,1,1,1
SCM,2,24288,38242,1,1,1
SCM,2,24294,38248,1,1,1
SCM,2,24331,38285,1,1,1
SCM,2,24333,38287,1,1,1
SCM,2,24339,38293,1,1,1
SCM,2,24340,38294,1,1,1
SCM,2,24356,38310,1,1,1
SCM,2,24369,38323,1,1,1
SCM,2,24381,38335,1,1,1
SCM,2,24385,38339,1,1,1
SCM,2,24386,38340,1,1,1
SCM,2,24387,38341,1,1,1
SCM,2,24405,38359,1,1,1
SCM,2,24408,38362,1,1,1
SCM,2,24421,38375,1,1,1
SCM,2,24423,38377,1,1,1
SCM,2,24435,38389,1,1,1
SCM,2,24441,38395,1,1,1
SCM,2,24498,38452,1,1,1
SCM,2,24501,38455,1,1,1
SCM,2,24505,38459,1,1,1
SCM,2,24514,38468,1,1,1
SCM,2,24521,38475,1,1,1
SCM,2,24535,38489,1,1,1
SCM,2,24537,38491,1,1,1
SCM,2,24554,38508,1,1,1
SCM,2,24562,38516,1,1,1
SCM,2,24568,38522,1,1,1
SCM,2,24576,38530,1,1,1
SCM,2,24597,38551,1,1,1
SCM,2,24599,38553,1,1,1
SCM,2,24602,38556,1,1,1
SCM,2,24619,38573,1,1,1
SCM,2,24621,38575,1,1,1
SCM,2,24644,38598,1,1,1
SCM,2,24657,38611,1,1,1
SCM,2,24658,38612,1,1,1
SCM,2,24662,38616,1,1,1
SCM,2,24664,38618,1,1,1
SCM,2,24665,38619,1,1,1
SCM,2,24675,38629,1,1,1
SCM,2,24681,38635,1,1,1
SCM,2,24699,38653,1,1,1
SCM,2,24726,38680,1,1,1
SCM,2,24728,38682,1,1,1
SCM,2,24748,38702,1,1,1
SCM,2,24751,38705,1,1,1
SCM,2,24754,38708,1,1,1
SCM,2,24781,38735,1,1,1
SCM,2,24786,38740,1,1,1
SCM,2,24788,38742,1,1,1
SCM,2,24791,38745,1,1,1
SCM,2,24819,38773,1,1,1
SCM,2,24820,38774,1,1,1
SCM,2,24823,38777,1,1,1
SCM,2,24859,38813,1,1,1
SCM,2,24886,38840,1,1,1
SCM,2,24899,38853,1,1,1
SCM,2,24903,38857,1,1,1
SCM,2,24905,38859,1,1,1
SCM,2,24917,38871,1,1,1
SCM,2,24919,38873,1,1,1
SCM,2,24925,38879,1,0,0
SCM,2,24926,38880,1,1,1
SCM,2,24927,38881,1,1,1
SCM,2,24930,38884,1,1,1
SCM,2,24931,38885,1,1,1
SCM,2,24933,38887,1,1,1
SCM,2,24936,38890,1,1,1
SCM,2,24942,38896,1,1,1
SCM,2,24944,38898,1,1,1
SCM,2,24968,38922,1,1,1
SCM,2,24971,38925,1,1,1
SCM,2,24978,38932,1,1,1
SCM,2,24992,38946,1,1,1
SCM,2,24994,38948,1,1,1
SCM,2,25014,38968,1,1,1
SCM,2,25025,38979,1,1,1
SCM,2,25027,38981,1,1,1
SCM,2,25030,38984,1,1,1
SCM,2,25032,38986,1,1,1
SCM,2,25034,38988,1,1,1
SCM,2,25059,39013,1,1,1
SCM,2,25064,39018,1,1,1
SCM,2,25075,39029,1,1,1
SCM,2,25088,39042,1,1,1
SCM,2,25090,39044,1,1,1
SCM,2,25138,39092,1,1,1
SCM,2,25143,39097,1,1,1
SCM,2,25151,39105,1,1,1
SCM,2,25178,39132,1,1,1
SCM,2,25180,39134,1,1,1
SCM,2,25185,39139,1,1,1
SCM,2,25193,39147,1,1,1
SCM,2,25229,39183,1,1,1
SCM,2,25234,39188,1,1,1
SCM,2,25254,39208,1,1,1
SCM,2,25276,39230,1,1,1
SCM,2,25288,39242,1,1,1
SCM,2,25318,39272,1,0,0
SCM,2,25321,39275,1,0,0
SCM,2,25322,39276,1,1,1
SCM,2,25327,39281,1,1,1
SCM,2,25332,39286,1,1,1
SCM,2,25337,39291,1,1,1
SCM,2,25350,39304,1,1,1
SCM,2,25352,39306,1,1,1
SCM,2,25358,39312,1,1,1
SCM,2,25369,39323,1,1,1
SCM,2,25379,39333,1,1,1
SCM,2,25385,39339,1,1,1
SCM,2,25398,39352,1,1,1
SCM,2,25400,39354,1,1,1
SCM,2,25411,39365,1,1,1
SCM,2,25426,39380,1,1,1
SCM,2,25442,39396,1,1,1
SCM,2,25457,39411,1,1,1
SCM,2,25459,39413,1,1,1
SCM,2,25463,39417,1,0,0
SCM,2,25475,39429,1,1,1
SCM,2,25479,39433,1,1,1
SCM,2,25488,39442,1,1,1
SCM,2,25494,39448,1,1,1
SCM,2,25503,39457,1,1,1
SCM,2,25509,39463,1,0,0
SCM,2,25514,39468,1,1,1
SCM,2,25520,39474,1,1,1
SCM,2,25525,39479,1,1,1
SCM,2,25531,39485,1,1,1
SCM,2,25532,39486,1,1,1
SCM,2,25539,39493,1,1,1
SCM,2,25541,39495,1,1,1
SCM,2,25543,39497,1,1,1
SCM,2,25544,39498,1,1,1
SCM,2,25547,39501,1,1,1
SCM,2,25553,39507,1,1,1
SCM,2,25563,39517,1,1,1
SCM,2,25565,39519,1,1,1
SCM,2,25572,39526,1,1,1
SCM,2,25583,39537,1,1,1
SCM,2,25584,39538,1,1,1
SCM,2,25596,39550,1,1,1
SCM,2,25600,39554,1,1,1
SCM,2,25609,39563,1,1,1
SCM,2,25620,39574,1,1,1
SCM,2,25627,39581,1,1,1
SCM,2,25630,39584,1,1,1
SCM,2,25631,39585,1,1,1
SCM,2,25633,39587,1,1,1
SCM,2,25636,39590,1,1,1
SCM,2,25641,39595,1,1,1
SCM,2,25644,39598,1,1,1
SCM,2,25671,39625,1,1,1
SCM,2,25679,39633,1,1,1
SCM,2,25685,39639,1,1,1
SCM,2,25723,39677,1,1,1
SCM,2,25728,39682,1,1,1
SCM,2,25737,39691,1,1,1
SCM,2,25742,39696,1,1,1
SCM,2,25756,39710,1,1,1
SCM,2,25764,39718,1,1,1
SCM,2,25776,39730,1,1,1
SCM,2,25777,39731,1,1,1
SCM,2,25780,39734,1,1,1
SCM,2,25788,39742,1,1,1
SCM,2,25789,39743,1,1,1
SCM,2,25813,39767,1,1,1
SCM,2,25869,39823,1,1,1
SCM,2,25883,39837,1,1,1
SCM,2,25885,39839,1,1,1
SCM,2,25894,39848,1,1,1
SCM,2,25898,39852,1,1,1
SCM,2,25912,39866,1,1,1
SCM,2,25930,39884,1,1,1
SCM,2,25939,39893,1,1,1
SCM,2,25944,39898,1,1,1
SCM,2,25952,39906,1,1,1
SCM,2,25961,39915,1,1,1
SCM,2,25968,39922,1,1,1
SCM,2,25999,39953,0,0,1
SCM,2,26011,39965,0,0,1
SCM,2,26043,39997,0,0,1
SCM,2,26052,40006,0,0,1
SCM,2,26060,40014,0,0,1
SCM,2,26069,40023,0,0,1
SCM,2,26070,40024,0,0,1
SCM,2,26074,40028,0,0,1
SCM,2,26106,40060,0,0,1
SCM,2,26115,40069,0,0,1
SCM,2,26116,40070,0,0,1
SCM,2,26122,40076,0,1,0
SCM,2,26146,40100,0,0,1
SCM,2,26209,40163,0,0,1
SCM,2,26220,40174,0,0,1
SCM,2,26234,40188,0,1,0
SCM,2,26246,40200,0,0,1
SCM,2,26250,40204,0,0,1
SCM,2,26303,40257,0,0,1
SCM,2,26309,40263,0,0,1
SCM,2,26312,40266,0,0,1
SCM,2,26329,40283,0,0,1
SCM,2,26330,40284,0,0,1
SCM,2,26337,40291,0,0,1
SCM,2,26355,40309,0,0,1
SCM,2,26358,40312,0,0,1
SCM,2,26380,40334,0,0,1
SCM,2,26383,40337,0,0,1
SCM,2,26385,40339,0,0,1
SCM,2,26387,40341,0,0,1
SCM,2,26388,40342,0,0,1
SCM,2,26392,40346,0,0,1
SCM,2,26408,40362,0,0,1
SCM,2,26425,40379,0,1,0
SCM,2,26433,40387,0,0,1
SCM,2,26438,40392,0,0,1
SCM,2,26466,40420,0,0,1
SCM,2,26489,40443,0,0,1
SCM,2,26497,40451,0,0,1
SCM,2,26507,40461,0,1,0
SCM,2,26515,40469,0,0,1
SCM,2,26520,40474,0,1,0
SCM,2,26559,40513,0,0,1
SCM,2,26565,40519,0,0,1
SCM,2,26570,40524,0,0,1
SCM,2,26580,40534,0,0,1
SCM,2,26586,40540,0,0,1
SCM,2,26591,40545,0,0,1
SCM,2,26595,40549,0,0,1
SCM,2,26597,40551,0,0,1
SCM,2,26627,40581,0,0,1
SCM,2,26632,40586,0,0,1
SCM,2,26646,40600,0,0,1
SCM,2,26664,40618,0,0,1
SCM,2,26669,40623,0,0,1
SCM,2,26677,40631,0,0,1
SCM,2,26679,40633,0,0,1
SCM,2,26682,40636,0,0,1
SCM,2,26689,40643,0,0,1
SCM,2,26698,40652,0,0,1
SCM,2,26709,40663,0,0,1
SCM,2,26723,40677,0,0,1
SCM,2,26728,40682,0,0,1
SCM,2,26737,40691,0,0,1
SCM,2,26754,40708,0,0,1
SCM,2,26755,40709,0,0,1
SCM,2,26768,40722,0,0,1
SCM,2,26772,40726,0,0,1
SCM,2,26809,40763,0,0,1
SCM,2,26847,40801,0,0,1
SCM,2,26850,40804,0,1,0
SCM,2,26852,40806,0,0,1
SCM,2,26865,40819,0,0,1
SCM,2,26869,40823,0,0,1
SCM,2,26872,40826,0,0,1
SCM,2,26875,40829,0,0,1
SCM,2,26889,40843,0,0,1
SCM,2,26894,40848,0,0,1
SCM,2,26904,40858,0,0,1
SCM,2,26905,40859,0,1,0
SCM,2,26926,40880,0,0,1
SCM,2,26934,40888,0,0,1
SCM,2,26935,40889,0,0,1
SCM,2,26940,40894,0,0,1
SCM,2,26941,40895,0,0,1
SCM,2,26959,40913,0,0,1
SCM,2,26962,40916,0,0,1
SCM,2,26978,40932,0,0,1
SCM,2,26982,40936,0,0,1
SCM,2,26985,40939,0,0,1
SCM,2,27001,40955,0,1,0
SCM,2,27014,40968,0,0,1
SCM,2,27028,40982,0,0,1
SCM,2,27048,41002,0,0,1
SCM,2,27049,41003,0,0,1
SCM,2,27064,41018,0,0,1
SCM,2,27070,41024,0,1,0
SCM,2,27083,41037,0,0,1
SCM,2,27084,41038,0,0,1
SCM,2,27087,41041,0,1,0
SCM,2,27095,41049,0,1,0
SCM,2,27102,41056,0,0,1
SCM,2,27105,41059,0,0,1
SCM,2,27109,41063,0,0,1
SCM,2,27123,41077,0,0,1
SCM,2,27131,41085,0,0,1
SCM,2,27142,41096,0,0,1
SCM,2,27153,41107,0,1,0
SCM,2,27182,41136,0,0,1
SCM,2,27184,41138,0,0,1
SCM,2,27189,41143,0,0,1
SCM,2,27190,41144,0,0,1
SCM,2,27194,41148,0,0,1
SCM,2,27219,41173,0,0,1
SCM,2,27222,41176,0,0,1
SCM,2,27223,41177,0,0,1
SCM,2,27227,41181,0,0,1
SCM,2,27234,41188,0,0,1
SCM,2,27248,41202,0,0,1
SCM,2,27252,41206,0,0,1
SCM,2,27277,41231,0,0,1
SCM,2,27287,41241,0,0,1
SCM,2,27300,41254,0,0,1
SCM,2,27317,41271,0,0,1
SCM,2,27320,41274,0,1,0
SCM,2,27324,41278,0,0,1
SCM,2,27331,41285,0,0,1
SCM,2,27335,41289,0,0,1
SCM,2,27341,41295,0,1,0
SCM,2,27351,41305,0,0,1
SCM,2,27352,41306,0,0,1
SCM,2,27359,41313,0,0,1
SCM,2,27363,41317,0,0,1
SCM,2,27392,41346,0,0,1
SCM,2,27396,41350,0,0,1
SCM,2,27404,41358,0,0,1
SCM,2,27421,41375,0,0,1
SCM,2,27443,41397,0,0,1
SCM,2,27446,41400,0,0,1
SCM,2,27450,41404,0,0,1
SCM,2,27451,41405,0,0,1
SCM,2,27455,41409,0,0,1
SCM,2,27459,41413,0,0,1
SCM,2,27462,41416,0,0,1
SCM,2,27470,41424,0,0,1
SCM,2,27496,41450,0,0,1
SCM,2,27510,41464,0,0,1
SCM,2,27515,41469,0,0,1
SCM,2,27522,41476,0,0,1
SCM,2,27529,41483,0,0,1
SCM,2,27537,41491,0,0,1
SCM,2,27542,41496,0,0,1
SCM,2,27547,41501,0,0,1
SCM,2,27548,41502,0,0,1
SCM,2,27560,41514,0,0,1
SCM,2,27561,41515,0,0,1
SCM,2,27567,41521,0,1,0
SCM,2,27575,41529,0,0,1
SCM,2,27576,41530,0,0,1
SCM,2,27577,41531,0,0,1
SCM,2,27580,41534,0,0,1
SCM,2,27602,41556,0,0,1
SCM,2,27615,41569,0,0,1
SCM,2,27616,41570,0,0,1
SCM,2,27617,41571,0,0,1
SCM,2,27620,41574,0,0,1
SCM,2,27659,41613,0,0,1
SCM,2,27661,41615,0,1,0
SCM,2,27673,41627,0,0,1
SCM,2,27679,41633,0,0,1
SCM,2,27680,41634,0,0,1
SCM,2,27696,41650,0,0,1
SCM,2,27698,41652,0,0,1
SCM,2,27703,41657,0,0,1
SCM,2,27712,41666,0,0,1
SCM,2,27722,41676,0,0,1
SCM,2,27733,41687,0,0,1
SCM,2,27736,41690,0,0,1
SCM,2,27741,41695,0,0,1
SCM,2,27748,41702,0,0,1
SCM,2,27759,41713,0,0,1
SCM,2,27770,41724,0,0,1
SCM,2,27775,41729,0,0,1
SCM,2,27785,41739,0,1,0
SCM,2,27787,41741,0,0,1
SCM,2,27793,41747,0,0,1
SCM,2,27795,41749,0,0,1
SCM,2,27798,41752,0,0,1
SCM,2,27807,41761,0,0,1
SCM,2,27810,41764,0,0,1
SCM,2,27823,41777,0,0,1
SCM,2,27870,41824,0,0,1
SCM,2,27877,41831,0,0,1
SCM,2,27887,41841,0,1,0
SCM,2,27894,41848,0,0,1
SCM,2,27905,41859,0,0,1
SCM,2,27911,41865,0,0,1
SCM,2,27915,41869,0,0,1
SCM,2,27939,41893,0,0,1
SCM,2,27958,41912,0,0,1
SCM,2,27980,41934,0,0,1
SCM,2,27982,41936,0,0,1
SCM,2,27985,41939,0,0,1
SCM,2,28014,41968,0,0,1
SCM,3,23564,37518,1,1,1
SCM,3,23585,37539,1,1,1
SCM,3,23591,37545,1,1,1
SCM,3,23592,37546,1,1,1
SCM,3,23599,37553,1,1,1
SCM,3,23603,37557,1,1,1
SCM,3,23612,37566,1,1,1
SCM,3,23625,37579,1,1,1
SCM,3,23629,37583,1,1,1
SCM,3,23633,37587,1,1,1
SCM,3,23634,37588,1,1,1
SCM,3,23636,37590,1,1,1
SCM,3,23648,37602,1,1,1
SCM,3,23683,37637,1,1,1
SCM,3,23694,37648,1,1,1
SCM,3,23704,37658,1,1,1
SCM,3,23716,37670,1,1,1
SCM,3,23730,37684,1,1,1
SCM,3,23733,37687,1,1,1
SCM,3,23742,37696,1,1,1
SCM,3,23749,37703,1,1,1
SCM,3,23763,37717,1,1,1
SCM,3,23776,37730,1,1,1
SCM,3,23783,37737,1,1,1
SCM,3,23792,37746,1,1,1
SCM,3,23795,37749,1,1,1
SCM,3,23800,37754,1,1,1
SCM,3,23802,37756,1,1,1
SCM,3,23813,37767,1,1,1
SCM,3,23827,37781,1,1,1
SCM,3,23830,37784,1,1,1
SCM,3,23863,37817,1,1,1
SCM,3,23872,37826,1,1,1
SCM,3,23876,37830,1,1,1
SCM,3,23881,37835,1,1,1
SCM,3,23886,37840,1,1,1
SCM,3,23903,37857,1,1,1
SCM,3,23909,37863,1,1,1
SCM,3,23911,37865,1,1,1
SCM,3,23930,37884,1,1,1
SCM,3,23943,37897,1,1,1
SCM,3,23951,37905,1,1,1
SCM,3,23964,37918,1,1,1
SCM,3,23965,37919,1,1,1
SCM,3,23966,37920,1,1,1
SCM,3,23992,37946,1,1,1
SCM,3,23997,37951,1,1,1
SCM,3,23998,37952,1,1,1
SCM,3,24006,37960,1,1,1
SCM,3,24009,37963,1,1,1
SCM,3,24022,37976,1,1,1
SCM,3,24046,38000,1,1,1
SCM,3,24051,38005,1,1,1
SCM,3,24055,38009,1,1,1
SCM,3,24061,38015,1,1,1
SCM,3,24067,38021,1,1,1
SCM,3,24081,38035,1,1,1
SCM,3,24091,38045,1,1,1
SCM,3,24096,38050,1,1,1
SCM,3,24099,38053,1,1,1
SCM,3,24130,38084,1,1,1
SCM,3,24140,38094,1,1,1
SCM,3,24192,38146,1,1,1
SCM,3,24203,38157,1,1,1
SCM,3,24206,38160,1,1,1
SCM,3,24218,38172,1,1,1
SCM,3,24222,38176,1,0,0
SCM,3,24225,38179,1,1,1
SCM,3,24249,38203,1,1,1
SCM,3,24263,38217,1,1,1
SCM,3,24268,38222,1,1,1
SCM,3,24302,38256,1,1,1
SCM,3,24314,38268,1,1,1
SCM,3,24320,38274,1,1,1
SCM,3,24338,38292,1,1,1
SCM,3,24376,38330,1,1,1
SCM,3,24382,38336,1,1,1
SCM,3,24383,38337,1,1,1
SCM,3,24384,38338,1,1,1
SCM,3,24388,38342,1,1,1
SCM,3,24393,38347,1,1,1
SCM,3,24414,38368,1,1,1
SCM,3,24432,38386,1,1,1
SCM,3,24454,38408,1,1,1
SCM,3,24489,38443,1,1,1
SCM,3,24495,38449,1,1,1
SCM,3,24499,38453,1,1,1
SCM,3,24512,38466,1,1,1
SCM,3,24513,38467,1,1,1
SCM,3,24547,38501,1,1,1
SCM,3,24560,38514,1,1,1
SCM,3,24561,38515,1,1,1
SCM,3,24570,38524,1,1,1
SCM,3,24575,38529,1,1,1
SCM,3,24590,38544,1,1,1
SCM,3,24616,38570,1,1,1
SCM,3,24639,38593,1,1,1
SCM,3,24640,38594,1,1,1
SCM,3,24653,38607,1,1,1
SCM,3,24656,38610,1,1,1
SCM,3,24667,38621,1,1,1
SCM,3,24672,38626,1,1,1
SCM,3,24680,38634,1,1,1
SCM,3,24692,38646,1,1,1
SCM,3,24711,38665,1,1,1
SCM,3,24715,38669,1,1,1
SCM,3,24741,38695,1,1,1
SCM,3,24745,38699,1,1,1
SCM,3,24755,38709,1,1,1
SCM,3,24776,38730,1,1,1
SCM,3,24795,38749,1,1,1
SCM,3,24804,38758,1,1,1
SCM,3,24808,38762,1,0,0
SCM,3,24825,38779,1,1,1
SCM,3,24830,38784,1,1,1
SCM,3,24852,38806,1,1,1
SCM,3,24862,38816,1,1,1
SCM,3,24863,38817,1,1,1
SCM,3,24866,38820,1,1,1
SCM,3,24873,38827,1,1,1
SCM,3,24876,38830,1,1,1
SCM,3,24879,38833,1,1,1
SCM,3,24907,38861,1,1,1
SCM,3,24913,38867,1,1,1
SCM,3,24915,38869,1,1,1
SCM,3,24920,38874,1,1,1
SCM,3,24935,38889,1,1,1
SCM,3,24938,38892,1,1,1
SCM,3,24940,38894,1,1,1
SCM,3,24946,38900,1,1,1
SCM,3,24957,38911,1,1,1
SCM,3,24959,38913,1,1,1
SCM,3,24973,38927,1,1,1
SCM,3,24982,38936,1,1,1
SCM,3,24990,38944,1,1,1
SCM,3,25006,38960,1,1,1
SCM,3,25009,38963,1,1,1
SCM,3,25019,38973,1,1,1
SCM,3,25020,38974,1,1,1
SCM,3,25040,38994,1,1,1
SCM,3,25051,39005,1,1,1
SCM,3,25078,39032,1,1,1
SCM,3,25093,39047,1,1,1
SCM,3,25105,39059,1,1,1
SCM,3,25108,39062,1,1,1
SCM,3,25110,39064,1,1,1
SCM,3,25115,39069,1,1,1
SCM,3,25118,39072,1,1,1
SCM,3,25167,39121,1,1,1
SCM,3,25171,39125,1,1,1
SCM,3,25183,39137,1,1,1
SCM,3,25188,39142,1,1,1
SCM,3,25191,39145,1,1,1
SCM,3,25214,39168,1,1,1
SCM,3,25215,39169,1,1,1
SCM,3,25221,39175,1,1,1
SCM,3,25222,39176,1,1,1
SCM,3,25230,39184,1,1,1
SCM,3,25247,39201,1,1,1
SCM,3,25251,39205,1,1,1
SCM,3,25268,39222,1,1,1
SCM,3,25273,39227,1,1,1
SCM,3,25278,39232,1,1,1
SCM,3,25279,39233,1,1,1
SCM,3,25297,39251,1,1,1
SCM,3,25302,39256,1,1,1
SCM,3,25310,39264,1,1,1
SCM,3,25314,39268,1,1,1
SCM,3,25315,39269,1,1,1
SCM,3,25323,39277,1,1,1
SCM,3,25343,39297,1,1,1
SCM,3,25360,39314,1,1,1
SCM,3,25368,39322,1,1,1
SCM,3,25391,39345,1,1,1
SCM,3,25407,39361,1,1,1
SCM,3,25413,39367,1,1,1
SCM,3,25415,39369,1,1,1
SCM,3,25416,39370,1,1,1
SCM,3,25421,39375,1,1,1
SCM,3,25435,39389,1,1,1
SCM,3,25439,39393,1,1,1
SCM,3,25455,39409,1,1,1
SCM,3,25465,39419,1,1,1
SCM,3,25468,39422,1,1,1
SCM,3,25482,39436,1,1,1
SCM,3,25486,39440,1,1,1
SCM,3,25491,39445,1,1,1
SCM,3,25493,39447,1,1,1
SCM,3,25504,39458,1,1,1
SCM,3,25513,39467,1,1,1
SCM,3,25517,39471,1,0,0
SCM,3,25527,39481,1,1,1
SCM,3,25556,39510,1,1,1
SCM,3,25557,39511,1,1,1
SCM,3,25562,39516,1,1,1
SCM,3,25567,39521,1,1,1
SCM,3,25571,39525,1,1,1
SCM,3,25598,39552,1,1,1
SCM,3,25608,39562,1,1,1
SCM,3,25612,39566,1,1,1
SCM,3,25621,39575,1,1,1
SCM,3,25632,39586,1,1,1
SCM,3,25638,39592,1,1,1
SCM,3,25647,39601,1,1,1
SCM,3,25648,39602,1,1,1
SCM,3,25650,39604,1,1,1
SCM,3,25659,39613,1,1,1
SCM,3,25661,39615,1,1,1
SCM,3,25665,39619,1,1,1
SCM,3,25670,39624,1,1,1
SCM,3,25673,39627,1,1,1
SCM,3,25681,39635,1,1,1
SCM,3,25684,39638,1,1,1
SCM,3,25687,39641,1,1,1
SCM,3,25688,39642,1,1,1
SCM,3,25701,39655,1,1,1
SCM,3,25710,39664,1,1,1
SCM,3,25725,39679,1,1,1
SCM,3,25727,39681,1,1,1
SCM,3,25731,39685,1,1,1
SCM,3,25747,39701,1,1,1
SCM,3,25749,39703,1,1,1
SCM,3,25765,39719,1,1,1
SCM,3,25787,39741,1,1,1
SCM,3,25793,39747,1,1,1
SCM,3,25795,39749,1,1,1
SCM,3,25801,39755,1,1,1
SCM,3,25825,39779,1,1,1
SCM,3,25827,39781,1,1,1
SCM,3,25831,39785,1,1,1
SCM,3,25833,39787,1,1,1
SCM,3,25835,39789,1,1,1
SCM,3,25847,39801,1,1,1
SCM,3,25859,39813,1,1,1
SCM,3,25872,39826,1,1,1
SCM,3,25873,39827,1,1,1
SCM,3,25880,39834,1,1,1
SCM,3,25904,39858,1,1,1
SCM,3,25910,39864,1,1,1
SCM,3,25929,39883,1,1,1
SCM,3,25940,39894,1,1,1
SCM,3,25964,39918,1,1,1
SCM,3,25979,39933,1,1,1
SCM,3,25989,39943,0,0,1
SCM,3,25993,39947,0,0,1
SCM,3,26004,39958,0,0,1
SCM,3,26008,39962,0,0,1
SCM,3,26013,39967,0,0,1
SCM,3,26017,39971,0,0,1
SCM,3,26031,39985,0,0,1
SCM,3,26034,39988,0,0,1
SCM,3,26058,40012,0,0,1
SCM,3,26062,40016,0,0,1
SCM,3,26063,40017,0,0,1
SCM,3,26068,40022,0,0,1
SCM,3,26075,40029,0,0,1
SCM,3,26086,40040,0,0,1
SCM,3,26090,40044,0,0,1
SCM,3,26098,40052,0,1,0
SCM,3,26101,40055,0,0,1
SCM,3,26108,40062,0,0,1
SCM,3,26120,40074,0,0,1
SCM,3,26128,40082,0,0,1
SCM,3,26154,40108,0,0,1
SCM,3,26159,40113,0,0,1
SCM,3,26167,40121,0,0,1
SCM,3,26170,40124,0,0,1
SCM,3,26174,40128,0,0,1
SCM,3,26187,40141,0,0,1
SCM,3,26190,40144,0,0,1
SCM,3,26204,40158,0,0,1
SCM,3,26208,40162,0,0,1
SCM,3,26219,40173,0,0,1
SCM,3,26222,40176,0,0,1
SCM,3,26223,40177,0,0,1
SCM,3,26254,40208,0,0,1
SCM,3,26255,40209,0,0,1
SCM,3,26260,40214,0,1,0
SCM,3,26265,40219,0,0,1
SCM,3,26291,40245,0,1,0
SCM,3,26296,40250,0,1,0
SCM,3,26317,40271,0,0,1
SCM,3,26327,40281,0,0,1
SCM,3,26334,40288,0,1,0
SCM,3,26343,40297,0,0,1
SCM,3,26344,40298,0,0,1
SCM,3,26350,40304,0,0,1
SCM,3,26351,40305,0,0,1
SCM,3,26356,40310,0,0,1
SCM,3,26372,40326,0,0,1
SCM,3,26386,40340,0,1,0
SCM,3,26394,40348,0,0,1
SCM,3,26415,40369,0,0,1
SCM,3,26434,40388,0,1,0
SCM,3,26436,40390,0,0,1
SCM,3,26446,40400,0,0,1
SCM,3,26456,40410,0,0,1
SCM,3,26462,40416,0,0,1
SCM,3,26465,40419,0,0,1
SCM,3,26467,40421,0,0,1
SCM,3,26470,40424,0,0,1
SCM,3,26500,40454,0,0,1
SCM,3,26502,40456,0,0,1
SCM,3,26503,40457,0,0,1
SCM,3,26516,40470,0,1,0
SCM,3,26525,40479,0,0,1
SCM,3,26528,40482,0,0,1
SCM,3,26534,40488,0,0,1
SCM,3,26535,40489,0,0,1
SCM,3,26557,40511,0,0,1
SCM,3,26564,40518,0,0,1
SCM,3,26566,40520,0,0,1
SCM,3,26567,40521,0,0,1
SCM,3,26578,40532,0,0,1
SCM,3,26584,40538,0,0,1
SCM,3,26593,40547,0,0,1
SCM,3,26628,40582,0,0,1
SCM,3,26653,40607,0,0,1
SCM,3,26662,40616,0,0,1
SCM,3,26680,40634,0,0,1
SCM,3,26681,40635,0,0,1
SCM,3,26685,40639,0,0,1
SCM,3,26703,40657,0,0,1
SCM,3,26714,40668,0,0,1
SCM,3,26721,40675,0,0,1
SCM,3,26727,40681,0,0,1
SCM,3,26733,40687,0,0,1
SCM,3,26752,40706,0,0,1
SCM,3,26753,40707,0,0,1
SCM,3,26766,40720,0,0,1
SCM,3,26787,40741,0,0,1
SCM,3,26790,40744,0,0,1
SCM,3,26800,40754,0,0,1
SCM,3,26810,40764,0,0,1
SCM,3,26812,40766,0,1,0
SCM,3,26827,40781,0,0,1
SCM,3,26832,40786,0,1,0
SCM,3,26834,40788,0,0,1
SCM,3,26835,40789,0,0,1
SCM,3,26844,40798,0,0,1
SCM,3,26864,40818,0,0,1
SCM,3,26866,40820,0,0,1
SCM,3,26870,40824,0,0,1
SCM,3,26873,40827,0,1,0
SCM,3,26884,40838,0,0,1
SCM,3,26887,40841,0,0,1
SCM,3,26908,40862,0,0,1
SCM,3,26911,40865,0,0,1
SCM,3,26917,40871,0,0,1
SCM,3,26919,40873,0,1,0
SCM,3,26925,40879,0,0,1
SCM,3,26950,40904,0,0,1
SCM,3,26957,40911,0,0,1
SCM,3,26966,40920,0,0,1
SCM,3,26979,40933,0,0,1
SCM,3,26987,40941,0,0,1
SCM,3,26990,40944,0,0,1
SCM,3,26996,40950,0,0,1
SCM,3,26999,40953,0,0,1
SCM,3,27005,40959,0,0,1
SCM,3,27006,40960,0,0,1
SCM,3,27007,40961,0,0,1
SCM,3,27008,40962,0,0,1
SCM,3,27011,40965,0,0,1
SCM,3,27022,40976,0,0,1
SCM,3,27038,40992,0,0,1
SCM,3,27044,40998,0,0,1
SCM,3,27050,41004,0,0,1
SCM,3,27056,41010,0,0,1
SCM,3,27062,41016,0,0,1
SCM,3,27093,41047,0,0,1
SCM,3,27099,41053,0,0,1
SCM,3,27127,41081,0,0,1
SCM,3,27134,41088,0,0,1
SCM,3,27136,41090,0,0,1
SCM,3,27138,41092,0,0,1
SCM,3,27151,41105,0,0,1
SCM,3,27170,41124,0,0,1
SCM,3,27188,41142,0,0,1
SCM,3,27197,41151,0,0,1
SCM,3,27216,41170,0,0,1
SCM,3,27226,41180,0,0,1
SCM,3,27241,41195,0,0,1
SCM,3,27247,41201,0,0,1
SCM,3,27265,41219,0,0,1
SCM,3,27268,41222,0,0,1
SCM,3,27279,41233,0,0,1
SCM,3,27280,41234,0,0,1
SCM,3,27288,41242,0,0,1
SCM,3,27289,41243,0,0,1
SCM,3,27303,41257,0,0,1
SCM,3,27322,41276,0,0,1
SCM,3,27342,41296,0,0,1
SCM,3,27344,41298,0,0,1
SCM,3,27347,41301,0,0,1
SCM,3,27350,41304,0,1,0
SCM,3,27362,41316,0,0,1
SCM,3,27374,41328,0,0,1
SCM,3,27378,41332,0,0,1
SCM,3,27379,41333,0,0,1
SCM,3,27386,41340,0,0,1
SCM,3,27387,41341,0,0,1
SCM,3,27391,41345,0,0,1
SCM,3,27403,41357,0,0,1
SCM,3,27410,41364,0,0,1
SCM,3,27417,41371,0,0,1
SCM,3,27430,41384,0,0,1
SCM,3,27438,41392,0,0,1
SCM,3,27449,41403,0,0,1
SCM,3,27460,41414,0,0,1
SCM,3,27486,41440,0,0,1
SCM,3,27488,41442,0,0,1
SCM,3,27504,41458,0,0,1
SCM,3,27509,41463,0,0,1
SCM,3,27521,41475,0,0,1
SCM,3,27531,41485,0,0,1
SCM,3,27538,41492,0,0,1
SCM,3,27541,41495,0,0,1
SCM,3,27563,41517,0,0,1
SCM,3,27572,41526,0,0,1
SCM,3,27599,41553,0,0,1
SCM,3,27614,41568,0,0,1
SCM,3,27642,41596,0,0,1
SCM,3,27693,41647,0,0,1
SCM,3,27706,41660,0,0,1
SCM,3,27709,41663,0,0,1
SCM,3,27714,41668,0,0,1
SCM,3,27745,41699,0,0,1
SCM,3,27756,41710,0,0,1
SCM,3,27758,41712,0,0,1
SCM,3,27760,41714,0,0,1
SCM,3,27780,41734,0,0,1
SCM,3,27784,41738,0,1,0
SCM,3,27790,41744,0,0,1
SCM,3,27803,41757,0,0,1
SCM,3,27809,41763,0,0,1
SCM,3,27861,41815,0,0,1
SCM,3,27872,41826,0,1,0
SCM,3,27888,41842,0,0,1
SCM,3,27907,41861,0,0,1
SCM,3,27931,41885,0,0,1
SCM,3,27952,41906,0,0,1
SCM,3,27964,41918,0,0,1
SCM,3,27970,41924,0,0,1
SCM,3,27979,41933,0,0,1
SCM,3,27991,41945,0,0,1
SCM,3,28012,41966,0,0,1
SCM,4,23560,37514,1,1,1
SCM,4,23574,37528,1,1,1
SCM,4,23581,37535,1,1,1
SCM,4,23589,37543,1,1,1
SCM,4,23607,37561,1,1,1
SCM,4,23618,37572,1,1,1
SCM,4,23638,37592,1,0,0
SCM,4,23643,37597,1,1,1
SCM,4,23653,37607,1,1,1
SCM,4,23655,37609,1,1,1
SCM,4,23663,37617,1,1,1
SCM,4,23668,37622,1,1,1
SCM,4,23670,37624,1,1,1
SCM,4,23671,37625,1,1,1
SCM,4,23682,37636,1,1,1
SCM,4,23689,37643,1,1,1
SCM,4,23692,37646,1,1,1
SCM,4,23701,37655,1,1,1
SCM,4,23713,37667,1,1,1
SCM,4,23720,37674,1,1,1
SCM,4,23722,37676,1,1,1
SCM,4,23736,37690,1,1,1
SCM,4,23738,37692,1,1,1
SCM,4,23764,37718,1,1,1
SCM,4,23782,37736,1,1,1
SCM,4,23803,37757,1,1,1
SCM,4,23808,37762,1,1,1
SCM,4,23814,37768,1,1,1
SCM,4,23825,37779,1,1,1
SCM,4,23828,37782,1,1,1
SCM,4,23839,37793,1,1,1
SCM,4,23845,37799,1,1,1
SCM,4,23847,37801,1,1,1
SCM,4,23858,37812,1,1,1
SCM,4,23866,37820,1,1,1
SCM,4,23878,37832,1,1,1
SCM,4,23900,37854,1,1,1
SCM,4,23908,37862,1,1,1
SCM,4,23916,37870,1,1,1
SCM,4,23917,37871,1,1,1
SCM,4,23921,37875,1,1,1
SCM,4,23927,37881,1,1,1
SCM,4,23929,37883,1,1,1
SCM,4,23948,37902,1,1,1
SCM,4,23952,37906,1,1,1
SCM,4,23957,37911,1,1,1
SCM,4,23969,37923,1,1,1
SCM,4,23970,37924,1,1,1
SCM,4,23975,37929,1,1,1
SCM,4,23979,37933,1,1,1
SCM,4,24012,37966,1,1,1
SCM,4,24017,37971,1,1,1
SCM,4,24018,37972,1,1,1
SCM,4,24036,37990,1,1,1
SCM,4,24058,38012,1,1,1
SCM,4,24066,38020,1,1,1
SCM,4,24086,38040,1,1,1
SCM,4,24103,38057,1,1,1
SCM,4,24106,38060,1,1,1
SCM,4,24108,38062,1,1,1
SCM,4,24124,38078,1,1,1
SCM,4,24126,38080,1,1,1
SCM,4,24158,38112,1,1,1
SCM,4,24164,38118,1,1,1
SCM,4,24172,38126,1,1,1
SCM,4,24175,38129,1,1,1
SCM,4,24180,38134,1,1,1
SCM,4,24194,38148,1,1,1
SCM,4,24213,38167,1,1,1
SCM,4,24217,38171,1,1,1
SCM,4,24227,38181,1,1,1
SCM,4,24247,38201,1,1,1
SCM,4,24251,38205,1,1,1
SCM,4,24257,38211,1,1,1
SCM,4,24261,38215,1,1,1
SCM,4,24265,38219,1,1,1
SCM,4,24274,38228,1,1,1
SCM,4,24287,38241,1,1,1
SCM,4,24297,38251,1,1,1
SCM,4,24299,38253,1,1,1
SCM,4,24301,38255,1,1,1
SCM,4,24317,38271,1,1,1
SCM,4,24321,38275,1,1,1
SCM,4,24325,38279,1,1,1
SCM,4,24335,38289,1,1,1
SCM,4,24343,38297,1,1,1
SCM,4,24349,38303,1,1,1
SCM,4,24358,38312,1,1,1
SCM,4,24362,38316,1,1,1
SCM,4,24371,38325,1,0,0
SCM,4,24395,38349,1,1,1
SCM,4,24400,38354,1,1,1
SCM,4,24401,38355,1,1,1
SCM,4,24411,38365,1,1,1
SCM,4,24420,38374,1,1,1
SCM,4,24434,38388,1,1,1
SCM,4,24442,38396,1,1,1
SCM,4,24444,38398,1,1,1
SCM,4,24446,38400,1,1,1
SCM,4,24451,38405,1,1,1
SCM,4,24453,38407,1,1,1
SCM,4,24473,38427,1,1,1
SCM,4,24479,38433,1,1,1
SCM,4,24496,38450,1,1,1
SCM,4,24497,38451,1,1,1
SCM,4,24504,38458,1,1,1
SCM,4,24511,38465,1,1,1
SCM,4,24516,38470,1,1,1
SCM,4,24528,38482,1,1,1
SCM,4,24536,38490,1,1,1
SCM,4,24540,38494,1,1,1
SCM,4,24558,38512,1,1,1
SCM,4,24569,38523,1,1,1
SCM,4,24642,38596,1,1,1
SCM,4,24666,38620,1,1,1
SCM,4,24668,38622,1,1,1
SCM,4,24676,38630,1,1,1
SCM,4,24678,38632,1,1,1
SCM,4,24701,38655,1,1,1
SCM,4,24703,38657,1,1,1
SCM,4,24709,38663,1,1,1
SCM,4,24710,38664,1,1,1
SCM,4,24717,38671,1,1,1
SCM,4,24718,38672,1,1,1
SCM,4,24720,38674,1,1,1
SCM,4,24735,38689,1,1,1
SCM,4,24757,38711,1,1,1
SCM,4,24761,38715,1,1,1
SCM,4,24777,38731,1,1,1
SCM,4,24782,38736,1,1,1
SCM,4,24792,38746,1,1,1
SCM,4,24800,38754,1,1,1
SCM,4,24806,38760,1,1,1
SCM,4,24824,38778,1,1,1
SCM,4,24837,38791,1,0,0
SCM,4,24845,38799,1,1,1
SCM,4,24854,38808,1,1,1
SCM,4,24856,38810,1,1,1
SCM,4,24857,38811,1,1,1
SCM,4,24861,38815,1,1,1
SCM,4,24872,38826,1,1,1
SCM,4,24884,38838,1,1,1
SCM,4,24898,38852,1,1,1
SCM,4,24912,38866,1,1,1
SCM,4,24916,38870,1,1,1
SCM,4,24922,38876,1,1,1
SCM,4,24955,38909,1,1,1
SCM,4,24956,38910,1,1,1
SCM,4,24970,38924,1,1,1
SCM,4,24975,38929,1,0,0
SCM,4,25002,38956,1,1,1
SCM,4,25008,38962,1,1,1
SCM,4,25013,38967,1,1,1
SCM,4,25038,38992,1,1,1
SCM,4,25048,39002,1,1,1
SCM,4,25054,39008,1,1,1
SCM,4,25066,39020,1,1,1
SCM,4,25074,39028,1,1,1
SCM,4,25114,39068,1,1,1
SCM,4,25121,39075,1,1,1
SCM,4,25127,39081,1,1,1
SCM,4,25135,39089,1,1,1
SCM,4,25142,39096,1,1,1
SCM,4,25158,39112,1,1,1
SCM,4,25160,39114,1,1,1
SCM,4,25184,39138,1,0,0
SCM,4,25203,39157,1,1,1
SCM,4,25213,39167,1,1,1
SCM,4,25219,39173,1,1,1
SCM,4,25220,39174,1,1,1
SCM,4,25237,39191,1,1,1
SCM,4,25243,39197,1,1,1
SCM,4,25245,39199,1,1,1
SCM,4,25257,39211,1,1,1
SCM,4,25272,39226,1,1,1
SCM,4,25281,39235,1,1,1
SCM,4,25290,39244,1,1,1
SCM,4,25305,39259,1,1,1
SCM,4,25312,39266,1,1,1
SCM,4,25313,39267,1,1,1
SCM,4,25316,39270,1,1,1
SCM,4,25320,39274,1,0,0
SCM,4,25336,39290,1,1,1
SCM,4,25344,39298,1,1,1
SCM,4,25348,39302,1,1,1
SCM,4,25374,39328,1,1,1
SCM,4,25393,39347,1,1,1
SCM,4,25408,39362,1,1,1
SCM,4,25419,39373,1,1,1
SCM,4,25432,39386,1,1,1
SCM,4,25450,39404,1,1,1
SCM,4,25451,39405,1,1,1
SCM,4,25467,39421,1,0,0
SCM,4,25472,39426,1,1,1
SCM,4,25487,39441,1,1,1
SCM,4,25506,39460,1,1,1
SCM,4,25524,39478,1,0,0
SCM,4,25537,39491,1,1,1
SCM,4,25540,39494,1,1,1
SCM,4,25542,39496,1,1,1
SCM,4,25549,39503,1,1,1
SCM,4,25568,39522,1,0,0
SCM,4,25574,39528,1,1,1
SCM,4,25582,39536,1,1,1
SCM,4,25591,39545,1,1,1
SCM,4,25597,39551,1,0,0
SCM,4,25603,39557,1,1,1
SCM,4,25606,39560,1,1,1
SCM,4,25610,39564,1,1,1
SCM,4,25624,39578,1,1,1
SCM,4,25626,39580,1,1,1
SCM,4,25639,39593,1,1,1
SCM,4,25656,39610,1,0,0
SCM,4,25657,39611,1,1,1
SCM,4,25667,39621,1,1,1
SCM,4,25668,39622,1,0,0
SCM,4,25678,39632,1,1,1
SCM,4,25683,39637,1,1,1
SCM,4,25692,39646,1,1,1
SCM,4,25699,39653,1,1,1
SCM,4,25707,39661,1,1,1
SCM,4,25751,39705,1,1,1
SCM,4,25797,39751,1,1,1
SCM,4,25816,39770,1,1,1
SCM,4,25822,39776,1,1,1
SCM,4,25844,39798,1,1,1
SCM,4,25854,39808,1,1,1
SCM,4,25860,39814,1,1,1
SCM,4,25864,39818,1,1,1
SCM,4,25866,39820,1,1,1
SCM,4,25871,39825,1,1,1
SCM,4,25879,39833,1,1,1
SCM,4,25886,39840,1,1,1
SCM,4,25903,39857,1,1,1
SCM,4,25908,39862,1,1,1
SCM,4,25913,39867,1,1,1
SCM,4,25936,39890,1,0,0
SCM,4,25945,39899,1,1,1
SCM,4,25946,39900,1,1,1
SCM,4,25969,39923,1,1,1
SCM,4,25971,39925,1,1,1
SCM,4,25973,39927,1,1,1
SCM,4,25983,39937,1,1,1
SCM,4,25992,39946,0,0,1
SCM,4,26001,39955,0,1,0
SCM,4,26009,39963,0,0,1
SCM,4,26023,39977,0,0,1
SCM,4,26028,39982,0,0,1
SCM,4,26048,40002,0,0,1
SCM,4,26049,40003,0,0,1
SCM,4,26079,40033,0,0,1
SCM,4,26081,40035,0,0,1
SCM,4,26094,40048,0,0,1
SCM,4,26110,40064,0,0,1
SCM,4,26124,40078,0,0,1
SCM,4,26130,40084,0,0,1
SCM,4,26135,40089,0,0,1
SCM,4,26161,40115,0,0,1
SCM,4,26172,40126,0,0,1
SCM,4,26181,40135,0,0,1
SCM,4,26191,40145,0,0,1
SCM,4,26196,40150,0,0,1
SCM,4,26199,40153,0,0,1
SCM,4,26207,40161,0,0,1
SCM,4,26211,40165,0,0,1
SCM,4,26212,40166,0,0,1
SCM,4,26216,40170,0,0,1
SCM,4,26225,40179,0,0,1
SCM,4,26228,40182,0,0,1
SCM,4,26232,40186,0,0,1
SCM,4,26281,40235,0,0,1
SCM,4,26310,40264,0,0,1
SCM,4,26332,40286,0,0,1
SCM,4,26346,40300,0,0,1
SCM,4,26347,40301,0,0,1
SCM,4,26348,40302,0,0,1
SCM,4,26360,40314,0,0,1
SCM,4,26373,40327,0,0,1
SCM,4,26374,40328,0,0,1
SCM,4,26377,40331,0,0,1
SCM,4,26402,40356,0,0,1
SCM,4,26412,40366,0,0,1
SCM,4,26437,40391,0,0,1
SCM,4,26469,40423,0,1,0
SCM,4,26482,40436,0,0,1
SCM,4,26486,40440,0,0,1
SCM,4,26495,40449,0,0,1
SCM,4,26524,40478,0,1,0
SCM,4,26529,40483,0,0,1
SCM,4,26537,40491,0,0,1
SCM,4,26540,40494,0,0,1
SCM,4,26568,40522,0,0,1
SCM,4,26575,40529,0,0,1
SCM,4,26611,40565,0,0,1
SCM,4,26619,40573,0,1,0
SCM,4,26630,40584,0,0,1
SCM,4,26647,40601,0,0,1
SCM,4,26665,40619,0,0,1
SCM,4,26695,40649,0,0,1
SCM,4,26705,40659,0,0,1
SCM,4,26726,40680,0,0,1
SCM,4,26729,40683,0,0,1
SCM,4,26734,40688,0,0,1
SCM,4,26740,40694,0,1,0
SCM,4,26761,40715,0,0,1
SCM,4,26770,40724,0,0,1
SCM,4,26773,40727,0,0,1
SCM,4,26776,40730,0,0,1
SCM,4,26777,40731,0,0,1
SCM,4,26784,40738,0,0,1
SCM,4,26791,40745,0,0,1
SCM,4,26793,40747,0,0,1
SCM,4,26796,40750,0,0,1
SCM,4,26802,40756,0,0,1
SCM,4,26804,40758,0,0,1
SCM,4,26805,40759,0,0,1
SCM,4,26813,40767,0,0,1
SCM,4,26825,40779,0,0,1
SCM,4,26826,40780,0,0,1
SCM,4,26845,40799,0,0,1
SCM,4,26871,40825,0,1,0
SCM,4,26883,40837,0,1,0
SCM,4,26885,40839,0,0,1
SCM,4,26890,40844,0,0,1
SCM,4,26899,40853,0,0,1
SCM,4,26900,40854,0,0,1
SCM,4,26902,40856,0,0,1
SCM,4,26910,40864,0,0,1
SCM,4,26932,40886,0,0,1
SCM,4,26938,40892,0,1,0
SCM,4,26942,40896,0,0,1
SCM,4,26967,40921,0,1,0
SCM,4,26980,40934,0,0,1
SCM,4,26991,40945,0,0,1
SCM,4,26994,40948,0,0,1
SCM,4,26998,40952,0,0,1
SCM,4,27010,40964,0,0,1
SCM,4,27017,40971,0,0,1
SCM,4,27043,40997,0,0,1
SCM,4,27045,40999,0,0,1
SCM,4,27057,41011,0,0,1
SCM,4,27068,41022,0,0,1
SCM,4,27072,41026,0,0,1
SCM,4,27073,41027,0,0,1
SCM,4,27079,41033,0,0,1
SCM,4,27100,41054,0,0,1
SCM,4,27108,41062,0,0,1
SCM,4,27114,41068,0,0,1
SCM,4,27117,41071,0,0,1
SCM,4,27120,41074,0,0,1
SCM,4,27161,41115,0,0,1
SCM,4,27163,41117,0,0,1
SCM,4,27173,41127,0,0,1
SCM,4,27175,41129,0,0,1
SCM,4,27205,41159,0,0,1
SCM,4,27208,41162,0,0,1
SCM,4,27212,41166,0,0,1
SCM,4,27215,41169,0,0,1
SCM,4,27217,41171,0,0,1
SCM,4,27232,41186,0,0,1
SCM,4,27235,41189,0,0,1
SCM,4,27245,41199,0,0,1
SCM,4,27284,41238,0,0,1
SCM,4,27301,41255,0,0,1
SCM,4,27321,41275,0,0,1
SCM,4,27333,41287,0,0,1
SCM,4,27336,41290,0,1,0
SCM,4,27337,41291,0,0,1
SCM,4,27338,41292,0,0,1
SCM,4,27339,41293,0,0,1
SCM,4,27348,41302,0,0,1
SCM,4,27357,41311,0,0,1
SCM,4,27368,41322,0,0,1
SCM,4,27375,41329,0,0,1
SCM,4,27388,41342,0,0,1
SCM,4,27389,41343,0,1,0
SCM,4,27390,41344,0,0,1
SCM,4,27398,41352,0,0,1
SCM,4,27406,41360,0,0,1
SCM,4,27415,41369,0,0,1
SCM,4,27422,41376,0,0,1
SCM,4,27423,41377,0,0,1
SCM,4,27466,41420,0,0,1
SCM,4,27467,41421,0,0,1
SCM,4,27480,41434,0,0,1
SCM,4,27495,41449,0,0,1
SCM,4,27500,41454,0,0,1
SCM,4,27516,41470,0,0,1
SCM,4,27517,41471,0,0,1
SCM,4,27527,41481,0,0,1
SCM,4,27539,41493,0,0,1
SCM,4,27540,41494,0,0,1
SCM,4,27546,41500,0,0,1
SCM,4,27559,41513,0,0,1
SCM,4,27562,41516,0,0,1
SCM,4,27597,41551,0,0,1
SCM,4,27601,41555,0,0,1
SCM,4,27604,41558,0,0,1
SCM,4,27609,41563,0,1,0
SCM,4,27618,41572,0,0,1
SCM,4,27621,41575,0,0,1
SCM,4,27631,41585,0,0,1
SCM,4,27633,41587,0,0,1
SCM,4,27651,41605,0,0,1
SCM,4,27681,41635,0,1,0
SCM,4,27683,41637,0,0,1
SCM,4,27705,41659,0,0,1
SCM,4,27710,41664,0,0,1
SCM,4,27720,41674,0,0,1
SCM,4,27731,41685,0,0,1
SCM,4,27755,41709,0,0,1
SCM,4,27757,41711,0,0,1
SCM,4,27773,41727,0,0,1
SCM,4,27792,41746,0,0,1
SCM,4,27794,41748,0,0,1
SCM,4,27796,41750,0,0,1
SCM,4,27801,41755,0,1,0
SCM,4,27806,41760,0,0,1
SCM,4,27817,41771,0,0,1
SCM,4,27824,41778,0,0,1
SCM,4,27826,41780,0,0,1
SCM,4,27838,41792,0,0,1
SCM,4,27840,41794,0,0,1
SCM,4,27848,41802,0,0,1
SCM,4,27854,41808,0,0,1
SCM,4,27859,41813,0,0,1
SCM,4,27867,41821,0,0,1
SCM,4,27875,41829,0,0,1
SCM,4,27878,41832,0,0,1
SCM,4,27883,41837,0,0,1
SCM,4,27897,41851,0,0,1
SCM,4,27919,41873,0,0,1
SCM,4,27921,41875,0,0,1
SCM,4,27924,41878,0,0,1
SCM,4,27933,41887,0,0,1
SCM,4,27935,41889,0,0,1
SCM,4,27945,41899,0,0,1
SCM,4,27948,41902,0,0,1
SCM,4,27951,41905,0,0,1
SCM,4,27954,41908,0,0,1
SCM,4,27975,41929,0,0,1
SCM,4,27987,41941,0,0,1
SCM,4,27993,41947,0,0,1
SCM,4,27995,41949,0,0,1
SCM,4,28005,41959,0,0,1
SCM,4,28007,41961,0,0,1
SCM,5,23565,37519,1,1,1
SCM,5,23571,37525,1,1,1
SCM,5,23597,37551,1,1,1
SCM,5,23635,37589,1,1,1
SCM,5,23651,37605,1,0,0
SCM,5,23672,37626,1,1,1
SCM,5,23679,37633,1,1,1
SCM,5,23714,37668,1,1,1
SCM,5,23728,37682,1,1,1
SCM,5,23741,37695,1,1,1
SCM,5,23757,37711,1,1,1
SCM,5,23766,37720,1,0,0
SCM,5,23784,37738,1,1,1
SCM,5,23791,37745,1,1,1
SCM,5,23805,37759,1,1,1
SCM,5,23807,37761,1,1,1
SCM,5,23824,37778,1,1,1
SCM,5,23840,37794,1,1,1
SCM,5,23853,37807,1,1,1
SCM,5,23868,37822,1,1,1
SCM,5,23869,37823,1,1,1
SCM,5,23879,37833,1,1,1
SCM,5,23890,37844,1,1,1
SCM,5,23891,37845,1,1,1
SCM,5,23924,37878,1,1,1
SCM,5,23937,37891,1,1,1
SCM,5,23960,37914,1,1,1
SCM,5,23961,37915,1,1,1
SCM,5,24001,37955,1,1,1
SCM,5,24020,37974,1,0,0
SCM,5,24021,37975,1,1,1
SCM,5,24023,37977,1,1,1
SCM,5,24031,37985,1,1,1
SCM,5,24034,37988,1,1,1
SCM,5,24040,37994,1,1,1
SCM,5,24053,38007,1,1,1
SCM,5,24060,38014,1,1,1
SCM,5,24070,38024,1,1,1
SCM,5,24083,38037,1,1,1
SCM,5,24084,38038,1,1,1
SCM,5,24094,38048,1,1,1
SCM,5,24105,38059,1,1,1
SCM,5,24109,38063,1,0,0
SCM,5,24116,38070,1,1,1
SCM,5,24118,38072,1,1,1
SCM,5,24121,38075,1,1,1
SCM,5,24127,38081,1,1,1
SCM,5,24143,38097,1,1,1
SCM,5,24154,38108,1,0,0
SCM,5,24162,38116,1,1,1
SCM,5,24171,38125,1,1,1
SCM,5,24181,38135,1,1,1
SCM,5,24182,38136,1,1,1
SCM,5,24183,38137,1,1,1
SCM,5,24186,38140,1,1,1
SCM,5,24187,38141,1,1,1
SCM,5,24193,38147,1,1,1
SCM,5,24195,38149,1,1,1
SCM,5,24209,38163,1,1,1
SCM,5,24211,38165,1,1,1
SCM,5,24233,38187,1,1,1
SCM,5,24239,38193,1,1,1
SCM,5,24242,38196,1,1,1
SCM,5,24246,38200,1,1,1
SCM,5,24258,38212,1,1,1
SCM,5,24267,38221,1,1,1
SCM,5,24282,38236,1,0,0
SCM,5,24286,38240,1,1,1
SCM,5,24291,38245,1,0,0
SCM,5,24293,38247,1,1,1
SCM,5,24304,38258,1,1,1
SCM,5,24319,38273,1,1,1
SCM,5,24326,38280,1,1,1
SCM,5,24332,38286,1,1,1
SCM,5,24334,38288,1,1,1
SCM,5,24336,38290,1,1,1
SCM,5,24337,38291,1,1,1
SCM,5,24345,38299,1,1,1
SCM,5,24347,38301,1,1,1
SCM,5,24363,38317,1,1,1
SCM,5,24375,38329,1,1,1
SCM,5,24397,38351,1,1,1
SCM,5,24407,38361,1,1,1
SCM,5,24415,38369,1,1,1
SCM,5,24416,38370,1,1,1
SCM,5,24429,38383,1,1,1
SCM,5,24440,38394,1,1,1
SCM,5,24445,38399,1,1,1
SCM,5,24455,38409,1,1,1
SCM,5,24456,38410,1,1,1
SCM,5,24457,38411,1,1,1
SCM,5,24460,38414,1,1,1
SCM,5,24461,38415,1,1,1
SCM,5,24462,38416,1,1,1
SCM,5,24470,38424,1,1,1
SCM,5,24471,38425,1,1,1
SCM,5,24474,38428,1,1,1
SCM,5,24482,38436,1,1,1
SCM,5,24484,38438,1,1,1
SCM,5,24485,38439,1,1,1
SCM,5,24488,38442,1,1,1
SCM,5,24500,38454,1,1,1
SCM,5,24509,38463,1,1,1
SCM,5,24527,38481,1,1,1
SCM,5,24534,38488,1,1,1
SCM,5,24552,38506,1,1,1
SCM,5,24557,38511,1,1,1
SCM,5,24584,38538,1,1,1
SCM,5,24587,38541,1,1,1
SCM,5,24589,38543,1,1,1
SCM,5,24594,38548,1,1,1
SCM,5,24596,38550,1,1,1
SCM,5,24604,38558,1,1,1
SCM,5,24606,38560,1,1,1
SCM,5,24610,38564,1,1,1
SCM,5,24635,38589,1,1,1
SCM,5,24641,38595,1,1,1
SCM,5,24652,38606,1,1,1
SCM,5,24655,38609,1,1,1
SCM,5,24683,38637,1,1,1
SCM,5,24688,38642,1,1,1
SCM,5,24706,38660,1,1,1
SCM,5,24738,38692,1,1,1
SCM,5,24744,38698,1,1,1
SCM,5,24767,38721,1,1,1
SCM,5,24773,38727,1,1,1
SCM,5,24775,38729,1,1,1
SCM,5,24785,38739,1,1,1
SCM,5,24790,38744,1,1,1
SCM,5,24802,38756,1,1,1
SCM,5,24815,38769,1,1,1
SCM,5,24816,38770,1,1,1
SCM,5,24817,38771,1,1,1
SCM,5,24821,38775,1,1,1
SCM,5,24826,38780,1,1,1
SCM,5,24833,38787,1,1,1
SCM,5,24840,38794,1,1,1
SCM,5,24846,38800,1,1,1
SCM,5,24850,38804,1,1,1
SCM,5,24858,38812,1,1,1
SCM,5,24867,38821,1,1,1
SCM,5,24890,38844,1,1,1
SCM,5,24929,38883,1,1,1
SCM,5,24953,38907,1,1,1
SCM,5,24964,38918,1,1,1
SCM,5,24965,38919,1,1,1
SCM,5,24976,38930,1,1,1
SCM,5,24977,38931,1,1,1
SCM,5,24986,38940,1,1,1
SCM,5,24999,38953,1,1,1
SCM,5,25001,38955,1,1,1
SCM,5,25033,38987,1,0,0
SCM,5,25039,38993,1,1,1
SCM,5,25046,39000,1,1,1
SCM,5,25061,39015,1,1,1
SCM,5,25062,39016,1,1,1
SCM,5,25067,39021,1,1,1
SCM,5,25080,39034,1,1,1
SCM,5,25095,39049,1,1,1
SCM,5,25106,39060,1,1,1
SCM,5,25122,39076,1,1,1
SCM,5,25131,39085,1,1,1
SCM,5,25132,39086,1,1,1
SCM,5,25140,39094,1,1,1
SCM,5,25152,39106,1,1,1
SCM,5,25194,39148,1,1,1
SCM,5,25195,39149,1,1,1
SCM,5,25199,39153,1,1,1
SCM,5,25202,39156,1,1,1
SCM,5,25231,39185,1,1,1
SCM,5,25240,39194,1,1,1
SCM,5,25241,39195,1,1,1
SCM,5,25249,39203,1,1,1
SCM,5,25265,39219,1,1,1
SCM,5,25277,39231,1,1,1
SCM,5,25284,39238,1,1,1
SCM,5,25300,39254,1,1,1
SCM,5,25324,39278,1,1,1
SCM,5,25339,39293,1,1,1
SCM,5,25345,39299,1,1,1
SCM,5,25347,39301,1,1,1
SCM,5,25359,39313,1,1,1
SCM,5,25363,39317,1,1,1
SCM,5,25376,39330,1,1,1
SCM,5,25390,39344,1,1,1
SCM,5,25406,39360,1,1,1
SCM,5,25414,39368,1,1,1
SCM,5,25424,39378,1,1,1
SCM,5,25425,39379,1,1,1
SCM,5,25430,39384,1,1,1
SCM,5,25443,39397,1,1,1
SCM,5,25445,39399,1,1,1
SCM,5,25477,39431,1,1,1
SCM,5,25480,39434,1,1,1
SCM,5,25492,39446,1,1,1
SCM,5,25496,39450,1,1,1
SCM,5,25498,39452,1,1,1
SCM,5,25501,39455,1,0,0
SCM,5,25516,39470,1,1,1
SCM,5,25522,39476,1,1,1
SCM,5,25564,39518,1,1,1
SCM,5,25589,39543,1,1,1
SCM,5,25604,39558,1,1,1
SCM,5,25623,39577,1,1,1
SCM,5,25625,39579,1,1,1
SCM,5,25635,39589,1,1,1
SCM,5,25642,39596,1,1,1
SCM,5,25662,39616,1,1,1
SCM,5,25666,39620,1,1,1
SCM,5,25672,39626,1,1,1
SCM,5,25682,39636,1,1,1
SCM,5,25696,39650,1,1,1
SCM,5,25715,39669,1,1,1
SCM,5,25724,39678,1,1,1
SCM,5,25736,39690,1,1,1
SCM,5,25743,39697,1,1,1
SCM,5,25748,39702,1,1,1
SCM,5,25753,39707,1,1,1
SCM,5,25760,39714,1,1,1
SCM,5,25768,39722,1,1,1
SCM,5,25770,39724,1,1,1
SCM,5,25771,39725,1,1,1
SCM,5,25783,39737,1,1,1
SCM,5,25784,39738,1,1,1
SCM,5,25786,39740,1,1,1
SCM,5,25791,39745,1,1,1
SCM,5,25796,39750,1,1,1
SCM,5,25800,39754,1,1,1
SCM,5,25830,39784,1,1,1
SCM,5,25834,39788,1,1,1
SCM,5,25836,39790,1,1,1
SCM,5,25837,39791,1,1,1
SCM,5,25846,39800,1,1,1
SCM,5,25850,39804,1,1,1
SCM,5,25856,39810,1,1,1
SCM,5,25881,39835,1,1,1
SCM,5,25901,39855,1,1,1
SCM,5,25919,39873,1,1,1
SCM,5,25920,39874,1,1,1
SCM,5,25934,39888,1,1,1
SCM,5,25938,39892,1,0,0
SCM,5,25947,39901,1,1,1
SCM,5,25976,39930,1,1,1
SCM,5,25987,39941,0,0,1
SCM,5,25996,39950,0,0,1
SCM,5,26003,39957,0,0,1
SCM,5,26036,39990,0,0,1
SCM,5,26038,39992,0,0,1
SCM,5,26044,39998,0,0,1
SCM,5,26050,40004,0,0,1
SCM,5,26057,40011,0,0,1
SCM,5,26071,40025,0,0,1
SCM,5,26087,40041,0,0,1
SCM,5,26088,40042,0,0,1
SCM,5,26102,40056,0,0,1
SCM,5,26103,40057,0,1,0
SCM,5,26104,40058,0,0,1
SCM,5,26109,40063,0,0,1
SCM,5,26118,40072,0,0,1
SCM,5,26119,40073,0,0,1
SCM,5,26125,40079,0,0,1
SCM,5,26129,40083,0,0,1
SCM,5,26144,40098,0,0,1
SCM,5,26151,40105,0,0,1
SCM,5,26157,40111,0,0,1
SCM,5,26158,40112,0,0,1
SCM,5,26165,40119,0,0,1
SCM,5,26168,40122,0,0,1
SCM,5,26182,40136,0,0,1
SCM,5,26195,40149,0,0,1
SCM,5,26200,40154,0,0,1
SCM,5,26226,40180,0,0,1
SCM,5,26227,40181,0,0,1
SCM,5,26249,40203,0,0,1
SCM,5,26263,40217,0,0,1
SCM,5,26269,40223,0,0,1
SCM,5,26282,40236,0,0,1
SCM,5,26284,40238,0,0,1
SCM,5,26287,40241,0,0,1
SCM,5,26293,40247,0,0,1
SCM,5,26308,40262,0,0,1
SCM,5,26321,40275,0,0,1
SCM,5,26341,40295,0,0,1
SCM,5,26369,40323,0,0,1
SCM,5,26381,40335,0,0,1
SCM,5,26395,40349,0,0,1
SCM,5,26410,40364,0,0,1
SCM,5,26418,40372,0,0,1
SCM,5,26431,40385,0,0,1
SCM,5,26444,40398,0,0,1
SCM,5,26450,40404,0,0,1
SCM,5,26452,40406,0,0,1
SCM,5,26454,40408,0,0,1
SCM,5,26460,40414,0,0,1
SCM,5,26468,40422,0,0,1
SCM,5,26472,40426,0,0,1
SCM,5,26494,40448,0,0,1
SCM,5,26498,40452,0,0,1
SCM,5,26499,40453,0,0,1
SCM,5,26501,40455,0,1,0
SCM,5,26521,40475,0,0,1
SCM,5,26523,40477,0,0,1
SCM,5,26546,40500,0,0,1
SCM,5,26549,40503,0,0,1
SCM,5,26582,40536,0,0,1
SCM,5,26590,40544,0,0,1
SCM,5,26603,40557,0,0,1
SCM,5,26605,40559,0,0,1
SCM,5,26610,40564,0,0,1
SCM,5,26635,40589,0,0,1
SCM,5,26638,40592,0,0,1
SCM,5,26672,40626,0,0,1
SCM,5,26690,40644,0,0,1
SCM,5,26691,40645,0,0,1
SCM,5,26694,40648,0,0,1
SCM,5,26701,40655,0,0,1
SCM,5,26724,40678,0,0,1
SCM,5,26749,40703,0,0,1
SCM,5,26760,40714,0,0,1
SCM,5,26780,40734,0,0,1
SCM,5,26785,40739,0,0,1
SCM,5,26789,40743,0,0,1
SCM,5,26797,40751,0,0,1
SCM,5,26803,40757,0,0,1
SCM,5,26807,40761,0,0,1
SCM,5,26824,40778,0,1,0
SCM,5,26828,40782,0,1,0
SCM,5,26829,40783,0,0,1
SCM,5,26831,40785,0,0,1
SCM,5,26846,40800,0,0,1
SCM,5,26856,40810,0,0,1
SCM,5,26861,40815,0,0,1
SCM,5,26881,40835,0,0,1
SCM,5,26888,40842,0,0,1
SCM,5,26927,40881,0,0,1
SCM,5,26961,40915,0,0,1
SCM,5,26965,40919,0,0,1
SCM,5,26969,40923,0,0,1
SCM,5,26983,40937,0,0,1
SCM,5,26988,40942,0,0,1
SCM,5,26989,40943,0,0,1
SCM,5,26997,40951,0,0,1
SCM,5,27004,40958,0,0,1
SCM,5,27009,40963,0,0,1
SCM,5,27021,40975,0,0,1
SCM,5,27023,40977,0,0,1
SCM,5,27026,40980,0,0,1
SCM,5,27029,40983,0,0,1
SCM,5,27047,41001,0,0,1
SCM,5,27051,41005,0,0,1
SCM,5,27058,41012,0,0,1
SCM,5,27077,41031,0,0,1
SCM,5,27088,41042,0,0,1
SCM,5,27110,41064,0,0,1
SCM,5,27115,41069,0,0,1
SCM,5,27122,41076,0,0,1
SCM,5,27129,41083,0,0,1
SCM,5,27133,41087,0,0,1
SCM,5,27140,41094,0,0,1
SCM,5,27154,41108,0,0,1
SCM,5,27167,41121,0,0,1
SCM,5,27177,41131,0,0,1
SCM,5,27178,41132,0,0,1
SCM,5,27202,41156,0,0,1
SCM,5,27228,41182,0,0,1
SCM,5,27229,41183,0,0,1
SCM,5,27258,41212,0,0,1
SCM,5,27260,41214,0,0,1
SCM,5,27261,41215,0,0,1
SCM,5,27262,41216,0,0,1
SCM,5,27264,41218,0,0,1
SCM,5,27267,41221,0,0,1
SCM,5,27273,41227,0,0,1
SCM,5,27298,41252,0,0,1
SCM,5,27312,41266,0,0,1
SCM,5,27326,41280,0,0,1
SCM,5,27330,41284,0,0,1
SCM,5,27353,41307,0,0,1
SCM,5,27367,41321,0,0,1
SCM,5,27376,41330,0,0,1
SCM,5,27397,41351,0,0,1
SCM,5,27427,41381,0,0,1
SCM,5,27436,41390,0,0,1
SCM,5,27439,41393,0,0,1
SCM,5,27442,41396,0,0,1
SCM,5,27452,41406,0,0,1
SCM,5,27458,41412,0,0,1
SCM,5,27461,41415,0,0,1
SCM,5,27463,41417,0,0,1
SCM,5,27478,41432,0,0,1
SCM,5,27487,41441,0,0,1
SCM,5,27489,41443,0,0,1
SCM,5,27511,41465,0,0,1
SCM,5,27532,41486,0,0,1
SCM,5,27535,41489,0,1,0
SCM,5,27544,41498,0,0,1
SCM,5,27550,41504,0,0,1
SCM,5,27551,41505,0,0,1
SCM,5,27552,41506,0,0,1
SCM,5,27555,41509,0,0,1
SCM,5,27557,41511,0,0,1
SCM,5,27564,41518,0,0,1
SCM,5,27566,41520,0,0,1
SCM,5,27573,41527,0,0,1
SCM,5,27587,41541,0,0,1
SCM,5,27592,41546,0,0,1
SCM,5,27605,41559,0,0,1
SCM,5,27610,41564,0,0,1
SCM,5,27613,41567,0,0,1
SCM,5,27636,41590,0,0,1
SCM,5,27656,41610,0,0,1
SCM,5,27669,41623,0,0,1
SCM,5,27670,41624,0,0,1
SCM,5,27676,41630,0,0,1
SCM,5,27686,41640,0,0,1
SCM,5,27711,41665,0,0,1
SCM,5,27743,41697,0,0,1
SCM,5,27752,41706,0,0,1
SCM,5,27753,41707,0,0,1
SCM,5,27762,41716,0,0,1
SCM,5,27771,41725,0,0,1
SCM,5,27776,41730,0,0,1
SCM,5,27802,41756,0,0,1
SCM,5,27830,41784,0,1,0
SCM,5,27832,41786,0,0,1
SCM,5,27847,41801,0,0,1
SCM,5,27849,41803,0,0,1
SCM,5,27880,41834,0,0,1
SCM,5,27904,41858,0,0,1
SCM,5,27906,41860,0,0,1
SCM,5,27908,41862,0,0,1
SCM,5,27920,41874,0,0,1
SCM,5,27932,41886,0,0,1
SCM,5,27936,41890,0,0,1
SCM,5,27943,41897,0,1,0
SCM,5,27953,41907,0,0,1
SCM,5,27957,41911,0,0,1
SCM,5,27976,41930,0,0,1
SCM,5,27977,41931,0,0,1
SCM,5,27992,41946,0,0,1
SCM,5,27996,41950,0,0,1
SCM,5,28002,41956,0,1,0
SCM,5,28009,41963,0,0,1
SCM,5,28011,41965,0,0,1
SCM,5,28013,41967,0,0,1
SCM,5,28016,41970,0,0,1
SCM,6,23584,37538,1,1,1
SCM,6,23598,37552,1,1,1
SCM,6,23619,37573,1,1,1
SCM,6,23627,37581,1,1,1
SCM,6,23641,37595,1,1,1
SCM,6,23644,37598,1,1,1
SCM,6,23656,37610,1,1,1
SCM,6,23658,37612,1,1,1
SCM,6,23666,37620,1,1,1
SCM,6,23675,37629,1,1,1
SCM,6,23677,37631,1,1,1
SCM,6,23680,37634,1,1,1
SCM,6,23697,37651,1,1,1
SCM,6,23703,37657,1,1,1
SCM,6,23706,37660,1,1,1
SCM,6,23708,37662,1,1,1
SCM,6,23709,37663,1,0,0
SCM,6,23715,37669,1,1,1
SCM,6,23724,37678,1,1,1
SCM,6,23734,37688,1,1,1
SCM,6,23747,37701,1,1,1
SCM,6,23758,37712,1,1,1
SCM,6,23771,37725,1,1,1
SCM,6,23774,37728,1,1,1
SCM,6,23790,37744,1,1,1
SCM,6,23797,37751,1,1,1
SCM,6,23804,37758,1,1,1
SCM,6,23809,37763,1,1,1
SCM,6,23819,37773,1,1,1
SCM,6,23821,37775,1,1,1
SCM,6,23834,37788,1,1,1
SCM,6,23842,37796,1,1,1
SCM,6,23849,37803,1,1,1
SCM,6,23856,37810,1,1,1
SCM,6,23871,37825,1,0,0
SCM,6,23877,37831,1,1,1
SCM,6,23898,37852,1,1,1
SCM,6,23902,37856,1,1,1
SCM,6,23942,37896,1,1,1
SCM,6,23950,37904,1,1,1
SCM,6,23963,37917,1,1,1
SCM,6,23974,37928,1,1,1
SCM,6,23987,37941,1,1,1
SCM,6,23991,37945,1,1,1
SCM,6,24003,37957,1,1,1
SCM,6,24019,37973,1,1,1
SCM,6,24030,37984,1,1,1
SCM,6,24038,37992,1,1,1
SCM,6,24057,38011,1,1,1
SCM,6,24062,38016,1,0,0
SCM,6,24098,38052,1,1,1
SCM,6,24107,38061,1,1,1
SCM,6,24122,38076,1,1,1
SCM,6,24139,38093,1,1,1
SCM,6,24144,38098,1,1,1
SCM,6,24151,38105,1,1,1
SCM,6,24153,38107,1,1,1
SCM,6,24155,38109,1,1,1
SCM,6,24157,38111,1,1,1
SCM,6,24165,38119,1,1,1
SCM,6,24167,38121,1,1,1
SCM,6,24177,38131,1,1,1
SCM,6,24185,38139,1,1,1
SCM,6,24205,38159,1,1,1
SCM,6,24214,38168,1,1,1
SCM,6,24235,38189,1,1,1
SCM,6,24241,38195,1,1,1
SCM,6,24250,38204,1,0,0
SCM,6,24253,38207,1,1,1
SCM,6,24262,38216,1,1,1
SCM,6,24273,38227,1,1,1
SCM,6,24276,38230,1,1,1
SCM,6,24277,38231,1,1,1
SCM,6,24280,38234,1,1,1
SCM,6,24283,38237,1,1,1
SCM,6,24284,38238,1,1,1
SCM,6,24303,38257,1,1,1
SCM,6,24313,38267,1,1,1
SCM,6,24315,38269,1,1,1
SCM,6,24316,38270,1,1,1
SCM,6,24328,38282,1,1,1
SCM,6,24341,38295,1,1,1
SCM,6,24342,38296,1,1,1
SCM,6,24344,38298,1,1,1
SCM,6,24366,38320,1,1,1
SCM,6,24370,38324,1,1,1
SCM,6,24377,38331,1,1,1
SCM,6,24378,38332,1,1,1
SCM,6,24399,38353,1,1,1
SCM,6,24419,38373,1,1,1
SCM,6,24424,38378,1,1,1
SCM,6,24425,38379,1,1,1
SCM,6,24448,38402,1,1,1
SCM,6,24467,38421,1,1,1
SCM,6,24524,38478,1,1,1
SCM,6,24531,38485,1,1,1
SCM,6,24533,38487,1,1,1
SCM,6,24541,38495,1,1,1
SCM,6,24548,38502,1,1,1
SCM,6,24549,38503,1,1,1
SCM,6,24550,38504,1,1,1
SCM,6,24551,38505,1,1,1
SCM,6,24578,38532,1,1,1
SCM,6,24582,38536,1,1,1
SCM,6,24585,38539,1,1,1
SCM,6,24600,38554,1,1,1
SCM,6,24617,38571,1,1,1
SCM,6,24618,38572,1,1,1
SCM,6,24620,38574,1,1,1
SCM,6,24622,38576,1,1,1
SCM,6,24626,38580,1,1,1
SCM,6,24634,38588,1,1,1
SCM,6,24636,38590,1,1,1
SCM,6,24661,38615,1,1,1
SCM,6,24663,38617,1,1,1
SCM,6,24679,38633,1,1,1
SCM,6,24687,38641,1,1,1
SCM,6,24719,38673,1,1,1
SCM,6,24727,38681,1,1,1
SCM,6,24729,38683,1,1,1
SCM,6,24731,38685,1,1,1
SCM,6,24734,38688,1,1,1
SCM,6,24742,38696,1,1,1
SCM,6,24743,38697,1,1,1
SCM,6,24746,38700,1,1,1
SCM,6,24753,38707,1,1,1
SCM,6,24756,38710,1,1,1
SCM,6,24766,38720,1,1,1
SCM,6,24771,38725,1,1,1
SCM,6,24789,38743,1,1,1
SCM,6,24793,38747,1,1,1
SCM,6,24811,38765,1,1,1
SCM,6,24818,38772,1,1,1
SCM,6,24832,38786,1,0,0
SCM,6,24853,38807,1,1,1
SCM,6,24870,38824,1,1,1
SCM,6,24883,38837,1,1,1
SCM,6,24888,38842,1,1,1
SCM,6,24889,38843,1,1,1
SCM,6,24894,38848,1,1,1
SCM,6,24906,38860,1,1,1
SCM,6,24911,38865,1,1,1
SCM,6,24941,38895,1,1,1
SCM,6,24943,38897,1,1,1
SCM,6,24952,38906,1,1,1
SCM,6,24954,38908,1,1,1
SCM,6,24960,38914,1,1,1
SCM,6,24967,38921,1,1,1
SCM,6,24983,38937,1,1,1
SCM,6,25005,38959,1,1,1
SCM,6,25007,38961,1,1,1
SCM,6,25010,38964,1,1,1
SCM,6,25015,38969,1,1,1
SCM,6,25016,38970,1,1,1
SCM,6,25028,38982,1,1,1
SCM,6,25029,38983,1,1,1
SCM,6,25035,38989,1,1,1
SCM,6,25041,38995,1,1,1
SCM,6,25069,39023,1,1,1
SCM,6,25072,39026,1,0,0
SCM,6,25082,39036,1,1,1
SCM,6,25094,39048,1,1,1
SCM,6,25097,39051,1,1,1
SCM,6,25099,39053,1,1,1
SCM,6,25100,39054,1,1,1
SCM,6,25125,39079,1,1,1
SCM,6,25129,39083,1,1,1
SCM,6,25136,39090,1,1,1
SCM,6,25145,39099,1,1,1
SCM,6,25156,39110,1,1,1
SCM,6,25162,39116,1,1,1
SCM,6,25176,39130,1,1,1
SCM,6,25181,39135,1,1,1
SCM,6,25182,39136,1,1,1
SCM,6,25186,39140,1,1,1
SCM,6,25190,39144,1,1,1
SCM,6,25200,39154,1,1,1
SCM,6,25205,39159,1,1,1
SCM,6,25208,39162,1,1,1
SCM,6,25211,39165,1,1,1
SCM,6,25218,39172,1,1,1
SCM,6,25227,39181,1,1,1
SCM,6,25239,39193,1,1,1
SCM,6,25242,39196,1,0,0
SCM,6,25255,39209,1,1,1
SCM,6,25258,39212,1,0,0
SCM,6,25267,39221,1,0,0
SCM,6,25282,39236,1,1,1
SCM,6,25292,39246,1,1,1
SCM,6,25301,39255,1,1,1
SCM,6,25325,39279,1,1,1
SCM,6,25330,39284,1,1,1
SCM,6,25351,39305,1,1,1
SCM,6,25354,39308,1,1,1
SCM,6,25378,39332,1,1,1
SCM,6,25380,39334,1,1,1
SCM,6,25383,39337,1,1,1
SCM,6,25386,39340,1,1,1
SCM,6,25387,39341,1,1,1
SCM,6,25389,39343,1,1,1
SCM,6,25404,39358,1,1,1
SCM,6,25409,39363,1,1,1
SCM,6,25412,39366,1,1,1
SCM,6,25437,39391,1,1,1
SCM,6,25444,39398,1,1,1
SCM,6,25446,39400,1,1,1
SCM,6,25448,39402,1,1,1
SCM,6,25461,39415,1,1,1
SCM,6,25469,39423,1,1,1
SCM,6,25470,39424,1,1,1
SCM,6,25495,39449,1,1,1
SCM,6,25526,39480,1,1,1
SCM,6,25536,39490,1,1,1
SCM,6,25585,39539,1,1,1
SCM,6,25607,39561,1,1,1
SCM,6,25611,39565,1,1,1
SCM,6,25651,39605,1,1,1
SCM,6,25691,39645,1,1,1
SCM,6,25693,39647,1,1,1
SCM,6,25695,39649,1,1,1
SCM,6,25719,39673,1,1,1
SCM,6,25730,39684,1,1,1
SCM,6,25740,39694,1,1,1
SCM,6,25778,39732,1,1,1
SCM,6,25805,39759,1,1,1
SCM,6,25811,39765,1,1,1
SCM,6,25812,39766,1,1,1
SCM,6,25823,39777,1,1,1
SCM,6,25849,39803,1,1,1
SCM,6,25863,39817,1,1,1
SCM,6,25875,39829,1,1,1
SCM,6,25882,39836,1,1,1
SCM,6,25897,39851,1,1,1
SCM,6,25906,39860,1,1,1
SCM,6,25907,39861,1,1,1
SCM,6,25926,39880,1,1,1
SCM,6,25941,39895,1,1,1
SCM,6,25942,39896,1,1,1
SCM,6,25948,39902,1,1,1
SCM,6,25956,39910,1,1,1
SCM,6,25958,39912,1,1,1
SCM,6,25981,39935,1,1,1
SCM,6,26019,39973,0,0,1
SCM,6,26030,39984,0,0,1
SCM,6,26067,40021,0,0,1
SCM,6,26076,40030,0,0,1
SCM,6,26085,40039,0,0,1
SCM,6,26114,40068,0,0,1
SCM,6,26137,40091,0,0,1
SCM,6,26140,40094,0,0,1
SCM,6,26152,40106,0,1,0
SCM,6,26169,40123,0,0,1
SCM,6,26176,40130,0,0,1
SCM,6,26177,40131,0,0,1
SCM,6,26178,40132,0,0,1
SCM,6,26194,40148,0,0,1
SCM,6,26197,40151,0,0,1
SCM,6,26202,40156,0,0,1
SCM,6,26206,40160,0,0,1
SCM,6,26217,40171,0,0,1
SCM,6,26235,40189,0,0,1
SCM,6,26239,40193,0,0,1
SCM,6,26241,40195,0,0,1
SCM,6,26257,40211,0,0,1
SCM,6,26259,40213,0,0,1
SCM,6,26261,40215,0,0,1
SCM,6,26264,40218,0,0,1
SCM,6,26285,40239,0,0,1
SCM,6,26300,40254,0,0,1
SCM,6,26304,40258,0,0,1
SCM,6,26307,40261,0,0,1
SCM,6,26315,40269,0,0,1
SCM,6,26322,40276,0,0,1
SCM,6,26354,40308,0,0,1
SCM,6,26357,40311,0,0,1
SCM,6,26363,40317,0,0,1
SCM,6,26371,40325,0,0,1
SCM,6,26384,40338,0,0,1
SCM,6,26409,40363,0,0,1
SCM,6,26419,40373,0,0,1
SCM,6,26426,40380,0,0,1
SCM,6,26463,40417,0,0,1
SCM,6,26464,40418,0,0,1
SCM,6,26475,40429,0,0,1
SCM,6,26478,40432,0,0,1
SCM,6,26492,40446,0,0,1
SCM,6,26512,40466,0,0,1
SCM,6,26514,40468,0,0,1
SCM,6,26518,40472,0,0,1
SCM,6,26533,40487,0,0,1
SCM,6,26536,40490,0,0,1
SCM,6,26541,40495,0,0,1
SCM,6,26548,40502,0,0,1
SCM,6,26552,40506,0,0,1
SCM,6,26560,40514,0,0,1
SCM,6,26574,40528,0,0,1
SCM,6,26577,40531,0,0,1
SCM,6,26579,40533,0,0,1
SCM,6,26581,40535,0,0,1
SCM,6,26588,40542,0,0,1
SCM,6,26600,40554,0,0,1
SCM,6,26612,40566,0,0,1
SCM,6,26620,40574,0,0,1
SCM,6,26621,40575,0,0,1
SCM,6,26623,40577,0,0,1
SCM,6,26626,40580,0,0,1
SCM,6,26650,40604,0,0,1
SCM,6,26688,40642,0,0,1
SCM,6,26693,40647,0,0,1
SCM,6,26704,40658,0,0,1
SCM,6,26732,40686,0,0,1
SCM,6,26744,40698,0,0,1
SCM,6,26758,40712,0,0,1
SCM,6,26778,40732,0,0,1
SCM,6,26795,40749,0,0,1
SCM,6,26814,40768,0,0,1
SCM,6,26819,40773,0,0,1
SCM,6,26837,40791,0,1,0
SCM,6,26843,40797,0,0,1
SCM,6,26849,40803,0,0,1
SCM,6,26851,40805,0,0,1
SCM,6,26876,40830,0,0,1
SCM,6,26882,40836,0,0,1
SCM,6,26903,40857,0,1,0
SCM,6,26906,40860,0,0,1
SCM,6,26909,40863,0,0,1
SCM,6,26914,40868,0,0,1
SCM,6,26915,40869,0,0,1
SCM,6,26921,40875,0,0,1
SCM,6,26963,40917,0,0,1
SCM,6,27024,40978,0,0,1
SCM,6,27046,41000,0,0,1
SCM,6,27053,41007,0,0,1
SCM,6,27074,41028,0,0,1
SCM,6,27078,41032,0,0,1
SCM,6,27090,41044,0,0,1
SCM,6,27096,41050,0,0,1
SCM,6,27104,41058,0,0,1
SCM,6,27113,41067,0,0,1
SCM,6,27119,41073,0,0,1
SCM,6,27141,41095,0,0,1
SCM,6,27160,41114,0,0,1
SCM,6,27166,41120,0,0,1
SCM,6,27168,41122,0,0,1
SCM,6,27169,41123,0,0,1
SCM,6,27193,41147,0,0,1
SCM,6,27198,41152,0,0,1
SCM,6,27201,41155,0,0,1
SCM,6,27210,41164,0,0,1
SCM,6,27220,41174,0,1,0
SCM,6,27221,41175,0,0,1
SCM,6,27224,41178,0,0,1
SCM,6,27230,41184,0,0,1
SCM,6,27231,41185,0,0,1
SCM,6,27233,41187,0,0,1
SCM,6,27236,41190,0,0,1
SCM,6,27244,41198,0,1,0
SCM,6,27251,41205,0,0,1
SCM,6,27254,41208,0,0,1
SCM,6,27255,41209,0,1,0
SCM,6,27256,41210,0,0,1
SCM,6,27281,41235,0,0,1
SCM,6,27286,41240,0,0,1
SCM,6,27290,41244,0,0,1
SCM,6,27299,41253,0,0,1
SCM,6,27306,41260,0,1,0
SCM,6,27310,41264,0,0,1
SCM,6,27311,41265,0,0,1
SCM,6,27318,41272,0,0,1
SCM,6,27356,41310,0,0,1
SCM,6,27358,41312,0,0,1
SCM,6,27369,41323,0,0,1
SCM,6,27370,41324,0,0,1
SCM,6,27372,41326,0,0,1
SCM,6,27373,41327,0,0,1
SCM,6,27385,41339,0,0,1
SCM,6,27408,41362,0,1,0
SCM,6,27409,41363,0,1,0
SCM,6,27411,41365,0,0,1
SCM,6,27412,41366,0,0,1
SCM,6,27414,41368,0,0,1
SCM,6,27419,41373,0,0,1
SCM,6,27441,41395,0,0,1
SCM,6,27444,41398,0,0,1
SCM,6,27448,41402,0,0,1
SCM,6,27473,41427,0,0,1
SCM,6,27507,41461,0,0,1
SCM,6,27520,41474,0,0,1
SCM,6,27536,41490,0,0,1
SCM,6,27545,41499,0,0,1
SCM,6,27558,41512,0,0,1
SCM,6,27571,41525,0,0,1
SCM,6,27579,41533,0,0,1
SCM,6,27582,41536,0,0,1
SCM,6,27583,41537,0,0,1
SCM,6,27585,41539,0,0,1
SCM,6,27591,41545,0,0,1
SCM,6,27594,41548,0,0,1
SCM,6,27623,41577,0,0,1
SCM,6,27626,41580,0,0,1
SCM,6,27627,41581,0,0,1
SCM,6,27630,41584,0,0,1
SCM,6,27632,41586,0,0,1
SCM,6,27638,41592,0,0,1
SCM,6,27641,41595,0,0,1
SCM,6,27644,41598,0,0,1
SCM,6,27645,41599,0,0,1
SCM,6,27648,41602,0,0,1
SCM,6,27649,41603,0,0,1
SCM,6,27678,41632,0,0,1
SCM,6,27682,41636,0,0,1
SCM,6,27684,41638,0,0,1
SCM,6,27701,41655,0,0,1
SCM,6,27713,41667,0,0,1
SCM,6,27721,41675,0,0,1
SCM,6,27732,41686,0,0,1
SCM,6,27737,41691,0,0,1
SCM,6,27740,41694,0,0,1
SCM,6,27761,41715,0,0,1
SCM,6,27781,41735,0,1,0
SCM,6,27786,41740,0,0,1
SCM,6,27797,41751,0,0,1
SCM,6,27804,41758,0,0,1
SCM,6,27808,41762,0,0,1
SCM,6,27816,41770,0,0,1
SCM,6,27818,41772,0,0,1
SCM,6,27825,41779,0,0,1
SCM,6,27841,41795,0,0,1
SCM,6,27843,41797,0,0,1
SCM,6,27856,41810,0,0,1
SCM,6,27858,41812,0,0,1
SCM,6,27864,41818,0,0,1
SCM,6,27885,41839,0,0,1
SCM,6,27886,41840,0,0,1
SCM,6,27889,41843,0,0,1
SCM,6,27893,41847,0,0,1
SCM,6,27895,41849,0,0,1
SCM,6,27900,41854,0,0,1
SCM,6,27903,41857,0,0,1
SCM,6,27917,41871,0,0,1
SCM,6,27925,41879,0,0,1
SCM,6,27959,41913,0,0,1
SCM,6,27962,41916,0,0,1
SCM,6,27973,41927,0,0,1
SCM,6,27998,41952,0,0,1
SCM,6,28017,41971,0,0,1
SCM,7,23559,37513,1,1,1
SCM,7,23570,37524,1,1,1
SCM,7,23575,37529,1,1,1
SCM,7,23576,37530,1,1,1
SCM,7,23578,37532,1,1,1
SCM,7,23583,37537,1,1,1
SCM,7,23590,37544,1,1,1
SCM,7,23593,37547,1,1,1
SCM,7,23594,37548,1,1,1
SCM,7,23596,37550,1,1,1
SCM,7,23601,37555,1,1,1
SCM,7,23611,37565,1,1,1
SCM,7,23616,37570,1,1,1
SCM,7,23647,37601,1,1,1
SCM,7,23664,37618,1,1,1
SCM,7,23667,37621,1,1,1
SCM,7,23673,37627,1,1,1
SCM,7,23691,37645,1,1,1
SCM,7,23710,37664,1,1,1
SCM,7,23725,37679,1,1,1
SCM,7,23732,37686,1,1,1
SCM,7,23737,37691,1,1,1
SCM,7,23739,37693,1,1,1
SCM,7,23756,37710,1,1,1
SCM,7,23760,37714,1,1,1
SCM,7,23793,37747,1,1,1
SCM,7,23812,37766,1,1,1
SCM,7,23818,37772,1,1,1
SCM,7,23823,37777,1,1,1
SCM,7,23835,37789,1,1,1
SCM,7,23841,37795,1,1,1
SCM,7,23875,37829,1,1,1
SCM,7,23882,37836,1,1,1
SCM,7,23884,37838,1,1,1
SCM,7,23887,37841,1,1,1
SCM,7,23897,37851,1,1,1
SCM,7,23932,37886,1,1,1
SCM,7,23933,37887,1,1,1
SCM,7,23934,37888,1,1,1
SCM,7,23936,37890,1,1,1
SCM,7,23946,37900,1,1,1
SCM,7,23947,37901,1,1,1
SCM,7,23949,37903,1,1,1
SCM,7,23959,37913,1,1,1
SCM,7,23982,37936,1,1,1
SCM,7,24007,37961,1,1,1
SCM,7,24016,37970,1,0,0
SCM,7,24028,37982,1,1,1
SCM,7,24032,37986,1,1,1
SCM,7,24045,37999,1,1,1
SCM,7,24054,38008,1,1,1
SCM,7,24056,38010,1,0,0
SCM,7,24069,38023,1,1,1
SCM,7,24078,38032,1,1,1
SCM,7,24088,38042,1,1,1
SCM,7,24092,38046,1,1,1
SCM,7,24093,38047,1,1,1
SCM,7,24097,38051,1,1,1
SCM,7,24101,38055,1,1,1
SCM,7,24102,38056,1,1,1
SCM,7,24129,38083,1,1,1
SCM,7,24135,38089,1,1,1
SCM,7,24161,38115,1,1,1
SCM,7,24166,38120,1,1,1
SCM,7,24168,38122,1,1,1
SCM,7,24170,38124,1,1,1
SCM,7,24196,38150,1,1,1
SCM,7,24236,38190,1,1,1
SCM,7,24244,38198,1,1,1
SCM,7,24245,38199,1,1,1
SCM,7,24260,38214,1,1,1
SCM,7,24290,38244,1,1,1
SCM,7,24292,38246,1,1,1
SCM,7,24295,38249,1,1,1
SCM,7,24308,38262,1,1,1
SCM,7,24318,38272,1,1,1
SCM,7,24348,38302,1,1,1
SCM,7,24351,38305,1,1,1
SCM,7,24359,38313,1,1,1
SCM,7,24364,38318,1,1,1
SCM,7,24367,38321,1,1,1
SCM,7,24392,38346,1,1,1
SCM,7,24402,38356,1,1,1
SCM,7,24406,38360,1,1,1
SCM,7,24439,38393,1,1,1
SCM,7,24450,38404,1,1,1
SCM,7,24459,38413,1,1,1
SCM,7,24472,38426,1,1,1
SCM,7,24475,38429,1,1,1
SCM,7,24490,38444,1,1,1
SCM,7,24517,38471,1,1,1
SCM,7,24522,38476,1,1,1
SCM,7,24530,38484,1,1,1
SCM,7,24538,38492,1,1,1
SCM,7,24544,38498,1,1,1
SCM,7,24577,38531,1,1,1
SCM,7,24580,38534,1,1,1
SCM,7,24593,38547,1,1,1
SCM,7,24609,38563,1,1,1
SCM,7,24611,38565,1,1,1
SCM,7,24623,38577,1,1,1
SCM,7,24630,38584,1,1,1
SCM,7,24633,38587,1,1,1
SCM,7,24643,38597,1,0,0
SCM,7,24669,38623,1,1,1
SCM,7,24673,38627,1,1,1
SCM,7,24677,38631,1,1,1
SCM,7,24702,38656,1,1,1
SCM,7,24707,38661,1,1,1
SCM,7,24724,38678,1,1,1
SCM,7,24725,38679,1,1,1
SCM,7,24737,38691,1,1,1
SCM,7,24740,38694,1,1,1
SCM,7,24749,38703,1,1,1
SCM,7,24770,38724,1,1,1
SCM,7,24778,38732,1,1,1
SCM,7,24779,38733,1,1,1
SCM,7,24780,38734,1,1,1
SCM,7,24784,38738,1,1,1
SCM,7,24787,38741,1,1,1
SCM,7,24801,38755,1,1,1
SCM,7,24803,38757,1,1,1
SCM,7,24812,38766,1,1,1
SCM,7,24822,38776,1,1,1
SCM,7,24827,38781,1,1,1
SCM,7,24838,38792,1,1,1
SCM,7,24860,38814,1,1,1
SCM,7,24864,38818,1,1,1
SCM,7,24868,38822,1,1,1
SCM,7,24869,38823,1,1,1
SCM,7,24881,38835,1,1,1
SCM,7,24885,38839,1,1,1
SCM,7,24892,38846,1,1,1
SCM,7,24896,38850,1,1,1
SCM,7,24897,38851,1,1,1
SCM,7,24901,38855,1,1,1
SCM,7,24910,38864,1,1,1
SCM,7,24962,38916,1,1,1
SCM,7,24991,38945,1,1,1
SCM,7,24995,38949,1,1,1
SCM,7,24997,38951,1,1,1
SCM,7,25022,38976,1,1,1
SCM,7,25024,38978,1,1,1
SCM,7,25043,38997,1,1,1
SCM,7,25044,38998,1,1,1
SCM,7,25045,38999,1,1,1
SCM,7,25047,39001,1,1,1
SCM,7,25049,39003,1,1,1
SCM,7,25065,39019,1,1,1
SCM,7,25076,39030,1,1,1
SCM,7,25079,39033,1,1,1
SCM,7,25102,39056,1,1,1
SCM,7,25103,39057,1,1,1
SCM,7,25107,39061,1,1,1
SCM,7,25113,39067,1,1,1
SCM,7,25120,39074,1,1,1
SCM,7,25124,39078,1,1,1
SCM,7,25149,39103,1,1,1
SCM,7,25157,39111,1,1,1
SCM,7,25164,39118,1,1,1
SCM,7,25168,39122,1,1,1
SCM,7,25169,39123,1,1,1
SCM,7,25212,39166,1,1,1
SCM,7,25238,39192,1,1,1
SCM,7,25250,39204,1,1,1
SCM,7,25253,39207,1,1,1
SCM,7,25264,39218,1,1,1
SCM,7,25269,39223,1,1,1
SCM,7,25275,39229,1,1,1
SCM,7,25303,39257,1,1,1
SCM,7,25304,39258,1,1,1
SCM,7,25340,39294,1,1,1
SCM,7,25341,39295,1,1,1
SCM,7,25346,39300,1,1,1
SCM,7,25365,39319,1,1,1
SCM,7,25366,39320,1,0,0
SCM,7,25375,39329,1,1,1
SCM,7,25377,39331,1,1,1
SCM,7,25382,39336,1,1,1
SCM,7,25402,39356,1,1,1
SCM,7,25422,39376,1,1,1
SCM,7,25427,39381,1,0,0
SCM,7,25428,39382,1,1,1
SCM,7,25436,39390,1,1,1
SCM,7,25441,39395,1,1,1
SCM,7,25447,39401,1,1,1
SCM,7,25449,39403,1,1,1
SCM,7,25452,39406,1,1,1
SCM,7,25454,39408,1,1,1
SCM,7,25456,39410,1,1,1
SCM,7,25460,39414,1,1,1
SCM,7,25485,39439,1,1,1
SCM,7,25502,39456,1,1,1
SCM,7,25512,39466,1,1,1
SCM,7,25523,39477,1,1,1
SCM,7,25548,39502,1,1,1
SCM,7,25552,39506,1,1,1
SCM,7,25573,39527,1,1,1
SCM,7,25577,39531,1,1,1
SCM,7,25592,39546,1,1,1
SCM,7,25602,39556,1,1,1
SCM,7,25619,39573,1,1,1
SCM,7,25645,39599,1,1,1
SCM,7,25653,39607,1,1,1
SCM,7,25660,39614,1,1,1
SCM,7,25664,39618,1,1,1
SCM,7,25686,39640,1,1,1
SCM,7,25689,39643,1,1,1
SCM,7,25705,39659,1,1,1
SCM,7,25711,39665,1,1,1
SCM,7,25729,39683,1,1,1
SCM,7,25745,39699,1,1,1
SCM,7,25754,39708,1,1,1
SCM,7,25763,39717,1,1,1
SCM,7,25774,39728,1,1,1
SCM,7,25790,39744,1,1,1
SCM,7,25799,39753,1,1,1
SCM,7,25802,39756,1,1,1
SCM,7,25808,39762,1,0,0
SCM,7,25814,39768,1,1,1
SCM,7,25842,39796,1,1,1
SCM,7,25843,39797,1,1,1
SCM,7,25851,39805,1,1,1
SCM,7,25889,39843,1,1,1
SCM,7,25890,39844,1,1,1
SCM,7,25892,39846,1,1,1
SCM,7,25911,39865,1,1,1
SCM,7,25916,39870,1,1,1
SCM,7,25923,39877,1,0,0
SCM,7,25927,39881,1,1,1
SCM,7,25931,39885,1,0,0
SCM,7,25933,39887,1,1,1
SCM,7,25943,39897,1,1,1
SCM,7,25950,39904,1,1,1
SCM,7,25953,39907,1,1,1
SCM,7,25954,39908,1,1,1
SCM,7,25957,39911,1,1,1
SCM,7,25963,39917,1,1,1
SCM,7,25974,39928,1,1,1
SCM,7,25975,39929,1,1,1
SCM,7,25980,39934,1,1,1
SCM,7,25982,39936,1,1,1
SCM,7,25986,39940,0,1,0
SCM,7,25988,39942,0,0,1
SCM,7,26002,39956,0,0,1
SCM,7,26022,39976,0,0,1
SCM,7,26026,39980,0,0,1
SCM,7,26027,39981,0,0,1
SCM,7,26037,39991,0,1,0
SCM,7,26042,39996,0,0,1
SCM,7,26046,40000,0,0,1
SCM,7,26051,40005,0,0,1
SCM,7,26054,40008,0,0,1
SCM,7,26072,40026,0,0,1
SCM,7,26073,40027,0,0,1
SCM,7,26097,40051,0,0,1
SCM,7,26107,40061,0,0,1
SCM,7,26111,40065,0,0,1
SCM,7,26134,40088,0,0,1
SCM,7,26136,40090,0,0,1
SCM,7,26141,40095,0,0,1
SCM,7,26153,40107,0,0,1
SCM,7,26173,40127,0,0,1
SCM,7,26186,40140,0,0,1
SCM,7,26203,40157,0,1,0
SCM,7,26210,40164,0,0,1
SCM,7,26214,40168,0,0,1
SCM,7,26231,40185,0,0,1
SCM,7,26245,40199,0,0,1
SCM,7,26251,40205,0,1,0
SCM,7,26258,40212,0,0,1
SCM,7,26276,40230,0,0,1
SCM,7,26278,40232,0,0,1
SCM,7,26290,40244,0,0,1
SCM,7,26297,40251,0,1,0
SCM,7,26328,40282,0,0,1
SCM,7,26345,40299,0,0,1
SCM,7,26368,40322,0,0,1
SCM,7,26382,40336,0,0,1
SCM,7,26390,40344,0,0,1
SCM,7,26413,40367,0,0,1
SCM,7,26432,40386,0,0,1
SCM,7,26474,40428,0,0,1
SCM,7,26479,40433,0,1,0
SCM,7,26480,40434,0,0,1
SCM,7,26483,40437,0,0,1
SCM,7,26493,40447,0,0,1
SCM,7,26508,40462,0,1,0
SCM,7,26510,40464,0,0,1
SCM,7,26511,40465,0,0,1
SCM,7,26538,40492,0,0,1
SCM,7,26543,40497,0,0,1
SCM,7,26545,40499,0,0,1
SCM,7,26569,40523,0,0,1
SCM,7,26589,40543,0,0,1
SCM,7,26604,40558,0,0,1
SCM,7,26633,40587,0,0,1
SCM,7,26640,40594,0,0,1
SCM,7,26641,40595,0,0,1
SCM,7,26644,40598,0,0,1
SCM,7,26656,40610,0,0,1
SCM,7,26657,40611,0,0,1
SCM,7,26659,40613,0,0,1
SCM,7,26660,40614,0,0,1
SCM,7,26671,40625,0,0,1
SCM,7,26673,40627,0,0,1
SCM,7,26692,40646,0,0,1
SCM,7,26706,40660,0,0,1
SCM,7,26707,40661,0,0,1
SCM,7,26712,40666,0,1,0
SCM,7,26720,40674,0,1,0
SCM,7,26725,40679,0,0,1
SCM,7,26731,40685,0,0,1
SCM,7,26743,40697,0,0,1
SCM,7,26762,40716,0,0,1
SCM,7,26781,40735,0,0,1
SCM,7,26782,40736,0,0,1
SCM,7,26786,40740,0,0,1
SCM,7,26794,40748,0,0,1
SCM,7,26799,40753,0,0,1
SCM,7,26808,40762,0,0,1
SCM,7,26815,40769,0,0,1
SCM,7,26816,40770,0,0,1
SCM,7,26822,40776,0,0,1
SCM,7,26833,40787,0,0,1
SCM,7,26836,40790,0,0,1
SCM,7,26838,40792,0,0,1
SCM,7,26854,40808,0,0,1
SCM,7,26860,40814,0,0,1
SCM,7,26862,40816,0,0,1
SCM,7,26868,40822,0,0,1
SCM,7,26879,40833,0,0,1
SCM,7,26892,40846,0,0,1
SCM,7,26907,40861,0,1,0
SCM,7,26912,40866,0,1,0
SCM,7,26913,40867,0,0,1
SCM,7,26916,40870,0,0,1
SCM,7,26930,40884,0,0,1
SCM,7,26931,40885,0,0,1
SCM,7,26943,40897,0,0,1
SCM,7,26960,40914,0,0,1
SCM,7,26973,40927,0,0,1
SCM,7,26974,40928,0,0,1
SCM,7,26975,40929,0,0,1
SCM,7,26981,40935,0,0,1
SCM,7,26993,40947,0,0,1
SCM,7,27012,40966,0,0,1
SCM,7,27013,40967,0,0,1
SCM,7,27018,40972,0,0,1
SCM,7,27025,40979,0,0,1
SCM,7,27033,40987,0,0,1
SCM,7,27039,40993,0,0,1
SCM,7,27042,40996,0,0,1
SCM,7,27055,41009,0,0,1
SCM,7,27091,41045,0,0,1
SCM,7,27098,41052,0,0,1
SCM,7,27112,41066,0,1,0
SCM,7,27118,41072,0,0,1
SCM,7,27125,41079,0,0,1
SCM,7,27126,41080,0,0,1
SCM,7,27128,41082,0,0,1
SCM,7,27132,41086,0,0,1
SCM,7,27135,41089,0,0,1
SCM,7,27143,41097,0,0,1
SCM,7,27145,41099,0,0,1
SCM,7,27146,41100,0,0,1
SCM,7,27149,41103,0,0,1
SCM,7,27150,41104,0,0,1
SCM,7,27162,41116,0,0,1
SCM,7,27192,41146,0,0,1
SCM,7,27195,41149,0,0,1
SCM,7,27206,41160,0,0,1
SCM,7,27238,41192,0,0,1
SCM,7,27271,41225,0,0,1
SCM,7,27272,41226,0,0,1
SCM,7,27291,41245,0,0,1
SCM,7,27297,41251,0,0,1
SCM,7,27304,41258,0,0,1
SCM,7,27315,41269,0,0,1
SCM,7,27327,41281,0,0,1
SCM,7,27328,41282,0,0,1
SCM,7,27334,41288,0,0,1
SCM,7,27355,41309,0,0,1
SCM,7,27364,41318,0,0,1
SCM,7,27366,41320,0,0,1
SCM,7,27393,41347,0,0,1
SCM,7,27401,41355,0,0,1
SCM,7,27405,41359,0,1,0
SCM,7,27418,41372,0,0,1
SCM,7,27420,41374,0,0,1
SCM,7,27431,41385,0,0,1
SCM,7,27432,41386,0,0,1
SCM,7,27471,41425,0,0,1
SCM,7,27472,41426,0,0,1
SCM,7,27477,41431,0,0,1
SCM,7,27481,41435,0,0,1
SCM,7,27526,41480,0,1,0
SCM,7,27528,41482,0,0,1
SCM,7,27574,41528,0,0,1
SCM,7,27581,41535,0,0,1
SCM,7,27584,41538,0,0,1
SCM,7,27588,41542,0,0,1
SCM,7,27643,41597,0,0,1
SCM,7,27646,41600,0,0,1
SCM,7,27662,41616,0,0,1
SCM,7,27664,41618,0,0,1
SCM,7,27677,41631,0,0,1
SCM,7,27685,41639,0,0,1
SCM,7,27689,41643,0,1,0
SCM,7,27690,41644,0,0,1
SCM,7,27691,41645,0,0,1
SCM,7,27692,41646,0,0,1
SCM,7,27697,41651,0,1,0
SCM,7,27704,41658,0,0,1
SCM,7,27707,41661,0,0,1
SCM,7,27725,41679,0,0,1
SCM,7,27729,41683,0,0,1
SCM,7,27744,41698,0,0,1
SCM,7,27749,41703,0,0,1
SCM,7,27751,41705,0,0,1
SCM,7,27754,41708,0,0,1
SCM,7,27765,41719,0,0,1
SCM,7,27834,41788,0,0,1
SCM,7,27836,41790,0,0,1
SCM,7,27842,41796,0,0,1
SCM,7,27846,41800,0,0,1
SCM,7,27851,41805,0,0,1
SCM,7,27853,41807,0,0,1
SCM,7,27857,41811,0,0,1
SCM,7,27868,41822,0,0,1
SCM,7,27879,41833,0,0,1
SCM,7,27890,41844,0,0,1
SCM,7,27901,41855,0,0,1
SCM,7,27910,41864,0,0,1
SCM,7,27912,41866,0,0,1
SCM,7,27927,41881,0,0,1
SCM,7,27937,41891,0,0,1
SCM,7,27944,41898,0,0,1
SCM,7,27950,41904,0,0,1
SCM,7,27960,41914,0,0,1
SCM,7,27969,41923,0,0,1
SCM,7,27972,41926,0,0,1
SCM,7,27978,41932,0,0,1
SCM,7,27981,41935,0,1,0
SCM,7,28006,41960,0,0,1
SCM,7,28018,41972,0,0,1
SCM,8,23561,37515,1,1,1
SCM,8,23568,37522,1,1,1
SCM,8,23580,37534,1,1,1
SCM,8,23586,37540,1,0,0
SCM,8,23602,37556,1,1,1
SCM,8,23605,37559,1,1,1
SCM,8,23613,37567,1,1,1
SCM,8,23624,37578,1,1,1
SCM,8,23649,37603,1,1,1
SCM,8,23652,37606,1,1,1
SCM,8,23665,37619,1,1,1
SCM,8,23669,37623,1,1,1
SCM,8,23686,37640,1,1,1
SCM,8,23696,37650,1,0,0
SCM,8,23705,37659,1,1,1
SCM,8,23711,37665,1,1,1
SCM,8,23731,37685,1,0,0
SCM,8,23735,37689,1,1,1
SCM,8,23750,37704,1,1,1
SCM,8,23751,37705,1,1,1
SCM,8,23767,37721,1,1,1
SCM,8,23778,37732,1,1,1
SCM,8,23780,37734,1,1,1
SCM,8,23796,37750,1,1,1
SCM,8,23801,37755,1,1,1
SCM,8,23806,37760,1,1,1
SCM,8,23810,37764,1,1,1
SCM,8,23822,37776,1,1,1
SCM,8,23826,37780,1,1,1
SCM,8,23833,37787,1,1,1
SCM,8,23862,37816,1,1,1
SCM,8,23873,37827,1,1,1
SCM,8,23912,37866,1,1,1
SCM,8,23918,37872,1,1,1
SCM,8,23925,37879,1,1,1
SCM,8,23935,37889,1,1,1
SCM,8,23962,37916,1,1,1
SCM,8,23971,37925,1,1,1
SCM,8,23983,37937,1,1,1
SCM,8,23996,37950,1,1,1
SCM,8,23999,37953,1,1,1
SCM,8,24011,37965,1,0,0
SCM,8,24025,37979,1,1,1
SCM,8,24037,37991,1,1,1
SCM,8,24041,37995,1,1,1
SCM,8,24052,38006,1,1,1
SCM,8,24059,38013,1,1,1
SCM,8,24064,38018,1,1,1
SCM,8,24073,38027,1,1,1
SCM,8,24089,38043,1,0,0
SCM,8,24110,38064,1,1,1
SCM,8,24120,38074,1,1,1
SCM,8,24148,38102,1,1,1
SCM,8,24152,38106,1,1,1
SCM,8,24156,38110,1,1,1
SCM,8,24174,38128,1,1,1
SCM,8,24184,38138,1,1,1
SCM,8,24188,38142,1,1,1
SCM,8,24208,38162,1,1,1
SCM,8,24215,38169,1,1,1
SCM,8,24219,38173,1,1,1
SCM,8,24223,38177,1,1,1
SCM,8,24228,38182,1,1,1
SCM,8,24248,38202,1,1,1
SCM,8,24272,38226,1,1,1
SCM,8,24281,38235,1,1,1
SCM,8,24289,38243,1,1,1
SCM,8,24300,38254,1,1,1
SCM,8,24305,38259,1,1,1
SCM,8,24309,38263,1,1,1
SCM,8,24327,38281,1,0,0
SCM,8,24329,38283,1,1,1
SCM,8,24352,38306,1,1,1
SCM,8,24354,38308,1,1,1
SCM,8,24355,38309,1,1,1
SCM,8,24360,38314,1,1,1
SCM,8,24365,38319,1,1,1
SCM,8,24368,38322,1,0,0
SCM,8,24372,38326,1,1,1
SCM,8,24394,38348,1,1,1
SCM,8,24404,38358,1,1,1
SCM,8,24430,38384,1,1,1
SCM,8,24431,38385,1,1,1
SCM,8,24433,38387,1,1,1
SCM,8,24437,38391,1,1,1
SCM,8,24438,38392,1,1,1
SCM,8,24447,38401,1,1,1
SCM,8,24469,38423,1,1,1
SCM,8,24480,38434,1,1,1
SCM,8,24487,38441,1,1,1
SCM,8,24515,38469,1,1,1
SCM,8,24519,38473,1,1,1
SCM,8,24543,38497,1,1,1
SCM,8,24553,38507,1,1,1
SCM,8,24565,38519,1,1,1
SCM,8,24574,38528,1,1,1
SCM,8,24586,38540,1,1,1
SCM,8,24588,38542,1,1,1
SCM,8,24591,38545,1,1,1
SCM,8,24592,38546,1,1,1
SCM,8,24601,38555,1,1,1
SCM,8,24603,38557,1,1,1
SCM,8,24607,38561,1,1,1
SCM,8,24615,38569,1,1,1
SCM,8,24624,38578,1,1,1
SCM,8,24646,38600,1,1,1
SCM,8,24651,38605,1,1,1
SCM,8,24670,38624,1,1,1
SCM,8,24684,38638,1,1,1
SCM,8,24690,38644,1,1,1
SCM,8,24691,38645,1,1,1
SCM,8,24694,38648,1,1,1
SCM,8,24696,38650,1,1,1
SCM,8,24697,38651,1,1,1
SCM,8,24708,38662,1,1,1
SCM,8,24713,38667,1,1,1
SCM,8,24722,38676,1,1,1
SCM,8,24730,38684,1,1,1
SCM,8,24739,38693,1,1,1
SCM,8,24762,38716,1,1,1
SCM,8,24772,38726,1,1,1
SCM,8,24774,38728,1,1,1
SCM,8,24783,38737,1,1,1
SCM,8,24797,38751,1,1,1
SCM,8,24798,38752,1,1,1
SCM,8,24805,38759,1,1,1
SCM,8,24807,38761,1,1,1
SCM,8,24810,38764,1,1,1
SCM,8,24829,38783,1,1,1
SCM,8,24836,38790,1,1,1
SCM,8,24843,38797,1,1,1
SCM,8,24847,38801,1,1,1
SCM,8,24848,38802,1,1,1
SCM,8,24849,38803,1,1,1
SCM,8,24855,38809,1,1,1
SCM,8,24871,38825,1,1,1
SCM,8,24882,38836,1,1,1
SCM,8,24891,38845,1,1,1
SCM,8,24893,38847,1,1,1
SCM,8,24895,38849,1,1,1
SCM,8,24902,38856,1,1,1
SCM,8,24909,38863,1,1,1
SCM,8,24924,38878,1,1,1
SCM,8,24937,38891,1,1,1
SCM,8,24939,38893,1,1,1
SCM,8,24949,38903,1,1,1
SCM,8,24950,38904,1,1,1
SCM,8,24963,38917,1,1,1
SCM,8,24988,38942,1,1,1
SCM,8,24996,38950,1,1,1
SCM,8,25011,38965,1,1,1
SCM,8,25021,38975,1,1,1
SCM,8,25023,38977,1,1,1
SCM,8,25026,38980,1,1,1
SCM,8,25057,39011,1,1,1
SCM,8,25068,39022,1,1,1
SCM,8,25070,39024,1,1,1
SCM,8,25073,39027,1,1,1
SCM,8,25089,39043,1,1,1
SCM,8,25098,39052,1,1,1
SCM,8,25117,39071,1,1,1
SCM,8,25134,39088,1,1,1
SCM,8,25147,39101,1,1,1
SCM,8,25150,39104,1,1,1
SCM,8,25170,39124,1,1,1
SCM,8,25192,39146,1,1,1
SCM,8,25196,39150,1,1,1
SCM,8,25207,39161,1,1,1
SCM,8,25210,39164,1,1,1
SCM,8,25217,39171,1,1,1
SCM,8,25223,39177,1,1,1
SCM,8,25224,39178,1,1,1
SCM,8,25226,39180,1,1,1
SCM,8,25236,39190,1,1,1
SCM,8,25256,39210,1,1,1
SCM,8,25260,39214,1,1,1
SCM,8,25263,39217,1,1,1
SCM,8,25280,39234,1,1,1
SCM,8,25298,39252,1,1,1
SCM,8,25326,39280,1,1,1
SCM,8,25328,39282,1,1,1
SCM,8,25329,39283,1,1,1
SCM,8,25356,39310,1,1,1
SCM,8,25362,39316,1,1,1
SCM,8,25370,39324,1,1,1
SCM,8,25371,39325,1,1,1
SCM,8,25372,39326,1,1,1
SCM,8,25392,39346,1,1,1
SCM,8,25396,39350,1,1,1
SCM,8,25438,39392,1,1,1
SCM,8,25478,39432,1,1,1
SCM,8,25481,39435,1,1,1
SCM,8,25499,39453,1,1,1
SCM,8,25505,39459,1,1,1
SCM,8,25528,39482,1,1,1
SCM,8,25533,39487,1,1,1
SCM,8,25546,39500,1,1,1
SCM,8,25550,39504,1,1,1
SCM,8,25554,39508,1,1,1
SCM,8,25558,39512,1,1,1
SCM,8,25566,39520,1,1,1
SCM,8,25569,39523,1,1,1
SCM,8,25570,39524,1,1,1
SCM,8,25575,39529,1,1,1
SCM,8,25587,39541,1,1,1
SCM,8,25618,39572,1,1,1
SCM,8,25649,39603,1,1,1
SCM,8,25652,39606,1,1,1
SCM,8,25654,39608,1,1,1
SCM,8,25658,39612,1,1,1
SCM,8,25663,39617,1,1,1
SCM,8,25674,39628,1,1,1
SCM,8,25675,39629,1,1,1
SCM,8,25698,39652,1,1,1
SCM,8,25704,39658,1,1,1
SCM,8,25712,39666,1,1,1
SCM,8,25713,39667,1,1,1
SCM,8,25721,39675,1,1,1
SCM,8,25722,39676,1,1,1
SCM,8,25755,39709,1,1,1
SCM,8,25757,39711,1,1,1
SCM,8,25759,39713,1,0,0
SCM,8,25767,39721,1,1,1
SCM,8,25773,39727,1,1,1
SCM,8,25779,39733,1,1,1
SCM,8,25782,39736,1,1,1
SCM,8,25785,39739,1,1,1
SCM,8,25804,39758,1,1,1
SCM,8,25826,39780,1,1,1
SCM,8,25829,39783,1,1,1
SCM,8,25839,39793,1,1,1
SCM,8,25848,39802,1,1,1
SCM,8,25857,39811,1,1,1
SCM,8,25865,39819,1,1,1
SCM,8,25893,39847,1,0,0
SCM,8,25896,39850,1,1,1
SCM,8,25918,39872,1,1,1
SCM,8,25924,39878,1,1,1
SCM,8,25925,39879,1,1,1
SCM,8,25932,39886,1,1,1
SCM,8,25965,39919,1,1,1
SCM,8,25970,39924,1,1,1
SCM,8,25994,39948,0,0,1
SCM,8,25995,39949,0,0,1
SCM,8,26000,39954,0,0,1
SCM,8,26010,39964,0,0,1
SCM,8,26020,39974,0,0,1
SCM,8,26021,39975,0,0,1
SCM,8,26025,39979,0,0,1
SCM,8,26029,39983,0,0,1
SCM,8,26033,39987,0,0,1
SCM,8,26061,40015,0,0,1
SCM,8,26091,40045,0,0,1
SCM,8,26093,40047,0,0,1
SCM,8,26099,40053,0,0,1
SCM,8,26105,40059,0,0,1
SCM,8,26138,40092,0,0,1
SCM,8,26143,40097,0,0,1
SCM,8,26147,40101,0,0,1
SCM,8,26149,40103,0,0,1
SCM,8,26163,40117,0,0,1
SCM,8,26180,40134,0,0,1
SCM,8,26189,40143,0,0,1
SCM,8,26192,40146,0,0,1
SCM,8,26213,40167,0,0,1
SCM,8,26229,40183,0,0,1
SCM,8,26242,40196,0,0,1
SCM,8,26243,40197,0,1,0
SCM,8,26247,40201,0,0,1
SCM,8,26267,40221,0,0,1
SCM,8,26268,40222,0,0,1
SCM,8,26270,40224,0,0,1
SCM,8,26271,40225,0,0,1
SCM,8,26274,40228,0,0,1
SCM,8,26280,40234,0,1,0
SCM,8,26283,40237,0,0,1
SCM,8,26286,40240,0,0,1
SCM,8,26288,40242,0,0,1
SCM,8,26289,40243,0,0,1
SCM,8,26294,40248,0,0,1
SCM,8,26295,40249,0,0,1
SCM,8,26318,40272,0,0,1
SCM,8,26353,40307,0,0,1
SCM,8,26375,40329,0,0,1
SCM,8,26398,40352,0,0,1
SCM,8,26399,40353,0,0,1
SCM,8,26405,40359,0,0,1
SCM,8,26411,40365,0,0,1
SCM,8,26423,40377,0,0,1
SCM,8,26424,40378,0,0,1
SCM,8,26428,40382,0,0,1
SCM,8,26430,40384,0,0,1
SCM,8,26441,40395,0,0,1
SCM,8,26447,40401,0,0,1
SCM,8,26458,40412,0,0,1
SCM,8,26473,40427,0,0,1
SCM,8,26496,40450,0,0,1
SCM,8,26517,40471,0,0,1
SCM,8,26530,40484,0,0,1
SCM,8,26532,40486,0,0,1
SCM,8,26539,40493,0,0,1
SCM,8,26542,40496,0,0,1
SCM,8,26544,40498,0,0,1
SCM,8,26547,40501,0,0,1
SCM,8,26550,40504,0,0,1
SCM,8,26558,40512,0,0,1
SCM,8,26572,40526,0,0,1
SCM,8,26573,40527,0,0,1
SCM,8,26592,40546,0,0,1
SCM,8,26596,40550,0,0,1
SCM,8,26601,40555,0,0,1
SCM,8,26606,40560,0,0,1
SCM,8,26609,40563,0,0,1
SCM,8,26613,40567,0,0,1
SCM,8,26614,40568,0,0,1
SCM,8,26616,40570,0,0,1
SCM,8,26617,40571,0,0,1
SCM,8,26622,40576,0,0,1
SCM,8,26634,40588,0,1,0
SCM,8,26636,40590,0,0,1
SCM,8,26642,40596,0,0,1
SCM,8,26661,40615,0,0,1
SCM,8,26663,40617,0,0,1
SCM,8,26666,40620,0,0,1
SCM,8,26668,40622,0,0,1
SCM,8,26686,40640,0,0,1
SCM,8,26696,40650,0,0,1
SCM,8,26697,40651,0,0,1
SCM,8,26716,40670,0,0,1
SCM,8,26739,40693,0,0,1
SCM,8,26741,40695,0,0,1
SCM,8,26748,40702,0,0,1
SCM,8,26756,40710,0,0,1
SCM,8,26798,40752,0,0,1
SCM,8,26801,40755,0,0,1
SCM,8,26811,40765,0,0,1
SCM,8,26817,40771,0,0,1
SCM,8,26818,40772,0,0,1
SCM,8,26855,40809,0,1,0
SCM,8,26859,40813,0,0,1
SCM,8,26863,40817,0,0,1
SCM,8,26874,40828,0,0,1
SCM,8,26877,40831,0,0,1
SCM,8,26886,40840,0,0,1
SCM,8,26891,40845,0,0,1
SCM,8,26898,40852,0,0,1
SCM,8,26924,40878,0,0,1
SCM,8,26929,40883,0,0,1
SCM,8,26939,40893,0,0,1
SCM,8,26946,40900,0,0,1
SCM,8,26976,40930,0,0,1
SCM,8,26984,40938,0,0,1
SCM,8,27020,40974,0,0,1
SCM,8,27037,40991,0,0,1
SCM,8,27041,40995,0,1,0
SCM,8,27060,41014,0,0,1
SCM,8,27063,41017,0,0,1
SCM,8,27065,41019,0,0,1
SCM,8,27067,41021,0,0,1
SCM,8,27076,41030,0,0,1
SCM,8,27089,41043,0,0,1
SCM,8,27094,41048,0,0,1
SCM,8,27097,41051,0,0,1
SCM,8,27101,41055,0,0,1
SCM,8,27103,41057,0,0,1
SCM,8,27106,41060,0,0,1
SCM,8,27124,41078,0,0,1
SCM,8,27147,41101,0,0,1
SCM,8,27156,41110,0,0,1
SCM,8,27164,41118,0,0,1
SCM,8,27165,41119,0,0,1
SCM,8,27185,41139,0,0,1
SCM,8,27187,41141,0,1,0
SCM,8,27199,41153,0,0,1
SCM,8,27203,41157,0,1,0
SCM,8,27213,41167,0,0,1
SCM,8,27225,41179,0,0,1
SCM,8,27257,41211,0,0,1
SCM,8,27259,41213,0,0,1
SCM,8,27270,41224,0,1,0
SCM,8,27274,41228,0,0,1
SCM,8,27296,41250,0,0,1
SCM,8,27309,41263,0,0,1
SCM,8,27314,41268,0,0,1
SCM,8,27329,41283,0,0,1
SCM,8,27360,41314,0,0,1
SCM,8,27361,41315,0,0,1
SCM,8,27380,41334,0,0,1
SCM,8,27382,41336,0,0,1
SCM,8,27395,41349,0,0,1
SCM,8,27413,41367,0,0,1
SCM,8,27428,41382,0,0,1
SCM,8,27433,41387,0,0,1
SCM,8,27445,41399,0,0,1
SCM,8,27456,41410,0,0,1
SCM,8,27465,41419,0,0,1
SCM,8,27479,41433,0,0,1
SCM,8,27483,41437,0,0,1
SCM,8,27485,41439,0,0,1
SCM,8,27490,41444,0,0,1
SCM,8,27494,41448,0,0,1
SCM,8,27503,41457,0,0,1
SCM,8,27508,41462,0,0,1
SCM,8,27512,41466,0,0,1
SCM,8,27554,41508,0,0,1
SCM,8,27565,41519,0,0,1
SCM,8,27570,41524,0,0,1
SCM,8,27578,41532,0,0,1
SCM,8,27590,41544,0,1,0
SCM,8,27606,41560,0,0,1
SCM,8,27607,41561,0,0,1
SCM,8,27612,41566,0,0,1
SCM,8,27622,41576,0,0,1
SCM,8,27624,41578,0,0,1
SCM,8,27625,41579,0,0,1
SCM,8,27655,41609,0,0,1
SCM,8,27663,41617,0,0,1
SCM,8,27674,41628,0,0,1
SCM,8,27687,41641,0,0,1
SCM,8,27694,41648,0,0,1
SCM,8,27699,41653,0,0,1
SCM,8,27716,41670,0,0,1
SCM,8,27727,41681,0,0,1
SCM,8,27772,41726,0,0,1
SCM,8,27774,41728,0,0,1
SCM,8,27783,41737,0,0,1
SCM,8,27799,41753,0,0,1
SCM,8,27815,41769,0,0,1
SCM,8,27835,41789,0,0,1
SCM,8,27839,41793,0,0,1
SCM,8,27855,41809,0,0,1
SCM,8,27860,41814,0,0,1
SCM,8,27866,41820,0,0,1
SCM,8,27874,41828,0,0,1
SCM,8,27876,41830,0,0,1
SCM,8,27913,41867,0,0,1
SCM,8,27914,41868,0,0,1
SCM,8,27916,41870,0,0,1
SCM,8,27929,41883,0,0,1
SCM,8,27934,41888,0,0,1
SCM,8,27940,41894,0,0,1
SCM,8,27966,41920,0,0,1
SCM,8,27971,41925,0,0,1
SCM,8,27974,41928,0,0,1
SCM,8,27994,41948,0,0,1
SCM,8,28000,41954,0,0,1
SCM,9,23562,37516,1,1,1
SCM,9,23573,37527,1,1,1
SCM,9,23608,37562,1,1,1
SCM,9,23609,37563,1,1,1
SCM,9,23620,37574,1,1,1
SCM,9,23628,37582,1,1,1
SCM,9,23631,37585,1,0,0
SCM,9,23639,37593,1,1,1
SCM,9,23642,37596,1,1,1
SCM,9,23654,37608,1,1,1
SCM,9,23657,37611,1,1,1
SCM,9,23678,37632,1,1,1
SCM,9,23687,37641,1,1,1
SCM,9,23699,37653,1,1,1
SCM,9,23712,37666,1,1,1
SCM,9,23719,37673,1,1,1
SCM,9,23726,37680,1,1,1
SCM,9,23727,37681,1,1,1
SCM,9,23743,37697,1,1,1
SCM,9,23746,37700,1,1,1
SCM,9,23752,37706,1,1,1
SCM,9,23754,37708,1,1,1
SCM,9,23759,37713,1,1,1
SCM,9,23768,37722,1,1,1
SCM,9,23770,37724,1,1,1
SCM,9,23773,37727,1,1,1
SCM,9,23775,37729,1,1,1
SCM,9,23786,37740,1,1,1
SCM,9,23788,37742,1,1,1
SCM,9,23794,37748,1,1,1
SCM,9,23798,37752,1,1,1
SCM,9,23811,37765,1,1,1
SCM,9,23832,37786,1,1,1
SCM,9,23838,37792,1,1,1
SCM,9,23848,37802,1,1,1
SCM,9,23870,37824,1,1,1
SCM,9,23888,37842,1,1,1
SCM,9,23889,37843,1,1,1
SCM,9,23893,37847,1,1,1
SCM,9,23894,37848,1,1,1
SCM,9,23895,37849,1,1,1
SCM,9,23896,37850,1,1,1
SCM,9,23910,37864,1,1,1
SCM,9,23915,37869,1,1,1
SCM,9,23939,37893,1,1,1
SCM,9,23940,37894,1,1,1
SCM,9,23945,37899,1,1,1
SCM,9,23977,37931,1,1,1
SCM,9,23978,37932,1,1,1
SCM,9,23984,37938,1,1,1
SCM,9,24002,37956,1,1,1
SCM,9,24008,37962,1,1,1
SCM,9,24010,37964,1,1,1
SCM,9,24050,38004,1,1,1
SCM,9,24085,38039,1,1,1
SCM,9,24104,38058,1,1,1
SCM,9,24113,38067,1,1,1
SCM,9,24114,38068,1,1,1
SCM,9,24119,38073,1,1,1
SCM,9,24134,38088,1,1,1
SCM,9,24141,38095,1,1,1
SCM,9,24142,38096,1,1,1
SCM,9,24160,38114,1,1,1
SCM,9,24189,38143,1,1,1
SCM,9,24201,38155,1,0,0
SCM,9,24202,38156,1,1,1
SCM,9,24204,38158,1,1,1
SCM,9,24207,38161,1,1,1
SCM,9,24216,38170,1,1,1
SCM,9,24220,38174,1,1,1
SCM,9,24231,38185,1,0,0
SCM,9,24238,38192,1,1,1
SCM,9,24240,38194,1,1,1
SCM,9,24254,38208,1,1,1
SCM,9,24296,38250,1,1,1
SCM,9,24310,38264,1,1,1
SCM,9,24346,38300,1,1,1
SCM,9,24353,38307,1,1,1
SCM,9,24396,38350,1,1,1
SCM,9,24409,38363,1,1,1
SCM,9,24413,38367,1,1,1
SCM,9,24428,38382,1,1,1
SCM,9,24452,38406,1,1,1
SCM,9,24463,38417,1,1,1
SCM,9,24464,38418,1,1,1
SCM,9,24465,38419,1,1,1
SCM,9,24503,38457,1,1,1
SCM,9,24507,38461,1,1,1
SCM,9,24532,38486,1,1,1
SCM,9,24542,38496,1,1,1
SCM,9,24563,38517,1,1,1
SCM,9,24564,38518,1,1,1
SCM,9,24567,38521,1,1,1
SCM,9,24572,38526,1,1,1
SCM,9,24605,38559,1,1,1
SCM,9,24612,38566,1,1,1
SCM,9,24614,38568,1,1,1
SCM,9,24625,38579,1,1,1
SCM,9,24632,38586,1,1,1
SCM,9,24637,38591,1,1,1
SCM,9,24645,38599,1,1,1
SCM,9,24650,38604,1,1,1
SCM,9,24659,38613,1,1,1
SCM,9,24660,38614,1,1,1
SCM,9,24682,38636,1,1,1
SCM,9,24686,38640,1,1,1
SCM,9,24693,38647,1,1,1
SCM,9,24698,38652,1,1,1
SCM,9,24705,38659,1,1,1
SCM,9,24716,38670,1,1,1
SCM,9,24747,38701,1,1,1
SCM,9,24758,38712,1,1,1
SCM,9,24759,38713,1,0,0
SCM,9,24760,38714,1,1,1
SCM,9,24763,38717,1,1,1
SCM,9,24796,38750,1,1,1
SCM,9,24835,38789,1,1,1
SCM,9,24875,38829,1,1,1
SCM,9,24880,38834,1,1,1
SCM,9,24908,38862,1,1,1
SCM,9,24928,38882,1,1,1
SCM,9,24934,38888,1,1,1
SCM,9,24947,38901,1,1,1
SCM,9,24966,38920,1,1,1
SCM,9,24974,38928,1,1,1
SCM,9,24985,38939,1,1,1
SCM,9,24998,38952,1,1,1
SCM,9,25012,38966,1,1,1
SCM,9,25042,38996,1,1,1
SCM,9,25063,39017,1,1,1
SCM,9,25087,39041,1,1,1
SCM,9,25091,39045,1,1,1
SCM,9,25092,39046,1,1,1
SCM,9,25109,39063,1,1,1
SCM,9,25119,39073,1,1,1
SCM,9,25126,39080,1,1,1
SCM,9,25130,39084,1,1,1
SCM,9,25139,39093,1,1,1
SCM,9,25144,39098,1,1,1
SCM,9,25146,39100,1,1,1
SCM,9,25166,39120,1,1,1
SCM,9,25172,39126,1,1,1
SCM,9,25174,39128,1,0,0
SCM,9,25177,39131,1,1,1
SCM,9,25179,39133,1,1,1
SCM,9,25189,39143,1,1,1
SCM,9,25197,39151,1,1,1
SCM,9,25206,39160,1,1,1
SCM,9,25209,39163,1,1,1
SCM,9,25216,39170,1,1,1
SCM,9,25228,39182,1,1,1
SCM,9,25232,39186,1,1,1
SCM,9,25233,39187,1,1,1
SCM,9,25235,39189,1,1,1
SCM,9,25244,39198,1,1,1
SCM,9,25259,39213,1,1,1
SCM,9,25270,39224,1,1,1
SCM,9,25283,39237,1,1,1
SCM,9,25295,39249,1,1,1
SCM,9,25296,39250,1,1,1
SCM,9,25299,39253,1,1,1
SCM,9,25306,39260,1,1,1
SCM,9,25311,39265,1,1,1
SCM,9,25335,39289,1,1,1
SCM,9,25357,39311,1,1,1
SCM,9,25364,39318,1,1,1
SCM,9,25367,39321,1,1,1
SCM,9,25388,39342,1,1,1
SCM,9,25397,39351,1,1,1
SCM,9,25403,39357,1,1,1
SCM,9,25417,39371,1,1,1
SCM,9,25420,39374,1,1,1
SCM,9,25423,39377,1,1,1
SCM,9,25433,39387,1,1,1
SCM,9,25453,39407,1,1,1
SCM,9,25464,39418,1,1,1
SCM,9,25466,39420,1,1,1
SCM,9,25476,39430,1,1,1
SCM,9,25515,39469,1,1,1
SCM,9,25534,39488,1,1,1
SCM,9,25535,39489,1,1,1
SCM,9,25555,39509,1,1,1
SCM,9,25560,39514,1,1,1
SCM,9,25561,39515,1,1,1
SCM,9,25590,39544,1,1,1
SCM,9,25593,39547,1,1,1
SCM,9,25594,39548,1,1,1
SCM,9,25595,39549,1,1,1
SCM,9,25599,39553,1,1,1
SCM,9,25605,39559,1,1,1
SCM,9,25614,39568,1,1,1
SCM,9,25622,39576,1,1,1
SCM,9,25629,39583,1,1,1
SCM,9,25637,39591,1,1,1
SCM,9,25640,39594,1,1,1
SCM,9,25655,39609,1,0,0
SCM,9,25669,39623,1,1,1
SCM,9,25676,39630,1,1,1
SCM,9,25677,39631,1,1,1
SCM,9,25680,39634,1,1,1
SCM,9,25690,39644,1,1,1
SCM,9,25697,39651,1,1,1
SCM,9,25706,39660,1,1,1
SCM,9,25708,39662,1,1,1
SCM,9,25714,39668,1,1,1
SCM,9,25718,39672,1,1,1
SCM,9,25732,39686,1,1,1
SCM,9,25735,39689,1,1,1
SCM,9,25739,39693,1,0,0
SCM,9,25741,39695,1,1,1
SCM,9,25744,39698,1,1,1
SCM,9,25746,39700,1,1,1
SCM,9,25761,39715,1,1,1
SCM,9,25762,39716,1,1,1
SCM,9,25772,39726,1,0,0
SCM,9,25792,39746,1,1,1
SCM,9,25798,39752,1,1,1
SCM,9,25803,39757,1,1,1
SCM,9,25806,39760,1,0,0
SCM,9,25818,39772,1,1,1
SCM,9,25820,39774,1,1,1
SCM,9,25828,39782,1,1,1
SCM,9,25832,39786,1,1,1
SCM,9,25838,39792,1,1,1
SCM,9,25853,39807,1,1,1
SCM,9,25855,39809,1,1,1
SCM,9,25858,39812,1,1,1
SCM,9,25867,39821,1,1,1
SCM,9,25868,39822,1,1,1
SCM,9,25870,39824,1,1,1
SCM,9,25878,39832,1,1,1
SCM,9,25884,39838,1,1,1
SCM,9,25887,39841,1,1,1
SCM,9,25888,39842,1,1,1
SCM,9,25899,39853,1,1,1
SCM,9,25914,39868,1,1,1
SCM,9,25928,39882,1,1,1
SCM,9,25951,39905,1,1,1
SCM,9,25959,39913,1,1,1
SCM,9,25960,39914,1,1,1
SCM,9,25967,39921,1,1,1
SCM,9,25978,39932,1,1,1
SCM,9,25985,39939,0,0,1
SCM,9,25998,39952,0,0,1
SCM,9,26005,39959,0,0,1
SCM,9,26014,39968,0,0,1
SCM,9,26015,39969,0,0,1
SCM,9,26035,39989,0,0,1
SCM,9,26041,39995,0,0,1
SCM,9,26053,40007,0,0,1
SCM,9,26066,40020,0,0,1
SCM,9,26083,40037,0,0,1
SCM,9,26089,40043,0,0,1
SCM,9,26100,40054,0,0,1
SCM,9,26121,40075,0,1,0
SCM,9,26127,40081,0,0,1
SCM,9,26150,40104,0,0,1
SCM,9,26164,40118,0,0,1
SCM,9,26183,40137,0,0,1
SCM,9,26201,40155,0,0,1
SCM,9,26205,40159,0,0,1
SCM,9,26218,40172,0,1,0
SCM,9,26224,40178,0,0,1
SCM,9,26230,40184,0,0,1
SCM,9,26237,40191,0,0,1
SCM,9,26262,40216,0,0,1
SCM,9,26279,40233,0,0,1
SCM,9,26292,40246,0,0,1
SCM,9,26298,40252,0,0,1
SCM,9,26305,40259,0,0,1
SCM,9,26311,40265,0,0,1
SCM,9,26316,40270,0,0,1
SCM,9,26319,40273,0,0,1
SCM,9,26338,40292,0,0,1
SCM,9,26339,40293,0,0,1
SCM,9,26349,40303,0,0,1
SCM,9,26366,40320,0,0,1
SCM,9,26370,40324,0,0,1
SCM,9,26378,40332,0,0,1
SCM,9,26389,40343,0,1,0
SCM,9,26391,40345,0,0,1
SCM,9,26396,40350,0,0,1
SCM,9,26400,40354,0,0,1
SCM,9,26401,40355,0,0,1
SCM,9,26403,40357,0,0,1
SCM,9,26404,40358,0,0,1
SCM,9,26439,40393,0,0,1
SCM,9,26442,40396,0,0,1
SCM,9,26443,40397,0,0,1
SCM,9,26453,40407,0,1,0
SCM,9,26457,40411,0,0,1
SCM,9,26471,40425,0,0,1
SCM,9,26481,40435,0,0,1
SCM,9,26490,40444,0,0,1
SCM,9,26504,40458,0,0,1
SCM,9,26526,40480,0,0,1
SCM,9,26551,40505,0,0,1
SCM,9,26555,40509,0,0,1
SCM,9,26563,40517,0,0,1
SCM,9,26585,40539,0,0,1
SCM,9,26607,40561,0,1,0
SCM,9,26618,40572,0,0,1
SCM,9,26629,40583,0,0,1
SCM,9,26631,40585,0,0,1
SCM,9,26645,40599,0,0,1
SCM,9,26648,40602,0,0,1
SCM,9,26667,40621,0,0,1
SCM,9,26683,40637,0,0,1
SCM,9,26684,40638,0,0,1
SCM,9,26700,40654,0,0,1
SCM,9,26702,40656,0,1,0
SCM,9,26710,40664,0,0,1
SCM,9,26715,40669,0,0,1
SCM,9,26718,40672,0,0,1
SCM,9,26719,40673,0,0,1
SCM,9,26738,40692,0,0,1
SCM,9,26746,40700,0,0,1
SCM,9,26750,40704,0,0,1
SCM,9,26757,40711,0,1,0
SCM,9,26767,40721,0,0,1
SCM,9,26774,40728,0,0,1
SCM,9,26775,40729,0,0,1
SCM,9,26779,40733,0,0,1
SCM,9,26783,40737,0,1,0
SCM,9,26792,40746,0,0,1
SCM,9,26821,40775,0,0,1
SCM,9,26830,40784,0,0,1
SCM,9,26840,40794,0,0,1
SCM,9,26893,40847,0,0,1
SCM,9,26895,40849,0,0,1
SCM,9,26918,40872,0,0,1
SCM,9,26920,40874,0,0,1
SCM,9,26922,40876,0,0,1
SCM,9,26936,40890,0,0,1
SCM,9,26937,40891,0,0,1
SCM,9,26945,40899,0,0,1
SCM,9,26952,40906,0,1,0
SCM,9,26964,40918,0,0,1
SCM,9,26970,40924,0,0,1
SCM,9,26992,40946,0,0,1
SCM,9,27000,40954,0,0,1
SCM,9,27015,40969,0,0,1
SCM,9,27016,40970,0,0,1
SCM,9,27027,40981,0,0,1
SCM,9,27030,40984,0,0,1
SCM,9,27031,40985,0,0,1
SCM,9,27035,40989,0,0,1
SCM,9,27052,41006,0,0,1
SCM,9,27071,41025,0,0,1
SCM,9,27075,41029,0,0,1
SCM,9,27092,41046,0,1,0
SCM,9,27111,41065,0,0,1
SCM,9,27116,41070,0,0,1
SCM,9,27130,41084,0,0,1
SCM,9,27139,41093,0,0,1
SCM,9,27152,41106,0,0,1
SCM,9,27155,41109,0,0,1
SCM,9,27157,41111,0,0,1
SCM,9,27176,41130,0,0,1
SCM,9,27180,41134,0,0,1
SCM,9,27181,41135,0,0,1
SCM,9,27183,41137,0,0,1
SCM,9,27191,41145,0,0,1
SCM,9,27200,41154,0,0,1
SCM,9,27204,41158,0,0,1
SCM,9,27214,41168,0,0,1
SCM,9,27239,41193,0,0,1
SCM,9,27243,41197,0,0,1
SCM,9,27249,41203,0,0,1
SCM,9,27250,41204,0,0,1
SCM,9,27276,41230,0,0,1
SCM,9,27285,41239,0,0,1
SCM,9,27325,41279,0,0,1
SCM,9,27343,41297,0,0,1
SCM,9,27346,41300,0,0,1
SCM,9,27349,41303,0,0,1
SCM,9,27384,41338,0,0,1
SCM,9,27402,41356,0,0,1
SCM,9,27435,41389,0,0,1
SCM,9,27440,41394,0,0,1
SCM,9,27454,41408,0,0,1
SCM,9,27464,41418,0,0,1
SCM,9,27468,41422,0,0,1
SCM,9,27474,41428,0,0,1
SCM,9,27475,41429,0,0,1
SCM,9,27493,41447,0,0,1
SCM,9,27497,41451,0,0,1
SCM,9,27498,41452,0,0,1
SCM,9,27513,41467,0,1,0
SCM,9,27518,41472,0,0,1
SCM,9,27519,41473,0,0,1
SCM,9,27523,41477,0,0,1
SCM,9,27524,41478,0,0,1
SCM,9,27533,41487,0,0,1
SCM,9,27534,41488,0,0,1
SCM,9,27549,41503,0,0,1
SCM,9,27553,41507,0,0,1
SCM,9,27569,41523,0,0,1
SCM,9,27586,41540,0,1,0
SCM,9,27593,41547,0,1,0
SCM,9,27600,41554,0,0,1
SCM,9,27634,41588,0,1,0
SCM,9,27635,41589,0,0,1
SCM,9,27653,41607,0,0,1
SCM,9,27654,41608,0,0,1
SCM,9,27657,41611,0,0,1
SCM,9,27660,41614,0,0,1
SCM,9,27667,41621,0,0,1
SCM,9,27675,41629,0,0,1
SCM,9,27695,41649,0,0,1
SCM,9,27715,41669,0,0,1
SCM,9,27717,41671,0,0,1
SCM,9,27723,41677,0,0,1
SCM,9,27726,41680,0,0,1
SCM,9,27728,41682,0,0,1
SCM,9,27766,41720,0,0,1
SCM,9,27769,41723,0,0,1
SCM,9,27788,41742,0,0,1
SCM,9,27789,41743,0,0,1
SCM,9,27791,41745,0,0,1
SCM,9,27813,41767,0,0,1
SCM,9,27819,41773,0,0,1
SCM,9,27821,41775,0,0,1
SCM,9,27822,41776,0,0,1
SCM,9,27828,41782,0,0,1
SCM,9,27833,41787,0,0,1
SCM,9,27871,41825,0,0,1
SCM,9,27882,41836,0,0,1
SCM,9,27896,41850,0,0,1
SCM,9,27899,41853,0,0,1
SCM,9,27909,41863,0,0,1
SCM,9,27922,41876,0,0,1
SCM,9,27926,41880,0,0,1
SCM,9,27938,41892,0,0,1
SCM,9,27942,41896,0,0,1
SCM,9,27946,41900,0,0,1
SCM,9,27947,41901,0,0,1
SCM,9,27949,41903,0,0,1
SCM,9,27961,41915,0,0,1
SCM,9,27963,41917,0,0,1
SCM,9,27968,41922,0,0,1
SCM,9,27984,41938,0,0,1
SCM,9,27986,41940,0,0,1
SCM,9,28003,41957,0,0,1
SCM,9,28008,41962,0,0,1
SCM,9,28021,41975,0,0,1
SCM,10,23567,37521,1,1,1
SCM,10,23569,37523,1,1,1
SCM,10,23582,37536,1,1,1
SCM,10,23587,37541,1,1,1
SCM,10,23615,37569,1,1,1
SCM,10,23622,37576,1,1,1
SCM,10,23630,37584,1,1,1
SCM,10,23645,37599,1,1,1
SCM,10,23646,37600,1,1,1
SCM,10,23650,37604,1,1,1
SCM,10,23659,37613,1,1,1
SCM,10,23661,37615,1,1,1
SCM,10,23662,37616,1,1,1
SCM,10,23674,37628,1,1,1
SCM,10,23676,37630,1,1,1
SCM,10,23690,37644,1,1,1
SCM,10,23723,37677,1,1,1
SCM,10,23745,37699,1,1,1
SCM,10,23755,37709,1,0,0
SCM,10,23761,37715,1,1,1
SCM,10,23762,37716,1,1,1
SCM,10,23769,37723,1,1,1
SCM,10,23789,37743,1,1,1
SCM,10,23799,37753,1,1,1
SCM,10,23836,37790,1,1,1
SCM,10,23857,37811,1,1,1
SCM,10,23864,37818,1,1,1
SCM,10,23901,37855,1,0,0
SCM,10,23905,37859,1,1,1
SCM,10,23913,37867,1,1,1
SCM,10,23914,37868,1,1,1
SCM,10,23920,37874,1,1,1
SCM,10,23923,37877,1,0,0
SCM,10,23944,37898,1,1,1
SCM,10,23956,37910,1,1,1
SCM,10,23967,37921,1,1,1
SCM,10,23972,37926,1,1,1
SCM,10,23980,37934,1,1,1
SCM,10,23985,37939,1,1,1
SCM,10,23993,37947,1,1,1
SCM,10,24004,37958,1,1,1
SCM,10,24013,37967,1,1,1
SCM,10,24035,37989,1,1,1
SCM,10,24039,37993,1,1,1
SCM,10,24043,37997,1,1,1
SCM,10,24072,38026,1,1,1
SCM,10,24075,38029,1,1,1
SCM,10,24076,38030,1,1,1
SCM,10,24079,38033,1,1,1
SCM,10,24100,38054,1,0,0
SCM,10,24111,38065,1,1,1
SCM,10,24112,38066,1,1,1
SCM,10,24115,38069,1,1,1
SCM,10,24117,38071,1,1,1
SCM,10,24123,38077,1,0,0
SCM,10,24131,38085,1,1,1
SCM,10,24137,38091,1,1,1
SCM,10,24145,38099,1,1,1
SCM,10,24146,38100,1,1,1
SCM,10,24147,38101,1,1,1
SCM,10,24163,38117,1,1,1
SCM,10,24173,38127,1,1,1
SCM,10,24190,38144,1,1,1
SCM,10,24199,38153,1,1,1
SCM,10,24210,38164,1,1,1
SCM,10,24221,38175,1,1,1
SCM,10,24229,38183,1,1,1
SCM,10,24230,38184,1,1,1
SCM,10,24232,38186,1,1,1
SCM,10,24243,38197,1,1,1
SCM,10,24255,38209,1,1,1
SCM,10,24264,38218,1,1,1
SCM,10,24269,38223,1,1,1
SCM,10,24271,38225,1,1,1
SCM,10,24298,38252,1,1,1
SCM,10,24323,38277,1,1,1
SCM,10,24324,38278,1,1,1
SCM,10,24350,38304,1,1,1
SCM,10,24357,38311,1,1,1
SCM,10,24361,38315,1,1,1
SCM,10,24373,38327,1,1,1
SCM,10,24389,38343,1,1,1
SCM,10,24398,38352,1,1,1
SCM,10,24412,38366,1,1,1
SCM,10,24417,38371,1,1,1
SCM,10,24426,38380,1,1,1
SCM,10,24436,38390,1,1,1
SCM,10,24466,38420,1,1,1
SCM,10,24468,38422,1,1,1
SCM,10,24478,38432,1,1,1
SCM,10,24486,38440,1,1,1
SCM,10,24494,38448,1,1,1
SCM,10,24502,38456,1,1,1
SCM,10,24510,38464,1,1,1
SCM,10,24518,38472,1,1,1
SCM,10,24520,38474,1,1,1
SCM,10,24523,38477,1,1,1
SCM,10,24545,38499,1,0,0
SCM,10,24555,38509,1,1,1
SCM,10,24556,38510,1,1,1
SCM,10,24581,38535,1,1,1
SCM,10,24583,38537,1,1,1
SCM,10,24598,38552,1,1,1
SCM,10,24613,38567,1,1,1
SCM,10,24627,38581,1,1,1
SCM,10,24638,38592,1,1,1
SCM,10,24647,38601,1,1,1
SCM,10,24648,38602,1,1,1
SCM,10,24671,38625,1,1,1
SCM,10,24674,38628,1,1,1
SCM,10,24685,38639,1,1,1
SCM,10,24695,38649,1,1,1
SCM,10,24712,38666,1,1,1
SCM,10,24733,38687,1,1,1
SCM,10,24736,38690,1,1,1
SCM,10,24752,38706,1,1,1
SCM,10,24764,38718,1,1,1
SCM,10,24769,38723,1,1,1
SCM,10,24799,38753,1,1,1
SCM,10,24809,38763,1,1,1
SCM,10,24813,38767,1,1,1
SCM,10,24828,38782,1,1,1
SCM,10,24834,38788,1,1,1
SCM,10,24841,38795,1,1,1
SCM,10,24842,38796,1,1,1
SCM,10,24844,38798,1,1,1
SCM,10,24851,38805,1,1,1
SCM,10,24874,38828,1,1,1
SCM,10,24877,38831,1,1,1
SCM,10,24887,38841,1,1,1
SCM,10,24900,38854,1,1,1
SCM,10,24914,38868,1,1,1
SCM,10,24918,38872,1,1,1
SCM,10,24932,38886,1,1,1
SCM,10,24945,38899,1,1,1
SCM,10,24948,38902,1,1,1
SCM,10,24951,38905,1,1,1
SCM,10,24958,38912,1,1,1
SCM,10,24969,38923,1,1,1
SCM,10,24979,38933,1,1,1
SCM,10,24980,38934,1,1,1
SCM,10,24981,38935,1,1,1
SCM,10,24987,38941,1,1,1
SCM,10,24989,38943,1,1,1
SCM,10,24993,38947,1,1,1
SCM,10,25000,38954,1,1,1
SCM,10,25004,38958,1,1,1
SCM,10,25018,38972,1,1,1
SCM,10,25031,38985,1,1,1
SCM,10,25037,38991,1,1,1
SCM,10,25050,39004,1,1,1
SCM,10,25052,39006,1,1,1
SCM,10,25060,39014,1,1,1
SCM,10,25077,39031,1,1,1
SCM,10,25083,39037,1,1,1
SCM,10,25084,39038,1,1,1
SCM,10,25096,39050,1,1,1
SCM,10,25101,39055,1,1,1
SCM,10,25104,39058,1,1,1
SCM,10,25111,39065,1,1,1
SCM,10,25112,39066,1,1,1
SCM,10,25116,39070,1,1,1
SCM,10,25133,39087,1,1,1
SCM,10,25137,39091,1,1,1
SCM,10,25148,39102,1,1,1
SCM,10,25155,39109,1,1,1
SCM,10,25159,39113,1,1,1
SCM,10,25165,39119,1,1,1
SCM,10,25187,39141,1,1,1
SCM,10,25201,39155,1,1,1
SCM,10,25204,39158,1,1,1
SCM,10,25246,39200,1,1,1
SCM,10,25248,39202,1,1,1
SCM,10,25252,39206,1,0,0
SCM,10,25262,39216,1,1,1
SCM,10,25266,39220,1,1,1
SCM,10,25271,39225,1,1,1
SCM,10,25293,39247,1,1,1
SCM,10,25294,39248,1,1,1
SCM,10,25308,39262,1,1,1
SCM,10,25309,39263,1,1,1
SCM,10,25317,39271,1,1,1
SCM,10,25331,39285,1,0,0
SCM,10,25333,39287,1,1,1
SCM,10,25334,39288,1,1,1
SCM,10,25349,39303,1,1,1
SCM,10,25381,39335,1,1,1
SCM,10,25405,39359,1,0,0
SCM,10,25429,39383,1,1,1
SCM,10,25434,39388,1,1,1
SCM,10,25458,39412,1,1,1
SCM,10,25462,39416,1,0,0
SCM,10,25473,39427,1,1,1
SCM,10,25474,39428,1,1,1
SCM,10,25483,39437,1,1,1
SCM,10,25484,39438,1,1,1
SCM,10,25489,39443,1,1,1
SCM,10,25497,39451,1,1,1
SCM,10,25500,39454,1,1,1
SCM,10,25507,39461,1,0,0
SCM,10,25508,39462,1,1,1
SCM,10,25511,39465,1,1,1
SCM,10,25519,39473,1,1,1
SCM,10,25551,39505,1,1,1
SCM,10,25559,39513,1,1,1
SCM,10,25578,39532,1,1,1
SCM,10,25580,39534,1,1,1
SCM,10,25581,39535,1,1,1
SCM,10,25588,39542,1,1,1
SCM,10,25601,39555,1,1,1
SCM,10,25615,39569,1,1,1
SCM,10,25617,39571,1,1,1
SCM,10,25643,39597,1,0,0
SCM,10,25694,39648,1,1,1
SCM,10,25700,39654,1,1,1
SCM,10,25709,39663,1,1,1
SCM,10,25716,39670,1,1,1
SCM,10,25726,39680,1,1,1
SCM,10,25734,39688,1,1,1
SCM,10,25752,39706,1,1,1
SCM,10,25766,39720,1,1,1
SCM,10,25769,39723,1,1,1
SCM,10,25775,39729,1,1,1
SCM,10,25781,39735,1,1,1
SCM,10,25794,39748,1,1,1
SCM,10,25807,39761,1,1,1
SCM,10,25810,39764,1,1,1
SCM,10,25815,39769,1,1,1
SCM,10,25874,39828,1,1,1
SCM,10,25877,39831,1,1,1
SCM,10,25895,39849,1,1,1
SCM,10,25900,39854,1,1,1
SCM,10,25902,39856,1,1,1
SCM,10,25905,39859,1,1,1
SCM,10,25917,39871,1,1,1
SCM,10,25921,39875,1,1,1
SCM,10,25935,39889,1,1,1
SCM,10,25937,39891,1,1,1
SCM,10,25949,39903,1,1,1
SCM,10,25955,39909,1,1,1
SCM,10,25962,39916,1,1,1
SCM,10,25972,39926,1,1,1
SCM,10,25990,39944,0,0,1
SCM,10,25991,39945,0,0,1
SCM,10,26006,39960,0,0,1
SCM,10,26007,39961,0,0,1
SCM,10,26018,39972,0,0,1
SCM,10,26024,39978,0,1,0
SCM,10,26039,39993,0,0,1
SCM,10,26047,40001,0,0,1
SCM,10,26055,40009,0,0,1
SCM,10,26056,40010,0,0,1
SCM,10,26065,40019,0,0,1
SCM,10,26077,40031,0,0,1
SCM,10,26082,40036,0,0,1
SCM,10,26084,40038,0,0,1
SCM,10,26096,40050,0,0,1
SCM,10,26112,40066,0,0,1
SCM,10,26123,40077,0,0,1
SCM,10,26132,40086,0,0,1
SCM,10,26139,40093,0,0,1
SCM,10,26155,40109,0,0,1
SCM,10,26160,40114,0,1,0
SCM,10,26162,40116,0,0,1
SCM,10,26166,40120,0,0,1
SCM,10,26171,40125,0,1,0
SCM,10,26179,40133,0,0,1
SCM,10,26184,40138,0,0,1
SCM,10,26233,40187,0,0,1
SCM,10,26244,40198,0,0,1
SCM,10,26256,40210,0,0,1
SCM,10,26266,40220,0,0,1
SCM,10,26272,40226,0,0,1
SCM,10,26273,40227,0,0,1
SCM,10,26275,40229,0,0,1
SCM,10,26301,40255,0,0,1
SCM,10,26302,40256,0,0,1
SCM,10,26306,40260,0,0,1
SCM,10,26314,40268,0,0,1
SCM,10,26320,40274,0,0,1
SCM,10,26325,40279,0,0,1
SCM,10,26326,40280,0,0,1
SCM,10,26331,40285,0,0,1
SCM,10,26333,40287,0,0,1
SCM,10,26335,40289,0,0,1
SCM,10,26336,40290,0,0,1
SCM,10,26340,40294,0,0,1
SCM,10,26352,40306,0,0,1
SCM,10,26359,40313,0,0,1
SCM,10,26362,40316,0,0,1
SCM,10,26364,40318,0,0,1
SCM,10,26365,40319,0,0,1
SCM,10,26376,40330,0,0,1
SCM,10,26397,40351,0,0,1
SCM,10,26406,40360,0,0,1
SCM,10,26407,40361,0,0,1
SCM,10,26416,40370,0,0,1
SCM,10,26421,40375,0,1,0
SCM,10,26422,40376,0,0,1
SCM,10,26435,40389,0,0,1
SCM,10,26440,40394,0,0,1
SCM,10,26445,40399,0,0,1
SCM,10,26448,40402,0,0,1
SCM,10,26449,40403,0,1,0
SCM,10,26459,40413,0,0,1
SCM,10,26476,40430,0,0,1
SCM,10,26484,40438,0,0,1
SCM,10,26485,40439,0,0,1
SCM,10,26491,40445,0,0,1
SCM,10,26505,40459,0,0,1
SCM,10,26513,40467,0,0,1
SCM,10,26519,40473,0,0,1
SCM,10,26522,40476,0,0,1
SCM,10,26527,40481,0,0,1
SCM,10,26554,40508,0,0,1
SCM,10,26556,40510,0,0,1
SCM,10,26561,40515,0,0,1
SCM,10,26571,40525,0,0,1
SCM,10,26576,40530,0,0,1
SCM,10,26598,40552,0,0,1
SCM,10,26599,40553,0,0,1
SCM,10,26615,40569,0,0,1
SCM,10,26624,40578,0,0,1
SCM,10,26643,40597,0,0,1
SCM,10,26651,40605,0,1,0
SCM,10,26658,40612,0,0,1
SCM,10,26670,40624,0,0,1
SCM,10,26699,40653,0,0,1
SCM,10,26708,40662,0,0,1
SCM,10,26711,40665,0,1,0
SCM,10,26713,40667,0,0,1
SCM,10,26717,40671,0,0,1
SCM,10,26722,40676,0,0,1
SCM,10,26742,40696,0,0,1
SCM,10,26745,40699,0,0,1
SCM,10,26747,40701,0,0,1
SCM,10,26751,40705,0,0,1
SCM,10,26759,40713,0,0,1
SCM,10,26763,40717,0,0,1
SCM,10,26769,40723,0,0,1
SCM,10,26771,40725,0,0,1
SCM,10,26788,40742,0,0,1
SCM,10,26806,40760,0,0,1
SCM,10,26820,40774,0,0,1
SCM,10,26842,40796,0,0,1
SCM,10,26853,40807,0,0,1
SCM,10,26858,40812,0,0,1
SCM,10,26880,40834,0,0,1
SCM,10,26896,40850,0,0,1
SCM,10,26901,40855,0,0,1
SCM,10,26933,40887,0,0,1
SCM,10,26948,40902,0,0,1
SCM,10,26955,40909,0,0,1
SCM,10,26956,40910,0,0,1
SCM,10,26958,40912,0,0,1
SCM,10,26968,40922,0,1,0
SCM,10,26977,40931,0,0,1
SCM,10,27019,40973,0,0,1
SCM,10,27036,40990,0,0,1
SCM,10,27082,41036,0,0,1
SCM,10,27085,41039,0,0,1
SCM,10,27137,41091,0,0,1
SCM,10,27158,41112,0,0,1
SCM,10,27159,41113,0,0,1
SCM,10,27171,41125,0,0,1
SCM,10,27172,41126,0,0,1
SCM,10,27174,41128,0,0,1
SCM,10,27179,41133,0,0,1
SCM,10,27196,41150,0,0,1
SCM,10,27209,41163,0,0,1
SCM,10,27237,41191,0,0,1
SCM,10,27242,41196,0,0,1
SCM,10,27263,41217,0,0,1
SCM,10,27269,41223,0,0,1
SCM,10,27275,41229,0,0,1
SCM,10,27283,41237,0,0,1
SCM,10,27302,41256,0,0,1
SCM,10,27307,41261,0,0,1
SCM,10,27308,41262,0,1,0
SCM,10,27340,41294,0,0,1
SCM,10,27354,41308,0,0,1
SCM,10,27365,41319,0,0,1
SCM,10,27383,41337,0,0,1
SCM,10,27399,41353,0,0,1
SCM,10,27416,41370,0,0,1
SCM,10,27424,41378,0,0,1
SCM,10,27426,41380,0,0,1
SCM,10,27437,41391,0,0,1
SCM,10,27447,41401,0,0,1
SCM,10,27453,41407,0,0,1
SCM,10,27457,41411,0,0,1
SCM,10,27476,41430,0,0,1
SCM,10,27482,41436,0,0,1
SCM,10,27492,41446,0,0,1
SCM,10,27501,41455,0,0,1
SCM,10,27505,41459,0,0,1
SCM,10,27506,41460,0,0,1
SCM,10,27514,41468,0,0,1
SCM,10,27525,41479,0,0,1
SCM,10,27530,41484,0,0,1
SCM,10,27568,41522,0,0,1
SCM,10,27589,41543,0,0,1
SCM,10,27603,41557,0,0,1
SCM,10,27608,41562,0,0,1
SCM,10,27611,41565,0,0,1
SCM,10,27637,41591,0,0,1
SCM,10,27665,41619,0,0,1
SCM,10,27666,41620,0,0,1
SCM,10,27672,41626,0,0,1
SCM,10,27700,41654,0,0,1
SCM,10,27718,41672,0,0,1
SCM,10,27719,41673,0,0,1
SCM,10,27734,41688,0,0,1
SCM,10,27735,41689,0,0,1
SCM,10,27738,41692,0,0,1
SCM,10,27739,41693,0,0,1
SCM,10,27746,41700,0,0,1
SCM,10,27750,41704,0,0,1
SCM,10,27763,41717,0,0,1
SCM,10,27779,41733,0,0,1
SCM,10,27800,41754,0,0,1
SCM,10,27812,41766,0,0,1
SCM,10,27814,41768,0,0,1
SCM,10,27820,41774,0,0,1
SCM,10,27829,41783,0,0,1
SCM,10,27845,41799,0,1,0
SCM,10,27852,41806,0,0,1
SCM,10,27862,41816,0,0,1
SCM,10,27892,41846,0,0,1
SCM,10,27898,41852,0,0,1
SCM,10,27923,41877,0,1,0
SCM,10,27928,41882,0,0,1
SCM,10,27930,41884,0,0,1
SCM,10,27941,41895,0,0,1
SCM,10,27955,41909,0,0,1
SCM,10,27956,41910,0,0,1
SCM,10,27967,41921,0,0,1
SCM,10,27983,41937,0,1,0
SCM,10,27988,41942,0,0,1
SCM,10,27989,41943,0,0,1
SCM,10,28001,41955,0,0,1
SCM,10,28004,41958,0,0,1
SCM,10,28010,41964,0,0,1
SCM,10,28015,41969,0,0,1
SCM,10,28019,41973,0,0,1
SCM,10,28020,41974,0,0,1
