label,station,serial_no
1,BAE,0
1,BAE,1
1,BAE,2
1,BAE,3
1,BAE,4
1,BAE,5
1,BAE,6
1,BAE,7
1,BAE,8
1,BAE,9
1,BAE,10
1,BAE,11
1,BAE,12
1,BAE,13
1,BAE,14
1,BAE,15
1,BAE,16
1,BAE,17
1,BAE,18
1,BAE,19
1,BAE,20
1,BAE,21
1,BAE,22
1,BAE,23
1,BAE,24
1,BAE,25
1,BAE,26
1,BAE,27
1,BAE,28
1,BAE,29
1,BAE,30
1,BAE,31
1,BAE,32
1,BAE,33
1,BAE,34
1,BAE,35
1,BAE,36
1,BAE,37
1,BAE,38
1,BAE,39
1,BAE,40
1,BAE,41
1,BAE,42
1,BAE,43
1,BAE,44
1,BAE,45
1,BAE,46
1,BAE,47
1,BAE,48
1,BAE,49
1,BAE,50
1,BAE,51
1,BAE,52
1,BAE,53
1,BAE,54
1,BAE,55
1,BAE,56
1,BAE,57
1,BAE,58
1,BAE,59
1,BAE,60
1,BAE,61
1,BAE,62
1,BAE,63
1,BAE,64
1,BAE,65
1,BAE,66
1,BAE,67
1,BAE,68
1,BAE,69
1,BAE,70
1,BAE,71
1,BAE,72
1,BAE,73
1,BAE,74
1,BAE,75
1,BAE,76
1,BAE,77
1,BAE,78
1,BAE,79
1,BAE,80
1,BAE,81
1,BAE,82
1,BAE,83
1,BAE,84
1,BAE,85
1,BAE,86
1,BAE,87
1,BAE,88
1,BAE,89
1,BAE,90
1,BAE,91
1,BAE,92
1,BAE,93
1,BAE,94
1,BAE,95
1,BAE,96
1,BAE,97
1,BAE,98
1,BAE,99
1,BAE,100
1,BAE,101
1,BAE,102
1,BAE,103
1,BAE,104
1,BAE,105
1,BAE,106
1,BAE,107
1,BAE,108
1,BAE,109
1,BAE,110
1,BAE,111
1,BAE,112
1,BAE,113
1,BAE,114
1,BAE,115
1,BAE,116
1,BAE,117
1,BAE,118
1,BAE,119
1,BAE,120
1,BAE,121
1,BAE,122
1,BAE,123
1,BAE,124
1,BAE,125
1,BAE,126
1,BAE,127
1,BAE,128
1,BAE,129
1,BAE,130
1,BAE,131
1,BAE,132
1,BAE,133
1,BAE,134
1,BAE,135
1,BAE,136
1,BAE,137
1,BAE,138
1,BAE,139
1,BAE,140
1,BAE,141
1,BAE,142
1,BAE,143
1,BAE,144
1,BAE,145
1,BAE,146
1,BAE,147
1,BAE,148
1,BAE,149
1,BAE,150
1,BAE,151
1,BAE,152
1,BAE,153
1,BAE,154
1,BAE,155
1,BAE,156
1,BAE,157
1,BAE,158
1,BAE,159
1,BAE,160
1,BAE,161
1,BAE,162
1,BAE,163
1,BAE,164
1,BAE,165
1,BAE,166
1,BAE,167
1,BAE,168
1,BAE,169
1,BAE,170
1,BAE,171
1,BAE,172
1,BAE,173
1,BAE,174
1,BAE,175
1,BAE,176
1,BAE,177
1,BAE,178
1,BAE,179
1,BAE,180
1,BAE,181
1,BAE,182
1,BAE,183
1,BAE,184
1,BAE,185
1,BAE,186
1,BAE,187
1,BAE,188
1,BAE,189
1,BAE,190
1,BAE,191
1,BAE,192
1,BAE,193
1,BAE,194
1,BAE,195
1,BAE,196
1,BAE,197
1,BAE,198
1,BAE,199
1,BAE,200
1,BAE,201
1,BAE,202
1,BAE,203
1,BAE,204
1,BAE,205
1,BAE,206
1,BAE,207
1,BAE,208
1,BAE,209
1,BAE,210
1,BAE,211
1,BAE,212
1,BAE,213
1,BAE,214
1,BAE,215
1,BAE,216
1,BAE,217
1,BAE,218
1,BAE,219
1,BAE,220
1,BAE,221
1,BAE,222
1,BAE,223
1,BAE,224
1,BAE,225
1,BAE,226
1,BAE,227
1,BAE,228
1,BAE,229
1,BAE,230
1,BAE,231
1,BAE,232
1,BAE,233
1,BAE,234
1,BAE,235
1,BAE,236
1,BAE,237
0,BAE,238
0,BAE,239
0,BAE,240
0,BAE,241
0,BAE,242
0,BAE,243
0,BAE,244
0,BAE,245
0,BAE,246
0,BAE,247
0,BAE,248
0,BAE,249
0,BAE,250
0,BAE,251
0,BAE,252
0,BAE,253
0,BAE,254
0,BAE,255
0,BAE,256
0,BAE,257
0,BAE,258
0,BAE,259
0,BAE,260
0,BAE,261
0,BAE,262
0,BAE,263
0,BAE,264
0,BAE,265
0,BAE,266
0,BAE,267
0,BAE,268
0,BAE,269
0,BAE,270
0,BAE,271
0,BAE,272
0,BAE,273
0,BAE,274
0,BAE,275
0,BAE,276
0,BAE,277
0,BAE,278
0,BAE,279
0,BAE,280
0,BAE,281
0,BAE,282
0,BAE,283
0,BAE,284
0,BAE,285
0,BAE,286
0,BAE,287
0,BAE,288
0,BAE,289
0,BAE,290
0,BAE,291
0,BAE,292
0,BAE,293
0,BAE,294
0,BAE,295
0,BAE,296
0,BAE,297
0,BAE,298
0,BAE,299
0,BAE,300
0,BAE,301
0,BAE,302
0,BAE,303
0,BAE,304
0,BAE,305
0,BAE,306
0,BAE,307
0,BAE,308
0,BAE,309
0,BAE,310
0,BAE,311
0,BAE,312
0,BAE,313
0,BAE,314
0,BAE,315
0,BAE,316
0,BAE,317
0,BAE,318
0,BAE,319
0,BAE,320
0,BAE,321
0,BAE,322
0,BAE,323
0,BAE,324
0,BAE,325
0,BAE,326
0,BAE,327
0,BAE,328
0,BAE,329
0,BAE,330
0,BAE,331
0,BAE,332
0,BAE,333
0,BAE,334
0,BAE,335
0,BAE,336
0,BAE,337
0,BAE,338
0,BAE,339
0,BAE,340
0,BAE,341
0,BAE,342
0,BAE,343
0,BAE,344
0,BAE,345
0,BAE,346
0,BAE,347
0,BAE,348
0,BAE,349
0,BAE,350
0,BAE,351
0,BAE,352
0,BAE,353
0,BAE,354
0,BAE,355
0,BAE,356
0,BAE,357
0,BAE,358
0,BAE,359
0,BAE,360
0,BAE,361
0,BAE,362
0,BAE,363
0,BAE,364
0,BAE,365
0,BAE,366
0,BAE,367
0,BAE,368
0,BAE,369
0,BAE,370
0,BAE,371
0,BAE,372
0,BAE,373
0,BAE,374
0,BAE,375
0,BAE,376
0,BAE,377
0,BAE,378
0,BAE,379
0,BAE,380
0,BAE,381
0,BAE,382
0,BAE,383
0,BAE,384
0,BAE,385
0,BAE,386
0,BAE,387
0,BAE,388
0,BAE,389
0,BAE,390
0,BAE,391
0,BAE,392
0,BAE,393
0,BAE,394
0,BAE,395
0,BAE,396
0,BAE,397
0,BAE,398
0,BAE,399
0,BAE,400
0,BAE,401
0,BAE,402
0,BAE,403
0,BAE,404
0,BAE,405
0,BAE,406
0,BAE,407
0,BAE,408
0,BAE,409
0,BAE,410
0,BAE,411
0,BAE,412
0,BAE,413
0,BAE,414
0,BAE,415
0,BAE,416
0,BAE,417
0,BAE,418
0,BAE,419
0,BAE,420
0,BAE,421
0,BAE,422
0,BAE,423
0,BAE,424
0,BAE,425
0,BAE,426
0,BAE,427
0,BAE,428
0,BAE,429
0,BAE,430
0,BAE,431
0,BAE,432
0,BAE,433
0,BAE,434
0,BAE,435
0,BAE,436
0,BAE,437
0,BAE,438
0,BAE,439
0,BAE,440
0,BAE,441
0,BAE,442
0,BAE,443
0,BAE,444
0,BAE,445
0,BAE,446
0,BAE,447
0,BAE,448
0,BAE,449
0,BAE,450
0,BAE,451
0,BAE,452
0,BAE,453
0,BAE,454
0,BAE,455
0,BAE,456
0,BAE,457
0,BAE,458
0,BAE,459
0,BAE,460
0,BAE,461
0,BAE,462
0,BAE,463
0,BAE,464
0,BAE,465
0,BAE,466
0,BAE,467
0,BAE,468
0,BAE,469
0,BAE,470
0,BAE,471
0,BAE,472
0,BAE,473
0,BAE,474
0,BAE,475
0,BAE,476
0,BAE,477
0,BAE,478
0,BAE,479
0,BAE,480
0,BAE,481
0,BAE,482
0,BAE,483
0,BAE,484
0,BAE,485
0,BAE,486
0,BAE,487
0,BAE,488
0,BAE,489
0,BAE,490
0,BAE,491
0,BAE,492
0,BAE,493
0,BAE,494
0,BAE,495
0,BAE,496
0,BAE,497
0,BAE,498
0,BAE,499
0,BAE,500
0,BAE,501
0,BAE,502
0,BAE,503
0,BAE,504
0,BAE,505
0,BAE,506
0,BAE,507
0,BAE,508
0,BAE,509
0,BAE,510
0,BAE,511
0,BAE,512
0,BAE,513
0,BAE,514
0,BAE,515
0,BAE,516
0,BAE,517
0,BAE,518
0,BAE,519
0,BAE,520
0,BAE,521
0,BAE,522
0,BAE,523
0,BAE,524
0,BAE,525
0,BAE,526
0,BAE,527
0,BAE,528
0,BAE,529
0,BAE,530
0,BAE,531
0,BAE,532
0,BAE,533
0,BAE,534
0,BAE,535
0,BAE,536
0,BAE,537
0,BAE,538
0,BAE,539
0,BAE,540
0,BAE,541
0,BAE,542
0,BAE,543
0,BAE,544
0,BAE,545
0,BAE,546
0,BAE,547
0,BAE,548
0,BAE,549
0,BAE,550
0,BAE,551
0,BAE,552
0,BAE,553
0,BAE,554
0,BAE,555
0,BAE,556
0,BAE,557
0,BAE,558
0,BAE,559
0,BAE,560
0,BAE,561
0,BAE,562
0,BAE,563
0,BAE,564
0,BAE,565
0,BAE,566
0,BAE,567
0,BAE,568
0,BAE,569
0,BAE,570
0,BAE,571
0,BAE,572
0,BAE,573
0,BAE,574
0,BAE,575
0,BAE,576
0,BAE,577
0,BAE,578
0,BAE,579
0,BAE,580
0,BAE,581
0,BAE,582
0,BAE,583
0,BAE,584
0,BAE,585
0,BAE,586
0,BAE,587
0,BAE,588
0,BAE,589
0,BAE,590
0,BAE,591
0,BAE,592
0,BAE,593
0,BAE,594
0,BAE,595
0,BAE,596
0,BAE,597
0,BAE,598
0,BAE,599
0,BAE,600
0,BAE,601
0,BAE,602
0,BAE,603
0,BAE,604
0,BAE,605
0,BAE,606
0,BAE,607
0,BAE,608
0,BAE,609
0,BAE,610
0,BAE,611
0,BAE,612
0,BAE,613
0,BAE,614
0,BAE,615
0,BAE,616
0,BAE,617
0,BAE,618
0,BAE,619
0,BAE,620
0,BAE,621
0,BAE,622
0,BAE,623
0,BAE,624
0,BAE,625
0,BAE,626
0,BAE,627
0,BAE,628
0,BAE,629
0,BAE,630
0,BAE,631
0,BAE,632
0,BAE,633
0,BAE,634
0,BAE,635
0,BAE,636
0,BAE,637
0,BAE,638
0,BAE,639
0,BAE,640
0,BAE,641
0,BAE,642
0,BAE,643
0,BAE,644
0,BAE,645
0,BAE,646
0,BAE,647
0,BAE,648
0,BAE,649
0,BAE,650
0,BAE,651
0,BAE,652
0,BAE,653
0,BAE,654
0,BAE,655
0,BAE,656
0,BAE,657
0,BAE,658
0,BAE,659
0,BAE,660
0,BAE,661
0,BAE,662
0,BAE,663
0,BAE,664
0,BAE,665
0,BAE,666
0,BAE,667
0,BAE,668
0,BAE,669
0,BAE,670
0,BAE,671
0,BAE,672
0,BAE,673
0,BAE,674
0,BAE,675
0,BAE,676
0,BAE,677
0,BAE,678
0,BAE,679
0,BAE,680
0,BAE,681
0,BAE,682
0,BAE,683
0,BAE,684
0,BAE,685
0,BAE,686
0,BAE,687
0,BAE,688
0,BAE,689
0,BAE,690
0,BAE,691
0,BAE,692
0,BAE,693
0,BAE,694
0,BAE,695
0,BAE,696
0,BAE,697
0,BAE,698
0,BAE,699
0,BAE,700
0,BAE,701
0,BAE,702
0,BAE,703
0,BAE,704
0,BAE,705
0,BAE,706
0,BAE,707
0,BAE,708
0,BAE,709
0,BAE,710
0,BAE,711
0,BAE,712
0,BAE,713
0,BAE,714
0,BAE,715
0,BAE,716
0,BAE,717
0,BAE,718
0,BAE,719
0,BAE,720
0,BAE,721
0,BAE,722
0,BAE,723
0,BAE,724
0,BAE,725
0,BAE,726
0,BAE,727
0,BAE,728
0,BAE,729
0,BAE,730
0,BAE,731
0,BAE,732
0,BAE,733
0,BAE,734
0,BAE,735
0,BAE,736
0,BAE,737
0,BAE,738
0,BAE,739
0,BAE,740
0,BAE,741
0,BAE,742
0,BAE,743
0,BAE,744
0,BAE,745
0,BAE,746
0,BAE,747
0,BAE,748
0,BAE,749
0,BAE,750
0,BAE,751
0,BAE,752
0,BAE,753
0,BAE,754
0,BAE,755
0,BAE,756
0,BAE,757
0,BAE,758
0,BAE,759
0,BAE,760
0,BAE,761
0,BAE,762
1,BAT,763
1,BAT,764
1,BAT,765
1,BAT,766
1,BAT,767
1,BAT,768
1,BAT,769
1,BAT,770
1,BAT,771
1,BAT,772
1,BAT,773
1,BAT,774
1,BAT,775
1,BAT,776
1,BAT,777
1,BAT,778
1,BAT,779
1,BAT,780
1,BAT,781
1,BAT,782
1,BAT,783
1,BAT,784
1,BAT,785
1,BAT,786
1,BAT,787
1,BAT,788
1,BAT,789
1,BAT,790
1,BAT,791
1,BAT,792
1,BAT,793
1,BAT,794
1,BAT,795
1,BAT,796
1,BAT,797
1,BAT,798
1,BAT,799
1,BAT,800
1,BAT,801
1,BAT,802
1,BAT,803
1,BAT,804
1,BAT,805
1,BAT,806
1,BAT,807
1,BAT,808
1,BAT,809
1,BAT,810
1,BAT,811
1,BAT,812
1,BAT,813
1,BAT,814
1,BAT,815
1,BAT,816
1,BAT,817
1,BAT,818
1,BAT,819
1,BAT,820
1,BAT,821
1,BAT,822
1,BAT,823
1,BAT,824
1,BAT,825
1,BAT,826
1,BAT,827
1,BAT,828
1,BAT,829
1,BAT,830
1,BAT,831
1,BAT,832
1,BAT,833
1,BAT,834
1,BAT,835
1,BAT,836
1,BAT,837
1,BAT,838
1,BAT,839
1,BAT,840
1,BAT,841
1,BAT,842
1,BAT,843
1,BAT,844
1,BAT,845
1,BAT,846
1,BAT,847
1,BAT,848
1,BAT,849
1,BAT,850
1,BAT,851
1,BAT,852
1,BAT,853
1,BAT,854
1,BAT,855
1,BAT,856
1,BAT,857
1,BAT,858
1,BAT,859
1,BAT,860
1,BAT,861
1,BAT,862
1,BAT,863
1,BAT,864
1,BAT,865
1,BAT,866
1,BAT,867
1,BAT,868
1,BAT,869
1,BAT,870
1,BAT,871
1,BAT,872
1,BAT,873
1,BAT,874
1,BAT,875
1,BAT,876
1,BAT,877
1,BAT,878
1,BAT,879
1,BAT,880
1,BAT,881
1,BAT,882
1,BAT,883
1,BAT,884
1,BAT,885
1,BAT,886
1,BAT,887
1,BAT,888
1,BAT,889
1,BAT,890
1,BAT,891
1,BAT,892
1,BAT,893
1,BAT,894
1,BAT,895
1,BAT,896
1,BAT,897
1,BAT,898
1,BAT,899
1,BAT,900
1,BAT,901
1,BAT,902
1,BAT,903
1,BAT,904
1,BAT,905
1,BAT,906
1,BAT,907
1,BAT,908
1,BAT,909
1,BAT,910
1,BAT,911
1,BAT,912
1,BAT,913
1,BAT,914
1,BAT,915
1,BAT,916
1,BAT,917
0,BAT,918
0,BAT,919
0,BAT,920
0,BAT,921
0,BAT,922
0,BAT,923
0,BAT,924
0,BAT,925
0,BAT,926
0,BAT,927
0,BAT,928
0,BAT,929
0,BAT,930
0,BAT,931
0,BAT,932
0,BAT,933
0,BAT,934
0,BAT,935
0,BAT,936
0,BAT,937
0,BAT,938
0,BAT,939
0,BAT,940
0,BAT,941
0,BAT,942
0,BAT,943
0,BAT,944
0,BAT,945
0,BAT,946
0,BAT,947
0,BAT,948
0,BAT,949
0,BAT,950
0,BAT,951
0,BAT,952
0,BAT,953
0,BAT,954
0,BAT,955
0,BAT,956
0,BAT,957
0,BAT,958
0,BAT,959
0,BAT,960
0,BAT,961
0,BAT,962
0,BAT,963
0,BAT,964
0,BAT,965
0,BAT,966
0,BAT,967
0,BAT,968
0,BAT,969
0,BAT,970
0,BAT,971
0,BAT,972
0,BAT,973
0,BAT,974
0,BAT,975
0,BAT,976
0,BAT,977
0,BAT,978
0,BAT,979
0,BAT,980
0,BAT,981
0,BAT,982
0,BAT,983
0,BAT,984
0,BAT,985
0,BAT,986
0,BAT,987
0,BAT,988
0,BAT,989
0,BAT,990
0,BAT,991
0,BAT,992
0,BAT,993
0,BAT,994
0,BAT,995
0,BAT,996
0,BAT,997
0,BAT,998
0,BAT,999
0,BAT,1000
0,BAT,1001
0,BAT,1002
0,BAT,1003
0,BAT,1004
0,BAT,1005
0,BAT,1006
0,BAT,1007
0,BAT,1008
0,BAT,1009
0,BAT,1010
0,BAT,1011
0,BAT,1012
0,BAT,1013
0,BAT,1014
0,BAT,1015
0,BAT,1016
0,BAT,1017
0,BAT,1018
0,BAT,1019
0,BAT,1020
0,BAT,1021
0,BAT,1022
0,BAT,1023
0,BAT,1024
0,BAT,1025
0,BAT,1026
0,BAT,1027
0,BAT,1028
0,BAT,1029
0,BAT,1030
0,BAT,1031
0,BAT,1032
0,BAT,1033
0,BAT,1034
0,BAT,1035
0,BAT,1036
0,BAT,1037
0,BAT,1038
0,BAT,1039
0,BAT,1040
0,BAT,1041
0,BAT,1042
0,BAT,1043
0,BAT,1044
0,BAT,1045
0,BAT,1046
0,BAT,1047
0,BAT,1048
0,BAT,1049
0,BAT,1050
0,BAT,1051
0,BAT,1052
0,BAT,1053
0,BAT,1054
0,BAT,1055
0,BAT,1056
0,BAT,1057
0,BAT,1058
0,BAT,1059
0,BAT,1060
0,BAT,1061
0,BAT,1062
0,BAT,1063
0,BAT,1064
0,BAT,1065
0,BAT,1066
0,BAT,1067
0,BAT,1068
0,BAT,1069
0,BAT,1070
0,BAT,1071
0,BAT,1072
0,BAT,1073
0,BAT,1074
0,BAT,1075
0,BAT,1076
0,BAT,1077
0,BAT,1078
0,BAT,1079
0,BAT,1080
0,BAT,1081
0,BAT,1082
0,BAT,1083
0,BAT,1084
0,BAT,1085
0,BAT,1086
0,BAT,1087
0,BAT,1088
0,BAT,1089
0,BAT,1090
0,BAT,1091
0,BAT,1092
0,BAT,1093
0,BAT,1094
0,BAT,1095
0,BAT,1096
0,BAT,1097
0,BAT,1098
0,BAT,1099
0,BAT,1100
0,BAT,1101
0,BAT,1102
0,BAT,1103
0,BAT,1104
0,BAT,1105
0,BAT,1106
0,BAT,1107
0,BAT,1108
0,BAT,1109
0,BAT,1110
0,BAT,1111
0,BAT,1112
0,BAT,1113
0,BAT,1114
0,BAT,1115
0,BAT,1116
0,BAT,1117
0,BAT,1118
0,BAT,1119
0,BAT,1120
0,BAT,1121
0,BAT,1122
0,BAT,1123
0,BAT,1124
0,BAT,1125
0,BAT,1126
0,BAT,1127
0,BAT,1128
0,BAT,1129
0,BAT,1130
0,BAT,1131
0,BAT,1132
0,BAT,1133
0,BAT,1134
0,BAT,1135
0,BAT,1136
0,BAT,1137
0,BAT,1138
0,BAT,1139
0,BAT,1140
0,BAT,1141
0,BAT,1142
0,BAT,1143
0,BAT,1144
0,BAT,1145
0,BAT,1146
0,BAT,1147
0,BAT,1148
0,BAT,1149
0,BAT,1150
0,BAT,1151
0,BAT,1152
0,BAT,1153
0,BAT,1154
0,BAT,1155
0,BAT,1156
0,BAT,1157
0,BAT,1158
0,BAT,1159
0,BAT,1160
0,BAT,1161
0,BAT,1162
0,BAT,1163
0,BAT,1164
0,BAT,1165
0,BAT,1166
0,BAT,1167
0,BAT,1168
0,BAT,1169
0,BAT,1170
0,BAT,1171
0,BAT,1172
0,BAT,1173
0,BAT,1174
0,BAT,1175
0,BAT,1176
0,BAT,1177
0,BAT,1178
0,BAT,1179
0,BAT,1180
0,BAT,1181
0,BAT,1182
0,BAT,1183
0,BAT,1184
0,BAT,1185
0,BAT,1186
0,BAT,1187
0,BAT,1188
0,BAT,1189
0,BAT,1190
0,BAT,1191
0,BAT,1192
0,BAT,1193
0,BAT,1194
0,BAT,1195
0,BAT,1196
0,BAT,1197
0,BAT,1198
0,BAT,1199
0,BAT,1200
0,BAT,1201
0,BAT,1202
0,BAT,1203
0,BAT,1204
0,BAT,1205
0,BAT,1206
0,BAT,1207
0,BAT,1208
0,BAT,1209
0,BAT,1210
0,BAT,1211
0,BAT,1212
0,BAT,1213
0,BAT,1214
0,BAT,1215
0,BAT,1216
0,BAT,1217
0,BAT,1218
0,BAT,1219
0,BAT,1220
0,BAT,1221
0,BAT,1222
0,BAT,1223
0,BAT,1224
0,BAT,1225
0,BAT,1226
0,BAT,1227
0,BAT,1228
0,BAT,1229
0,BAT,1230
0,BAT,1231
0,BAT,1232
0,BAT,1233
0,BAT,1234
0,BAT,1235
0,BAT,1236
0,BAT,1237
0,BAT,1238
0,BAT,1239
0,BAT,1240
0,BAT,1241
0,BAT,1242
0,BAT,1243
0,BAT,1244
0,BAT,1245
0,BAT,1246
0,BAT,1247
0,BAT,1248
0,BAT,1249
0,BAT,1250
0,BAT,1251
0,BAT,1252
0,BAT,1253
0,BAT,1254
0,BAT,1255
0,BAT,1256
0,BAT,1257
0,BAT,1258
0,BAT,1259
0,BAT,1260
0,BAT,1261
0,BAT,1262
0,BAT,1263
0,BAT,1264
0,BAT,1265
0,BAT,1266
0,BAT,1267
0,BAT,1268
0,BAT,1269
0,BAT,1270
0,BAT,1271
0,BAT,1272
0,BAT,1273
0,BAT,1274
0,BAT,1275
0,BAT,1276
0,BAT,1277
0,BAT,1278
0,BAT,1279
0,BAT,1280
0,BAT,1281
0,BAT,1282
0,BAT,1283
0,BAT,1284
0,BAT,1285
0,BAT,1286
0,BAT,1287
0,BAT,1288
0,BAT,1289
0,BAT,1290
0,BAT,1291
0,BAT,1292
0,BAT,1293
0,BAT,1294
0,BAT,1295
0,BAT,1296
0,BAT,1297
0,BAT,1298
0,BAT,1299
0,BAT,1300
0,BAT,1301
0,BAT,1302
0,BAT,1303
0,BAT,1304
0,BAT,1305
0,BAT,1306
0,BAT,1307
0,BAT,1308
0,BAT,1309
0,BAT,1310
0,BAT,1311
0,BAT,1312
0,BAT,1313
0,BAT,1314
0,BAT,1315
0,BAT,1316
0,BAT,1317
1,FID,6293
1,FID,6294
1,FID,6295
1,FID,6296
1,FID,6297
1,FID,6298
1,FID,6299
1,FID,6300
1,FID,6301
1,FID,6302
1,FID,6303
1,FID,6304
1,FID,6305
1,FID,6306
1,FID,6307
1,FID,6308
1,FID,6309
1,FID,6310
1,FID,6311
1,FID,6312
1,FID,6313
1,FID,6314
1,FID,6315
1,FID,6316
1,FID,6317
1,FID,6318
1,FID,6319
1,FID,6320
1,FID,6321
1,FID,6322
1,FID,6323
1,FID,6324
1,FID,6325
1,FID,6326
1,FID,6327
1,FID,6328
1,FID,6329
1,FID,6330
1,FID,6331
1,FID,6332
1,FID,6333
1,FID,6334
1,FID,6335
1,FID,6336
1,FID,6337
1,FID,6338
1,FID,6339
1,FID,6340
1,FID,6341
1,FID,6342
1,FID,6343
1,FID,6344
1,FID,6345
1,FID,6346
1,FID,6347
1,FID,6348
1,FID,6349
1,FID,6350
1,FID,6351
1,FID,6352
1,FID,6353
1,FID,6354
1,FID,6355
1,FID,6356
1,FID,6357
1,FID,6358
1,FID,6359
1,FID,6360
1,FID,6361
1,FID,6362
1,FID,6363
1,FID,6364
1,FID,6365
1,FID,6366
1,FID,6367
1,FID,6368
1,FID,6369
1,FID,6370
1,FID,6371
1,FID,6372
1,FID,6373
1,FID,6374
1,FID,6375
1,FID,6376
1,FID,6377
1,FID,6378
1,FID,6379
1,FID,6380
1,FID,6381
1,FID,6382
1,FID,6383
1,FID,6384
1,FID,6385
1,FID,6386
1,FID,6387
1,FID,6388
1,FID,6389
1,FID,6390
1,FID,6391
1,FID,6392
1,FID,6393
1,FID,6394
1,FID,6395
1,FID,6396
1,FID,6397
1,FID,6398
1,FID,6399
1,FID,6400
1,FID,6401
1,FID,6402
1,FID,6403
1,FID,6404
1,FID,6405
1,FID,6406
1,FID,6407
1,FID,6408
1,FID,6409
1,FID,6410
1,FID,6411
1,FID,6412
1,FID,6413
1,FID,6414
1,FID,6415
1,FID,6416
1,FID,6417
1,FID,6418
1,FID,6419
1,FID,6420
1,FID,6421
1,FID,6422
1,FID,6423
1,FID,6424
1,FID,6425
1,FID,6426
1,FID,6427
1,FID,6428
1,FID,6429
1,FID,6430
1,FID,6431
1,FID,6432
1,FID,6433
1,FID,6434
1,FID,6435
1,FID,6436
1,FID,6437
1,FID,6438
1,FID,6439
1,FID,6440
1,FID,6441
1,FID,6442
1,FID,6443
1,FID,6444
1,FID,6445
1,FID,6446
1,FID,6447
1,FID,6448
1,FID,6449
1,FID,6450
1,FID,6451
1,FID,6452
1,FID,6453
1,FID,6454
1,FID,6455
1,FID,6456
1,FID,6457
1,FID,6458
1,FID,6459
1,FID,6460
1,FID,6461
1,FID,6462
1,FID,6463
1,FID,6464
1,FID,6465
1,FID,6466
1,FID,6467
1,FID,6468
1,FID,6469
1,FID,6470
1,FID,6471
1,FID,6472
1,FID,6473
1,FID,6474
1,FID,6475
1,FID,6476
1,FID,6477
1,FID,6478
1,FID,6479
1,FID,6480
1,FID,6481
1,FID,6482
1,FID,6483
1,FID,6484
1,FID,6485
1,FID,6486
1,FID,6487
1,FID,6488
1,FID,6489
1,FID,6490
1,FID,6491
1,FID,6492
1,FID,6493
1,FID,6494
1,FID,6495
1,FID,6496
1,FID,6497
1,FID,6498
1,FID,6499
1,FID,6500
1,FID,6501
1,FID,6502
1,FID,6503
1,FID,6504
1,FID,6505
1,FID,6506
1,FID,6507
1,FID,6508
1,FID,6509
1,FID,6510
1,FID,6511
1,FID,6512
1,FID,6513
1,FID,6514
1,FID,6515
1,FID,6516
1,FID,6517
1,FID,6518
1,FID,6519
1,FID,6520
1,FID,6521
1,FID,6522
1,FID,6523
1,FID,6524
1,FID,6525
1,FID,6526
1,FID,6527
1,FID,6528
1,FID,6529
1,FID,6530
1,FID,6531
1,FID,6532
1,FID,6533
1,FID,6534
1,FID,6535
1,FID,6536
1,FID,6537
1,FID,6538
1,FID,6539
1,FID,6540
1,FID,6541
1,FID,6542
1,FID,6543
1,FID,6544
1,FID,6545
1,FID,6546
1,FID,6547
1,FID,6548
1,FID,6549
1,FID,6550
1,FID,6551
1,FID,6552
1,FID,6553
1,FID,6554
1,FID,6555
1,FID,6556
1,FID,6557
1,FID,6558
1,FID,6559
1,FID,6560
1,FID,6561
1,FID,6562
1,FID,6563
1,FID,6564
1,FID,6565
1,FID,6566
1,FID,6567
1,FID,6568
1,FID,6569
1,FID,6570
1,FID,6571
1,FID,6572
1,FID,6573
1,FID,6574
1,FID,6575
1,FID,6576
1,FID,6577
1,FID,6578
1,FID,6579
1,FID,6580
1,FID,6581
1,FID,6582
1,FID,6583
1,FID,6584
1,FID,6585
1,FID,6586
1,FID,6587
1,FID,6588
1,FID,6589
1,FID,6590
1,FID,6591
1,FID,6592
1,FID,6593
1,FID,6594
1,FID,6595
1,FID,6596
1,FID,6597
1,FID,6598
1,FID,6599
1,FID,6600
1,FID,6601
1,FID,6602
1,FID,6603
1,FID,6604
1,FID,6605
1,FID,6606
1,FID,6607
1,FID,6608
1,FID,6609
1,FID,6610
1,FID,6611
1,FID,6612
1,FID,6613
1,FID,6614
1,FID,6615
1,FID,6616
1,FID,6617
1,FID,6618
1,FID,6619
1,FID,6620
1,FID,6621
1,FID,6622
1,FID,6623
1,FID,6624
1,FID,6625
1,FID,6626
1,FID,6627
1,FID,6628
1,FID,6629
1,FID,6630
1,FID,6631
1,FID,6632
1,FID,6633
1,FID,6634
1,FID,6635
1,FID,6636
1,FID,6637
1,FID,6638
1,FID,6639
1,FID,6640
1,FID,6641
1,FID,6642
1,FID,6643
1,FID,6644
1,FID,6645
1,FID,6646
1,FID,6647
1,FID,6648
1,FID,6649
1,FID,6650
1,FID,6651
1,FID,6652
1,FID,6653
1,FID,6654
1,FID,6655
1,FID,6656
1,FID,6657
1,FID,6658
1,FID,6659
1,FID,6660
1,FID,6661
1,FID,6662
1,FID,6663
1,FID,6664
1,FID,6665
1,FID,6666
1,FID,6667
1,FID,6668
1,FID,6669
1,FID,6670
1,FID,6671
1,FID,6672
1,FID,6673
1,FID,6674
1,FID,6675
1,FID,6676
1,FID,6677
1,FID,6678
1,FID,6679
1,FID,6680
1,FID,6681
1,FID,6682
1,FID,6683
1,FID,6684
1,FID,6685
1,FID,6686
1,FID,6687
1,FID,6688
1,FID,6689
1,FID,6690
1,FID,6691
1,FID,6692
1,FID,6693
1,FID,6694
1,FID,6695
1,FID,6696
1,FID,6697
1,FID,6698
1,FID,6699
1,FID,6700
1,FID,6701
1,FID,6702
1,FID,6703
1,FID,6704
1,FID,6705
1,FID,6706
1,FID,6707
1,FID,6708
1,FID,6709
1,FID,6710
1,FID,6711
1,FID,6712
1,FID,6713
1,FID,6714
1,FID,6715
1,FID,6716
1,FID,6717
1,FID,6718
1,FID,6719
1,FID,6720
1,FID,6721
1,FID,6722
1,FID,6723
1,FID,6724
1,FID,6725
1,FID,6726
1,FID,6727
1,FID,6728
1,FID,6729
1,FID,6730
1,FID,6731
1,FID,6732
1,FID,6733
1,FID,6734
1,FID,6735
1,FID,6736
1,FID,6737
1,FID,6738
1,FID,6739
1,FID,6740
1,FID,6741
1,FID,6742
1,FID,6743
1,FID,6744
1,FID,6745
1,FID,6746
1,FID,6747
1,FID,6748
1,FID,6749
1,FID,6750
1,FID,6751
1,FID,6752
1,FID,6753
1,FID,6754
1,FID,6755
1,FID,6756
1,FID,6757
1,FID,6758
1,FID,6759
1,FID,6760
1,FID,6761
1,FID,6762
1,FID,6763
1,FID,6764
1,FID,6765
1,FID,6766
1,FID,6767
1,FID,6768
1,FID,6769
1,FID,6770
1,FID,6771
1,FID,6772
1,FID,6773
1,FID,6774
1,FID,6775
1,FID,6776
1,FID,6777
1,FID,6778
1,FID,6779
1,FID,6780
1,FID,6781
1,FID,6782
1,FID,6783
1,FID,6784
1,FID,6785
1,FID,6786
1,FID,6787
1,FID,6788
1,FID,6789
1,FID,6790
1,FID,6791
1,FID,6792
1,FID,6793
1,FID,6794
1,FID,6795
1,FID,6796
1,FID,6797
1,FID,6798
1,FID,6799
1,FID,6800
1,FID,6801
1,FID,6802
1,FID,6803
1,FID,6804
1,FID,6805
1,FID,6806
1,FID,6807
1,FID,6808
1,FID,6809
1,FID,6810
1,FID,6811
1,FID,6812
1,FID,6813
1,FID,6814
1,FID,6815
1,FID,6816
1,FID,6817
1,FID,6818
1,FID,6819
1,FID,6820
1,FID,6821
1,FID,6822
1,FID,6823
1,FID,6824
1,FID,6825
1,FID,6826
1,FID,6827
1,FID,6828
1,FID,6829
1,FID,6830
1,FID,6831
1,FID,6832
1,FID,6833
1,FID,6834
1,FID,6835
1,FID,6836
1,FID,6837
1,FID,6838
1,FID,6839
1,FID,6840
1,FID,6841
1,FID,6842
1,FID,6843
1,FID,6844
1,FID,6845
1,FID,6846
1,FID,6847
1,FID,6848
1,FID,6849
1,FID,6850
1,FID,6851
1,FID,6852
1,FID,6853
1,FID,6854
1,FID,6855
1,FID,6856
1,FID,6857
1,FID,6858
1,FID,6859
1,FID,6860
1,FID,6861
1,FID,6862
1,FID,6863
1,FID,6864
1,FID,6865
1,FID,6866
1,FID,6867
1,FID,6868
1,FID,6869
1,FID,6870
1,FID,6871
1,FID,6872
1,FID,6873
1,FID,6874
1,FID,6875
1,FID,6876
1,FID,6877
1,FID,6878
1,FID,6879
1,FID,6880
1,FID,6881
1,FID,6882
1,FID,6883
1,FID,6884
1,FID,6885
1,FID,6886
1,FID,6887
1,FID,6888
1,FID,6889
1,FID,6890
1,FID,6891
1,FID,6892
1,FID,6893
1,FID,6894
1,FID,6895
1,FID,6896
1,FID,6897
1,FID,6898
1,FID,6899
1,FID,6900
1,FID,6901
1,FID,6902
1,FID,6903
1,FID,6904
1,FID,6905
1,FID,6906
1,FID,6907
1,FID,6908
1,FID,6909
1,FID,6910
1,FID,6911
1,FID,6912
1,FID,6913
1,FID,6914
1,FID,6915
1,FID,6916
1,FID,6917
1,FID,6918
1,FID,6919
1,FID,6920
1,FID,6921
1,FID,6922
1,FID,6923
1,FID,6924
1,FID,6925
1,FID,6926
1,FID,6927
1,FID,6928
1,FID,6929
1,FID,6930
1,FID,6931
1,FID,6932
1,FID,6933
1,FID,6934
1,FID,6935
1,FID,6936
1,FID,6937
1,FID,6938
1,FID,6939
1,FID,6940
1,FID,6941
1,FID,6942
1,FID,6943
1,FID,6944
1,FID,6945
1,FID,6946
1,FID,6947
1,FID,6948
1,FID,6949
1,FID,6950
1,FID,6951
1,FID,6952
1,FID,6953
1,FID,6954
1,FID,6955
1,FID,6956
1,FID,6957
1,FID,6958
1,FID,6959
1,FID,6960
1,FID,6961
1,FID,6962
1,FID,6963
1,FID,6964
1,FID,6965
1,FID,6966
1,FID,6967
1,FID,6968
1,FID,6969
1,FID,6970
1,FID,6971
1,FID,6972
1,FID,6973
1,FID,6974
1,FID,6975
1,FID,6976
1,FID,6977
1,FID,6978
1,FID,6979
1,FID,6980
1,FID,6981
1,FID,6982
1,FID,6983
1,FID,6984
1,FID,6985
1,FID,6986
1,FID,6987
1,FID,6988
1,FID,6989
1,FID,6990
1,FID,6991
1,FID,6992
1,FID,6993
1,FID,6994
1,FID,6995
1,FID,6996
1,FID,6997
1,FID,6998
1,FID,6999
1,FID,7000
1,FID,7001
1,FID,7002
1,FID,7003
1,FID,7004
1,FID,7005
1,FID,7006
1,FID,7007
1,FID,7008
1,FID,7009
1,FID,7010
1,FID,7011
1,FID,7012
1,FID,7013
1,FID,7014
1,FID,7015
1,FID,7016
1,FID,7017
1,FID,7018
1,FID,7019
1,FID,7020
1,FID,7021
1,FID,7022
1,FID,7023
1,FID,7024
1,FID,7025
1,FID,7026
1,FID,7027
1,FID,7028
1,FID,7029
1,FID,7030
1,FID,7031
1,FID,7032
1,FID,7033
1,FID,7034
1,FID,7035
1,FID,7036
1,FID,7037
1,FID,7038
1,FID,7039
1,FID,7040
1,FID,7041
1,FID,7042
1,FID,7043
1,FID,7044
1,FID,7045
1,FID,7046
1,FID,7047
1,FID,7048
1,FID,7049
1,FID,7050
1,FID,7051
1,FID,7052
1,FID,7053
1,FID,7054
1,FID,7055
1,FID,7056
1,FID,7057
1,FID,7058
1,FID,7059
1,FID,7060
1,FID,7061
1,FID,7062
1,FID,7063
1,FID,7064
1,FID,7065
1,FID,7066
1,FID,7067
1,FID,7068
1,FID,7069
1,FID,7070
1,FID,7071
1,FID,7072
1,FID,7073
1,FID,7074
1,FID,7075
1,FID,7076
1,FID,7077
1,FID,7078
1,FID,7079
1,FID,7080
1,FID,7081
1,FID,7082
1,FID,7083
1,FID,7084
1,FID,7085
1,FID,7086
1,FID,7087
1,FID,7088
1,FID,7089
1,FID,7090
1,FID,7091
1,FID,7092
1,FID,7093
1,FID,7094
1,FID,7095
1,FID,7096
1,FID,7097
1,FID,7098
1,FID,7099
1,FID,7100
1,FID,7101
1,FID,7102
1,FID,7103
1,FID,7104
1,FID,7105
1,FID,7106
1,FID,7107
1,FID,7108
1,FID,7109
1,FID,7110
1,FID,7111
1,FID,7112
1,FID,7113
1,FID,7114
1,FID,7115
1,FID,7116
1,FID,7117
1,FID,7118
1,FID,7119
1,FID,7120
1,FID,7121
1,FID,7122
1,FID,7123
1,FID,7124
1,FID,7125
1,FID,7126
1,FID,7127
1,FID,7128
1,FID,7129
1,FID,7130
1,FID,7131
1,FID,7132
1,FID,7133
1,FID,7134
1,FID,7135
1,FID,7136
1,FID,7137
1,FID,7138
1,FID,7139
1,FID,7140
1,FID,7141
1,FID,7142
1,FID,7143
1,FID,7144
1,FID,7145
1,FID,7146
1,FID,7147
1,FID,7148
1,FID,7149
1,FID,7150
1,FID,7151
1,FID,7152
1,FID,7153
1,FID,7154
1,FID,7155
1,FID,7156
1,FID,7157
1,FID,7158
1,FID,7159
1,FID,7160
1,FID,7161
1,FID,7162
1,FID,7163
1,FID,7164
1,FID,7165
1,FID,7166
1,FID,7167
1,FID,7168
1,FID,7169
1,FID,7170
1,FID,7171
1,FID,7172
1,FID,7173
1,FID,7174
1,FID,7175
1,FID,7176
1,FID,7177
1,FID,7178
1,FID,7179
1,FID,7180
1,FID,7181
1,FID,7182
1,FID,7183
1,FID,7184
1,FID,7185
1,FID,7186
1,FID,7187
1,FID,7188
1,FID,7189
1,FID,7190
1,FID,7191
1,FID,7192
1,FID,7193
1,FID,7194
1,FID,7195
1,FID,7196
1,FID,7197
1,FID,7198
1,FID,7199
1,FID,7200
1,FID,7201
1,FID,7202
1,FID,7203
1,FID,7204
1,FID,7205
1,FID,7206
1,FID,7207
1,FID,7208
1,FID,7209
1,FID,7210
1,FID,7211
1,FID,7212
1,FID,7213
1,FID,7214
1,FID,7215
1,FID,7216
1,FID,7217
1,FID,7218
1,FID,7219
1,FID,7220
1,FID,7221
1,FID,7222
1,FID,7223
1,FID,7224
1,FID,7225
1,FID,7226
1,FID,7227
1,FID,7228
1,FID,7229
1,FID,7230
1,FID,7231
1,FID,7232
1,FID,7233
1,FID,7234
1,FID,7235
1,FID,7236
1,FID,7237
1,FID,7238
1,FID,7239
1,FID,7240
1,FID,7241
1,FID,7242
1,FID,7243
1,FID,7244
1,FID,7245
1,FID,7246
1,FID,7247
1,FID,7248
1,FID,7249
1,FID,7250
1,FID,7251
1,FID,7252
1,FID,7253
1,FID,7254
1,FID,7255
1,FID,7256
1,FID,7257
1,FID,7258
1,FID,7259
1,FID,7260
1,FID,7261
1,FID,7262
1,FID,7263
1,FID,7264
1,FID,7265
1,FID,7266
1,FID,7267
1,FID,7268
1,FID,7269
1,FID,7270
1,FID,7271
1,FID,7272
1,FID,7273
1,FID,7274
1,FID,7275
1,FID,7276
1,FID,7277
1,FID,7278
1,FID,7279
1,FID,7280
1,FID,7281
1,FID,7282
1,FID,7283
1,FID,7284
1,FID,7285
1,FID,7286
1,FID,7287
1,FID,7288
1,FID,7289
1,FID,7290
1,FID,7291
1,FID,7292
1,FID,7293
1,FID,7294
1,FID,7295
1,FID,7296
1,FID,7297
1,FID,7298
1,FID,7299
1,FID,7300
1,FID,7301
1,FID,7302
1,FID,7303
1,FID,7304
1,FID,7305
1,FID,7306
1,FID,7307
1,FID,7308
1,FID,7309
1,FID,7310
1,FID,7311
1,FID,7312
1,FID,7313
1,FID,7314
1,FID,7315
1,FID,7316
1,FID,7317
1,FID,7318
1,FID,7319
1,FID,7320
1,FID,7321
1,FID,7322
1,FID,7323
1,FID,7324
1,FID,7325
1,FID,7326
1,FID,7327
1,FID,7328
1,FID,7329
1,FID,7330
1,FID,7331
1,FID,7332
1,FID,7333
1,FID,7334
1,FID,7335
1,FID,7336
1,FID,7337
1,FID,7338
1,FID,7339
1,FID,7340
1,FID,7341
1,FID,7342
1,FID,7343
1,FID,7344
1,FID,7345
1,FID,7346
1,FID,7347
1,FID,7348
1,FID,7349
1,FID,7350
1,FID,7351
1,FID,7352
1,FID,7353
1,FID,7354
1,FID,7355
1,FID,7356
1,FID,7357
1,FID,7358
1,FID,7359
1,FID,7360
1,FID,7361
1,FID,7362
1,FID,7363
1,FID,7364
1,FID,7365
1,FID,7366
1,FID,7367
1,FID,7368
1,FID,7369
1,FID,7370
1,FID,7371
1,FID,7372
1,FID,7373
1,FID,7374
1,FID,7375
1,FID,7376
1,FID,7377
1,FID,7378
1,FID,7379
1,FID,7380
1,FID,7381
1,FID,7382
1,FID,7383
1,FID,7384
1,FID,7385
1,FID,7386
1,FID,7387
1,FID,7388
1,FID,7389
1,FID,7390
1,FID,7391
1,FID,7392
1,FID,7393
1,FID,7394
1,FID,7395
1,FID,7396
1,FID,7397
1,FID,7398
1,FID,7399
1,FID,7400
1,FID,7401
1,FID,7402
1,FID,7403
1,FID,7404
1,FID,7405
1,FID,7406
1,FID,7407
1,FID,7408
1,FID,7409
1,FID,7410
1,FID,7411
1,FID,7412
1,FID,7413
1,FID,7414
1,FID,7415
1,FID,7416
1,FID,7417
1,FID,7418
1,FID,7419
1,FID,7420
1,FID,7421
1,FID,7422
1,FID,7423
1,FID,7424
1,FID,7425
1,FID,7426
1,FID,7427
1,FID,7428
1,FID,7429
1,FID,7430
1,FID,7431
1,FID,7432
1,FID,7433
1,FID,7434
1,FID,7435
1,FID,7436
1,FID,7437
1,FID,7438
1,FID,7439
1,FID,7440
1,FID,7441
1,FID,7442
1,FID,7443
1,FID,7444
1,FID,7445
1,FID,7446
1,FID,7447
1,FID,7448
1,FID,7449
1,FID,7450
1,FID,7451
1,FID,7452
1,FID,7453
1,FID,7454
1,FID,7455
1,FID,7456
1,FID,7457
1,FID,7458
1,FID,7459
1,FID,7460
1,FID,7461
1,FID,7462
1,FID,7463
1,FID,7464
1,FID,7465
1,FID,7466
1,FID,7467
1,FID,7468
1,FID,7469
1,FID,7470
1,FID,7471
1,FID,7472
1,FID,7473
1,FID,7474
1,FID,7475
1,FID,7476
1,FID,7477
1,FID,7478
1,FID,7479
1,FID,7480
1,FID,7481
1,FID,7482
1,FID,7483
1,FID,7484
1,FID,7485
1,FID,7486
1,FID,7487
1,FID,7488
1,FID,7489
1,FID,7490
1,FID,7491
1,FID,7492
1,FID,7493
1,FID,7494
1,FID,7495
1,FID,7496
1,FID,7497
1,FID,7498
1,FID,7499
1,FID,7500
1,FID,7501
1,FID,7502
1,FID,7503
1,FID,7504
1,FID,7505
1,FID,7506
1,FID,7507
1,FID,7508
1,FID,7509
1,FID,7510
1,FID,7511
1,FID,7512
1,FID,7513
1,FID,7514
1,FID,7515
1,FID,7516
1,FID,7517
1,FID,7518
1,FID,7519
1,FID,7520
1,FID,7521
1,FID,7522
1,FID,7523
1,FID,7524
1,FID,7525
1,FID,7526
1,FID,7527
1,FID,7528
1,FID,7529
1,FID,7530
1,FID,7531
1,FID,7532
1,FID,7533
1,FID,7534
1,FID,7535
1,FID,7536
1,FID,7537
1,FID,7538
1,FID,7539
1,FID,7540
1,FID,7541
1,FID,7542
1,FID,7543
1,FID,7544
1,FID,7545
1,FID,7546
1,FID,7547
1,FID,7548
1,FID,7549
1,FID,7550
1,FID,7551
1,FID,7552
1,FID,7553
1,FID,7554
1,FID,7555
1,FID,7556
1,FID,7557
1,FID,7558
1,FID,7559
1,FID,7560
1,FID,7561
1,FID,7562
1,FID,7563
1,FID,7564
1,FID,7565
1,FID,7566
1,FID,7567
1,FID,7568
1,FID,7569
1,FID,7570
1,FID,7571
1,FID,7572
1,FID,7573
1,FID,7574
1,FID,7575
1,FID,7576
1,FID,7577
1,FID,7578
1,FID,7579
1,FID,7580
1,FID,7581
1,FID,7582
1,FID,7583
1,FID,7584
1,FID,7585
1,FID,7586
1,FID,7587
1,FID,7588
1,FID,7589
1,FID,7590
1,FID,7591
1,FID,7592
1,FID,7593
1,FID,7594
1,FID,7595
1,FID,7596
1,FID,7597
1,FID,7598
1,FID,7599
1,FID,7600
1,FID,7601
1,FID,7602
1,FID,7603
1,FID,7604
1,FID,7605
1,FID,7606
1,FID,7607
1,FID,7608
1,FID,7609
1,FID,7610
1,FID,7611
1,FID,7612
1,FID,7613
1,FID,7614
1,FID,7615
1,FID,7616
1,FID,7617
1,FID,7618
1,FID,7619
1,FID,7620
1,FID,7621
1,FID,7622
1,FID,7623
1,FID,7624
1,FID,7625
1,FID,7626
1,FID,7627
1,FID,7628
1,FID,7629
1,FID,7630
1,FID,7631
1,FID,7632
1,FID,7633
1,FID,7634
1,FID,7635
1,FID,7636
1,FID,7637
1,FID,7638
1,FID,7639
1,FID,7640
1,FID,7641
1,FID,7642
1,FID,7643
1,FID,7644
1,FID,7645
1,FID,7646
1,FID,7647
1,FID,7648
1,FID,7649
1,FID,7650
1,FID,7651
1,FID,7652
1,FID,7653
1,FID,7654
1,FID,7655
1,FID,7656
1,FID,7657
1,FID,7658
1,FID,7659
1,FID,7660
1,FID,7661
1,FID,7662
1,FID,7663
1,FID,7664
1,FID,7665
1,FID,7666
1,FID,7667
1,FID,7668
1,FID,7669
1,FID,7670
1,FID,7671
1,FID,7672
1,FID,7673
1,FID,7674
1,FID,7675
1,FID,7676
1,FID,7677
1,FID,7678
1,FID,7679
1,FID,7680
1,FID,7681
1,FID,7682
1,FID,7683
1,FID,7684
1,FID,7685
1,FID,7686
1,FID,7687
1,FID,7688
1,FID,7689
1,FID,7690
1,FID,7691
1,FID,7692
1,FID,7693
1,FID,7694
1,FID,7695
1,FID,7696
1,FID,7697
1,FID,7698
1,FID,7699
1,FID,7700
1,FID,7701
1,FID,7702
1,FID,7703
1,FID,7704
1,FID,7705
1,FID,7706
1,FID,7707
1,FID,7708
1,FID,7709
1,FID,7710
1,FID,7711
1,FID,7712
1,FID,7713
1,FID,7714
1,FID,7715
1,FID,7716
1,FID,7717
1,FID,7718
1,FID,7719
1,FID,7720
1,FID,7721
1,FID,7722
1,FID,7723
1,FID,7724
1,FID,7725
1,FID,7726
1,FID,7727
1,FID,7728
1,FID,7729
1,FID,7730
1,FID,7731
1,FID,7732
1,FID,7733
1,FID,7734
1,FID,7735
1,FID,7736
1,FID,7737
1,FID,7738
1,FID,7739
1,FID,7740
1,FID,7741
1,FID,7742
1,FID,7743
1,FID,7744
1,FID,7745
1,FID,7746
1,FID,7747
1,FID,7748
1,FID,7749
1,FID,7750
1,FID,7751
1,FID,7752
1,FID,7753
1,FID,7754
1,FID,7755
1,FID,7756
1,FID,7757
1,FID,7758
1,FID,7759
1,FID,7760
1,FID,7761
1,FID,7762
1,FID,7763
1,FID,7764
1,FID,7765
1,FID,7766
1,FID,7767
1,FID,7768
1,FID,7769
1,FID,7770
1,FID,7771
1,FID,7772
1,FID,7773
1,FID,7774
1,FID,7775
1,FID,7776
1,FID,7777
1,FID,7778
1,FID,7779
1,FID,7780
1,FID,7781
1,FID,7782
1,FID,7783
1,FID,7784
1,FID,7785
1,FID,7786
1,FID,7787
1,FID,7788
1,FID,7789
1,FID,7790
1,FID,7791
1,FID,7792
1,FID,7793
1,FID,7794
1,FID,7795
1,FID,7796
1,FID,7797
1,FID,7798
1,FID,7799
1,FID,7800
1,FID,7801
1,FID,7802
1,FID,7803
1,FID,7804
1,FID,7805
1,FID,7806
1,FID,7807
1,FID,7808
1,FID,7809
1,FID,7810
1,FID,7811
1,FID,7812
1,FID,7813
1,FID,7814
1,FID,7815
1,FID,7816
1,FID,7817
1,FID,7818
1,FID,7819
1,FID,7820
1,FID,7821
1,FID,7822
1,FID,7823
1,FID,7824
1,FID,7825
1,FID,7826
1,FID,7827
1,FID,7828
1,FID,7829
1,FID,7830
1,FID,7831
1,FID,7832
1,FID,7833
1,FID,7834
1,FID,7835
1,FID,7836
1,FID,7837
1,FID,7838
1,FID,7839
1,FID,7840
1,FID,7841
1,FID,7842
1,FID,7843
1,FID,7844
1,FID,7845
1,FID,7846
1,FID,7847
1,FID,7848
1,FID,7849
1,FID,7850
1,FID,7851
1,FID,7852
1,FID,7853
1,FID,7854
1,FID,7855
1,FID,7856
1,FID,7857
1,FID,7858
1,FID,7859
1,FID,7860
1,FID,7861
1,FID,7862
1,FID,7863
1,FID,7864
1,FID,7865
1,FID,7866
1,FID,7867
1,FID,7868
1,FID,7869
1,FID,7870
1,FID,7871
1,FID,7872
1,FID,7873
1,FID,7874
1,FID,7875
1,FID,7876
1,FID,7877
1,FID,7878
1,FID,7879
1,FID,7880
1,FID,7881
1,FID,7882
1,FID,7883
1,FID,7884
1,FID,7885
1,FID,7886
1,FID,7887
1,FID,7888
1,FID,7889
1,FID,7890
1,FID,7891
1,FID,7892
1,FID,7893
1,FID,7894
1,FID,7895
1,FID,7896
1,FID,7897
1,FID,7898
1,FID,7899
1,FID,7900
1,FID,7901
1,FID,7902
1,FID,7903
1,FID,7904
1,FID,7905
1,FID,7906
1,FID,7907
1,FID,7908
1,FID,7909
1,FID,7910
1,FID,7911
1,FID,7912
1,FID,7913
1,FID,7914
1,FID,7915
1,FID,7916
1,FID,7917
1,FID,7918
1,FID,7919
1,FID,7920
1,FID,7921
1,FID,7922
1,FID,7923
1,FID,7924
1,FID,7925
1,FID,7926
1,FID,7927
1,FID,7928
1,FID,7929
1,FID,7930
1,FID,7931
1,FID,7932
1,FID,7933
1,FID,7934
1,FID,7935
1,FID,7936
1,FID,7937
1,FID,7938
1,FID,7939
1,FID,7940
1,FID,7941
1,FID,7942
1,FID,7943
1,FID,7944
1,FID,7945
1,FID,7946
1,FID,7947
1,FID,7948
1,FID,7949
1,FID,7950
1,FID,7951
1,FID,7952
1,FID,7953
1,FID,7954
1,FID,7955
1,FID,7956
1,FID,7957
1,FID,7958
1,FID,7959
1,FID,7960
1,FID,7961
1,FID,7962
1,FID,7963
1,FID,7964
1,FID,7965
1,FID,7966
1,FID,7967
1,FID,7968
1,FID,7969
1,FID,7970
1,FID,7971
1,FID,7972
1,FID,7973
1,FID,7974
1,FID,7975
1,FID,7976
1,FID,7977
1,FID,7978
1,FID,7979
1,FID,7980
1,FID,7981
1,FID,7982
1,FID,7983
1,FID,7984
1,FID,7985
1,FID,7986
1,FID,7987
1,FID,7988
1,FID,7989
1,FID,7990
1,FID,7991
1,FID,7992
1,FID,7993
1,FID,7994
1,FID,7995
1,FID,7996
1,FID,7997
1,FID,7998
1,FID,7999
1,FID,8000
1,FID,8001
1,FID,8002
1,FID,8003
1,FID,8004
1,FID,8005
1,FID,8006
1,FID,8007
1,FID,8008
1,FID,8009
1,FID,8010
1,FID,8011
1,FID,8012
1,FID,8013
1,FID,8014
1,FID,8015
1,FID,8016
1,FID,8017
1,FID,8018
1,FID,8019
1,FID,8020
1,FID,8021
1,FID,8022
1,FID,8023
1,FID,8024
1,FID,8025
1,FID,8026
1,FID,8027
1,FID,8028
1,FID,8029
1,FID,8030
1,FID,8031
1,FID,8032
1,FID,8033
1,FID,8034
1,FID,8035
1,FID,8036
1,FID,8037
1,FID,8038
1,FID,8039
1,FID,8040
1,FID,8041
1,FID,8042
1,FID,8043
1,FID,8044
1,FID,8045
1,FID,8046
1,FID,8047
1,FID,8048
1,FID,8049
1,FID,8050
1,FID,8051
1,FID,8052
1,FID,8053
1,FID,8054
1,FID,8055
1,FID,8056
1,FID,8057
1,FID,8058
1,FID,8059
1,FID,8060
1,FID,8061
1,FID,8062
1,FID,8063
1,FID,8064
1,FID,8065
1,FID,8066
1,FID,8067
1,FID,8068
1,FID,8069
1,FID,8070
1,FID,8071
1,FID,8072
1,FID,8073
1,FID,8074
1,FID,8075
1,FID,8076
1,FID,8077
1,FID,8078
1,FID,8079
1,FID,8080
1,FID,8081
1,FID,8082
1,FID,8083
1,FID,8084
1,FID,8085
1,FID,8086
1,FID,8087
1,FID,8088
1,FID,8089
1,FID,8090
1,FID,8091
1,FID,8092
1,FID,8093
1,FID,8094
1,FID,8095
1,FID,8096
1,FID,8097
1,FID,8098
1,FID,8099
1,FID,8100
1,FID,8101
1,FID,8102
1,FID,8103
1,FID,8104
1,FID,8105
1,FID,8106
1,FID,8107
1,FID,8108
1,FID,8109
1,FID,8110
1,FID,8111
1,FID,8112
1,FID,8113
1,FID,8114
1,FID,8115
1,FID,8116
1,FID,8117
1,FID,8118
1,FID,8119
1,FID,8120
1,FID,8121
1,FID,8122
1,FID,8123
1,FID,8124
1,FID,8125
1,FID,8126
1,FID,8127
1,FID,8128
1,FID,8129
1,FID,8130
1,FID,8131
1,FID,8132
1,FID,8133
1,FID,8134
1,FID,8135
1,FID,8136
1,FID,8137
1,FID,8138
1,FID,8139
1,FID,8140
1,FID,8141
1,FID,8142
1,FID,8143
0,FID,8144
0,FID,8145
0,FID,8146
0,FID,8147
0,FID,8148
0,FID,8149
0,FID,8150
0,FID,8151
0,FID,8152
0,FID,8153
0,FID,8154
0,FID,8155
0,FID,8156
0,FID,8157
0,FID,8158
0,FID,8159
0,FID,8160
0,FID,8161
0,FID,8162
0,FID,8163
0,FID,8164
0,FID,8165
0,FID,8166
0,FID,8167
0,FID,8168
0,FID,8169
0,FID,8170
0,FID,8171
0,FID,8172
0,FID,8173
0,FID,8174
0,FID,8175
0,FID,8176
0,FID,8177
0,FID,8178
0,FID,8179
0,FID,8180
0,FID,8181
0,FID,8182
0,FID,8183
0,FID,8184
0,FID,8185
0,FID,8186
0,FID,8187
0,FID,8188
0,FID,8189
0,FID,8190
0,FID,8191
0,FID,8192
0,FID,8193
0,FID,8194
0,FID,8195
0,FID,8196
0,FID,8197
0,FID,8198
0,FID,8199
0,FID,8200
0,FID,8201
0,FID,8202
0,FID,8203
0,FID,8204
0,FID,8205
0,FID,8206
0,FID,8207
0,FID,8208
0,FID,8209
0,FID,8210
0,FID,8211
0,FID,8212
0,FID,8213
0,FID,8214
0,FID,8215
0,FID,8216
0,FID,8217
0,FID,8218
0,FID,8219
0,FID,8220
0,FID,8221
0,FID,8222
0,FID,8223
0,FID,8224
0,FID,8225
0,FID,8226
0,FID,8227
0,FID,8228
0,FID,8229
0,FID,8230
0,FID,8231
0,FID,8232
0,FID,8233
0,FID,8234
0,FID,8235
0,FID,8236
0,FID,8237
0,FID,8238
0,FID,8239
0,FID,8240
0,FID,8241
0,FID,8242
0,FID,8243
0,FID,8244
0,FID,8245
0,FID,8246
0,FID,8247
0,FID,8248
0,FID,8249
0,FID,8250
0,FID,8251
0,FID,8252
0,FID,8253
0,FID,8254
0,FID,8255
0,FID,8256
0,FID,8257
0,FID,8258
0,FID,8259
0,FID,8260
0,FID,8261
0,FID,8262
0,FID,8263
0,FID,8264
0,FID,8265
0,FID,8266
0,FID,8267
0,FID,8268
0,FID,8269
0,FID,8270
0,FID,8271
0,FID,8272
0,FID,8273
0,FID,8274
0,FID,8275
0,FID,8276
0,FID,8277
0,FID,8278
0,FID,8279
0,FID,8280
0,FID,8281
0,FID,8282
0,FID,8283
0,FID,8284
0,FID,8285
0,FID,8286
0,FID,8287
0,FID,8288
0,FID,8289
0,FID,8290
0,FID,8291
0,FID,8292
0,FID,8293
0,FID,8294
0,FID,8295
0,FID,8296
0,FID,8297
0,FID,8298
0,FID,8299
0,FID,8300
0,FID,8301
0,FID,8302
0,FID,8303
0,FID,8304
0,FID,8305
0,FID,8306
0,FID,8307
0,FID,8308
0,FID,8309
0,FID,8310
0,FID,8311
0,FID,8312
0,FID,8313
0,FID,8314
0,FID,8315
0,FID,8316
0,FID,8317
0,FID,8318
0,FID,8319
0,FID,8320
0,FID,8321
0,FID,8322
0,FID,8323
0,FID,8324
0,FID,8325
0,FID,8326
0,FID,8327
0,FID,8328
0,FID,8329
0,FID,8330
0,FID,8331
0,FID,8332
0,FID,8333
0,FID,8334
0,FID,8335
0,FID,8336
0,FID,8337
0,FID,8338
0,FID,8339
0,FID,8340
0,FID,8341
0,FID,8342
0,FID,8343
0,FID,8344
0,FID,8345
0,FID,8346
0,FID,8347
0,FID,8348
0,FID,8349
0,FID,8350
0,FID,8351
0,FID,8352
0,FID,8353
0,FID,8354
0,FID,8355
0,FID,8356
0,FID,8357
0,FID,8358
0,FID,8359
0,FID,8360
0,FID,8361
0,FID,8362
0,FID,8363
0,FID,8364
0,FID,8365
0,FID,8366
0,FID,8367
0,FID,8368
0,FID,8369
0,FID,8370
0,FID,8371
0,FID,8372
0,FID,8373
0,FID,8374
0,FID,8375
0,FID,8376
0,FID,8377
0,FID,8378
0,FID,8379
0,FID,8380
0,FID,8381
0,FID,8382
0,FID,8383
0,FID,8384
0,FID,8385
0,FID,8386
0,FID,8387
0,FID,8388
0,FID,8389
0,FID,8390
0,FID,8391
0,FID,8392
0,FID,8393
0,FID,8394
0,FID,8395
0,FID,8396
0,FID,8397
0,FID,8398
0,FID,8399
0,FID,8400
0,FID,8401
0,FID,8402
0,FID,8403
0,FID,8404
0,FID,8405
0,FID,8406
0,FID,8407
0,FID,8408
0,FID,8409
0,FID,8410
0,FID,8411
0,FID,8412
0,FID,8413
0,FID,8414
0,FID,8415
0,FID,8416
0,FID,8417
0,FID,8418
0,FID,8419
0,FID,8420
0,FID,8421
0,FID,8422
0,FID,8423
0,FID,8424
0,FID,8425
0,FID,8426
0,FID,8427
0,FID,8428
0,FID,8429
0,FID,8430
0,FID,8431
0,FID,8432
0,FID,8433
0,FID,8434
0,FID,8435
0,FID,8436
0,FID,8437
0,FID,8438
0,FID,8439
0,FID,8440
0,FID,8441
0,FID,8442
0,FID,8443
0,FID,8444
0,FID,8445
0,FID,8446
0,FID,8447
0,FID,8448
0,FID,8449
0,FID,8450
0,FID,8451
0,FID,8452
0,FID,8453
0,FID,8454
0,FID,8455
0,FID,8456
0,FID,8457
0,FID,8458
0,FID,8459
0,FID,8460
0,FID,8461
0,FID,8462
0,FID,8463
0,FID,8464
0,FID,8465
0,FID,8466
0,FID,8467
0,FID,8468
0,FID,8469
0,FID,8470
0,FID,8471
0,FID,8472
0,FID,8473
0,FID,8474
0,FID,8475
0,FID,8476
0,FID,8477
0,FID,8478
0,FID,8479
0,FID,8480
0,FID,8481
0,FID,8482
0,FID,8483
0,FID,8484
0,FID,8485
0,FID,8486
0,FID,8487
0,FID,8488
0,FID,8489
0,FID,8490
0,FID,8491
0,FID,8492
0,FID,8493
0,FID,8494
0,FID,8495
0,FID,8496
0,FID,8497
0,FID,8498
0,FID,8499
0,FID,8500
0,FID,8501
0,FID,8502
0,FID,8503
0,FID,8504
0,FID,8505
0,FID,8506
0,FID,8507
0,FID,8508
0,FID,8509
0,FID,8510
0,FID,8511
0,FID,8512
0,FID,8513
0,FID,8514
0,FID,8515
0,FID,8516
0,FID,8517
0,FID,8518
0,FID,8519
0,FID,8520
0,FID,8521
0,FID,8522
0,FID,8523
0,FID,8524
0,FID,8525
0,FID,8526
0,FID,8527
0,FID,8528
0,FID,8529
0,FID,8530
0,FID,8531
0,FID,8532
0,FID,8533
0,FID,8534
0,FID,8535
0,FID,8536
0,FID,8537
0,FID,8538
0,FID,8539
0,FID,8540
0,FID,8541
0,FID,8542
0,FID,8543
0,FID,8544
0,FID,8545
0,FID,8546
0,FID,8547
0,FID,8548
0,FID,8549
0,FID,8550
0,FID,8551
0,FID,8552
0,FID,8553
0,FID,8554
0,FID,8555
0,FID,8556
0,FID,8557
0,FID,8558
0,FID,8559
0,FID,8560
0,FID,8561
0,FID,8562
0,FID,8563
0,FID,8564
0,FID,8565
0,FID,8566
0,FID,8567
0,FID,8568
0,FID,8569
0,FID,8570
0,FID,8571
0,FID,8572
0,FID,8573
0,FID,8574
0,FID,8575
0,FID,8576
0,FID,8577
0,FID,8578
0,FID,8579
0,FID,8580
0,FID,8581
0,FID,8582
0,FID,8583
0,FID,8584
0,FID,8585
0,FID,8586
0,FID,8587
0,FID,8588
0,FID,8589
0,FID,8590
0,FID,8591
0,FID,8592
0,FID,8593
0,FID,8594
0,FID,8595
0,FID,8596
0,FID,8597
0,FID,8598
0,FID,8599
0,FID,8600
0,FID,8601
0,FID,8602
0,FID,8603
0,FID,8604
0,FID,8605
0,FID,8606
0,FID,8607
0,FID,8608
0,FID,8609
0,FID,8610
0,FID,8611
0,FID,8612
0,FID,8613
0,FID,8614
0,FID,8615
0,FID,8616
0,FID,8617
0,FID,8618
0,FID,8619
0,FID,8620
0,FID,8621
0,FID,8622
0,FID,8623
0,FID,8624
0,FID,8625
0,FID,8626
0,FID,8627
0,FID,8628
0,FID,8629
0,FID,8630
0,FID,8631
0,FID,8632
0,FID,8633
0,FID,8634
0,FID,8635
0,FID,8636
0,FID,8637
0,FID,8638
0,FID,8639
0,FID,8640
0,FID,8641
0,FID,8642
0,FID,8643
0,FID,8644
0,FID,8645
0,FID,8646
0,FID,8647
0,FID,8648
0,FID,8649
0,FID,8650
0,FID,8651
0,FID,8652
0,FID,8653
0,FID,8654
0,FID,8655
0,FID,8656
0,FID,8657
0,FID,8658
0,FID,8659
0,FID,8660
0,FID,8661
0,FID,8662
0,FID,8663
0,FID,8664
0,FID,8665
0,FID,8666
0,FID,8667
0,FID,8668
0,FID,8669
0,FID,8670
0,FID,8671
0,FID,8672
0,FID,8673
0,FID,8674
0,FID,8675
0,FID,8676
0,FID,8677
0,FID,8678
0,FID,8679
0,FID,8680
0,FID,8681
0,FID,8682
0,FID,8683
0,FID,8684
0,FID,8685
0,FID,8686
0,FID,8687
0,FID,8688
0,FID,8689
0,FID,8690
0,FID,8691
0,FID,8692
0,FID,8693
0,FID,8694
0,FID,8695
0,FID,8696
0,FID,8697
0,FID,8698
0,FID,8699
0,FID,8700
0,FID,8701
0,FID,8702
0,FID,8703
0,FID,8704
0,FID,8705
0,FID,8706
0,FID,8707
0,FID,8708
0,FID,8709
0,FID,8710
0,FID,8711
0,FID,8712
0,FID,8713
0,FID,8714
0,FID,8715
0,FID,8716
0,FID,8717
0,FID,8718
0,FID,8719
0,FID,8720
0,FID,8721
0,FID,8722
0,FID,8723
0,FID,8724
0,FID,8725
0,FID,8726
0,FID,8727
0,FID,8728
0,FID,8729
0,FID,8730
0,FID,8731
0,FID,8732
0,FID,8733
0,FID,8734
0,FID,8735
0,FID,8736
0,FID,8737
0,FID,8738
0,FID,8739
0,FID,8740
0,FID,8741
0,FID,8742
0,FID,8743
0,FID,8744
0,FID,8745
0,FID,8746
0,FID,8747
0,FID,8748
0,FID,8749
0,FID,8750
0,FID,8751
0,FID,8752
0,FID,8753
0,FID,8754
0,FID,8755
0,FID,8756
0,FID,8757
0,FID,8758
0,FID,8759
0,FID,8760
0,FID,8761
0,FID,8762
0,FID,8763
0,FID,8764
0,FID,8765
0,FID,8766
0,FID,8767
0,FID,8768
0,FID,8769
0,FID,8770
0,FID,8771
0,FID,8772
0,FID,8773
0,FID,8774
0,FID,8775
0,FID,8776
0,FID,8777
0,FID,8778
0,FID,8779
0,FID,8780
0,FID,8781
0,FID,8782
0,FID,8783
0,FID,8784
0,FID,8785
0,FID,8786
0,FID,8787
0,FID,8788
0,FID,8789
0,FID,8790
0,FID,8791
0,FID,8792
0,FID,8793
0,FID,8794
0,FID,8795
0,FID,8796
0,FID,8797
0,FID,8798
0,FID,8799
0,FID,8800
0,FID,8801
0,FID,8802
0,FID,8803
0,FID,8804
0,FID,8805
0,FID,8806
0,FID,8807
0,FID,8808
0,FID,8809
0,FID,8810
0,FID,8811
0,FID,8812
0,FID,8813
0,FID,8814
0,FID,8815
0,FID,8816
0,FID,8817
0,FID,8818
0,FID,8819
0,FID,8820
0,FID,8821
0,FID,8822
0,FID,8823
0,FID,8824
0,FID,8825
0,FID,8826
0,FID,8827
0,FID,8828
0,FID,8829
0,FID,8830
0,FID,8831
0,FID,8832
0,FID,8833
0,FID,8834
0,FID,8835
0,FID,8836
0,FID,8837
0,FID,8838
0,FID,8839
0,FID,8840
0,FID,8841
0,FID,8842
0,FID,8843
0,FID,8844
0,FID,8845
0,FID,8846
0,FID,8847
0,FID,8848
0,FID,8849
0,FID,8850
0,FID,8851
0,FID,8852
0,FID,8853
0,FID,8854
0,FID,8855
0,FID,8856
0,FID,8857
0,FID,8858
0,FID,8859
0,FID,8860
0,FID,8861
0,FID,8862
0,FID,8863
0,FID,8864
0,FID,8865
0,FID,8866
0,FID,8867
0,FID,8868
0,FID,8869
0,FID,8870
0,FID,8871
0,FID,8872
0,FID,8873
0,FID,8874
0,FID,8875
0,FID,8876
0,FID,8877
0,FID,8878
0,FID,8879
0,FID,8880
0,FID,8881
0,FID,8882
0,FID,8883
0,FID,8884
0,FID,8885
0,FID,8886
0,FID,8887
0,FID,8888
0,FID,8889
0,FID,8890
0,FID,8891
0,FID,8892
0,FID,8893
0,FID,8894
0,FID,8895
0,FID,8896
0,FID,8897
0,FID,8898
0,FID,8899
0,FID,8900
0,FID,8901
0,FID,8902
0,FID,8903
0,FID,8904
0,FID,8905
0,FID,8906
0,FID,8907
0,FID,8908
0,FID,8909
0,FID,8910
0,FID,8911
0,FID,8912
0,FID,8913
0,FID,8914
0,FID,8915
0,FID,8916
0,FID,8917
0,FID,8918
0,FID,8919
0,FID,8920
0,FID,8921
0,FID,8922
0,FID,8923
0,FID,8924
0,FID,8925
0,FID,8926
0,FID,8927
0,FID,8928
0,FID,8929
0,FID,8930
0,FID,8931
0,FID,8932
0,FID,8933
0,FID,8934
0,FID,8935
0,FID,8936
0,FID,8937
0,FID,8938
0,FID,8939
0,FID,8940
0,FID,8941
0,FID,8942
0,FID,8943
0,FID,8944
0,FID,8945
0,FID,8946
0,FID,8947
0,FID,8948
0,FID,8949
0,FID,8950
0,FID,8951
0,FID,8952
0,FID,8953
0,FID,8954
0,FID,8955
0,FID,8956
0,FID,8957
0,FID,8958
0,FID,8959
0,FID,8960
0,FID,8961
0,FID,8962
0,FID,8963
0,FID,8964
0,FID,8965
0,FID,8966
0,FID,8967
0,FID,8968
0,FID,8969
0,FID,8970
0,FID,8971
0,FID,8972
0,FID,8973
0,FID,8974
0,FID,8975
0,FID,8976
0,FID,8977
0,FID,8978
0,FID,8979
0,FID,8980
0,FID,8981
0,FID,8982
0,FID,8983
0,FID,8984
0,FID,8985
0,FID,8986
0,FID,8987
0,FID,8988
0,FID,8989
0,FID,8990
0,FID,8991
0,FID,8992
0,FID,8993
0,FID,8994
0,FID,8995
0,FID,8996
0,FID,8997
0,FID,8998
0,FID,8999
0,FID,9000
0,FID,9001
0,FID,9002
0,FID,9003
0,FID,9004
0,FID,9005
0,FID,9006
0,FID,9007
0,FID,9008
0,FID,9009
0,FID,9010
0,FID,9011
0,FID,9012
0,FID,9013
0,FID,9014
0,FID,9015
0,FID,9016
0,FID,9017
0,FID,9018
0,FID,9019
0,FID,9020
0,FID,9021
0,FID,9022
0,FID,9023
0,FID,9024
0,FID,9025
0,FID,9026
0,FID,9027
0,FID,9028
0,FID,9029
0,FID,9030
0,FID,9031
0,FID,9032
0,FID,9033
0,FID,9034
0,FID,9035
0,FID,9036
0,FID,9037
0,FID,9038
0,FID,9039
0,FID,9040
0,FID,9041
0,FID,9042
0,FID,9043
0,FID,9044
0,FID,9045
0,FID,9046
0,FID,9047
0,FID,9048
0,FID,9049
0,FID,9050
0,FID,9051
0,FID,9052
0,FID,9053
0,FID,9054
0,FID,9055
0,FID,9056
0,FID,9057
0,FID,9058
0,FID,9059
0,FID,9060
0,FID,9061
0,FID,9062
0,FID,9063
0,FID,9064
0,FID,9065
0,FID,9066
0,FID,9067
0,FID,9068
0,FID,9069
0,FID,9070
0,FID,9071
0,FID,9072
0,FID,9073
0,FID,9074
0,FID,9075
0,FID,9076
0,FID,9077
0,FID,9078
0,FID,9079
0,FID,9080
0,FID,9081
0,FID,9082
0,FID,9083
0,FID,9084
0,FID,9085
0,FID,9086
0,FID,9087
0,FID,9088
0,FID,9089
0,FID,9090
0,FID,9091
0,FID,9092
0,FID,9093
0,FID,9094
0,FID,9095
0,FID,9096
0,FID,9097
0,FID,9098
0,FID,9099
0,FID,9100
0,FID,9101
0,FID,9102
0,FID,9103
0,FID,9104
0,FID,9105
0,FID,9106
0,FID,9107
0,FID,9108
0,FID,9109
0,FID,9110
0,FID,9111
0,FID,9112
0,FID,9113
0,FID,9114
0,FID,9115
0,FID,9116
0,FID,9117
0,FID,9118
0,FID,9119
0,FID,9120
0,FID,9121
0,FID,9122
0,FID,9123
0,FID,9124
0,FID,9125
0,FID,9126
0,FID,9127
0,FID,9128
0,FID,9129
0,FID,9130
0,FID,9131
0,FID,9132
0,FID,9133
0,FID,9134
0,FID,9135
0,FID,9136
0,FID,9137
0,FID,9138
0,FID,9139
0,FID,9140
0,FID,9141
0,FID,9142
0,FID,9143
0,FID,9144
0,FID,9145
0,FID,9146
0,FID,9147
0,FID,9148
0,FID,9149
0,FID,9150
0,FID,9151
0,FID,9152
0,FID,9153
0,FID,9154
0,FID,9155
0,FID,9156
0,FID,9157
0,FID,9158
0,FID,9159
0,FID,9160
0,FID,9161
0,FID,9162
0,FID,9163
0,FID,9164
0,FID,9165
0,FID,9166
0,FID,9167
0,FID,9168
0,FID,9169
0,FID,9170
0,FID,9171
0,FID,9172
0,FID,9173
0,FID,9174
0,FID,9175
0,FID,9176
0,FID,9177
0,FID,9178
0,FID,9179
0,FID,9180
0,FID,9181
0,FID,9182
0,FID,9183
0,FID,9184
0,FID,9185
0,FID,9186
0,FID,9187
0,FID,9188
0,FID,9189
0,FID,9190
0,FID,9191
0,FID,9192
0,FID,9193
0,FID,9194
0,FID,9195
0,FID,9196
0,FID,9197
0,FID,9198
0,FID,9199
0,FID,9200
0,FID,9201
0,FID,9202
0,FID,9203
0,FID,9204
0,FID,9205
0,FID,9206
0,FID,9207
0,FID,9208
0,FID,9209
0,FID,9210
0,FID,9211
0,FID,9212
0,FID,9213
0,FID,9214
0,FID,9215
0,FID,9216
0,FID,9217
0,FID,9218
0,FID,9219
0,FID,9220
0,FID,9221
0,FID,9222
0,FID,9223
0,FID,9224
0,FID,9225
0,FID,9226
0,FID,9227
0,FID,9228
0,FID,9229
0,FID,9230
0,FID,9231
0,FID,9232
0,FID,9233
0,FID,9234
0,FID,9235
0,FID,9236
0,FID,9237
0,FID,9238
0,FID,9239
0,FID,9240
0,FID,9241
0,FID,9242
0,FID,9243
0,FID,9244
0,FID,9245
0,FID,9246
0,FID,9247
0,FID,9248
0,FID,9249
0,FID,9250
0,FID,9251
0,FID,9252
0,FID,9253
0,FID,9254
0,FID,9255
0,FID,9256
0,FID,9257
0,FID,9258
0,FID,9259
0,FID,9260
0,FID,9261
0,FID,9262
0,FID,9263
0,FID,9264
0,FID,9265
0,FID,9266
0,FID,9267
0,FID,9268
0,FID,9269
0,FID,9270
0,FID,9271
0,FID,9272
0,FID,9273
0,FID,9274
0,FID,9275
0,FID,9276
0,FID,9277
0,FID,9278
0,FID,9279
0,FID,9280
0,FID,9281
0,FID,9282
0,FID,9283
0,FID,9284
0,FID,9285
0,FID,9286
0,FID,9287
0,FID,9288
0,FID,9289
0,FID,9290
0,FID,9291
0,FID,9292
0,FID,9293
0,FID,9294
0,FID,9295
0,FID,9296
0,FID,9297
0,FID,9298
0,FID,9299
0,FID,9300
0,FID,9301
0,FID,9302
0,FID,9303
0,FID,9304
0,FID,9305
0,FID,9306
0,FID,9307
0,FID,9308
0,FID,9309
0,FID,9310
0,FID,9311
0,FID,9312
0,FID,9313
0,FID,9314
0,FID,9315
0,FID,9316
0,FID,9317
0,FID,9318
0,FID,9319
0,FID,9320
0,FID,9321
0,FID,9322
0,FID,9323
0,FID,9324
0,FID,9325
0,FID,9326
0,FID,9327
0,FID,9328
0,FID,9329
0,FID,9330
0,FID,9331
0,FID,9332
0,FID,9333
0,FID,9334
0,FID,9335
0,FID,9336
0,FID,9337
0,FID,9338
0,FID,9339
0,FID,9340
0,FID,9341
0,FID,9342
0,FID,9343
0,FID,9344
0,FID,9345
0,FID,9346
0,FID,9347
0,FID,9348
0,FID,9349
0,FID,9350
0,FID,9351
0,FID,9352
0,FID,9353
0,FID,9354
0,FID,9355
0,FID,9356
0,FID,9357
0,FID,9358
0,FID,9359
0,FID,9360
0,FID,9361
0,FID,9362
0,FID,9363
0,FID,9364
0,FID,9365
0,FID,9366
0,FID,9367
0,FID,9368
0,FID,9369
0,FID,9370
0,FID,9371
0,FID,9372
0,FID,9373
0,FID,9374
0,FID,9375
0,FID,9376
0,FID,9377
0,FID,9378
0,FID,9379
0,FID,9380
0,FID,9381
0,FID,9382
0,FID,9383
0,FID,9384
0,FID,9385
0,FID,9386
0,FID,9387
0,FID,9388
0,FID,9389
0,FID,9390
0,FID,9391
0,FID,9392
0,FID,9393
0,FID,9394
0,FID,9395
0,FID,9396
0,FID,9397
0,FID,9398
0,FID,9399
0,FID,9400
0,FID,9401
0,FID,9402
0,FID,9403
0,FID,9404
0,FID,9405
0,FID,9406
0,FID,9407
0,FID,9408
0,FID,9409
0,FID,9410
0,FID,9411
0,FID,9412
0,FID,9413
0,FID,9414
0,FID,9415
0,FID,9416
0,FID,9417
0,FID,9418
0,FID,9419
0,FID,9420
0,FID,9421
0,FID,9422
0,FID,9423
0,FID,9424
0,FID,9425
0,FID,9426
0,FID,9427
0,FID,9428
0,FID,9429
0,FID,9430
0,FID,9431
0,FID,9432
0,FID,9433
0,FID,9434
0,FID,9435
0,FID,9436
0,FID,9437
0,FID,9438
0,FID,9439
0,FID,9440
0,FID,9441
0,FID,9442
0,FID,9443
0,FID,9444
0,FID,9445
0,FID,9446
0,FID,9447
0,FID,9448
0,FID,9449
0,FID,9450
0,FID,9451
0,FID,9452
0,FID,9453
0,FID,9454
0,FID,9455
0,FID,9456
0,FID,9457
0,FID,9458
0,FID,9459
0,FID,9460
0,FID,9461
0,FID,9462
0,FID,9463
0,FID,9464
0,FID,9465
0,FID,9466
0,FID,9467
0,FID,9468
0,FID,9469
0,FID,9470
0,FID,9471
0,FID,9472
0,FID,9473
0,FID,9474
0,FID,9475
0,FID,9476
0,FID,9477
0,FID,9478
0,FID,9479
0,FID,9480
0,FID,9481
0,FID,9482
0,FID,9483
0,FID,9484
0,FID,9485
0,FID,9486
0,FID,9487
0,FID,9488
0,FID,9489
0,FID,9490
0,FID,9491
0,FID,9492
0,FID,9493
0,FID,9494
0,FID,9495
0,FID,9496
0,FID,9497
0,FID,9498
0,FID,9499
0,FID,9500
0,FID,9501
0,FID,9502
0,FID,9503
0,FID,9504
0,FID,9505
0,FID,9506
0,FID,9507
0,FID,9508
0,FID,9509
0,FID,9510
0,FID,9511
0,FID,9512
0,FID,9513
0,FID,9514
0,FID,9515
0,FID,9516
0,FID,9517
0,FID,9518
0,FID,9519
0,FID,9520
0,FID,9521
0,FID,9522
0,FID,9523
0,FID,9524
0,FID,9525
0,FID,9526
0,FID,9527
0,FID,9528
0,FID,9529
0,FID,9530
0,FID,9531
0,FID,9532
0,FID,9533
0,FID,9534
0,FID,9535
0,FID,9536
0,FID,9537
0,FID,9538
0,FID,9539
0,FID,9540
0,FID,9541
0,FID,9542
0,FID,9543
0,FID,9544
0,FID,9545
0,FID,9546
0,FID,9547
0,FID,9548
0,FID,9549
0,FID,9550
0,FID,9551
0,FID,9552
0,FID,9553
0,FID,9554
0,FID,9555
0,FID,9556
0,FID,9557
0,FID,9558
0,FID,9559
0,FID,9560
0,FID,9561
0,FID,9562
0,FID,9563
0,FID,9564
0,FID,9565
0,FID,9566
0,FID,9567
0,FID,9568
0,FID,9569
0,FID,9570
0,FID,9571
0,FID,9572
0,FID,9573
0,FID,9574
0,FID,9575
0,FID,9576
0,FID,9577
0,FID,9578
0,FID,9579
0,FID,9580
0,FID,9581
0,FID,9582
0,FID,9583
0,FID,9584
0,FID,9585
0,FID,9586
0,FID,9587
0,FID,9588
0,FID,9589
0,FID,9590
0,FID,9591
0,FID,9592
0,FID,9593
0,FID,9594
0,FID,9595
0,FID,9596
0,FID,9597
0,FID,9598
0,FID,9599
0,FID,9600
0,FID,9601
0,FID,9602
0,FID,9603
0,FID,9604
0,FID,9605
0,FID,9606
0,FID,9607
0,FID,9608
0,FID,9609
0,FID,9610
0,FID,9611
0,FID,9612
0,FID,9613
0,FID,9614
0,FID,9615
0,FID,9616
0,FID,9617
0,FID,9618
0,FID,9619
0,FID,9620
0,FID,9621
0,FID,9622
0,FID,9623
0,FID,9624
0,FID,9625
0,FID,9626
0,FID,9627
1,GLI,9628
1,GLI,9629
1,GLI,9630
1,GLI,9631
1,GLI,9632
1,GLI,9633
1,GLI,9634
1,GLI,9635
1,GLI,9636
1,GLI,9637
1,GLI,9638
1,GLI,9639
1,GLI,9640
1,GLI,9641
1,GLI,9642
1,GLI,9643
1,GLI,9644
1,GLI,9645
1,GLI,9646
1,GLI,9647
1,GLI,9648
1,GLI,9649
1,GLI,9650
1,GLI,9651
1,GLI,9652
1,GLI,9653
1,GLI,9654
1,GLI,9655
1,GLI,9656
1,GLI,9657
1,GLI,9658
1,GLI,9659
1,GLI,9660
1,GLI,9661
1,GLI,9662
1,GLI,9663
1,GLI,9664
1,GLI,9665
1,GLI,9666
1,GLI,9667
1,GLI,9668
1,GLI,9669
1,GLI,9670
1,GLI,9671
1,GLI,9672
1,GLI,9673
1,GLI,9674
1,GLI,9675
1,GLI,9676
1,GLI,9677
1,GLI,9678
1,GLI,9679
1,GLI,9680
1,GLI,9681
1,GLI,9682
1,GLI,9683
1,GLI,9684
1,GLI,9685
1,GLI,9686
1,GLI,9687
1,GLI,9688
1,GLI,9689
1,GLI,9690
1,GLI,9691
1,GLI,9692
1,GLI,9693
1,GLI,9694
1,GLI,9695
1,GLI,9696
1,GLI,9697
1,GLI,9698
1,GLI,9699
1,GLI,9700
1,GLI,9701
1,GLI,9702
1,GLI,9703
1,GLI,9704
1,GLI,9705
1,GLI,9706
1,GLI,9707
1,GLI,9708
1,GLI,9709
1,GLI,9710
1,GLI,9711
1,GLI,9712
1,GLI,9713
1,GLI,9714
1,GLI,9715
1,GLI,9716
1,GLI,9717
1,GLI,9718
1,GLI,9719
1,GLI,9720
1,GLI,9721
1,GLI,9722
1,GLI,9723
1,GLI,9724
1,GLI,9725
1,GLI,9726
1,GLI,9727
1,GLI,9728
1,GLI,9729
1,GLI,9730
1,GLI,9731
1,GLI,9732
1,GLI,9733
1,GLI,9734
1,GLI,9735
1,GLI,9736
1,GLI,9737
1,GLI,9738
1,GLI,9739
1,GLI,9740
1,GLI,9741
1,GLI,9742
1,GLI,9743
1,GLI,9744
1,GLI,9745
1,GLI,9746
1,GLI,9747
1,GLI,9748
1,GLI,9749
1,GLI,9750
1,GLI,9751
1,GLI,9752
1,GLI,9753
1,GLI,9754
1,GLI,9755
1,GLI,9756
1,GLI,9757
1,GLI,9758
1,GLI,9759
1,GLI,9760
1,GLI,9761
1,GLI,9762
1,GLI,9763
1,GLI,9764
1,GLI,9765
1,GLI,9766
1,GLI,9767
1,GLI,9768
1,GLI,9769
1,GLI,9770
1,GLI,9771
1,GLI,9772
1,GLI,9773
1,GLI,9774
1,GLI,9775
1,GLI,9776
1,GLI,9777
1,GLI,9778
1,GLI,9779
1,GLI,9780
1,GLI,9781
1,GLI,9782
1,GLI,9783
1,GLI,9784
1,GLI,9785
1,GLI,9786
1,GLI,9787
1,GLI,9788
1,GLI,9789
1,GLI,9790
1,GLI,9791
1,GLI,9792
1,GLI,9793
1,GLI,9794
1,GLI,9795
1,GLI,9796
1,GLI,9797
1,GLI,9798
1,GLI,9799
1,GLI,9800
1,GLI,9801
1,GLI,9802
1,GLI,9803
1,GLI,9804
1,GLI,9805
1,GLI,9806
1,GLI,9807
1,GLI,9808
1,GLI,9809
1,GLI,9810
1,GLI,9811
1,GLI,9812
1,GLI,9813
1,GLI,9814
1,GLI,9815
1,GLI,9816
1,GLI,9817
1,GLI,9818
1,GLI,9819
1,GLI,9820
1,GLI,9821
1,GLI,9822
1,GLI,9823
1,GLI,9824
1,GLI,9825
1,GLI,9826
1,GLI,9827
1,GLI,9828
1,GLI,9829
1,GLI,9830
1,GLI,9831
1,GLI,9832
1,GLI,9833
1,GLI,9834
1,GLI,9835
1,GLI,9836
1,GLI,9837
1,GLI,9838
1,GLI,9839
1,GLI,9840
1,GLI,9841
1,GLI,9842
1,GLI,9843
1,GLI,9844
1,GLI,9845
1,GLI,9846
1,GLI,9847
1,GLI,9848
1,GLI,9849
1,GLI,9850
1,GLI,9851
1,GLI,9852
1,GLI,9853
1,GLI,9854
1,GLI,9855
1,GLI,9856
1,GLI,9857
1,GLI,9858
1,GLI,9859
1,GLI,9860
1,GLI,9861
1,GLI,9862
1,GLI,9863
1,GLI,9864
1,GLI,9865
1,GLI,9866
1,GLI,9867
1,GLI,9868
1,GLI,9869
1,GLI,9870
1,GLI,9871
1,GLI,9872
1,GLI,9873
1,GLI,9874
1,GLI,9875
1,GLI,9876
1,GLI,9877
1,GLI,9878
1,GLI,9879
1,GLI,9880
1,GLI,9881
1,GLI,9882
1,GLI,9883
1,GLI,9884
1,GLI,9885
1,GLI,9886
1,GLI,9887
1,GLI,9888
1,GLI,9889
1,GLI,9890
1,GLI,9891
1,GLI,9892
1,GLI,9893
1,GLI,9894
1,GLI,9895
1,GLI,9896
1,GLI,9897
1,GLI,9898
1,GLI,9899
1,GLI,9900
1,GLI,9901
1,GLI,9902
1,GLI,9903
1,GLI,9904
1,GLI,9905
1,GLI,9906
1,GLI,9907
1,GLI,9908
1,GLI,9909
1,GLI,9910
1,GLI,9911
1,GLI,9912
1,GLI,9913
1,GLI,9914
1,GLI,9915
1,GLI,9916
1,GLI,9917
1,GLI,9918
1,GLI,9919
1,GLI,9920
1,GLI,9921
1,GLI,9922
1,GLI,9923
1,GLI,9924
1,GLI,9925
1,GLI,9926
1,GLI,9927
1,GLI,9928
1,GLI,9929
1,GLI,9930
1,GLI,9931
1,GLI,9932
1,GLI,9933
1,GLI,9934
1,GLI,9935
1,GLI,9936
1,GLI,9937
1,GLI,9938
1,GLI,9939
1,GLI,9940
1,GLI,9941
1,GLI,9942
1,GLI,9943
1,GLI,9944
1,GLI,9945
1,GLI,9946
1,GLI,9947
1,GLI,9948
1,GLI,9949
1,GLI,9950
1,GLI,9951
1,GLI,9952
1,GLI,9953
1,GLI,9954
1,GLI,9955
1,GLI,9956
1,GLI,9957
1,GLI,9958
1,GLI,9959
1,GLI,9960
1,GLI,9961
1,GLI,9962
1,GLI,9963
1,GLI,9964
1,GLI,9965
1,GLI,9966
1,GLI,9967
1,GLI,9968
1,GLI,9969
1,GLI,9970
1,GLI,9971
1,GLI,9972
1,GLI,9973
1,GLI,9974
1,GLI,9975
1,GLI,9976
1,GLI,9977
1,GLI,9978
1,GLI,9979
1,GLI,9980
1,GLI,9981
1,GLI,9982
1,GLI,9983
1,GLI,9984
1,GLI,9985
1,GLI,9986
1,GLI,9987
1,GLI,9988
1,GLI,9989
1,GLI,9990
1,GLI,9991
1,GLI,9992
1,GLI,9993
1,GLI,9994
1,GLI,9995
1,GLI,9996
1,GLI,9997
1,GLI,9998
1,GLI,9999
1,GLI,10000
1,GLI,10001
1,GLI,10002
1,GLI,10003
1,GLI,10004
1,GLI,10005
1,GLI,10006
1,GLI,10007
1,GLI,10008
1,GLI,10009
1,GLI,10010
1,GLI,10011
1,GLI,10012
1,GLI,10013
1,GLI,10014
1,GLI,10015
1,GLI,10016
1,GLI,10017
1,GLI,10018
1,GLI,10019
1,GLI,10020
1,GLI,10021
1,GLI,10022
1,GLI,10023
1,GLI,10024
1,GLI,10025
1,GLI,10026
1,GLI,10027
1,GLI,10028
1,GLI,10029
1,GLI,10030
1,GLI,10031
1,GLI,10032
1,GLI,10033
1,GLI,10034
1,GLI,10035
1,GLI,10036
1,GLI,10037
1,GLI,10038
1,GLI,10039
1,GLI,10040
1,GLI,10041
1,GLI,10042
1,GLI,10043
1,GLI,10044
1,GLI,10045
1,GLI,10046
1,GLI,10047
1,GLI,10048
1,GLI,10049
1,GLI,10050
1,GLI,10051
1,GLI,10052
1,GLI,10053
1,GLI,10054
1,GLI,10055
1,GLI,10056
1,GLI,10057
1,GLI,10058
1,GLI,10059
1,GLI,10060
1,GLI,10061
1,GLI,10062
1,GLI,10063
1,GLI,10064
1,GLI,10065
1,GLI,10066
1,GLI,10067
1,GLI,10068
1,GLI,10069
1,GLI,10070
1,GLI,10071
1,GLI,10072
1,GLI,10073
1,GLI,10074
1,GLI,10075
1,GLI,10076
1,GLI,10077
1,GLI,10078
1,GLI,10079
1,GLI,10080
1,GLI,10081
1,GLI,10082
1,GLI,10083
1,GLI,10084
1,GLI,10085
1,GLI,10086
1,GLI,10087
1,GLI,10088
1,GLI,10089
1,GLI,10090
1,GLI,10091
1,GLI,10092
1,GLI,10093
1,GLI,10094
1,GLI,10095
1,GLI,10096
1,GLI,10097
1,GLI,10098
1,GLI,10099
1,GLI,10100
1,GLI,10101
1,GLI,10102
1,GLI,10103
1,GLI,10104
1,GLI,10105
1,GLI,10106
1,GLI,10107
1,GLI,10108
1,GLI,10109
1,GLI,10110
1,GLI,10111
1,GLI,10112
1,GLI,10113
1,GLI,10114
1,GLI,10115
1,GLI,10116
1,GLI,10117
1,GLI,10118
1,GLI,10119
1,GLI,10120
1,GLI,10121
1,GLI,10122
1,GLI,10123
1,GLI,10124
1,GLI,10125
1,GLI,10126
1,GLI,10127
1,GLI,10128
1,GLI,10129
1,GLI,10130
1,GLI,10131
1,GLI,10132
1,GLI,10133
1,GLI,10134
1,GLI,10135
1,GLI,10136
1,GLI,10137
1,GLI,10138
1,GLI,10139
1,GLI,10140
1,GLI,10141
1,GLI,10142
1,GLI,10143
1,GLI,10144
1,GLI,10145
1,GLI,10146
1,GLI,10147
1,GLI,10148
1,GLI,10149
1,GLI,10150
1,GLI,10151
1,GLI,10152
1,GLI,10153
1,GLI,10154
1,GLI,10155
1,GLI,10156
1,GLI,10157
1,GLI,10158
1,GLI,10159
1,GLI,10160
1,GLI,10161
1,GLI,10162
1,GLI,10163
1,GLI,10164
1,GLI,10165
1,GLI,10166
1,GLI,10167
1,GLI,10168
1,GLI,10169
1,GLI,10170
1,GLI,10171
1,GLI,10172
1,GLI,10173
1,GLI,10174
1,GLI,10175
1,GLI,10176
1,GLI,10177
1,GLI,10178
1,GLI,10179
1,GLI,10180
1,GLI,10181
1,GLI,10182
1,GLI,10183
1,GLI,10184
1,GLI,10185
1,GLI,10186
1,GLI,10187
1,GLI,10188
1,GLI,10189
1,GLI,10190
1,GLI,10191
1,GLI,10192
1,GLI,10193
1,GLI,10194
1,GLI,10195
1,GLI,10196
1,GLI,10197
1,GLI,10198
1,GLI,10199
1,GLI,10200
1,GLI,10201
1,GLI,10202
1,GLI,10203
1,GLI,10204
1,GLI,10205
1,GLI,10206
1,GLI,10207
1,GLI,10208
1,GLI,10209
1,GLI,10210
1,GLI,10211
1,GLI,10212
1,GLI,10213
1,GLI,10214
1,GLI,10215
1,GLI,10216
1,GLI,10217
1,GLI,10218
1,GLI,10219
1,GLI,10220
1,GLI,10221
1,GLI,10222
1,GLI,10223
1,GLI,10224
1,GLI,10225
1,GLI,10226
1,GLI,10227
1,GLI,10228
1,GLI,10229
1,GLI,10230
1,GLI,10231
1,GLI,10232
1,GLI,10233
1,GLI,10234
1,GLI,10235
1,GLI,10236
1,GLI,10237
1,GLI,10238
1,GLI,10239
1,GLI,10240
1,GLI,10241
1,GLI,10242
1,GLI,10243
1,GLI,10244
1,GLI,10245
1,GLI,10246
1,GLI,10247
1,GLI,10248
1,GLI,10249
1,GLI,10250
1,GLI,10251
1,GLI,10252
1,GLI,10253
1,GLI,10254
1,GLI,10255
1,GLI,10256
1,GLI,10257
1,GLI,10258
1,GLI,10259
1,GLI,10260
1,GLI,10261
1,GLI,10262
1,GLI,10263
1,GLI,10264
1,GLI,10265
1,GLI,10266
1,GLI,10267
1,GLI,10268
1,GLI,10269
1,GLI,10270
1,GLI,10271
1,GLI,10272
1,GLI,10273
1,GLI,10274
1,GLI,10275
1,GLI,10276
1,GLI,10277
1,GLI,10278
1,GLI,10279
1,GLI,10280
1,GLI,10281
1,GLI,10282
1,GLI,10283
1,GLI,10284
1,GLI,10285
1,GLI,10286
1,GLI,10287
1,GLI,10288
1,GLI,10289
1,GLI,10290
1,GLI,10291
1,GLI,10292
1,GLI,10293
1,GLI,10294
1,GLI,10295
1,GLI,10296
1,GLI,10297
1,GLI,10298
1,GLI,10299
1,GLI,10300
1,GLI,10301
1,GLI,10302
1,GLI,10303
1,GLI,10304
1,GLI,10305
1,GLI,10306
1,GLI,10307
1,GLI,10308
1,GLI,10309
1,GLI,10310
1,GLI,10311
1,GLI,10312
1,GLI,10313
1,GLI,10314
1,GLI,10315
1,GLI,10316
1,GLI,10317
1,GLI,10318
1,GLI,10319
1,GLI,10320
1,GLI,10321
1,GLI,10322
1,GLI,10323
1,GLI,10324
1,GLI,10325
1,GLI,10326
1,GLI,10327
1,GLI,10328
1,GLI,10329
1,GLI,10330
1,GLI,10331
1,GLI,10332
1,GLI,10333
1,GLI,10334
1,GLI,10335
1,GLI,10336
1,GLI,10337
1,GLI,10338
1,GLI,10339
1,GLI,10340
1,GLI,10341
1,GLI,10342
1,GLI,10343
1,GLI,10344
1,GLI,10345
1,GLI,10346
1,GLI,10347
1,GLI,10348
1,GLI,10349
1,GLI,10350
1,GLI,10351
1,GLI,10352
1,GLI,10353
1,GLI,10354
1,GLI,10355
1,GLI,10356
1,GLI,10357
1,GLI,10358
1,GLI,10359
1,GLI,10360
1,GLI,10361
1,GLI,10362
1,GLI,10363
1,GLI,10364
1,GLI,10365
1,GLI,10366
1,GLI,10367
1,GLI,10368
1,GLI,10369
1,GLI,10370
1,GLI,10371
1,GLI,10372
1,GLI,10373
1,GLI,10374
1,GLI,10375
1,GLI,10376
1,GLI,10377
1,GLI,10378
1,GLI,10379
1,GLI,10380
1,GLI,10381
1,GLI,10382
1,GLI,10383
1,GLI,10384
1,GLI,10385
1,GLI,10386
1,GLI,10387
1,GLI,10388
1,GLI,10389
1,GLI,10390
1,GLI,10391
1,GLI,10392
1,GLI,10393
1,GLI,10394
1,GLI,10395
1,GLI,10396
1,GLI,10397
1,GLI,10398
1,GLI,10399
1,GLI,10400
1,GLI,10401
1,GLI,10402
1,GLI,10403
1,GLI,10404
1,GLI,10405
1,GLI,10406
1,GLI,10407
1,GLI,10408
1,GLI,10409
1,GLI,10410
1,GLI,10411
1,GLI,10412
1,GLI,10413
1,GLI,10414
1,GLI,10415
1,GLI,10416
1,GLI,10417
1,GLI,10418
1,GLI,10419
1,GLI,10420
1,GLI,10421
1,GLI,10422
1,GLI,10423
1,GLI,10424
1,GLI,10425
1,GLI,10426
1,GLI,10427
1,GLI,10428
1,GLI,10429
1,GLI,10430
1,GLI,10431
1,GLI,10432
1,GLI,10433
1,GLI,10434
1,GLI,10435
1,GLI,10436
1,GLI,10437
1,GLI,10438
1,GLI,10439
1,GLI,10440
1,GLI,10441
1,GLI,10442
1,GLI,10443
1,GLI,10444
1,GLI,10445
1,GLI,10446
1,GLI,10447
1,GLI,10448
1,GLI,10449
1,GLI,10450
1,GLI,10451
1,GLI,10452
1,GLI,10453
1,GLI,10454
1,GLI,10455
1,GLI,10456
1,GLI,10457
1,GLI,10458
1,GLI,10459
1,GLI,10460
1,GLI,10461
1,GLI,10462
1,GLI,10463
1,GLI,10464
1,GLI,10465
1,GLI,10466
1,GLI,10467
1,GLI,10468
1,GLI,10469
1,GLI,10470
1,GLI,10471
1,GLI,10472
1,GLI,10473
1,GLI,10474
1,GLI,10475
1,GLI,10476
1,GLI,10477
1,GLI,10478
1,GLI,10479
1,GLI,10480
1,GLI,10481
1,GLI,10482
1,GLI,10483
1,GLI,10484
1,GLI,10485
1,GLI,10486
1,GLI,10487
1,GLI,10488
1,GLI,10489
1,GLI,10490
1,GLI,10491
1,GLI,10492
1,GLI,10493
1,GLI,10494
1,GLI,10495
1,GLI,10496
1,GLI,10497
1,GLI,10498
1,GLI,10499
1,GLI,10500
1,GLI,10501
1,GLI,10502
1,GLI,10503
1,GLI,10504
1,GLI,10505
1,GLI,10506
1,GLI,10507
1,GLI,10508
1,GLI,10509
1,GLI,10510
1,GLI,10511
1,GLI,10512
1,GLI,10513
1,GLI,10514
1,GLI,10515
1,GLI,10516
1,GLI,10517
1,GLI,10518
1,GLI,10519
1,GLI,10520
1,GLI,10521
1,GLI,10522
1,GLI,10523
1,GLI,10524
1,GLI,10525
1,GLI,10526
1,GLI,10527
1,GLI,10528
1,GLI,10529
1,GLI,10530
1,GLI,10531
1,GLI,10532
1,GLI,10533
1,GLI,10534
1,GLI,10535
1,GLI,10536
1,GLI,10537
1,GLI,10538
1,GLI,10539
1,GLI,10540
1,GLI,10541
1,GLI,10542
1,GLI,10543
1,GLI,10544
1,GLI,10545
1,GLI,10546
1,GLI,10547
1,GLI,10548
1,GLI,10549
1,GLI,10550
1,GLI,10551
1,GLI,10552
1,GLI,10553
1,GLI,10554
1,GLI,10555
1,GLI,10556
1,GLI,10557
1,GLI,10558
1,GLI,10559
1,GLI,10560
1,GLI,10561
1,GLI,10562
1,GLI,10563
1,GLI,10564
1,GLI,10565
1,GLI,10566
1,GLI,10567
1,GLI,10568
1,GLI,10569
1,GLI,10570
1,GLI,10571
1,GLI,10572
1,GLI,10573
1,GLI,10574
1,GLI,10575
1,GLI,10576
1,GLI,10577
1,GLI,10578
1,GLI,10579
1,GLI,10580
1,GLI,10581
1,GLI,10582
1,GLI,10583
1,GLI,10584
1,GLI,10585
1,GLI,10586
1,GLI,10587
1,GLI,10588
1,GLI,10589
1,GLI,10590
1,GLI,10591
1,GLI,10592
1,GLI,10593
1,GLI,10594
1,GLI,10595
1,GLI,10596
1,GLI,10597
1,GLI,10598
1,GLI,10599
1,GLI,10600
1,GLI,10601
1,GLI,10602
1,GLI,10603
1,GLI,10604
1,GLI,10605
1,GLI,10606
1,GLI,10607
1,GLI,10608
1,GLI,10609
1,GLI,10610
1,GLI,10611
1,GLI,10612
1,GLI,10613
1,GLI,10614
1,GLI,10615
1,GLI,10616
1,GLI,10617
1,GLI,10618
1,GLI,10619
1,GLI,10620
1,GLI,10621
1,GLI,10622
1,GLI,10623
1,GLI,10624
1,GLI,10625
1,GLI,10626
1,GLI,10627
1,GLI,10628
1,GLI,10629
1,GLI,10630
1,GLI,10631
1,GLI,10632
1,GLI,10633
1,GLI,10634
1,GLI,10635
1,GLI,10636
1,GLI,10637
1,GLI,10638
1,GLI,10639
1,GLI,10640
1,GLI,10641
1,GLI,10642
1,GLI,10643
1,GLI,10644
1,GLI,10645
1,GLI,10646
1,GLI,10647
1,GLI,10648
1,GLI,10649
1,GLI,10650
1,GLI,10651
1,GLI,10652
1,GLI,10653
1,GLI,10654
1,GLI,10655
1,GLI,10656
1,GLI,10657
1,GLI,10658
1,GLI,10659
1,GLI,10660
1,GLI,10661
1,GLI,10662
1,GLI,10663
1,GLI,10664
1,GLI,10665
1,GLI,10666
1,GLI,10667
1,GLI,10668
1,GLI,10669
1,GLI,10670
1,GLI,10671
1,GLI,10672
1,GLI,10673
1,GLI,10674
1,GLI,10675
1,GLI,10676
1,GLI,10677
1,GLI,10678
1,GLI,10679
1,GLI,10680
1,GLI,10681
1,GLI,10682
1,GLI,10683
1,GLI,10684
1,GLI,10685
1,GLI,10686
1,GLI,10687
1,GLI,10688
1,GLI,10689
1,GLI,10690
1,GLI,10691
1,GLI,10692
1,GLI,10693
1,GLI,10694
1,GLI,10695
1,GLI,10696
1,GLI,10697
1,GLI,10698
1,GLI,10699
1,GLI,10700
1,GLI,10701
1,GLI,10702
1,GLI,10703
1,GLI,10704
1,GLI,10705
1,GLI,10706
1,GLI,10707
1,GLI,10708
1,GLI,10709
1,GLI,10710
1,GLI,10711
1,GLI,10712
1,GLI,10713
1,GLI,10714
1,GLI,10715
1,GLI,10716
1,GLI,10717
1,GLI,10718
1,GLI,10719
1,GLI,10720
1,GLI,10721
1,GLI,10722
1,GLI,10723
1,GLI,10724
1,GLI,10725
1,GLI,10726
1,GLI,10727
1,GLI,10728
1,GLI,10729
1,GLI,10730
1,GLI,10731
1,GLI,10732
1,GLI,10733
1,GLI,10734
1,GLI,10735
1,GLI,10736
1,GLI,10737
1,GLI,10738
1,GLI,10739
1,GLI,10740
1,GLI,10741
1,GLI,10742
1,GLI,10743
1,GLI,10744
1,GLI,10745
1,GLI,10746
1,GLI,10747
1,GLI,10748
1,GLI,10749
1,GLI,10750
1,GLI,10751
1,GLI,10752
1,GLI,10753
1,GLI,10754
1,GLI,10755
1,GLI,10756
1,GLI,10757
1,GLI,10758
1,GLI,10759
1,GLI,10760
1,GLI,10761
1,GLI,10762
1,GLI,10763
1,GLI,10764
1,GLI,10765
1,GLI,10766
1,GLI,10767
1,GLI,10768
1,GLI,10769
1,GLI,10770
1,GLI,10771
1,GLI,10772
1,GLI,10773
1,GLI,10774
1,GLI,10775
1,GLI,10776
1,GLI,10777
1,GLI,10778
1,GLI,10779
1,GLI,10780
1,GLI,10781
1,GLI,10782
1,GLI,10783
1,GLI,10784
1,GLI,10785
1,GLI,10786
1,GLI,10787
1,GLI,10788
1,GLI,10789
1,GLI,10790
1,GLI,10791
1,GLI,10792
1,GLI,10793
1,GLI,10794
1,GLI,10795
1,GLI,10796
1,GLI,10797
1,GLI,10798
1,GLI,10799
1,GLI,10800
1,GLI,10801
1,GLI,10802
1,GLI,10803
1,GLI,10804
1,GLI,10805
1,GLI,10806
1,GLI,10807
1,GLI,10808
1,GLI,10809
1,GLI,10810
1,GLI,10811
1,GLI,10812
1,GLI,10813
1,GLI,10814
1,GLI,10815
1,GLI,10816
1,GLI,10817
1,GLI,10818
1,GLI,10819
1,GLI,10820
1,GLI,10821
1,GLI,10822
1,GLI,10823
1,GLI,10824
1,GLI,10825
1,GLI,10826
1,GLI,10827
1,GLI,10828
1,GLI,10829
1,GLI,10830
1,GLI,10831
1,GLI,10832
1,GLI,10833
1,GLI,10834
1,GLI,10835
1,GLI,10836
1,GLI,10837
1,GLI,10838
1,GLI,10839
1,GLI,10840
1,GLI,10841
1,GLI,10842
1,GLI,10843
1,GLI,10844
1,GLI,10845
1,GLI,10846
1,GLI,10847
1,GLI,10848
1,GLI,10849
1,GLI,10850
1,GLI,10851
1,GLI,10852
1,GLI,10853
1,GLI,10854
1,GLI,10855
1,GLI,10856
1,GLI,10857
1,GLI,10858
1,GLI,10859
1,GLI,10860
1,GLI,10861
1,GLI,10862
1,GLI,10863
1,GLI,10864
1,GLI,10865
1,GLI,10866
1,GLI,10867
1,GLI,10868
1,GLI,10869
1,GLI,10870
1,GLI,10871
1,GLI,10872
1,GLI,10873
1,GLI,10874
1,GLI,10875
1,GLI,10876
1,GLI,10877
1,GLI,10878
1,GLI,10879
1,GLI,10880
1,GLI,10881
1,GLI,10882
1,GLI,10883
1,GLI,10884
1,GLI,10885
1,GLI,10886
1,GLI,10887
1,GLI,10888
1,GLI,10889
1,GLI,10890
1,GLI,10891
1,GLI,10892
1,GLI,10893
1,GLI,10894
1,GLI,10895
1,GLI,10896
1,GLI,10897
1,GLI,10898
1,GLI,10899
1,GLI,10900
1,GLI,10901
1,GLI,10902
1,GLI,10903
1,GLI,10904
1,GLI,10905
1,GLI,10906
1,GLI,10907
1,GLI,10908
1,GLI,10909
1,GLI,10910
1,GLI,10911
1,GLI,10912
1,GLI,10913
1,GLI,10914
1,GLI,10915
1,GLI,10916
1,GLI,10917
1,GLI,10918
1,GLI,10919
1,GLI,10920
1,GLI,10921
1,GLI,10922
1,GLI,10923
1,GLI,10924
1,GLI,10925
1,GLI,10926
1,GLI,10927
1,GLI,10928
1,GLI,10929
1,GLI,10930
1,GLI,10931
1,GLI,10932
1,GLI,10933
1,GLI,10934
1,GLI,10935
1,GLI,10936
1,GLI,10937
1,GLI,10938
1,GLI,10939
1,GLI,10940
1,GLI,10941
1,GLI,10942
1,GLI,10943
1,GLI,10944
1,GLI,10945
1,GLI,10946
1,GLI,10947
1,GLI,10948
1,GLI,10949
1,GLI,10950
1,GLI,10951
1,GLI,10952
1,GLI,10953
1,GLI,10954
1,GLI,10955
1,GLI,10956
1,GLI,10957
1,GLI,10958
1,GLI,10959
1,GLI,10960
1,GLI,10961
1,GLI,10962
1,GLI,10963
1,GLI,10964
1,GLI,10965
1,GLI,10966
1,GLI,10967
1,GLI,10968
1,GLI,10969
1,GLI,10970
1,GLI,10971
1,GLI,10972
1,GLI,10973
1,GLI,10974
1,GLI,10975
1,GLI,10976
1,GLI,10977
1,GLI,10978
1,GLI,10979
1,GLI,10980
1,GLI,10981
1,GLI,10982
1,GLI,10983
1,GLI,10984
1,GLI,10985
1,GLI,10986
1,GLI,10987
1,GLI,10988
1,GLI,10989
1,GLI,10990
1,GLI,10991
1,GLI,10992
1,GLI,10993
1,GLI,10994
1,GLI,10995
1,GLI,10996
1,GLI,10997
1,GLI,10998
1,GLI,10999
1,GLI,11000
1,GLI,11001
1,GLI,11002
1,GLI,11003
1,GLI,11004
1,GLI,11005
1,GLI,11006
1,GLI,11007
1,GLI,11008
1,GLI,11009
1,GLI,11010
1,GLI,11011
1,GLI,11012
1,GLI,11013
1,GLI,11014
1,GLI,11015
1,GLI,11016
1,GLI,11017
1,GLI,11018
1,GLI,11019
1,GLI,11020
1,GLI,11021
1,GLI,11022
1,GLI,11023
1,GLI,11024
1,GLI,11025
1,GLI,11026
1,GLI,11027
1,GLI,11028
1,GLI,11029
1,GLI,11030
1,GLI,11031
1,GLI,11032
1,GLI,11033
1,GLI,11034
1,GLI,11035
1,GLI,11036
1,GLI,11037
1,GLI,11038
1,GLI,11039
1,GLI,11040
1,GLI,11041
1,GLI,11042
1,GLI,11043
1,GLI,11044
1,GLI,11045
1,GLI,11046
1,GLI,11047
1,GLI,11048
1,GLI,11049
1,GLI,11050
1,GLI,11051
1,GLI,11052
1,GLI,11053
1,GLI,11054
1,GLI,11055
1,GLI,11056
1,GLI,11057
1,GLI,11058
1,GLI,11059
1,GLI,11060
1,GLI,11061
1,GLI,11062
1,GLI,11063
1,GLI,11064
1,GLI,11065
1,GLI,11066
1,GLI,11067
1,GLI,11068
1,GLI,11069
1,GLI,11070
1,GLI,11071
1,GLI,11072
1,GLI,11073
1,GLI,11074
1,GLI,11075
1,GLI,11076
1,GLI,11077
1,GLI,11078
1,GLI,11079
1,GLI,11080
1,GLI,11081
1,GLI,11082
1,GLI,11083
1,GLI,11084
1,GLI,11085
1,GLI,11086
1,GLI,11087
1,GLI,11088
1,GLI,11089
1,GLI,11090
1,GLI,11091
1,GLI,11092
1,GLI,11093
1,GLI,11094
1,GLI,11095
1,GLI,11096
1,GLI,11097
1,GLI,11098
1,GLI,11099
1,GLI,11100
1,GLI,11101
1,GLI,11102
1,GLI,11103
1,GLI,11104
1,GLI,11105
1,GLI,11106
1,GLI,11107
1,GLI,11108
1,GLI,11109
1,GLI,11110
1,GLI,11111
1,GLI,11112
1,GLI,11113
1,GLI,11114
1,GLI,11115
1,GLI,11116
1,GLI,11117
1,GLI,11118
1,GLI,11119
1,GLI,11120
1,GLI,11121
1,GLI,11122
1,GLI,11123
1,GLI,11124
1,GLI,11125
1,GLI,11126
1,GLI,11127
1,GLI,11128
1,GLI,11129
1,GLI,11130
1,GLI,11131
1,GLI,11132
1,GLI,11133
1,GLI,11134
1,GLI,11135
1,GLI,11136
1,GLI,11137
1,GLI,11138
1,GLI,11139
1,GLI,11140
1,GLI,11141
1,GLI,11142
1,GLI,11143
1,GLI,11144
1,GLI,11145
1,GLI,11146
1,GLI,11147
1,GLI,11148
1,GLI,11149
1,GLI,11150
1,GLI,11151
1,GLI,11152
1,GLI,11153
1,GLI,11154
1,GLI,11155
1,GLI,11156
1,GLI,11157
1,GLI,11158
1,GLI,11159
1,GLI,11160
1,GLI,11161
1,GLI,11162
1,GLI,11163
1,GLI,11164
1,GLI,11165
1,GLI,11166
1,GLI,11167
1,GLI,11168
1,GLI,11169
1,GLI,11170
1,GLI,11171
1,GLI,11172
1,GLI,11173
1,GLI,11174
1,GLI,11175
1,GLI,11176
1,GLI,11177
1,GLI,11178
1,GLI,11179
1,GLI,11180
1,GLI,11181
1,GLI,11182
1,GLI,11183
1,GLI,11184
1,GLI,11185
1,GLI,11186
1,GLI,11187
1,GLI,11188
1,GLI,11189
1,GLI,11190
1,GLI,11191
1,GLI,11192
1,GLI,11193
1,GLI,11194
1,GLI,11195
1,GLI,11196
1,GLI,11197
1,GLI,11198
1,GLI,11199
1,GLI,11200
1,GLI,11201
1,GLI,11202
1,GLI,11203
1,GLI,11204
1,GLI,11205
1,GLI,11206
1,GLI,11207
1,GLI,11208
1,GLI,11209
1,GLI,11210
1,GLI,11211
1,GLI,11212
1,GLI,11213
1,GLI,11214
1,GLI,11215
1,GLI,11216
1,GLI,11217
1,GLI,11218
1,GLI,11219
1,GLI,11220
1,GLI,11221
1,GLI,11222
1,GLI,11223
1,GLI,11224
1,GLI,11225
1,GLI,11226
1,GLI,11227
1,GLI,11228
1,GLI,11229
1,GLI,11230
1,GLI,11231
1,GLI,11232
1,GLI,11233
1,GLI,11234
1,GLI,11235
1,GLI,11236
1,GLI,11237
1,GLI,11238
1,GLI,11239
1,GLI,11240
1,GLI,11241
1,GLI,11242
1,GLI,11243
1,GLI,11244
1,GLI,11245
1,GLI,11246
1,GLI,11247
1,GLI,11248
1,GLI,11249
1,GLI,11250
1,GLI,11251
1,GLI,11252
1,GLI,11253
1,GLI,11254
1,GLI,11255
1,GLI,11256
1,GLI,11257
1,GLI,11258
1,GLI,11259
1,GLI,11260
1,GLI,11261
1,GLI,11262
1,GLI,11263
1,GLI,11264
1,GLI,11265
1,GLI,11266
1,GLI,11267
1,GLI,11268
1,GLI,11269
1,GLI,11270
1,GLI,11271
1,GLI,11272
1,GLI,11273
1,GLI,11274
1,GLI,11275
1,GLI,11276
1,GLI,11277
1,GLI,11278
1,GLI,11279
1,GLI,11280
1,GLI,11281
1,GLI,11282
1,GLI,11283
1,GLI,11284
1,GLI,11285
1,GLI,11286
1,GLI,11287
1,GLI,11288
1,GLI,11289
1,GLI,11290
1,GLI,11291
1,GLI,11292
1,GLI,11293
1,GLI,11294
1,GLI,11295
1,GLI,11296
1,GLI,11297
1,GLI,11298
1,GLI,11299
1,GLI,11300
1,GLI,11301
1,GLI,11302
1,GLI,11303
1,GLI,11304
1,GLI,11305
1,GLI,11306
1,GLI,11307
1,GLI,11308
1,GLI,11309
1,GLI,11310
1,GLI,11311
1,GLI,11312
1,GLI,11313
1,GLI,11314
1,GLI,11315
1,GLI,11316
1,GLI,11317
1,GLI,11318
1,GLI,11319
1,GLI,11320
1,GLI,11321
1,GLI,11322
1,GLI,11323
1,GLI,11324
1,GLI,11325
1,GLI,11326
1,GLI,11327
1,GLI,11328
1,GLI,11329
1,GLI,11330
1,GLI,11331
1,GLI,11332
1,GLI,11333
1,GLI,11334
1,GLI,11335
1,GLI,11336
1,GLI,11337
1,GLI,11338
1,GLI,11339
1,GLI,11340
1,GLI,11341
1,GLI,11342
1,GLI,11343
1,GLI,11344
1,GLI,11345
1,GLI,11346
1,GLI,11347
1,GLI,11348
1,GLI,11349
1,GLI,11350
1,GLI,11351
1,GLI,11352
1,GLI,11353
1,GLI,11354
1,GLI,11355
1,GLI,11356
1,GLI,11357
1,GLI,11358
1,GLI,11359
1,GLI,11360
1,GLI,11361
1,GLI,11362
1,GLI,11363
1,GLI,11364
1,GLI,11365
1,GLI,11366
1,GLI,11367
1,GLI,11368
1,GLI,11369
1,GLI,11370
1,GLI,11371
1,GLI,11372
1,GLI,11373
1,GLI,11374
1,GLI,11375
1,GLI,11376
1,GLI,11377
1,GLI,11378
1,GLI,11379
1,GLI,11380
1,GLI,11381
1,GLI,11382
1,GLI,11383
1,GLI,11384
1,GLI,11385
1,GLI,11386
1,GLI,11387
1,GLI,11388
1,GLI,11389
1,GLI,11390
1,GLI,11391
1,GLI,11392
1,GLI,11393
1,GLI,11394
1,GLI,11395
1,GLI,11396
1,GLI,11397
1,GLI,11398
1,GLI,11399
1,GLI,11400
1,GLI,11401
1,GLI,11402
1,GLI,11403
1,GLI,11404
1,GLI,11405
1,GLI,11406
1,GLI,11407
1,GLI,11408
1,GLI,11409
1,GLI,11410
1,GLI,11411
1,GLI,11412
1,GLI,11413
1,GLI,11414
1,GLI,11415
1,GLI,11416
1,GLI,11417
1,GLI,11418
1,GLI,11419
1,GLI,11420
1,GLI,11421
1,GLI,11422
1,GLI,11423
1,GLI,11424
1,GLI,11425
1,GLI,11426
1,GLI,11427
1,GLI,11428
1,GLI,11429
1,GLI,11430
1,GLI,11431
1,GLI,11432
1,GLI,11433
1,GLI,11434
1,GLI,11435
1,GLI,11436
1,GLI,11437
1,GLI,11438
1,GLI,11439
1,GLI,11440
1,GLI,11441
1,GLI,11442
1,GLI,11443
1,GLI,11444
1,GLI,11445
1,GLI,11446
1,GLI,11447
1,GLI,11448
1,GLI,11449
1,GLI,11450
1,GLI,11451
1,GLI,11452
1,GLI,11453
1,GLI,11454
1,GLI,11455
1,GLI,11456
1,GLI,11457
1,GLI,11458
1,GLI,11459
1,GLI,11460
1,GLI,11461
1,GLI,11462
1,GLI,11463
1,GLI,11464
1,GLI,11465
1,GLI,11466
1,GLI,11467
1,GLI,11468
1,GLI,11469
1,GLI,11470
1,GLI,11471
1,GLI,11472
1,GLI,11473
1,GLI,11474
1,GLI,11475
1,GLI,11476
1,GLI,11477
1,GLI,11478
1,GLI,11479
1,GLI,11480
1,GLI,11481
1,GLI,11482
1,GLI,11483
1,GLI,11484
1,GLI,11485
1,GLI,11486
1,GLI,11487
1,GLI,11488
1,GLI,11489
1,GLI,11490
1,GLI,11491
1,GLI,11492
1,GLI,11493
1,GLI,11494
1,GLI,11495
1,GLI,11496
1,GLI,11497
1,GLI,11498
1,GLI,11499
1,GLI,11500
1,GLI,11501
1,GLI,11502
1,GLI,11503
1,GLI,11504
1,GLI,11505
1,GLI,11506
1,GLI,11507
1,GLI,11508
1,GLI,11509
1,GLI,11510
1,GLI,11511
1,GLI,11512
1,GLI,11513
1,GLI,11514
1,GLI,11515
1,GLI,11516
1,GLI,11517
1,GLI,11518
1,GLI,11519
1,GLI,11520
1,GLI,11521
1,GLI,11522
1,GLI,11523
1,GLI,11524
1,GLI,11525
1,GLI,11526
1,GLI,11527
1,GLI,11528
1,GLI,11529
1,GLI,11530
1,GLI,11531
1,GLI,11532
1,GLI,11533
1,GLI,11534
1,GLI,11535
1,GLI,11536
1,GLI,11537
1,GLI,11538
1,GLI,11539
1,GLI,11540
1,GLI,11541
1,GLI,11542
1,GLI,11543
1,GLI,11544
1,GLI,11545
1,GLI,11546
1,GLI,11547
1,GLI,11548
1,GLI,11549
1,GLI,11550
1,GLI,11551
1,GLI,11552
1,GLI,11553
1,GLI,11554
1,GLI,11555
1,GLI,11556
1,GLI,11557
1,GLI,11558
1,GLI,11559
1,GLI,11560
1,GLI,11561
1,GLI,11562
1,GLI,11563
1,GLI,11564
1,GLI,11565
1,GLI,11566
1,GLI,11567
1,GLI,11568
1,GLI,11569
1,GLI,11570
1,GLI,11571
1,GLI,11572
1,GLI,11573
1,GLI,11574
1,GLI,11575
1,GLI,11576
1,GLI,11577
1,GLI,11578
1,GLI,11579
1,GLI,11580
1,GLI,11581
1,GLI,11582
1,GLI,11583
1,GLI,11584
1,GLI,11585
1,GLI,11586
1,GLI,11587
1,GLI,11588
1,GLI,11589
1,GLI,11590
1,GLI,11591
1,GLI,11592
1,GLI,11593
1,GLI,11594
1,GLI,11595
1,GLI,11596
1,GLI,11597
1,GLI,11598
1,GLI,11599
1,GLI,11600
1,GLI,11601
1,GLI,11602
1,GLI,11603
1,GLI,11604
1,GLI,11605
1,GLI,11606
1,GLI,11607
1,GLI,11608
1,GLI,11609
1,GLI,11610
1,GLI,11611
1,GLI,11612
1,GLI,11613
1,GLI,11614
1,GLI,11615
1,GLI,11616
1,GLI,11617
1,GLI,11618
1,GLI,11619
1,GLI,11620
1,GLI,11621
1,GLI,11622
1,GLI,11623
1,GLI,11624
1,GLI,11625
1,GLI,11626
1,GLI,11627
1,GLI,11628
1,GLI,11629
1,GLI,11630
1,GLI,11631
1,GLI,11632
1,GLI,11633
1,GLI,11634
1,GLI,11635
1,GLI,11636
1,GLI,11637
1,GLI,11638
1,GLI,11639
1,GLI,11640
1,GLI,11641
1,GLI,11642
1,GLI,11643
1,GLI,11644
1,GLI,11645
1,GLI,11646
1,GLI,11647
1,GLI,11648
1,GLI,11649
1,GLI,11650
1,GLI,11651
1,GLI,11652
1,GLI,11653
1,GLI,11654
1,GLI,11655
1,GLI,11656
1,GLI,11657
1,GLI,11658
1,GLI,11659
1,GLI,11660
1,GLI,11661
1,GLI,11662
1,GLI,11663
1,GLI,11664
1,GLI,11665
1,GLI,11666
1,GLI,11667
1,GLI,11668
1,GLI,11669
1,GLI,11670
1,GLI,11671
1,GLI,11672
1,GLI,11673
1,GLI,11674
1,GLI,11675
1,GLI,11676
1,GLI,11677
1,GLI,11678
1,GLI,11679
1,GLI,11680
1,GLI,11681
1,GLI,11682
1,GLI,11683
1,GLI,11684
1,GLI,11685
1,GLI,11686
1,GLI,11687
1,GLI,11688
1,GLI,11689
1,GLI,11690
1,GLI,11691
1,GLI,11692
1,GLI,11693
1,GLI,11694
1,GLI,11695
1,GLI,11696
1,GLI,11697
1,GLI,11698
1,GLI,11699
1,GLI,11700
1,GLI,11701
1,GLI,11702
1,GLI,11703
1,GLI,11704
1,GLI,11705
1,GLI,11706
1,GLI,11707
1,GLI,11708
1,GLI,11709
1,GLI,11710
1,GLI,11711
1,GLI,11712
1,GLI,11713
1,GLI,11714
1,GLI,11715
1,GLI,11716
1,GLI,11717
1,GLI,11718
1,GLI,11719
1,GLI,11720
1,GLI,11721
1,GLI,11722
1,GLI,11723
1,GLI,11724
1,GLI,11725
1,GLI,11726
1,GLI,11727
1,GLI,11728
1,GLI,11729
1,GLI,11730
1,GLI,11731
1,GLI,11732
1,GLI,11733
1,GLI,11734
1,GLI,11735
1,GLI,11736
1,GLI,11737
1,GLI,11738
1,GLI,11739
1,GLI,11740
1,GLI,11741
1,GLI,11742
1,GLI,11743
1,GLI,11744
1,GLI,11745
1,GLI,11746
1,GLI,11747
1,GLI,11748
1,GLI,11749
1,GLI,11750
1,GLI,11751
1,GLI,11752
1,GLI,11753
1,GLI,11754
1,GLI,11755
1,GLI,11756
1,GLI,11757
1,GLI,11758
1,GLI,11759
1,GLI,11760
1,GLI,11761
1,GLI,11762
1,GLI,11763
1,GLI,11764
1,GLI,11765
1,GLI,11766
1,GLI,11767
1,GLI,11768
1,GLI,11769
1,GLI,11770
1,GLI,11771
1,GLI,11772
1,GLI,11773
1,GLI,11774
1,GLI,11775
1,GLI,11776
1,GLI,11777
1,GLI,11778
0,GLI,11779
0,GLI,11780
0,GLI,11781
0,GLI,11782
0,GLI,11783
0,GLI,11784
0,GLI,11785
0,GLI,11786
0,GLI,11787
0,GLI,11788
0,GLI,11789
0,GLI,11790
0,GLI,11791
0,GLI,11792
0,GLI,11793
0,GLI,11794
0,GLI,11795
0,GLI,11796
0,GLI,11797
0,GLI,11798
0,GLI,11799
0,GLI,11800
0,GLI,11801
0,GLI,11802
0,GLI,11803
0,GLI,11804
0,GLI,11805
0,GLI,11806
0,GLI,11807
0,GLI,11808
0,GLI,11809
0,GLI,11810
0,GLI,11811
0,GLI,11812
0,GLI,11813
0,GLI,11814
0,GLI,11815
0,GLI,11816
0,GLI,11817
0,GLI,11818
0,GLI,11819
0,GLI,11820
0,GLI,11821
0,GLI,11822
0,GLI,11823
0,GLI,11824
0,GLI,11825
0,GLI,11826
0,GLI,11827
0,GLI,11828
0,GLI,11829
0,GLI,11830
0,GLI,11831
0,GLI,11832
0,GLI,11833
0,GLI,11834
0,GLI,11835
0,GLI,11836
0,GLI,11837
0,GLI,11838
0,GLI,11839
0,GLI,11840
0,GLI,11841
0,GLI,11842
0,GLI,11843
0,GLI,11844
0,GLI,11845
0,GLI,11846
0,GLI,11847
0,GLI,11848
0,GLI,11849
0,GLI,11850
0,GLI,11851
0,GLI,11852
0,GLI,11853
0,GLI,11854
0,GLI,11855
0,GLI,11856
0,GLI,11857
0,GLI,11858
0,GLI,11859
0,GLI,11860
0,GLI,11861
0,GLI,11862
0,GLI,11863
0,GLI,11864
0,GLI,11865
0,GLI,11866
0,GLI,11867
0,GLI,11868
0,GLI,11869
0,GLI,11870
0,GLI,11871
0,GLI,11872
0,GLI,11873
0,GLI,11874
0,GLI,11875
0,GLI,11876
0,GLI,11877
0,GLI,11878
0,GLI,11879
0,GLI,11880
0,GLI,11881
0,GLI,11882
0,GLI,11883
0,GLI,11884
0,GLI,11885
0,GLI,11886
0,GLI,11887
0,GLI,11888
0,GLI,11889
0,GLI,11890
0,GLI,11891
0,GLI,11892
0,GLI,11893
0,GLI,11894
0,GLI,11895
0,GLI,11896
0,GLI,11897
0,GLI,11898
0,GLI,11899
0,GLI,11900
0,GLI,11901
0,GLI,11902
0,GLI,11903
0,GLI,11904
0,GLI,11905
0,GLI,11906
0,GLI,11907
0,GLI,11908
0,GLI,11909
0,GLI,11910
0,GLI,11911
0,GLI,11912
0,GLI,11913
0,GLI,11914
0,GLI,11915
0,GLI,11916
0,GLI,11917
0,GLI,11918
0,GLI,11919
0,GLI,11920
0,GLI,11921
0,GLI,11922
0,GLI,11923
0,GLI,11924
0,GLI,11925
0,GLI,11926
0,GLI,11927
0,GLI,11928
0,GLI,11929
0,GLI,11930
0,GLI,11931
0,GLI,11932
0,GLI,11933
0,GLI,11934
0,GLI,11935
0,GLI,11936
0,GLI,11937
0,GLI,11938
0,GLI,11939
0,GLI,11940
0,GLI,11941
0,GLI,11942
0,GLI,11943
0,GLI,11944
0,GLI,11945
0,GLI,11946
0,GLI,11947
0,GLI,11948
0,GLI,11949
0,GLI,11950
0,GLI,11951
0,GLI,11952
0,GLI,11953
0,GLI,11954
0,GLI,11955
0,GLI,11956
0,GLI,11957
0,GLI,11958
0,GLI,11959
0,GLI,11960
0,GLI,11961
0,GLI,11962
0,GLI,11963
0,GLI,11964
0,GLI,11965
0,GLI,11966
0,GLI,11967
0,GLI,11968
0,GLI,11969
0,GLI,11970
0,GLI,11971
0,GLI,11972
0,GLI,11973
0,GLI,11974
0,GLI,11975
0,GLI,11976
0,GLI,11977
0,GLI,11978
0,GLI,11979
0,GLI,11980
0,GLI,11981
0,GLI,11982
0,GLI,11983
0,GLI,11984
0,GLI,11985
0,GLI,11986
0,GLI,11987
0,GLI,11988
0,GLI,11989
0,GLI,11990
0,GLI,11991
0,GLI,11992
0,GLI,11993
0,GLI,11994
0,GLI,11995
0,GLI,11996
0,GLI,11997
0,GLI,11998
0,GLI,11999
0,GLI,12000
0,GLI,12001
0,GLI,12002
0,GLI,12003
0,GLI,12004
0,GLI,12005
0,GLI,12006
0,GLI,12007
0,GLI,12008
0,GLI,12009
0,GLI,12010
0,GLI,12011
0,GLI,12012
0,GLI,12013
0,GLI,12014
0,GLI,12015
0,GLI,12016
0,GLI,12017
0,GLI,12018
0,GLI,12019
0,GLI,12020
0,GLI,12021
0,GLI,12022
0,GLI,12023
0,GLI,12024
0,GLI,12025
0,GLI,12026
0,GLI,12027
0,GLI,12028
0,GLI,12029
0,GLI,12030
0,GLI,12031
0,GLI,12032
0,GLI,12033
0,GLI,12034
0,GLI,12035
0,GLI,12036
0,GLI,12037
0,GLI,12038
0,GLI,12039
0,GLI,12040
0,GLI,12041
0,GLI,12042
0,GLI,12043
0,GLI,12044
0,GLI,12045
0,GLI,12046
0,GLI,12047
0,GLI,12048
0,GLI,12049
0,GLI,12050
0,GLI,12051
0,GLI,12052
0,GLI,12053
0,GLI,12054
0,GLI,12055
0,GLI,12056
0,GLI,12057
0,GLI,12058
0,GLI,12059
0,GLI,12060
0,GLI,12061
0,GLI,12062
0,GLI,12063
0,GLI,12064
0,GLI,12065
0,GLI,12066
0,GLI,12067
0,GLI,12068
0,GLI,12069
0,GLI,12070
0,GLI,12071
0,GLI,12072
0,GLI,12073
0,GLI,12074
0,GLI,12075
0,GLI,12076
0,GLI,12077
0,GLI,12078
0,GLI,12079
0,GLI,12080
0,GLI,12081
0,GLI,12082
0,GLI,12083
0,GLI,12084
0,GLI,12085
0,GLI,12086
0,GLI,12087
0,GLI,12088
0,GLI,12089
0,GLI,12090
0,GLI,12091
0,GLI,12092
0,GLI,12093
0,GLI,12094
0,GLI,12095
0,GLI,12096
0,GLI,12097
0,GLI,12098
0,GLI,12099
0,GLI,12100
0,GLI,12101
0,GLI,12102
0,GLI,12103
0,GLI,12104
0,GLI,12105
0,GLI,12106
0,GLI,12107
0,GLI,12108
0,GLI,12109
0,GLI,12110
0,GLI,12111
0,GLI,12112
0,GLI,12113
0,GLI,12114
0,GLI,12115
0,GLI,12116
0,GLI,12117
0,GLI,12118
0,GLI,12119
0,GLI,12120
0,GLI,12121
0,GLI,12122
0,GLI,12123
0,GLI,12124
0,GLI,12125
0,GLI,12126
0,GLI,12127
0,GLI,12128
0,GLI,12129
0,GLI,12130
0,GLI,12131
0,GLI,12132
0,GLI,12133
0,GLI,12134
0,GLI,12135
0,GLI,12136
0,GLI,12137
0,GLI,12138
0,GLI,12139
0,GLI,12140
0,GLI,12141
0,GLI,12142
0,GLI,12143
0,GLI,12144
0,GLI,12145
0,GLI,12146
0,GLI,12147
0,GLI,12148
0,GLI,12149
0,GLI,12150
0,GLI,12151
0,GLI,12152
0,GLI,12153
0,GLI,12154
0,GLI,12155
0,GLI,12156
0,GLI,12157
0,GLI,12158
0,GLI,12159
0,GLI,12160
0,GLI,12161
0,GLI,12162
0,GLI,12163
0,GLI,12164
0,GLI,12165
0,GLI,12166
0,GLI,12167
0,GLI,12168
0,GLI,12169
0,GLI,12170
0,GLI,12171
0,GLI,12172
0,GLI,12173
0,GLI,12174
0,GLI,12175
0,GLI,12176
0,GLI,12177
0,GLI,12178
0,GLI,12179
0,GLI,12180
0,GLI,12181
0,GLI,12182
0,GLI,12183
0,GLI,12184
0,GLI,12185
0,GLI,12186
0,GLI,12187
0,GLI,12188
0,GLI,12189
0,GLI,12190
0,GLI,12191
0,GLI,12192
0,GLI,12193
0,GLI,12194
0,GLI,12195
0,GLI,12196
0,GLI,12197
0,GLI,12198
0,GLI,12199
0,GLI,12200
0,GLI,12201
0,GLI,12202
0,GLI,12203
0,GLI,12204
0,GLI,12205
0,GLI,12206
0,GLI,12207
0,GLI,12208
0,GLI,12209
0,GLI,12210
0,GLI,12211
0,GLI,12212
0,GLI,12213
0,GLI,12214
0,GLI,12215
0,GLI,12216
0,GLI,12217
0,GLI,12218
0,GLI,12219
0,GLI,12220
0,GLI,12221
0,GLI,12222
0,GLI,12223
0,GLI,12224
0,GLI,12225
0,GLI,12226
0,GLI,12227
0,GLI,12228
0,GLI,12229
0,GLI,12230
0,GLI,12231
0,GLI,12232
0,GLI,12233
0,GLI,12234
0,GLI,12235
0,GLI,12236
0,GLI,12237
0,GLI,12238
0,GLI,12239
0,GLI,12240
0,GLI,12241
0,GLI,12242
0,GLI,12243
0,GLI,12244
0,GLI,12245
0,GLI,12246
0,GLI,12247
0,GLI,12248
0,GLI,12249
0,GLI,12250
0,GLI,12251
0,GLI,12252
0,GLI,12253
0,GLI,12254
0,GLI,12255
0,GLI,12256
0,GLI,12257
0,GLI,12258
0,GLI,12259
0,GLI,12260
0,GLI,12261
0,GLI,12262
0,GLI,12263
0,GLI,12264
0,GLI,12265
0,GLI,12266
0,GLI,12267
0,GLI,12268
0,GLI,12269
0,GLI,12270
0,GLI,12271
0,GLI,12272
0,GLI,12273
0,GLI,12274
0,GLI,12275
0,GLI,12276
0,GLI,12277
0,GLI,12278
0,GLI,12279
0,GLI,12280
0,GLI,12281
0,GLI,12282
0,GLI,12283
0,GLI,12284
0,GLI,12285
0,GLI,12286
0,GLI,12287
0,GLI,12288
0,GLI,12289
0,GLI,12290
0,GLI,12291
0,GLI,12292
0,GLI,12293
0,GLI,12294
0,GLI,12295
0,GLI,12296
0,GLI,12297
0,GLI,12298
0,GLI,12299
0,GLI,12300
0,GLI,12301
0,GLI,12302
0,GLI,12303
0,GLI,12304
0,GLI,12305
0,GLI,12306
0,GLI,12307
0,GLI,12308
0,GLI,12309
0,GLI,12310
0,GLI,12311
0,GLI,12312
0,GLI,12313
0,GLI,12314
0,GLI,12315
0,GLI,12316
0,GLI,12317
0,GLI,12318
0,GLI,12319
0,GLI,12320
0,GLI,12321
0,GLI,12322
0,GLI,12323
0,GLI,12324
0,GLI,12325
0,GLI,12326
0,GLI,12327
0,GLI,12328
0,GLI,12329
0,GLI,12330
0,GLI,12331
0,GLI,12332
0,GLI,12333
0,GLI,12334
0,GLI,12335
0,GLI,12336
0,GLI,12337
0,GLI,12338
0,GLI,12339
0,GLI,12340
0,GLI,12341
0,GLI,12342
0,GLI,12343
0,GLI,12344
0,GLI,12345
0,GLI,12346
0,GLI,12347
0,GLI,12348
0,GLI,12349
0,GLI,12350
0,GLI,12351
0,GLI,12352
0,GLI,12353
0,GLI,12354
0,GLI,12355
0,GLI,12356
0,GLI,12357
0,GLI,12358
0,GLI,12359
0,GLI,12360
0,GLI,12361
0,GLI,12362
0,GLI,12363
0,GLI,12364
0,GLI,12365
0,GLI,12366
0,GLI,12367
0,GLI,12368
0,GLI,12369
0,GLI,12370
0,GLI,12371
0,GLI,12372
0,GLI,12373
0,GLI,12374
0,GLI,12375
0,GLI,12376
0,GLI,12377
0,GLI,12378
0,GLI,12379
0,GLI,12380
0,GLI,12381
0,GLI,12382
0,GLI,12383
0,GLI,12384
0,GLI,12385
0,GLI,12386
0,GLI,12387
0,GLI,12388
0,GLI,12389
0,GLI,12390
0,GLI,12391
0,GLI,12392
0,GLI,12393
0,GLI,12394
0,GLI,12395
0,GLI,12396
0,GLI,12397
0,GLI,12398
0,GLI,12399
0,GLI,12400
0,GLI,12401
0,GLI,12402
0,GLI,12403
0,GLI,12404
0,GLI,12405
0,GLI,12406
0,GLI,12407
0,GLI,12408
0,GLI,12409
0,GLI,12410
0,GLI,12411
0,GLI,12412
0,GLI,12413
0,GLI,12414
0,GLI,12415
0,GLI,12416
0,GLI,12417
0,GLI,12418
0,GLI,12419
0,GLI,12420
0,GLI,12421
0,GLI,12422
0,GLI,12423
0,GLI,12424
0,GLI,12425
0,GLI,12426
0,GLI,12427
0,GLI,12428
0,GLI,12429
0,GLI,12430
0,GLI,12431
0,GLI,12432
0,GLI,12433
0,GLI,12434
0,GLI,12435
0,GLI,12436
0,GLI,12437
0,GLI,12438
0,GLI,12439
0,GLI,12440
0,GLI,12441
0,GLI,12442
0,GLI,12443
0,GLI,12444
0,GLI,12445
0,GLI,12446
0,GLI,12447
0,GLI,12448
0,GLI,12449
0,GLI,12450
0,GLI,12451
0,GLI,12452
0,GLI,12453
0,GLI,12454
0,GLI,12455
0,GLI,12456
0,GLI,12457
0,GLI,12458
0,GLI,12459
0,GLI,12460
0,GLI,12461
0,GLI,12462
0,GLI,12463
0,GLI,12464
0,GLI,12465
0,GLI,12466
0,GLI,12467
0,GLI,12468
0,GLI,12469
0,GLI,12470
0,GLI,12471
0,GLI,12472
0,GLI,12473
0,GLI,12474
0,GLI,12475
0,GLI,12476
0,GLI,12477
0,GLI,12478
0,GLI,12479
0,GLI,12480
0,GLI,12481
0,GLI,12482
0,GLI,12483
0,GLI,12484
0,GLI,12485
0,GLI,12486
0,GLI,12487
0,GLI,12488
0,GLI,12489
0,GLI,12490
0,GLI,12491
0,GLI,12492
0,GLI,12493
0,GLI,12494
0,GLI,12495
0,GLI,12496
0,GLI,12497
0,GLI,12498
0,GLI,12499
0,GLI,12500
0,GLI,12501
0,GLI,12502
0,GLI,12503
0,GLI,12504
0,GLI,12505
0,GLI,12506
0,GLI,12507
0,GLI,12508
0,GLI,12509
0,GLI,12510
0,GLI,12511
0,GLI,12512
0,GLI,12513
0,GLI,12514
0,GLI,12515
0,GLI,12516
0,GLI,12517
0,GLI,12518
0,GLI,12519
0,GLI,12520
0,GLI,12521
0,GLI,12522
0,GLI,12523
0,GLI,12524
0,GLI,12525
0,GLI,12526
0,GLI,12527
0,GLI,12528
0,GLI,12529
0,GLI,12530
0,GLI,12531
0,GLI,12532
0,GLI,12533
0,GLI,12534
0,GLI,12535
0,GLI,12536
0,GLI,12537
0,GLI,12538
0,GLI,12539
0,GLI,12540
0,GLI,12541
0,GLI,12542
0,GLI,12543
0,GLI,12544
0,GLI,12545
0,GLI,12546
0,GLI,12547
0,GLI,12548
0,GLI,12549
0,GLI,12550
0,GLI,12551
0,GLI,12552
0,GLI,12553
0,GLI,12554
0,GLI,12555
0,GLI,12556
0,GLI,12557
0,GLI,12558
0,GLI,12559
0,GLI,12560
0,GLI,12561
0,GLI,12562
0,GLI,12563
0,GLI,12564
0,GLI,12565
0,GLI,12566
0,GLI,12567
0,GLI,12568
0,GLI,12569
0,GLI,12570
0,GLI,12571
0,GLI,12572
0,GLI,12573
0,GLI,12574
0,GLI,12575
0,GLI,12576
0,GLI,12577
0,GLI,12578
0,GLI,12579
0,GLI,12580
0,GLI,12581
0,GLI,12582
0,GLI,12583
0,GLI,12584
0,GLI,12585
0,GLI,12586
0,GLI,12587
0,GLI,12588
0,GLI,12589
0,GLI,12590
0,GLI,12591
0,GLI,12592
0,GLI,12593
0,GLI,12594
0,GLI,12595
0,GLI,12596
0,GLI,12597
0,GLI,12598
0,GLI,12599
0,GLI,12600
0,GLI,12601
0,GLI,12602
0,GLI,12603
0,GLI,12604
0,GLI,12605
0,GLI,12606
0,GLI,12607
0,GLI,12608
0,GLI,12609
0,GLI,12610
0,GLI,12611
0,GLI,12612
0,GLI,12613
0,GLI,12614
0,GLI,12615
0,GLI,12616
0,GLI,12617
0,GLI,12618
0,GLI,12619
0,GLI,12620
0,GLI,12621
0,GLI,12622
0,GLI,12623
0,GLI,12624
0,GLI,12625
0,GLI,12626
0,GLI,12627
0,GLI,12628
0,GLI,12629
0,GLI,12630
0,GLI,12631
0,GLI,12632
0,GLI,12633
0,GLI,12634
0,GLI,12635
0,GLI,12636
0,GLI,12637
0,GLI,12638
0,GLI,12639
0,GLI,12640
0,GLI,12641
0,GLI,12642
0,GLI,12643
0,GLI,12644
0,GLI,12645
0,GLI,12646
0,GLI,12647
0,GLI,12648
0,GLI,12649
0,GLI,12650
0,GLI,12651
0,GLI,12652
0,GLI,12653
0,GLI,12654
0,GLI,12655
0,GLI,12656
0,GLI,12657
0,GLI,12658
0,GLI,12659
0,GLI,12660
0,GLI,12661
0,GLI,12662
0,GLI,12663
0,GLI,12664
0,GLI,12665
0,GLI,12666
0,GLI,12667
0,GLI,12668
0,GLI,12669
0,GLI,12670
0,GLI,12671
0,GLI,12672
0,GLI,12673
0,GLI,12674
0,GLI,12675
0,GLI,12676
0,GLI,12677
0,GLI,12678
0,GLI,12679
0,GLI,12680
0,GLI,12681
0,GLI,12682
0,GLI,12683
0,GLI,12684
0,GLI,12685
0,GLI,12686
0,GLI,12687
0,GLI,12688
0,GLI,12689
0,GLI,12690
0,GLI,12691
0,GLI,12692
0,GLI,12693
0,GLI,12694
0,GLI,12695
0,GLI,12696
0,GLI,12697
0,GLI,12698
0,GLI,12699
0,GLI,12700
0,GLI,12701
0,GLI,12702
0,GLI,12703
0,GLI,12704
0,GLI,12705
0,GLI,12706
0,GLI,12707
0,GLI,12708
0,GLI,12709
0,GLI,12710
0,GLI,12711
0,GLI,12712
0,GLI,12713
0,GLI,12714
0,GLI,12715
0,GLI,12716
0,GLI,12717
0,GLI,12718
0,GLI,12719
0,GLI,12720
0,GLI,12721
0,GLI,12722
0,GLI,12723
0,GLI,12724
0,GLI,12725
0,GLI,12726
0,GLI,12727
0,GLI,12728
0,GLI,12729
0,GLI,12730
0,GLI,12731
0,GLI,12732
0,GLI,12733
0,GLI,12734
0,GLI,12735
0,GLI,12736
0,GLI,12737
0,GLI,12738
0,GLI,12739
0,GLI,12740
0,GLI,12741
0,GLI,12742
0,GLI,12743
0,GLI,12744
0,GLI,12745
0,GLI,12746
0,GLI,12747
0,GLI,12748
0,GLI,12749
0,GLI,12750
0,GLI,12751
0,GLI,12752
0,GLI,12753
0,GLI,12754
0,GLI,12755
0,GLI,12756
0,GLI,12757
0,GLI,12758
0,GLI,12759
0,GLI,12760
0,GLI,12761
0,GLI,12762
0,GLI,12763
0,GLI,12764
0,GLI,12765
0,GLI,12766
0,GLI,12767
0,GLI,12768
0,GLI,12769
0,GLI,12770
0,GLI,12771
0,GLI,12772
0,GLI,12773
0,GLI,12774
0,GLI,12775
0,GLI,12776
0,GLI,12777
0,GLI,12778
0,GLI,12779
0,GLI,12780
0,GLI,12781
0,GLI,12782
0,GLI,12783
0,GLI,12784
0,GLI,12785
0,GLI,12786
0,GLI,12787
0,GLI,12788
0,GLI,12789
0,GLI,12790
0,GLI,12791
0,GLI,12792
0,GLI,12793
0,GLI,12794
0,GLI,12795
0,GLI,12796
0,GLI,12797
0,GLI,12798
0,GLI,12799
0,GLI,12800
0,GLI,12801
0,GLI,12802
0,GLI,12803
0,GLI,12804
0,GLI,12805
0,GLI,12806
0,GLI,12807
0,GLI,12808
0,GLI,12809
0,GLI,12810
0,GLI,12811
0,GLI,12812
0,GLI,12813
0,GLI,12814
0,GLI,12815
0,GLI,12816
0,GLI,12817
0,GLI,12818
0,GLI,12819
0,GLI,12820
0,GLI,12821
0,GLI,12822
0,GLI,12823
0,GLI,12824
0,GLI,12825
0,GLI,12826
0,GLI,12827
0,GLI,12828
0,GLI,12829
0,GLI,12830
0,GLI,12831
0,GLI,12832
0,GLI,12833
0,GLI,12834
0,GLI,12835
0,GLI,12836
0,GLI,12837
0,GLI,12838
0,GLI,12839
0,GLI,12840
0,GLI,12841
0,GLI,12842
0,GLI,12843
0,GLI,12844
0,GLI,12845
0,GLI,12846
0,GLI,12847
0,GLI,12848
0,GLI,12849
0,GLI,12850
0,GLI,12851
0,GLI,12852
0,GLI,12853
0,GLI,12854
0,GLI,12855
0,GLI,12856
0,GLI,12857
0,GLI,12858
0,GLI,12859
0,GLI,12860
0,GLI,12861
0,GLI,12862
0,GLI,12863
0,GLI,12864
0,GLI,12865
0,GLI,12866
0,GLI,12867
0,GLI,12868
0,GLI,12869
0,GLI,12870
0,GLI,12871
0,GLI,12872
0,GLI,12873
0,GLI,12874
0,GLI,12875
0,GLI,12876
0,GLI,12877
0,GLI,12878
0,GLI,12879
0,GLI,12880
0,GLI,12881
0,GLI,12882
0,GLI,12883
0,GLI,12884
0,GLI,12885
0,GLI,12886
0,GLI,12887
0,GLI,12888
0,GLI,12889
0,GLI,12890
0,GLI,12891
0,GLI,12892
0,GLI,12893
0,GLI,12894
0,GLI,12895
0,GLI,12896
0,GLI,12897
0,GLI,12898
0,GLI,12899
0,GLI,12900
0,GLI,12901
0,GLI,12902
0,GLI,12903
0,GLI,12904
0,GLI,12905
0,GLI,12906
0,GLI,12907
0,GLI,12908
0,GLI,12909
0,GLI,12910
0,GLI,12911
0,GLI,12912
0,GLI,12913
0,GLI,12914
0,GLI,12915
0,GLI,12916
0,GLI,12917
0,GLI,12918
0,GLI,12919
0,GLI,12920
0,GLI,12921
0,GLI,12922
0,GLI,12923
0,GLI,12924
0,GLI,12925
0,GLI,12926
0,GLI,12927
0,GLI,12928
0,GLI,12929
0,GLI,12930
0,GLI,12931
0,GLI,12932
0,GLI,12933
0,GLI,12934
0,GLI,12935
0,GLI,12936
0,GLI,12937
0,GLI,12938
0,GLI,12939
0,GLI,12940
0,GLI,12941
0,GLI,12942
0,GLI,12943
0,GLI,12944
0,GLI,12945
0,GLI,12946
0,GLI,12947
0,GLI,12948
0,GLI,12949
0,GLI,12950
0,GLI,12951
0,GLI,12952
0,GLI,12953
0,GLI,12954
0,GLI,12955
0,GLI,12956
0,GLI,12957
0,GLI,12958
0,GLI,12959
0,GLI,12960
0,GLI,12961
0,GLI,12962
0,GLI,12963
0,GLI,12964
0,GLI,12965
0,GLI,12966
0,GLI,12967
0,GLI,12968
0,GLI,12969
0,GLI,12970
0,GLI,12971
0,GLI,12972
0,GLI,12973
0,GLI,12974
0,GLI,12975
0,GLI,12976
0,GLI,12977
0,GLI,12978
0,GLI,12979
0,GLI,12980
0,GLI,12981
0,GLI,12982
0,GLI,12983
0,GLI,12984
0,GLI,12985
0,GLI,12986
0,GLI,12987
0,GLI,12988
0,GLI,12989
0,GLI,12990
0,GLI,12991
0,GLI,12992
0,GLI,12993
0,GLI,12994
0,GLI,12995
0,GLI,12996
0,GLI,12997
0,GLI,12998
0,GLI,12999
0,GLI,13000
0,GLI,13001
0,GLI,13002
0,GLI,13003
0,GLI,13004
0,GLI,13005
0,GLI,13006
0,GLI,13007
0,GLI,13008
0,GLI,13009
0,GLI,13010
0,GLI,13011
0,GLI,13012
0,GLI,13013
0,GLI,13014
0,GLI,13015
0,GLI,13016
0,GLI,13017
0,GLI,13018
0,GLI,13019
0,GLI,13020
0,GLI,13021
0,GLI,13022
0,GLI,13023
0,GLI,13024
0,GLI,13025
0,GLI,13026
0,GLI,13027
0,GLI,13028
0,GLI,13029
0,GLI,13030
0,GLI,13031
0,GLI,13032
0,GLI,13033
0,GLI,13034
0,GLI,13035
0,GLI,13036
0,GLI,13037
0,GLI,13038
0,GLI,13039
0,GLI,13040
0,GLI,13041
0,GLI,13042
0,GLI,13043
0,GLI,13044
0,GLI,13045
0,GLI,13046
0,GLI,13047
0,GLI,13048
0,GLI,13049
0,GLI,13050
0,GLI,13051
0,GLI,13052
0,GLI,13053
0,GLI,13054
0,GLI,13055
0,GLI,13056
0,GLI,13057
0,GLI,13058
0,GLI,13059
0,GLI,13060
0,GLI,13061
0,GLI,13062
0,GLI,13063
0,GLI,13064
0,GLI,13065
0,GLI,13066
0,GLI,13067
0,GLI,13068
0,GLI,13069
0,GLI,13070
0,GLI,13071
0,GLI,13072
0,GLI,13073
0,GLI,13074
0,GLI,13075
0,GLI,13076
0,GLI,13077
0,GLI,13078
0,GLI,13079
0,GLI,13080
0,GLI,13081
0,GLI,13082
0,GLI,13083
0,GLI,13084
0,GLI,13085
0,GLI,13086
0,GLI,13087
0,GLI,13088
0,GLI,13089
0,GLI,13090
0,GLI,13091
0,GLI,13092
0,GLI,13093
0,GLI,13094
0,GLI,13095
0,GLI,13096
0,GLI,13097
0,GLI,13098
0,GLI,13099
0,GLI,13100
0,GLI,13101
0,GLI,13102
0,GLI,13103
0,GLI,13104
0,GLI,13105
0,GLI,13106
0,GLI,13107
0,GLI,13108
0,GLI,13109
0,GLI,13110
0,GLI,13111
0,GLI,13112
0,GLI,13113
0,GLI,13114
0,GLI,13115
0,GLI,13116
0,GLI,13117
0,GLI,13118
0,GLI,13119
0,GLI,13120
0,GLI,13121
0,GLI,13122
0,GLI,13123
0,GLI,13124
0,GLI,13125
0,GLI,13126
0,GLI,13127
0,GLI,13128
0,GLI,13129
0,GLI,13130
0,GLI,13131
0,GLI,13132
0,GLI,13133
0,GLI,13134
0,GLI,13135
0,GLI,13136
0,GLI,13137
0,GLI,13138
0,GLI,13139
0,GLI,13140
0,GLI,13141
0,GLI,13142
0,GLI,13143
0,GLI,13144
0,GLI,13145
0,GLI,13146
0,GLI,13147
0,GLI,13148
0,GLI,13149
0,GLI,13150
0,GLI,13151
0,GLI,13152
0,GLI,13153
0,GLI,13154
0,GLI,13155
0,GLI,13156
0,GLI,13157
0,GLI,13158
0,GLI,13159
0,GLI,13160
0,GLI,13161
0,GLI,13162
0,GLI,13163
0,GLI,13164
0,GLI,13165
0,GLI,13166
0,GLI,13167
0,GLI,13168
0,GLI,13169
0,GLI,13170
0,GLI,13171
0,GLI,13172
0,GLI,13173
0,GLI,13174
0,GLI,13175
0,GLI,13176
0,GLI,13177
0,GLI,13178
0,GLI,13179
0,GLI,13180
0,GLI,13181
0,GLI,13182
0,GLI,13183
0,GLI,13184
0,GLI,13185
0,GLI,13186
0,GLI,13187
0,GLI,13188
0,GLI,13189
0,GLI,13190
0,GLI,13191
0,GLI,13192
0,GLI,13193
0,GLI,13194
0,GLI,13195
0,GLI,13196
0,GLI,13197
0,GLI,13198
0,GLI,13199
0,GLI,13200
0,GLI,13201
0,GLI,13202
0,GLI,13203
0,GLI,13204
0,GLI,13205
0,GLI,13206
0,GLI,13207
0,GLI,13208
0,GLI,13209
0,GLI,13210
0,GLI,13211
0,GLI,13212
0,GLI,13213
0,GLI,13214
0,GLI,13215
0,GLI,13216
0,GLI,13217
0,GLI,13218
0,GLI,13219
0,GLI,13220
0,GLI,13221
0,GLI,13222
0,GLI,13223
0,GLI,13224
0,GLI,13225
0,GLI,13226
0,GLI,13227
0,GLI,13228
0,GLI,13229
0,GLI,13230
0,GLI,13231
0,GLI,13232
0,GLI,13233
0,GLI,13234
0,GLI,13235
0,GLI,13236
0,GLI,13237
0,GLI,13238
0,GLI,13239
0,GLI,13240
0,GLI,13241
0,GLI,13242
0,GLI,13243
0,GLI,13244
0,GLI,13245
0,GLI,13246
0,GLI,13247
0,GLI,13248
0,GLI,13249
0,GLI,13250
0,GLI,13251
0,GLI,13252
0,GLI,13253
0,GLI,13254
0,GLI,13255
0,GLI,13256
0,GLI,13257
0,GLI,13258
0,GLI,13259
0,GLI,13260
0,GLI,13261
0,GLI,13262
0,GLI,13263
0,GLI,13264
0,GLI,13265
0,GLI,13266
0,GLI,13267
0,GLI,13268
0,GLI,13269
0,GLI,13270
0,GLI,13271
0,GLI,13272
0,GLI,13273
0,GLI,13274
0,GLI,13275
0,GLI,13276
0,GLI,13277
0,GLI,13278
0,GLI,13279
0,GLI,13280
0,GLI,13281
0,GLI,13282
0,GLI,13283
0,GLI,13284
0,GLI,13285
0,GLI,13286
0,GLI,13287
0,GLI,13288
0,GLI,13289
0,GLI,13290
0,GLI,13291
0,GLI,13292
0,GLI,13293
0,GLI,13294
0,GLI,13295
0,GLI,13296
0,GLI,13297
0,GLI,13298
0,GLI,13299
0,GLI,13300
0,GLI,13301
0,GLI,13302
0,GLI,13303
0,GLI,13304
0,GLI,13305
0,GLI,13306
0,GLI,13307
0,GLI,13308
0,GLI,13309
0,GLI,13310
0,GLI,13311
0,GLI,13312
0,GLI,13313
0,GLI,13314
0,GLI,13315
0,GLI,13316
0,GLI,13317
0,GLI,13318
0,GLI,13319
0,GLI,13320
0,GLI,13321
0,GLI,13322
0,GLI,13323
0,GLI,13324
0,GLI,13325
0,GLI,13326
0,GLI,13327
0,GLI,13328
0,GLI,13329
0,GLI,13330
0,GLI,13331
0,GLI,13332
0,GLI,13333
0,GLI,13334
0,GLI,13335
0,GLI,13336
0,GLI,13337
0,GLI,13338
0,GLI,13339
0,GLI,13340
0,GLI,13341
0,GLI,13342
0,GLI,13343
0,GLI,13344
0,GLI,13345
0,GLI,13346
0,GLI,13347
0,GLI,13348
0,GLI,13349
0,GLI,13350
0,GLI,13351
0,GLI,13352
0,GLI,13353
0,GLI,13354
0,GLI,13355
0,GLI,13356
0,GLI,13357
0,GLI,13358
0,GLI,13359
0,GLI,13360
0,GLI,13361
0,GLI,13362
0,GLI,13363
0,GLI,13364
0,GLI,13365
0,GLI,13366
0,GLI,13367
0,GLI,13368
0,GLI,13369
0,GLI,13370
0,GLI,13371
0,GLI,13372
0,GLI,13373
0,GLI,13374
0,GLI,13375
0,GLI,13376
0,GLI,13377
0,GLI,13378
0,GLI,13379
0,GLI,13380
0,GLI,13381
0,GLI,13382
0,GLI,13383
0,GLI,13384
0,GLI,13385
0,GLI,13386
0,GLI,13387
0,GLI,13388
0,GLI,13389
0,GLI,13390
0,GLI,13391
0,GLI,13392
0,GLI,13393
0,GLI,13394
0,GLI,13395
0,GLI,13396
0,GLI,13397
0,GLI,13398
0,GLI,13399
0,GLI,13400
0,GLI,13401
0,GLI,13402
0,GLI,13403
0,GLI,13404
0,GLI,13405
0,GLI,13406
0,GLI,13407
0,GLI,13408
0,GLI,13409
0,GLI,13410
0,GLI,13411
0,GLI,13412
0,GLI,13413
0,GLI,13414
0,GLI,13415
0,GLI,13416
0,GLI,13417
0,GLI,13418
0,GLI,13419
0,GLI,13420
0,GLI,13421
0,GLI,13422
0,GLI,13423
0,GLI,13424
0,GLI,13425
0,GLI,13426
0,GLI,13427
0,GLI,13428
0,GLI,13429
0,GLI,13430
0,GLI,13431
0,GLI,13432
0,GLI,13433
0,GLI,13434
0,GLI,13435
0,GLI,13436
0,GLI,13437
0,GLI,13438
0,GLI,13439
0,GLI,13440
0,GLI,13441
0,GLI,13442
0,GLI,13443
0,GLI,13444
0,GLI,13445
0,GLI,13446
0,GLI,13447
0,GLI,13448
0,GLI,13449
0,GLI,13450
0,GLI,13451
0,GLI,13452
0,GLI,13453
0,GLI,13454
0,GLI,13455
0,GLI,13456
0,GLI,13457
0,GLI,13458
0,GLI,13459
0,GLI,13460
0,GLI,13461
0,GLI,13462
0,GLI,13463
0,GLI,13464
0,GLI,13465
0,GLI,13466
0,GLI,13467
0,GLI,13468
0,GLI,13469
0,GLI,13470
0,GLI,13471
0,GLI,13472
0,GLI,13473
0,GLI,13474
0,GLI,13475
0,GLI,13476
0,GLI,13477
0,GLI,13478
0,GLI,13479
0,GLI,13480
0,GLI,13481
0,GLI,13482
0,GLI,13483
0,GLI,13484
0,GLI,13485
0,GLI,13486
0,GLI,13487
0,GLI,13488
0,GLI,13489
0,GLI,13490
0,GLI,13491
0,GLI,13492
0,GLI,13493
0,GLI,13494
0,GLI,13495
0,GLI,13496
0,GLI,13497
0,GLI,13498
0,GLI,13499
0,GLI,13500
0,GLI,13501
0,GLI,13502
0,GLI,13503
0,GLI,13504
0,GLI,13505
0,GLI,13506
0,GLI,13507
0,GLI,13508
0,GLI,13509
0,GLI,13510
0,GLI,13511
0,GLI,13512
0,GLI,13513
0,GLI,13514
0,GLI,13515
0,GLI,13516
0,GLI,13517
0,GLI,13518
0,GLI,13519
0,GLI,13520
0,GLI,13521
0,GLI,13522
0,GLI,13523
0,GLI,13524
0,GLI,13525
0,GLI,13526
0,GLI,13527
0,GLI,13528
0,GLI,13529
0,GLI,13530
0,GLI,13531
0,GLI,13532
0,GLI,13533
0,GLI,13534
0,GLI,13535
0,GLI,13536
0,GLI,13537
0,GLI,13538
0,GLI,13539
0,GLI,13540
0,GLI,13541
0,GLI,13542
0,GLI,13543
0,GLI,13544
0,GLI,13545
0,GLI,13546
0,GLI,13547
0,GLI,13548
0,GLI,13549
0,GLI,13550
0,GLI,13551
0,GLI,13552
0,GLI,13553
0,GLI,13554
0,GLI,13555
0,GLI,13556
0,GLI,13557
0,GLI,13558
0,GLI,13559
0,GLI,13560
0,GLI,13561
0,GLI,13562
0,GLI,13563
0,GLI,13564
0,GLI,13565
0,GLI,13566
0,GLI,13567
0,GLI,13568
0,GLI,13569
0,GLI,13570
0,GLI,13571
0,GLI,13572
0,GLI,13573
0,GLI,13574
0,GLI,13575
0,GLI,13576
0,GLI,13577
0,GLI,13578
0,GLI,13579
0,GLI,13580
0,GLI,13581
0,GLI,13582
0,GLI,13583
0,GLI,13584
0,GLI,13585
0,GLI,13586
0,GLI,13587
0,GLI,13588
0,GLI,13589
0,GLI,13590
0,GLI,13591
0,GLI,13592
0,GLI,13593
0,GLI,13594
0,GLI,13595
0,GLI,13596
0,GLI,13597
0,GLI,13598
0,GLI,13599
0,GLI,13600
0,GLI,13601
0,GLI,13602
0,GLI,13603
0,GLI,13604
0,GLI,13605
0,GLI,13606
0,GLI,13607
0,GLI,13608
0,GLI,13609
0,GLI,13610
0,GLI,13611
0,GLI,13612
0,GLI,13613
0,GLI,13614
0,GLI,13615
0,GLI,13616
0,GLI,13617
0,GLI,13618
0,GLI,13619
0,GLI,13620
0,GLI,13621
0,GLI,13622
0,GLI,13623
0,GLI,13624
0,GLI,13625
0,GLI,13626
0,GLI,13627
0,GLI,13628
0,GLI,13629
0,GLI,13630
0,GLI,13631
0,GLI,13632
0,GLI,13633
0,GLI,13634
0,GLI,13635
0,GLI,13636
0,GLI,13637
0,GLI,13638
0,GLI,13639
0,GLI,13640
0,GLI,13641
0,GLI,13642
0,GLI,13643
0,GLI,13644
0,GLI,13645
0,GLI,13646
0,GLI,13647
0,GLI,13648
0,GLI,13649
0,GLI,13650
0,GLI,13651
0,GLI,13652
0,GLI,13653
0,GLI,13654
0,GLI,13655
0,GLI,13656
0,GLI,13657
0,GLI,13658
0,GLI,13659
0,GLI,13660
0,GLI,13661
0,GLI,13662
0,GLI,13663
0,GLI,13664
0,GLI,13665
0,GLI,13666
0,GLI,13667
0,GLI,13668
0,GLI,13669
0,GLI,13670
0,GLI,13671
0,GLI,13672
0,GLI,13673
0,GLI,13674
0,GLI,13675
0,GLI,13676
0,GLI,13677
0,GLI,13678
0,GLI,13679
0,GLI,13680
0,GLI,13681
0,GLI,13682
0,GLI,13683
0,GLI,13684
0,GLI,13685
0,GLI,13686
0,GLI,13687
0,GLI,13688
0,GLI,13689
0,GLI,13690
0,GLI,13691
0,GLI,13692
0,GLI,13693
0,GLI,13694
0,GLI,13695
0,GLI,13696
0,GLI,13697
0,GLI,13698
0,GLI,13699
0,GLI,13700
0,GLI,13701
0,GLI,13702
0,GLI,13703
0,GLI,13704
0,GLI,13705
0,GLI,13706
0,GLI,13707
0,GLI,13708
0,GLI,13709
0,GLI,13710
0,GLI,13711
0,GLI,13712
0,GLI,13713
0,GLI,13714
0,GLI,13715
0,GLI,13716
0,GLI,13717
0,GLI,13718
0,GLI,13719
0,GLI,13720
0,GLI,13721
0,GLI,13722
0,GLI,13723
0,GLI,13724
0,GLI,13725
0,GLI,13726
0,GLI,13727
0,GLI,13728
0,GLI,13729
0,GLI,13730
0,GLI,13731
0,GLI,13732
0,GLI,13733
0,GLI,13734
0,GLI,13735
0,GLI,13736
0,GLI,13737
0,GLI,13738
0,GLI,13739
0,GLI,13740
0,GLI,13741
0,GLI,13742
0,GLI,13743
0,GLI,13744
0,GLI,13745
0,GLI,13746
0,GLI,13747
0,GLI,13748
0,GLI,13749
0,GLI,13750
0,GLI,13751
0,GLI,13752
0,GLI,13753
0,GLI,13754
0,GLI,13755
0,GLI,13756
0,GLI,13757
0,GLI,13758
0,GLI,13759
0,GLI,13760
0,GLI,13761
0,GLI,13762
0,GLI,13763
0,GLI,13764
0,GLI,13765
0,GLI,13766
0,GLI,13767
0,GLI,13768
0,GLI,13769
0,GLI,13770
0,GLI,13771
0,GLI,13772
0,GLI,13773
0,GLI,13774
0,GLI,13775
0,GLI,13776
0,GLI,13777
0,GLI,13778
0,GLI,13779
0,GLI,13780
0,GLI,13781
0,GLI,13782
0,GLI,13783
0,GLI,13784
0,GLI,13785
0,GLI,13786
0,GLI,13787
0,GLI,13788
0,GLI,13789
0,GLI,13790
0,GLI,13791
0,GLI,13792
0,GLI,13793
0,GLI,13794
0,GLI,13795
0,GLI,13796
0,GLI,13797
0,GLI,13798
0,GLI,13799
0,GLI,13800
0,GLI,13801
0,GLI,13802
0,GLI,13803
0,GLI,13804
0,GLI,13805
0,GLI,13806
0,GLI,13807
0,GLI,13808
0,GLI,13809
0,GLI,13810
0,GLI,13811
0,GLI,13812
0,GLI,13813
0,GLI,13814
0,GLI,13815
0,GLI,13816
0,GLI,13817
0,GLI,13818
0,GLI,13819
0,GLI,13820
0,GLI,13821
0,GLI,13822
0,GLI,13823
0,GLI,13824
0,GLI,13825
1,KLU,17901
1,KLU,17902
1,KLU,17903
1,KLU,17904
1,KLU,17905
1,KLU,17906
1,KLU,17907
1,KLU,17908
1,KLU,17909
1,KLU,17910
1,KLU,17911
1,KLU,17912
1,KLU,17913
1,KLU,17914
1,KLU,17915
1,KLU,17916
1,KLU,17917
1,KLU,17918
1,KLU,17919
1,KLU,17920
1,KLU,17921
1,KLU,17922
1,KLU,17923
1,KLU,17924
1,KLU,17925
1,KLU,17926
1,KLU,17927
1,KLU,17928
1,KLU,17929
1,KLU,17930
1,KLU,17931
1,KLU,17932
1,KLU,17933
1,KLU,17934
1,KLU,17935
1,KLU,17936
1,KLU,17937
1,KLU,17938
1,KLU,17939
1,KLU,17940
1,KLU,17941
1,KLU,17942
1,KLU,17943
1,KLU,17944
1,KLU,17945
1,KLU,17946
1,KLU,17947
1,KLU,17948
1,KLU,17949
1,KLU,17950
1,KLU,17951
1,KLU,17952
1,KLU,17953
1,KLU,17954
1,KLU,17955
1,KLU,17956
1,KLU,17957
1,KLU,17958
1,KLU,17959
1,KLU,17960
1,KLU,17961
1,KLU,17962
1,KLU,17963
1,KLU,17964
1,KLU,17965
1,KLU,17966
1,KLU,17967
1,KLU,17968
1,KLU,17969
1,KLU,17970
1,KLU,17971
1,KLU,17972
1,KLU,17973
1,KLU,17974
1,KLU,17975
1,KLU,17976
1,KLU,17977
1,KLU,17978
1,KLU,17979
1,KLU,17980
1,KLU,17981
1,KLU,17982
1,KLU,17983
1,KLU,17984
1,KLU,17985
1,KLU,17986
1,KLU,17987
1,KLU,17988
1,KLU,17989
1,KLU,17990
1,KLU,17991
1,KLU,17992
1,KLU,17993
1,KLU,17994
1,KLU,17995
1,KLU,17996
1,KLU,17997
1,KLU,17998
1,KLU,17999
1,KLU,18000
1,KLU,18001
1,KLU,18002
1,KLU,18003
1,KLU,18004
1,KLU,18005
1,KLU,18006
1,KLU,18007
1,KLU,18008
1,KLU,18009
1,KLU,18010
1,KLU,18011
1,KLU,18012
1,KLU,18013
1,KLU,18014
1,KLU,18015
1,KLU,18016
1,KLU,18017
1,KLU,18018
1,KLU,18019
1,KLU,18020
1,KLU,18021
1,KLU,18022
1,KLU,18023
1,KLU,18024
1,KLU,18025
1,KLU,18026
1,KLU,18027
1,KLU,18028
1,KLU,18029
1,KLU,18030
1,KLU,18031
1,KLU,18032
1,KLU,18033
1,KLU,18034
1,KLU,18035
1,KLU,18036
1,KLU,18037
1,KLU,18038
1,KLU,18039
1,KLU,18040
1,KLU,18041
1,KLU,18042
1,KLU,18043
1,KLU,18044
1,KLU,18045
1,KLU,18046
1,KLU,18047
1,KLU,18048
1,KLU,18049
1,KLU,18050
1,KLU,18051
1,KLU,18052
1,KLU,18053
1,KLU,18054
1,KLU,18055
1,KLU,18056
1,KLU,18057
1,KLU,18058
1,KLU,18059
1,KLU,18060
1,KLU,18061
1,KLU,18062
1,KLU,18063
1,KLU,18064
1,KLU,18065
1,KLU,18066
1,KLU,18067
1,KLU,18068
1,KLU,18069
1,KLU,18070
1,KLU,18071
1,KLU,18072
1,KLU,18073
1,KLU,18074
1,KLU,18075
1,KLU,18076
1,KLU,18077
1,KLU,18078
1,KLU,18079
1,KLU,18080
1,KLU,18081
1,KLU,18082
1,KLU,18083
1,KLU,18084
1,KLU,18085
1,KLU,18086
1,KLU,18087
1,KLU,18088
1,KLU,18089
1,KLU,18090
1,KLU,18091
1,KLU,18092
1,KLU,18093
1,KLU,18094
1,KLU,18095
1,KLU,18096
1,KLU,18097
1,KLU,18098
1,KLU,18099
1,KLU,18100
1,KLU,18101
1,KLU,18102
1,KLU,18103
1,KLU,18104
1,KLU,18105
1,KLU,18106
1,KLU,18107
1,KLU,18108
1,KLU,18109
1,KLU,18110
1,KLU,18111
1,KLU,18112
1,KLU,18113
1,KLU,18114
1,KLU,18115
1,KLU,18116
1,KLU,18117
1,KLU,18118
1,KLU,18119
1,KLU,18120
1,KLU,18121
1,KLU,18122
1,KLU,18123
1,KLU,18124
1,KLU,18125
1,KLU,18126
1,KLU,18127
1,KLU,18128
1,KLU,18129
1,KLU,18130
1,KLU,18131
1,KLU,18132
1,KLU,18133
1,KLU,18134
1,KLU,18135
1,KLU,18136
1,KLU,18137
1,KLU,18138
1,KLU,18139
1,KLU,18140
1,KLU,18141
1,KLU,18142
1,KLU,18143
1,KLU,18144
1,KLU,18145
1,KLU,18146
1,KLU,18147
1,KLU,18148
1,KLU,18149
1,KLU,18150
1,KLU,18151
1,KLU,18152
1,KLU,18153
1,KLU,18154
1,KLU,18155
1,KLU,18156
1,KLU,18157
1,KLU,18158
1,KLU,18159
1,KLU,18160
1,KLU,18161
1,KLU,18162
1,KLU,18163
1,KLU,18164
1,KLU,18165
1,KLU,18166
1,KLU,18167
1,KLU,18168
1,KLU,18169
1,KLU,18170
1,KLU,18171
1,KLU,18172
1,KLU,18173
1,KLU,18174
1,KLU,18175
1,KLU,18176
1,KLU,18177
1,KLU,18178
1,KLU,18179
1,KLU,18180
1,KLU,18181
1,KLU,18182
1,KLU,18183
1,KLU,18184
1,KLU,18185
1,KLU,18186
1,KLU,18187
1,KLU,18188
1,KLU,18189
1,KLU,18190
1,KLU,18191
1,KLU,18192
1,KLU,18193
1,KLU,18194
1,KLU,18195
1,KLU,18196
1,KLU,18197
1,KLU,18198
1,KLU,18199
1,KLU,18200
1,KLU,18201
1,KLU,18202
1,KLU,18203
1,KLU,18204
1,KLU,18205
1,KLU,18206
1,KLU,18207
1,KLU,18208
1,KLU,18209
1,KLU,18210
1,KLU,18211
1,KLU,18212
1,KLU,18213
1,KLU,18214
1,KLU,18215
1,KLU,18216
1,KLU,18217
1,KLU,18218
1,KLU,18219
1,KLU,18220
1,KLU,18221
1,KLU,18222
1,KLU,18223
1,KLU,18224
1,KLU,18225
1,KLU,18226
1,KLU,18227
1,KLU,18228
1,KLU,18229
1,KLU,18230
1,KLU,18231
1,KLU,18232
1,KLU,18233
1,KLU,18234
1,KLU,18235
1,KLU,18236
1,KLU,18237
1,KLU,18238
1,KLU,18239
1,KLU,18240
1,KLU,18241
1,KLU,18242
1,KLU,18243
1,KLU,18244
1,KLU,18245
1,KLU,18246
1,KLU,18247
1,KLU,18248
1,KLU,18249
1,KLU,18250
1,KLU,18251
1,KLU,18252
1,KLU,18253
1,KLU,18254
1,KLU,18255
1,KLU,18256
1,KLU,18257
1,KLU,18258
1,KLU,18259
1,KLU,18260
1,KLU,18261
1,KLU,18262
1,KLU,18263
1,KLU,18264
1,KLU,18265
1,KLU,18266
1,KLU,18267
1,KLU,18268
1,KLU,18269
1,KLU,18270
1,KLU,18271
1,KLU,18272
1,KLU,18273
1,KLU,18274
1,KLU,18275
1,KLU,18276
1,KLU,18277
1,KLU,18278
1,KLU,18279
1,KLU,18280
1,KLU,18281
1,KLU,18282
1,KLU,18283
1,KLU,18284
1,KLU,18285
1,KLU,18286
1,KLU,18287
1,KLU,18288
1,KLU,18289
1,KLU,18290
1,KLU,18291
1,KLU,18292
1,KLU,18293
1,KLU,18294
1,KLU,18295
1,KLU,18296
1,KLU,18297
1,KLU,18298
1,KLU,18299
1,KLU,18300
1,KLU,18301
1,KLU,18302
1,KLU,18303
1,KLU,18304
1,KLU,18305
1,KLU,18306
1,KLU,18307
1,KLU,18308
1,KLU,18309
1,KLU,18310
1,KLU,18311
1,KLU,18312
1,KLU,18313
1,KLU,18314
1,KLU,18315
1,KLU,18316
1,KLU,18317
1,KLU,18318
1,KLU,18319
1,KLU,18320
1,KLU,18321
1,KLU,18322
1,KLU,18323
1,KLU,18324
1,KLU,18325
1,KLU,18326
1,KLU,18327
1,KLU,18328
1,KLU,18329
1,KLU,18330
1,KLU,18331
1,KLU,18332
1,KLU,18333
1,KLU,18334
1,KLU,18335
1,KLU,18336
1,KLU,18337
1,KLU,18338
1,KLU,18339
1,KLU,18340
1,KLU,18341
1,KLU,18342
1,KLU,18343
1,KLU,18344
1,KLU,18345
1,KLU,18346
1,KLU,18347
1,KLU,18348
1,KLU,18349
1,KLU,18350
1,KLU,18351
1,KLU,18352
1,KLU,18353
1,KLU,18354
1,KLU,18355
1,KLU,18356
1,KLU,18357
1,KLU,18358
1,KLU,18359
1,KLU,18360
1,KLU,18361
1,KLU,18362
1,KLU,18363
1,KLU,18364
1,KLU,18365
1,KLU,18366
1,KLU,18367
1,KLU,18368
1,KLU,18369
1,KLU,18370
1,KLU,18371
1,KLU,18372
1,KLU,18373
1,KLU,18374
1,KLU,18375
1,KLU,18376
1,KLU,18377
1,KLU,18378
1,KLU,18379
1,KLU,18380
1,KLU,18381
1,KLU,18382
1,KLU,18383
1,KLU,18384
1,KLU,18385
1,KLU,18386
1,KLU,18387
1,KLU,18388
1,KLU,18389
1,KLU,18390
1,KLU,18391
1,KLU,18392
1,KLU,18393
1,KLU,18394
1,KLU,18395
1,KLU,18396
1,KLU,18397
1,KLU,18398
1,KLU,18399
1,KLU,18400
1,KLU,18401
1,KLU,18402
1,KLU,18403
1,KLU,18404
1,KLU,18405
1,KLU,18406
1,KLU,18407
1,KLU,18408
1,KLU,18409
1,KLU,18410
1,KLU,18411
1,KLU,18412
1,KLU,18413
1,KLU,18414
1,KLU,18415
1,KLU,18416
1,KLU,18417
1,KLU,18418
1,KLU,18419
1,KLU,18420
1,KLU,18421
1,KLU,18422
1,KLU,18423
1,KLU,18424
1,KLU,18425
1,KLU,18426
1,KLU,18427
1,KLU,18428
1,KLU,18429
1,KLU,18430
1,KLU,18431
1,KLU,18432
1,KLU,18433
1,KLU,18434
1,KLU,18435
1,KLU,18436
1,KLU,18437
1,KLU,18438
1,KLU,18439
1,KLU,18440
1,KLU,18441
1,KLU,18442
1,KLU,18443
1,KLU,18444
1,KLU,18445
1,KLU,18446
1,KLU,18447
1,KLU,18448
1,KLU,18449
1,KLU,18450
1,KLU,18451
1,KLU,18452
1,KLU,18453
1,KLU,18454
1,KLU,18455
1,KLU,18456
1,KLU,18457
1,KLU,18458
1,KLU,18459
1,KLU,18460
1,KLU,18461
1,KLU,18462
1,KLU,18463
1,KLU,18464
1,KLU,18465
1,KLU,18466
1,KLU,18467
1,KLU,18468
1,KLU,18469
1,KLU,18470
1,KLU,18471
1,KLU,18472
1,KLU,18473
1,KLU,18474
1,KLU,18475
1,KLU,18476
1,KLU,18477
1,KLU,18478
1,KLU,18479
1,KLU,18480
1,KLU,18481
1,KLU,18482
1,KLU,18483
1,KLU,18484
1,KLU,18485
1,KLU,18486
1,KLU,18487
1,KLU,18488
1,KLU,18489
1,KLU,18490
1,KLU,18491
1,KLU,18492
1,KLU,18493
1,KLU,18494
1,KLU,18495
1,KLU,18496
1,KLU,18497
1,KLU,18498
1,KLU,18499
1,KLU,18500
1,KLU,18501
1,KLU,18502
1,KLU,18503
1,KLU,18504
1,KLU,18505
1,KLU,18506
1,KLU,18507
1,KLU,18508
1,KLU,18509
1,KLU,18510
1,KLU,18511
1,KLU,18512
1,KLU,18513
1,KLU,18514
1,KLU,18515
1,KLU,18516
1,KLU,18517
1,KLU,18518
1,KLU,18519
1,KLU,18520
1,KLU,18521
1,KLU,18522
1,KLU,18523
1,KLU,18524
1,KLU,18525
1,KLU,18526
1,KLU,18527
1,KLU,18528
1,KLU,18529
1,KLU,18530
1,KLU,18531
1,KLU,18532
1,KLU,18533
1,KLU,18534
1,KLU,18535
1,KLU,18536
1,KLU,18537
1,KLU,18538
1,KLU,18539
1,KLU,18540
1,KLU,18541
1,KLU,18542
1,KLU,18543
1,KLU,18544
1,KLU,18545
1,KLU,18546
1,KLU,18547
1,KLU,18548
1,KLU,18549
1,KLU,18550
1,KLU,18551
1,KLU,18552
1,KLU,18553
1,KLU,18554
1,KLU,18555
1,KLU,18556
1,KLU,18557
1,KLU,18558
1,KLU,18559
1,KLU,18560
1,KLU,18561
1,KLU,18562
1,KLU,18563
1,KLU,18564
1,KLU,18565
1,KLU,18566
1,KLU,18567
1,KLU,18568
1,KLU,18569
1,KLU,18570
1,KLU,18571
1,KLU,18572
1,KLU,18573
1,KLU,18574
1,KLU,18575
1,KLU,18576
1,KLU,18577
1,KLU,18578
1,KLU,18579
1,KLU,18580
1,KLU,18581
1,KLU,18582
1,KLU,18583
1,KLU,18584
1,KLU,18585
1,KLU,18586
1,KLU,18587
1,KLU,18588
1,KLU,18589
1,KLU,18590
1,KLU,18591
1,KLU,18592
1,KLU,18593
1,KLU,18594
1,KLU,18595
1,KLU,18596
1,KLU,18597
1,KLU,18598
1,KLU,18599
1,KLU,18600
1,KLU,18601
1,KLU,18602
1,KLU,18603
1,KLU,18604
1,KLU,18605
1,KLU,18606
1,KLU,18607
1,KLU,18608
1,KLU,18609
1,KLU,18610
1,KLU,18611
1,KLU,18612
1,KLU,18613
1,KLU,18614
1,KLU,18615
1,KLU,18616
1,KLU,18617
1,KLU,18618
1,KLU,18619
1,KLU,18620
1,KLU,18621
1,KLU,18622
1,KLU,18623
1,KLU,18624
1,KLU,18625
1,KLU,18626
1,KLU,18627
1,KLU,18628
1,KLU,18629
1,KLU,18630
1,KLU,18631
1,KLU,18632
1,KLU,18633
1,KLU,18634
1,KLU,18635
1,KLU,18636
1,KLU,18637
1,KLU,18638
1,KLU,18639
1,KLU,18640
1,KLU,18641
1,KLU,18642
1,KLU,18643
1,KLU,18644
1,KLU,18645
1,KLU,18646
1,KLU,18647
1,KLU,18648
1,KLU,18649
1,KLU,18650
1,KLU,18651
1,KLU,18652
1,KLU,18653
1,KLU,18654
1,KLU,18655
1,KLU,18656
1,KLU,18657
1,KLU,18658
1,KLU,18659
1,KLU,18660
1,KLU,18661
1,KLU,18662
1,KLU,18663
1,KLU,18664
1,KLU,18665
1,KLU,18666
1,KLU,18667
1,KLU,18668
1,KLU,18669
1,KLU,18670
1,KLU,18671
1,KLU,18672
1,KLU,18673
1,KLU,18674
1,KLU,18675
1,KLU,18676
1,KLU,18677
1,KLU,18678
1,KLU,18679
1,KLU,18680
1,KLU,18681
1,KLU,18682
1,KLU,18683
1,KLU,18684
1,KLU,18685
1,KLU,18686
1,KLU,18687
1,KLU,18688
1,KLU,18689
1,KLU,18690
1,KLU,18691
1,KLU,18692
1,KLU,18693
1,KLU,18694
1,KLU,18695
1,KLU,18696
1,KLU,18697
1,KLU,18698
1,KLU,18699
1,KLU,18700
1,KLU,18701
1,KLU,18702
1,KLU,18703
1,KLU,18704
1,KLU,18705
1,KLU,18706
1,KLU,18707
1,KLU,18708
1,KLU,18709
1,KLU,18710
1,KLU,18711
1,KLU,18712
1,KLU,18713
1,KLU,18714
1,KLU,18715
1,KLU,18716
1,KLU,18717
1,KLU,18718
1,KLU,18719
1,KLU,18720
1,KLU,18721
1,KLU,18722
1,KLU,18723
1,KLU,18724
1,KLU,18725
1,KLU,18726
1,KLU,18727
1,KLU,18728
1,KLU,18729
1,KLU,18730
1,KLU,18731
1,KLU,18732
1,KLU,18733
1,KLU,18734
1,KLU,18735
1,KLU,18736
1,KLU,18737
1,KLU,18738
1,KLU,18739
1,KLU,18740
1,KLU,18741
1,KLU,18742
1,KLU,18743
1,KLU,18744
1,KLU,18745
1,KLU,18746
1,KLU,18747
1,KLU,18748
1,KLU,18749
1,KLU,18750
1,KLU,18751
1,KLU,18752
1,KLU,18753
1,KLU,18754
1,KLU,18755
1,KLU,18756
1,KLU,18757
1,KLU,18758
1,KLU,18759
1,KLU,18760
1,KLU,18761
1,KLU,18762
1,KLU,18763
1,KLU,18764
1,KLU,18765
1,KLU,18766
1,KLU,18767
1,KLU,18768
1,KLU,18769
1,KLU,18770
1,KLU,18771
1,KLU,18772
1,KLU,18773
1,KLU,18774
1,KLU,18775
1,KLU,18776
1,KLU,18777
1,KLU,18778
1,KLU,18779
1,KLU,18780
1,KLU,18781
1,KLU,18782
1,KLU,18783
1,KLU,18784
1,KLU,18785
1,KLU,18786
1,KLU,18787
1,KLU,18788
1,KLU,18789
1,KLU,18790
1,KLU,18791
1,KLU,18792
1,KLU,18793
1,KLU,18794
1,KLU,18795
1,KLU,18796
1,KLU,18797
1,KLU,18798
1,KLU,18799
1,KLU,18800
1,KLU,18801
1,KLU,18802
1,KLU,18803
1,KLU,18804
1,KLU,18805
1,KLU,18806
1,KLU,18807
1,KLU,18808
1,KLU,18809
1,KLU,18810
1,KLU,18811
1,KLU,18812
1,KLU,18813
1,KLU,18814
1,KLU,18815
1,KLU,18816
1,KLU,18817
1,KLU,18818
1,KLU,18819
1,KLU,18820
1,KLU,18821
1,KLU,18822
1,KLU,18823
1,KLU,18824
1,KLU,18825
1,KLU,18826
1,KLU,18827
1,KLU,18828
1,KLU,18829
1,KLU,18830
1,KLU,18831
1,KLU,18832
1,KLU,18833
1,KLU,18834
1,KLU,18835
1,KLU,18836
1,KLU,18837
1,KLU,18838
1,KLU,18839
1,KLU,18840
1,KLU,18841
1,KLU,18842
1,KLU,18843
1,KLU,18844
1,KLU,18845
1,KLU,18846
1,KLU,18847
1,KLU,18848
1,KLU,18849
1,KLU,18850
1,KLU,18851
1,KLU,18852
1,KLU,18853
1,KLU,18854
1,KLU,18855
1,KLU,18856
1,KLU,18857
1,KLU,18858
1,KLU,18859
1,KLU,18860
1,KLU,18861
1,KLU,18862
1,KLU,18863
1,KLU,18864
1,KLU,18865
1,KLU,18866
1,KLU,18867
1,KLU,18868
1,KLU,18869
1,KLU,18870
1,KLU,18871
1,KLU,18872
1,KLU,18873
1,KLU,18874
1,KLU,18875
1,KLU,18876
1,KLU,18877
1,KLU,18878
1,KLU,18879
1,KLU,18880
1,KLU,18881
1,KLU,18882
1,KLU,18883
1,KLU,18884
1,KLU,18885
1,KLU,18886
1,KLU,18887
1,KLU,18888
1,KLU,18889
1,KLU,18890
1,KLU,18891
1,KLU,18892
1,KLU,18893
1,KLU,18894
1,KLU,18895
1,KLU,18896
1,KLU,18897
1,KLU,18898
1,KLU,18899
1,KLU,18900
1,KLU,18901
1,KLU,18902
1,KLU,18903
1,KLU,18904
1,KLU,18905
1,KLU,18906
1,KLU,18907
1,KLU,18908
1,KLU,18909
1,KLU,18910
1,KLU,18911
1,KLU,18912
1,KLU,18913
1,KLU,18914
1,KLU,18915
1,KLU,18916
1,KLU,18917
1,KLU,18918
1,KLU,18919
1,KLU,18920
1,KLU,18921
1,KLU,18922
1,KLU,18923
1,KLU,18924
1,KLU,18925
1,KLU,18926
1,KLU,18927
1,KLU,18928
1,KLU,18929
1,KLU,18930
1,KLU,18931
1,KLU,18932
1,KLU,18933
1,KLU,18934
1,KLU,18935
1,KLU,18936
1,KLU,18937
1,KLU,18938
1,KLU,18939
1,KLU,18940
1,KLU,18941
1,KLU,18942
1,KLU,18943
1,KLU,18944
1,KLU,18945
1,KLU,18946
1,KLU,18947
1,KLU,18948
1,KLU,18949
1,KLU,18950
1,KLU,18951
1,KLU,18952
1,KLU,18953
1,KLU,18954
1,KLU,18955
1,KLU,18956
1,KLU,18957
1,KLU,18958
1,KLU,18959
1,KLU,18960
1,KLU,18961
1,KLU,18962
1,KLU,18963
1,KLU,18964
1,KLU,18965
1,KLU,18966
1,KLU,18967
1,KLU,18968
1,KLU,18969
1,KLU,18970
1,KLU,18971
1,KLU,18972
1,KLU,18973
1,KLU,18974
1,KLU,18975
1,KLU,18976
1,KLU,18977
1,KLU,18978
1,KLU,18979
1,KLU,18980
1,KLU,18981
1,KLU,18982
1,KLU,18983
1,KLU,18984
1,KLU,18985
1,KLU,18986
1,KLU,18987
1,KLU,18988
1,KLU,18989
1,KLU,18990
1,KLU,18991
1,KLU,18992
1,KLU,18993
1,KLU,18994
1,KLU,18995
1,KLU,18996
1,KLU,18997
1,KLU,18998
1,KLU,18999
1,KLU,19000
1,KLU,19001
1,KLU,19002
1,KLU,19003
1,KLU,19004
1,KLU,19005
1,KLU,19006
1,KLU,19007
1,KLU,19008
1,KLU,19009
1,KLU,19010
1,KLU,19011
1,KLU,19012
1,KLU,19013
1,KLU,19014
1,KLU,19015
1,KLU,19016
1,KLU,19017
1,KLU,19018
1,KLU,19019
1,KLU,19020
1,KLU,19021
1,KLU,19022
1,KLU,19023
1,KLU,19024
1,KLU,19025
1,KLU,19026
1,KLU,19027
1,KLU,19028
1,KLU,19029
1,KLU,19030
1,KLU,19031
1,KLU,19032
1,KLU,19033
1,KLU,19034
1,KLU,19035
1,KLU,19036
1,KLU,19037
1,KLU,19038
1,KLU,19039
1,KLU,19040
1,KLU,19041
1,KLU,19042
1,KLU,19043
1,KLU,19044
1,KLU,19045
1,KLU,19046
1,KLU,19047
1,KLU,19048
1,KLU,19049
1,KLU,19050
1,KLU,19051
1,KLU,19052
1,KLU,19053
1,KLU,19054
1,KLU,19055
1,KLU,19056
1,KLU,19057
1,KLU,19058
1,KLU,19059
1,KLU,19060
1,KLU,19061
1,KLU,19062
1,KLU,19063
1,KLU,19064
1,KLU,19065
1,KLU,19066
1,KLU,19067
1,KLU,19068
1,KLU,19069
1,KLU,19070
1,KLU,19071
1,KLU,19072
1,KLU,19073
1,KLU,19074
1,KLU,19075
1,KLU,19076
1,KLU,19077
1,KLU,19078
1,KLU,19079
1,KLU,19080
1,KLU,19081
1,KLU,19082
1,KLU,19083
1,KLU,19084
1,KLU,19085
1,KLU,19086
1,KLU,19087
1,KLU,19088
1,KLU,19089
1,KLU,19090
1,KLU,19091
1,KLU,19092
1,KLU,19093
1,KLU,19094
1,KLU,19095
1,KLU,19096
1,KLU,19097
1,KLU,19098
1,KLU,19099
1,KLU,19100
1,KLU,19101
1,KLU,19102
1,KLU,19103
1,KLU,19104
1,KLU,19105
1,KLU,19106
1,KLU,19107
1,KLU,19108
1,KLU,19109
1,KLU,19110
1,KLU,19111
1,KLU,19112
1,KLU,19113
1,KLU,19114
1,KLU,19115
1,KLU,19116
1,KLU,19117
1,KLU,19118
1,KLU,19119
1,KLU,19120
1,KLU,19121
1,KLU,19122
1,KLU,19123
1,KLU,19124
1,KLU,19125
1,KLU,19126
1,KLU,19127
1,KLU,19128
1,KLU,19129
1,KLU,19130
1,KLU,19131
1,KLU,19132
1,KLU,19133
1,KLU,19134
1,KLU,19135
1,KLU,19136
1,KLU,19137
1,KLU,19138
1,KLU,19139
1,KLU,19140
1,KLU,19141
1,KLU,19142
1,KLU,19143
1,KLU,19144
1,KLU,19145
1,KLU,19146
1,KLU,19147
1,KLU,19148
1,KLU,19149
1,KLU,19150
1,KLU,19151
1,KLU,19152
1,KLU,19153
1,KLU,19154
1,KLU,19155
1,KLU,19156
1,KLU,19157
1,KLU,19158
1,KLU,19159
1,KLU,19160
1,KLU,19161
1,KLU,19162
1,KLU,19163
1,KLU,19164
1,KLU,19165
1,KLU,19166
1,KLU,19167
1,KLU,19168
1,KLU,19169
1,KLU,19170
1,KLU,19171
1,KLU,19172
1,KLU,19173
1,KLU,19174
1,KLU,19175
1,KLU,19176
1,KLU,19177
1,KLU,19178
1,KLU,19179
1,KLU,19180
1,KLU,19181
1,KLU,19182
1,KLU,19183
1,KLU,19184
1,KLU,19185
1,KLU,19186
1,KLU,19187
1,KLU,19188
1,KLU,19189
1,KLU,19190
1,KLU,19191
1,KLU,19192
1,KLU,19193
1,KLU,19194
1,KLU,19195
1,KLU,19196
1,KLU,19197
1,KLU,19198
1,KLU,19199
1,KLU,19200
1,KLU,19201
1,KLU,19202
1,KLU,19203
1,KLU,19204
1,KLU,19205
1,KLU,19206
1,KLU,19207
1,KLU,19208
1,KLU,19209
1,KLU,19210
1,KLU,19211
1,KLU,19212
1,KLU,19213
1,KLU,19214
1,KLU,19215
1,KLU,19216
1,KLU,19217
1,KLU,19218
1,KLU,19219
1,KLU,19220
1,KLU,19221
1,KLU,19222
1,KLU,19223
1,KLU,19224
1,KLU,19225
1,KLU,19226
1,KLU,19227
1,KLU,19228
1,KLU,19229
1,KLU,19230
1,KLU,19231
1,KLU,19232
1,KLU,19233
1,KLU,19234
1,KLU,19235
1,KLU,19236
1,KLU,19237
1,KLU,19238
1,KLU,19239
1,KLU,19240
1,KLU,19241
1,KLU,19242
1,KLU,19243
1,KLU,19244
1,KLU,19245
1,KLU,19246
1,KLU,19247
1,KLU,19248
1,KLU,19249
1,KLU,19250
1,KLU,19251
1,KLU,19252
1,KLU,19253
1,KLU,19254
1,KLU,19255
1,KLU,19256
1,KLU,19257
1,KLU,19258
1,KLU,19259
1,KLU,19260
1,KLU,19261
1,KLU,19262
1,KLU,19263
1,KLU,19264
1,KLU,19265
1,KLU,19266
1,KLU,19267
1,KLU,19268
1,KLU,19269
1,KLU,19270
1,KLU,19271
1,KLU,19272
1,KLU,19273
1,KLU,19274
1,KLU,19275
1,KLU,19276
1,KLU,19277
1,KLU,19278
1,KLU,19279
1,KLU,19280
1,KLU,19281
1,KLU,19282
1,KLU,19283
1,KLU,19284
1,KLU,19285
1,KLU,19286
1,KLU,19287
1,KLU,19288
1,KLU,19289
1,KLU,19290
1,KLU,19291
1,KLU,19292
1,KLU,19293
1,KLU,19294
1,KLU,19295
1,KLU,19296
1,KLU,19297
1,KLU,19298
1,KLU,19299
1,KLU,19300
1,KLU,19301
1,KLU,19302
1,KLU,19303
1,KLU,19304
1,KLU,19305
1,KLU,19306
1,KLU,19307
1,KLU,19308
1,KLU,19309
1,KLU,19310
1,KLU,19311
1,KLU,19312
1,KLU,19313
1,KLU,19314
1,KLU,19315
1,KLU,19316
1,KLU,19317
1,KLU,19318
1,KLU,19319
1,KLU,19320
1,KLU,19321
1,KLU,19322
1,KLU,19323
1,KLU,19324
1,KLU,19325
1,KLU,19326
1,KLU,19327
1,KLU,19328
1,KLU,19329
1,KLU,19330
1,KLU,19331
1,KLU,19332
1,KLU,19333
1,KLU,19334
1,KLU,19335
1,KLU,19336
1,KLU,19337
1,KLU,19338
1,KLU,19339
1,KLU,19340
1,KLU,19341
1,KLU,19342
1,KLU,19343
1,KLU,19344
1,KLU,19345
1,KLU,19346
1,KLU,19347
1,KLU,19348
1,KLU,19349
1,KLU,19350
1,KLU,19351
1,KLU,19352
1,KLU,19353
1,KLU,19354
1,KLU,19355
1,KLU,19356
1,KLU,19357
1,KLU,19358
1,KLU,19359
1,KLU,19360
1,KLU,19361
1,KLU,19362
1,KLU,19363
1,KLU,19364
1,KLU,19365
1,KLU,19366
1,KLU,19367
1,KLU,19368
1,KLU,19369
1,KLU,19370
1,KLU,19371
1,KLU,19372
1,KLU,19373
1,KLU,19374
1,KLU,19375
1,KLU,19376
1,KLU,19377
1,KLU,19378
1,KLU,19379
1,KLU,19380
1,KLU,19381
1,KLU,19382
1,KLU,19383
1,KLU,19384
1,KLU,19385
1,KLU,19386
1,KLU,19387
1,KLU,19388
1,KLU,19389
1,KLU,19390
1,KLU,19391
1,KLU,19392
1,KLU,19393
1,KLU,19394
1,KLU,19395
1,KLU,19396
1,KLU,19397
1,KLU,19398
1,KLU,19399
1,KLU,19400
1,KLU,19401
1,KLU,19402
1,KLU,19403
1,KLU,19404
1,KLU,19405
1,KLU,19406
1,KLU,19407
1,KLU,19408
1,KLU,19409
1,KLU,19410
1,KLU,19411
1,KLU,19412
1,KLU,19413
1,KLU,19414
1,KLU,19415
1,KLU,19416
1,KLU,19417
1,KLU,19418
1,KLU,19419
1,KLU,19420
1,KLU,19421
1,KLU,19422
1,KLU,19423
1,KLU,19424
1,KLU,19425
1,KLU,19426
1,KLU,19427
1,KLU,19428
1,KLU,19429
1,KLU,19430
1,KLU,19431
1,KLU,19432
1,KLU,19433
1,KLU,19434
1,KLU,19435
1,KLU,19436
1,KLU,19437
1,KLU,19438
1,KLU,19439
1,KLU,19440
1,KLU,19441
1,KLU,19442
1,KLU,19443
1,KLU,19444
1,KLU,19445
1,KLU,19446
1,KLU,19447
1,KLU,19448
1,KLU,19449
1,KLU,19450
1,KLU,19451
1,KLU,19452
1,KLU,19453
1,KLU,19454
1,KLU,19455
1,KLU,19456
1,KLU,19457
1,KLU,19458
1,KLU,19459
1,KLU,19460
1,KLU,19461
1,KLU,19462
1,KLU,19463
1,KLU,19464
1,KLU,19465
1,KLU,19466
1,KLU,19467
1,KLU,19468
1,KLU,19469
1,KLU,19470
1,KLU,19471
1,KLU,19472
1,KLU,19473
1,KLU,19474
1,KLU,19475
1,KLU,19476
1,KLU,19477
1,KLU,19478
1,KLU,19479
1,KLU,19480
1,KLU,19481
1,KLU,19482
1,KLU,19483
1,KLU,19484
1,KLU,19485
1,KLU,19486
1,KLU,19487
1,KLU,19488
1,KLU,19489
1,KLU,19490
1,KLU,19491
1,KLU,19492
1,KLU,19493
1,KLU,19494
1,KLU,19495
1,KLU,19496
1,KLU,19497
1,KLU,19498
1,KLU,19499
1,KLU,19500
1,KLU,19501
1,KLU,19502
1,KLU,19503
1,KLU,19504
1,KLU,19505
1,KLU,19506
1,KLU,19507
1,KLU,19508
1,KLU,19509
1,KLU,19510
1,KLU,19511
1,KLU,19512
1,KLU,19513
1,KLU,19514
1,KLU,19515
1,KLU,19516
1,KLU,19517
1,KLU,19518
1,KLU,19519
1,KLU,19520
1,KLU,19521
1,KLU,19522
1,KLU,19523
1,KLU,19524
1,KLU,19525
1,KLU,19526
1,KLU,19527
1,KLU,19528
1,KLU,19529
1,KLU,19530
1,KLU,19531
1,KLU,19532
1,KLU,19533
1,KLU,19534
1,KLU,19535
1,KLU,19536
1,KLU,19537
1,KLU,19538
1,KLU,19539
1,KLU,19540
1,KLU,19541
1,KLU,19542
1,KLU,19543
1,KLU,19544
1,KLU,19545
1,KLU,19546
1,KLU,19547
1,KLU,19548
1,KLU,19549
1,KLU,19550
1,KLU,19551
1,KLU,19552
1,KLU,19553
1,KLU,19554
1,KLU,19555
1,KLU,19556
1,KLU,19557
1,KLU,19558
1,KLU,19559
1,KLU,19560
1,KLU,19561
1,KLU,19562
1,KLU,19563
1,KLU,19564
1,KLU,19565
1,KLU,19566
1,KLU,19567
1,KLU,19568
1,KLU,19569
1,KLU,19570
1,KLU,19571
1,KLU,19572
1,KLU,19573
1,KLU,19574
1,KLU,19575
1,KLU,19576
1,KLU,19577
1,KLU,19578
1,KLU,19579
1,KLU,19580
1,KLU,19581
1,KLU,19582
1,KLU,19583
1,KLU,19584
1,KLU,19585
1,KLU,19586
1,KLU,19587
1,KLU,19588
1,KLU,19589
1,KLU,19590
1,KLU,19591
1,KLU,19592
1,KLU,19593
1,KLU,19594
1,KLU,19595
1,KLU,19596
1,KLU,19597
1,KLU,19598
1,KLU,19599
1,KLU,19600
1,KLU,19601
1,KLU,19602
1,KLU,19603
1,KLU,19604
1,KLU,19605
1,KLU,19606
1,KLU,19607
1,KLU,19608
1,KLU,19609
1,KLU,19610
1,KLU,19611
1,KLU,19612
1,KLU,19613
1,KLU,19614
1,KLU,19615
1,KLU,19616
1,KLU,19617
1,KLU,19618
1,KLU,19619
1,KLU,19620
1,KLU,19621
1,KLU,19622
1,KLU,19623
1,KLU,19624
1,KLU,19625
1,KLU,19626
1,KLU,19627
1,KLU,19628
1,KLU,19629
1,KLU,19630
1,KLU,19631
1,KLU,19632
1,KLU,19633
1,KLU,19634
1,KLU,19635
1,KLU,19636
1,KLU,19637
1,KLU,19638
1,KLU,19639
1,KLU,19640
1,KLU,19641
1,KLU,19642
1,KLU,19643
1,KLU,19644
1,KLU,19645
1,KLU,19646
1,KLU,19647
1,KLU,19648
1,KLU,19649
1,KLU,19650
1,KLU,19651
1,KLU,19652
1,KLU,19653
1,KLU,19654
1,KLU,19655
1,KLU,19656
1,KLU,19657
1,KLU,19658
1,KLU,19659
1,KLU,19660
1,KLU,19661
1,KLU,19662
1,KLU,19663
1,KLU,19664
1,KLU,19665
1,KLU,19666
1,KLU,19667
1,KLU,19668
1,KLU,19669
1,KLU,19670
1,KLU,19671
1,KLU,19672
1,KLU,19673
1,KLU,19674
1,KLU,19675
1,KLU,19676
1,KLU,19677
1,KLU,19678
1,KLU,19679
1,KLU,19680
1,KLU,19681
1,KLU,19682
1,KLU,19683
1,KLU,19684
1,KLU,19685
1,KLU,19686
1,KLU,19687
1,KLU,19688
1,KLU,19689
1,KLU,19690
1,KLU,19691
1,KLU,19692
1,KLU,19693
1,KLU,19694
1,KLU,19695
1,KLU,19696
1,KLU,19697
1,KLU,19698
1,KLU,19699
1,KLU,19700
1,KLU,19701
1,KLU,19702
1,KLU,19703
1,KLU,19704
1,KLU,19705
1,KLU,19706
1,KLU,19707
1,KLU,19708
1,KLU,19709
1,KLU,19710
1,KLU,19711
1,KLU,19712
1,KLU,19713
1,KLU,19714
1,KLU,19715
1,KLU,19716
1,KLU,19717
1,KLU,19718
1,KLU,19719
1,KLU,19720
1,KLU,19721
1,KLU,19722
1,KLU,19723
1,KLU,19724
1,KLU,19725
1,KLU,19726
1,KLU,19727
1,KLU,19728
1,KLU,19729
1,KLU,19730
1,KLU,19731
1,KLU,19732
1,KLU,19733
1,KLU,19734
1,KLU,19735
1,KLU,19736
1,KLU,19737
1,KLU,19738
1,KLU,19739
1,KLU,19740
1,KLU,19741
1,KLU,19742
1,KLU,19743
1,KLU,19744
1,KLU,19745
1,KLU,19746
1,KLU,19747
1,KLU,19748
1,KLU,19749
1,KLU,19750
1,KLU,19751
1,KLU,19752
1,KLU,19753
1,KLU,19754
1,KLU,19755
1,KLU,19756
1,KLU,19757
1,KLU,19758
1,KLU,19759
1,KLU,19760
1,KLU,19761
1,KLU,19762
1,KLU,19763
1,KLU,19764
1,KLU,19765
1,KLU,19766
1,KLU,19767
1,KLU,19768
1,KLU,19769
1,KLU,19770
1,KLU,19771
1,KLU,19772
1,KLU,19773
1,KLU,19774
1,KLU,19775
1,KLU,19776
1,KLU,19777
1,KLU,19778
1,KLU,19779
1,KLU,19780
1,KLU,19781
1,KLU,19782
1,KLU,19783
1,KLU,19784
1,KLU,19785
1,KLU,19786
1,KLU,19787
1,KLU,19788
1,KLU,19789
1,KLU,19790
1,KLU,19791
1,KLU,19792
1,KLU,19793
1,KLU,19794
1,KLU,19795
1,KLU,19796
1,KLU,19797
1,KLU,19798
1,KLU,19799
1,KLU,19800
1,KLU,19801
1,KLU,19802
1,KLU,19803
1,KLU,19804
1,KLU,19805
1,KLU,19806
1,KLU,19807
1,KLU,19808
1,KLU,19809
1,KLU,19810
1,KLU,19811
1,KLU,19812
1,KLU,19813
1,KLU,19814
1,KLU,19815
1,KLU,19816
1,KLU,19817
1,KLU,19818
1,KLU,19819
1,KLU,19820
1,KLU,19821
1,KLU,19822
1,KLU,19823
1,KLU,19824
1,KLU,19825
1,KLU,19826
1,KLU,19827
1,KLU,19828
1,KLU,19829
1,KLU,19830
1,KLU,19831
1,KLU,19832
1,KLU,19833
1,KLU,19834
1,KLU,19835
1,KLU,19836
1,KLU,19837
1,KLU,19838
1,KLU,19839
1,KLU,19840
1,KLU,19841
1,KLU,19842
1,KLU,19843
1,KLU,19844
1,KLU,19845
1,KLU,19846
1,KLU,19847
1,KLU,19848
1,KLU,19849
1,KLU,19850
1,KLU,19851
1,KLU,19852
1,KLU,19853
1,KLU,19854
1,KLU,19855
1,KLU,19856
1,KLU,19857
1,KLU,19858
1,KLU,19859
1,KLU,19860
1,KLU,19861
1,KLU,19862
1,KLU,19863
1,KLU,19864
1,KLU,19865
1,KLU,19866
1,KLU,19867
1,KLU,19868
1,KLU,19869
1,KLU,19870
1,KLU,19871
1,KLU,19872
1,KLU,19873
1,KLU,19874
1,KLU,19875
1,KLU,19876
1,KLU,19877
1,KLU,19878
1,KLU,19879
1,KLU,19880
1,KLU,19881
1,KLU,19882
1,KLU,19883
1,KLU,19884
1,KLU,19885
1,KLU,19886
1,KLU,19887
1,KLU,19888
1,KLU,19889
1,KLU,19890
1,KLU,19891
1,KLU,19892
1,KLU,19893
1,KLU,19894
1,KLU,19895
1,KLU,19896
1,KLU,19897
1,KLU,19898
1,KLU,19899
1,KLU,19900
1,KLU,19901
1,KLU,19902
1,KLU,19903
1,KLU,19904
1,KLU,19905
1,KLU,19906
1,KLU,19907
1,KLU,19908
1,KLU,19909
1,KLU,19910
1,KLU,19911
1,KLU,19912
1,KLU,19913
1,KLU,19914
1,KLU,19915
1,KLU,19916
1,KLU,19917
1,KLU,19918
1,KLU,19919
1,KLU,19920
1,KLU,19921
1,KLU,19922
1,KLU,19923
1,KLU,19924
1,KLU,19925
1,KLU,19926
1,KLU,19927
1,KLU,19928
1,KLU,19929
1,KLU,19930
1,KLU,19931
1,KLU,19932
1,KLU,19933
1,KLU,19934
1,KLU,19935
1,KLU,19936
1,KLU,19937
1,KLU,19938
1,KLU,19939
1,KLU,19940
1,KLU,19941
1,KLU,19942
1,KLU,19943
1,KLU,19944
1,KLU,19945
1,KLU,19946
1,KLU,19947
1,KLU,19948
1,KLU,19949
1,KLU,19950
1,KLU,19951
1,KLU,19952
1,KLU,19953
1,KLU,19954
1,KLU,19955
1,KLU,19956
1,KLU,19957
1,KLU,19958
1,KLU,19959
1,KLU,19960
1,KLU,19961
1,KLU,19962
1,KLU,19963
1,KLU,19964
1,KLU,19965
1,KLU,19966
1,KLU,19967
1,KLU,19968
1,KLU,19969
1,KLU,19970
1,KLU,19971
1,KLU,19972
1,KLU,19973
1,KLU,19974
1,KLU,19975
1,KLU,19976
1,KLU,19977
1,KLU,19978
1,KLU,19979
1,KLU,19980
1,KLU,19981
1,KLU,19982
1,KLU,19983
1,KLU,19984
1,KLU,19985
1,KLU,19986
1,KLU,19987
1,KLU,19988
1,KLU,19989
1,KLU,19990
1,KLU,19991
1,KLU,19992
1,KLU,19993
1,KLU,19994
1,KLU,19995
1,KLU,19996
1,KLU,19997
1,KLU,19998
1,KLU,19999
1,KLU,20000
1,KLU,20001
1,KLU,20002
1,KLU,20003
1,KLU,20004
1,KLU,20005
1,KLU,20006
1,KLU,20007
1,KLU,20008
1,KLU,20009
1,KLU,20010
1,KLU,20011
1,KLU,20012
1,KLU,20013
1,KLU,20014
1,KLU,20015
1,KLU,20016
1,KLU,20017
1,KLU,20018
1,KLU,20019
1,KLU,20020
1,KLU,20021
0,KLU,20022
0,KLU,20023
0,KLU,20024
0,KLU,20025
0,KLU,20026
0,KLU,20027
0,KLU,20028
0,KLU,20029
0,KLU,20030
0,KLU,20031
0,KLU,20032
0,KLU,20033
0,KLU,20034
0,KLU,20035
0,KLU,20036
0,KLU,20037
0,KLU,20038
0,KLU,20039
0,KLU,20040
0,KLU,20041
0,KLU,20042
0,KLU,20043
0,KLU,20044
0,KLU,20045
0,KLU,20046
0,KLU,20047
0,KLU,20048
0,KLU,20049
0,KLU,20050
0,KLU,20051
0,KLU,20052
0,KLU,20053
0,KLU,20054
0,KLU,20055
0,KLU,20056
0,KLU,20057
0,KLU,20058
0,KLU,20059
0,KLU,20060
0,KLU,20061
0,KLU,20062
0,KLU,20063
0,KLU,20064
0,KLU,20065
0,KLU,20066
0,KLU,20067
0,KLU,20068
0,KLU,20069
0,KLU,20070
0,KLU,20071
0,KLU,20072
0,KLU,20073
0,KLU,20074
0,KLU,20075
0,KLU,20076
0,KLU,20077
0,KLU,20078
0,KLU,20079
0,KLU,20080
0,KLU,20081
0,KLU,20082
0,KLU,20083
0,KLU,20084
0,KLU,20085
0,KLU,20086
0,KLU,20087
0,KLU,20088
0,KLU,20089
0,KLU,20090
0,KLU,20091
0,KLU,20092
0,KLU,20093
0,KLU,20094
0,KLU,20095
0,KLU,20096
0,KLU,20097
0,KLU,20098
0,KLU,20099
0,KLU,20100
0,KLU,20101
0,KLU,20102
0,KLU,20103
0,KLU,20104
0,KLU,20105
0,KLU,20106
0,KLU,20107
0,KLU,20108
0,KLU,20109
0,KLU,20110
0,KLU,20111
0,KLU,20112
0,KLU,20113
0,KLU,20114
0,KLU,20115
0,KLU,20116
0,KLU,20117
0,KLU,20118
0,KLU,20119
0,KLU,20120
0,KLU,20121
0,KLU,20122
0,KLU,20123
0,KLU,20124
0,KLU,20125
0,KLU,20126
0,KLU,20127
0,KLU,20128
0,KLU,20129
0,KLU,20130
0,KLU,20131
0,KLU,20132
0,KLU,20133
0,KLU,20134
0,KLU,20135
0,KLU,20136
0,KLU,20137
0,KLU,20138
0,KLU,20139
0,KLU,20140
0,KLU,20141
0,KLU,20142
0,KLU,20143
0,KLU,20144
0,KLU,20145
0,KLU,20146
0,KLU,20147
0,KLU,20148
0,KLU,20149
0,KLU,20150
0,KLU,20151
0,KLU,20152
0,KLU,20153
0,KLU,20154
0,KLU,20155
0,KLU,20156
0,KLU,20157
0,KLU,20158
0,KLU,20159
0,KLU,20160
0,KLU,20161
0,KLU,20162
0,KLU,20163
0,KLU,20164
0,KLU,20165
0,KLU,20166
0,KLU,20167
0,KLU,20168
0,KLU,20169
0,KLU,20170
0,KLU,20171
0,KLU,20172
0,KLU,20173
0,KLU,20174
0,KLU,20175
0,KLU,20176
0,KLU,20177
0,KLU,20178
0,KLU,20179
0,KLU,20180
0,KLU,20181
0,KLU,20182
0,KLU,20183
0,KLU,20184
0,KLU,20185
0,KLU,20186
0,KLU,20187
0,KLU,20188
0,KLU,20189
0,KLU,20190
0,KLU,20191
0,KLU,20192
0,KLU,20193
0,KLU,20194
0,KLU,20195
0,KLU,20196
0,KLU,20197
0,KLU,20198
0,KLU,20199
0,KLU,20200
0,KLU,20201
0,KLU,20202
0,KLU,20203
0,KLU,20204
0,KLU,20205
0,KLU,20206
0,KLU,20207
0,KLU,20208
0,KLU,20209
0,KLU,20210
0,KLU,20211
0,KLU,20212
0,KLU,20213
0,KLU,20214
0,KLU,20215
0,KLU,20216
0,KLU,20217
0,KLU,20218
0,KLU,20219
0,KLU,20220
0,KLU,20221
0,KLU,20222
0,KLU,20223
0,KLU,20224
0,KLU,20225
0,KLU,20226
0,KLU,20227
0,KLU,20228
0,KLU,20229
0,KLU,20230
0,KLU,20231
0,KLU,20232
0,KLU,20233
0,KLU,20234
0,KLU,20235
0,KLU,20236
0,KLU,20237
0,KLU,20238
0,KLU,20239
0,KLU,20240
0,KLU,20241
0,KLU,20242
0,KLU,20243
0,KLU,20244
0,KLU,20245
0,KLU,20246
0,KLU,20247
0,KLU,20248
0,KLU,20249
0,KLU,20250
0,KLU,20251
0,KLU,20252
0,KLU,20253
0,KLU,20254
0,KLU,20255
0,KLU,20256
0,KLU,20257
0,KLU,20258
0,KLU,20259
0,KLU,20260
0,KLU,20261
0,KLU,20262
0,KLU,20263
0,KLU,20264
0,KLU,20265
0,KLU,20266
0,KLU,20267
0,KLU,20268
0,KLU,20269
0,KLU,20270
0,KLU,20271
0,KLU,20272
0,KLU,20273
0,KLU,20274
0,KLU,20275
0,KLU,20276
0,KLU,20277
0,KLU,20278
0,KLU,20279
0,KLU,20280
0,KLU,20281
0,KLU,20282
0,KLU,20283
0,KLU,20284
0,KLU,20285
0,KLU,20286
0,KLU,20287
0,KLU,20288
0,KLU,20289
0,KLU,20290
0,KLU,20291
0,KLU,20292
0,KLU,20293
0,KLU,20294
0,KLU,20295
0,KLU,20296
0,KLU,20297
0,KLU,20298
0,KLU,20299
0,KLU,20300
0,KLU,20301
0,KLU,20302
0,KLU,20303
0,KLU,20304
0,KLU,20305
0,KLU,20306
0,KLU,20307
0,KLU,20308
0,KLU,20309
0,KLU,20310
0,KLU,20311
0,KLU,20312
0,KLU,20313
0,KLU,20314
0,KLU,20315
0,KLU,20316
0,KLU,20317
0,KLU,20318
0,KLU,20319
0,KLU,20320
0,KLU,20321
0,KLU,20322
0,KLU,20323
0,KLU,20324
0,KLU,20325
0,KLU,20326
0,KLU,20327
0,KLU,20328
0,KLU,20329
0,KLU,20330
0,KLU,20331
0,KLU,20332
0,KLU,20333
0,KLU,20334
0,KLU,20335
0,KLU,20336
0,KLU,20337
0,KLU,20338
0,KLU,20339
0,KLU,20340
0,KLU,20341
0,KLU,20342
0,KLU,20343
0,KLU,20344
0,KLU,20345
0,KLU,20346
0,KLU,20347
0,KLU,20348
0,KLU,20349
0,KLU,20350
0,KLU,20351
0,KLU,20352
0,KLU,20353
0,KLU,20354
0,KLU,20355
0,KLU,20356
0,KLU,20357
0,KLU,20358
0,KLU,20359
0,KLU,20360
0,KLU,20361
0,KLU,20362
0,KLU,20363
0,KLU,20364
0,KLU,20365
0,KLU,20366
0,KLU,20367
0,KLU,20368
0,KLU,20369
0,KLU,20370
0,KLU,20371
0,KLU,20372
0,KLU,20373
0,KLU,20374
0,KLU,20375
0,KLU,20376
0,KLU,20377
0,KLU,20378
0,KLU,20379
0,KLU,20380
0,KLU,20381
0,KLU,20382
0,KLU,20383
0,KLU,20384
0,KLU,20385
0,KLU,20386
0,KLU,20387
0,KLU,20388
0,KLU,20389
0,KLU,20390
0,KLU,20391
0,KLU,20392
0,KLU,20393
0,KLU,20394
0,KLU,20395
0,KLU,20396
0,KLU,20397
0,KLU,20398
0,KLU,20399
0,KLU,20400
0,KLU,20401
0,KLU,20402
0,KLU,20403
0,KLU,20404
0,KLU,20405
0,KLU,20406
0,KLU,20407
0,KLU,20408
0,KLU,20409
0,KLU,20410
0,KLU,20411
0,KLU,20412
0,KLU,20413
0,KLU,20414
0,KLU,20415
0,KLU,20416
0,KLU,20417
0,KLU,20418
0,KLU,20419
0,KLU,20420
0,KLU,20421
0,KLU,20422
0,KLU,20423
0,KLU,20424
0,KLU,20425
0,KLU,20426
0,KLU,20427
0,KLU,20428
0,KLU,20429
0,KLU,20430
0,KLU,20431
0,KLU,20432
0,KLU,20433
0,KLU,20434
0,KLU,20435
0,KLU,20436
0,KLU,20437
0,KLU,20438
0,KLU,20439
0,KLU,20440
0,KLU,20441
0,KLU,20442
0,KLU,20443
0,KLU,20444
0,KLU,20445
0,KLU,20446
0,KLU,20447
0,KLU,20448
0,KLU,20449
0,KLU,20450
0,KLU,20451
0,KLU,20452
0,KLU,20453
0,KLU,20454
0,KLU,20455
0,KLU,20456
0,KLU,20457
0,KLU,20458
0,KLU,20459
0,KLU,20460
0,KLU,20461
0,KLU,20462
0,KLU,20463
0,KLU,20464
0,KLU,20465
0,KLU,20466
0,KLU,20467
0,KLU,20468
0,KLU,20469
0,KLU,20470
0,KLU,20471
0,KLU,20472
0,KLU,20473
0,KLU,20474
0,KLU,20475
0,KLU,20476
0,KLU,20477
0,KLU,20478
0,KLU,20479
0,KLU,20480
0,KLU,20481
0,KLU,20482
0,KLU,20483
0,KLU,20484
0,KLU,20485
0,KLU,20486
0,KLU,20487
0,KLU,20488
0,KLU,20489
0,KLU,20490
0,KLU,20491
0,KLU,20492
0,KLU,20493
0,KLU,20494
0,KLU,20495
0,KLU,20496
0,KLU,20497
0,KLU,20498
0,KLU,20499
0,KLU,20500
0,KLU,20501
0,KLU,20502
0,KLU,20503
0,KLU,20504
0,KLU,20505
0,KLU,20506
0,KLU,20507
0,KLU,20508
0,KLU,20509
0,KLU,20510
0,KLU,20511
0,KLU,20512
0,KLU,20513
0,KLU,20514
0,KLU,20515
0,KLU,20516
0,KLU,20517
0,KLU,20518
0,KLU,20519
0,KLU,20520
0,KLU,20521
0,KLU,20522
0,KLU,20523
0,KLU,20524
0,KLU,20525
0,KLU,20526
0,KLU,20527
0,KLU,20528
0,KLU,20529
0,KLU,20530
0,KLU,20531
0,KLU,20532
0,KLU,20533
0,KLU,20534
0,KLU,20535
0,KLU,20536
0,KLU,20537
0,KLU,20538
0,KLU,20539
0,KLU,20540
0,KLU,20541
0,KLU,20542
0,KLU,20543
0,KLU,20544
0,KLU,20545
0,KLU,20546
0,KLU,20547
0,KLU,20548
0,KLU,20549
0,KLU,20550
0,KLU,20551
0,KLU,20552
0,KLU,20553
0,KLU,20554
0,KLU,20555
0,KLU,20556
0,KLU,20557
0,KLU,20558
0,KLU,20559
0,KLU,20560
0,KLU,20561
0,KLU,20562
0,KLU,20563
0,KLU,20564
0,KLU,20565
0,KLU,20566
0,KLU,20567
0,KLU,20568
0,KLU,20569
0,KLU,20570
0,KLU,20571
0,KLU,20572
0,KLU,20573
0,KLU,20574
0,KLU,20575
0,KLU,20576
0,KLU,20577
0,KLU,20578
0,KLU,20579
0,KLU,20580
0,KLU,20581
0,KLU,20582
0,KLU,20583
0,KLU,20584
0,KLU,20585
0,KLU,20586
0,KLU,20587
0,KLU,20588
0,KLU,20589
0,KLU,20590
0,KLU,20591
0,KLU,20592
0,KLU,20593
0,KLU,20594
0,KLU,20595
0,KLU,20596
0,KLU,20597
0,KLU,20598
0,KLU,20599
0,KLU,20600
0,KLU,20601
0,KLU,20602
0,KLU,20603
0,KLU,20604
0,KLU,20605
0,KLU,20606
0,KLU,20607
0,KLU,20608
0,KLU,20609
0,KLU,20610
0,KLU,20611
0,KLU,20612
0,KLU,20613
0,KLU,20614
0,KLU,20615
0,KLU,20616
0,KLU,20617
0,KLU,20618
0,KLU,20619
0,KLU,20620
0,KLU,20621
0,KLU,20622
0,KLU,20623
0,KLU,20624
0,KLU,20625
0,KLU,20626
0,KLU,20627
0,KLU,20628
0,KLU,20629
0,KLU,20630
0,KLU,20631
0,KLU,20632
0,KLU,20633
0,KLU,20634
0,KLU,20635
0,KLU,20636
0,KLU,20637
0,KLU,20638
0,KLU,20639
0,KLU,20640
0,KLU,20641
0,KLU,20642
0,KLU,20643
0,KLU,20644
0,KLU,20645
0,KLU,20646
0,KLU,20647
0,KLU,20648
0,KLU,20649
0,KLU,20650
0,KLU,20651
0,KLU,20652
0,KLU,20653
0,KLU,20654
0,KLU,20655
0,KLU,20656
0,KLU,20657
0,KLU,20658
0,KLU,20659
0,KLU,20660
0,KLU,20661
0,KLU,20662
0,KLU,20663
0,KLU,20664
0,KLU,20665
0,KLU,20666
0,KLU,20667
0,KLU,20668
0,KLU,20669
0,KLU,20670
0,KLU,20671
0,KLU,20672
0,KLU,20673
0,KLU,20674
0,KLU,20675
0,KLU,20676
0,KLU,20677
0,KLU,20678
0,KLU,20679
0,KLU,20680
0,KLU,20681
0,KLU,20682
0,KLU,20683
0,KLU,20684
0,KLU,20685
0,KLU,20686
0,KLU,20687
0,KLU,20688
0,KLU,20689
0,KLU,20690
0,KLU,20691
0,KLU,20692
0,KLU,20693
0,KLU,20694
0,KLU,20695
0,KLU,20696
0,KLU,20697
0,KLU,20698
0,KLU,20699
0,KLU,20700
0,KLU,20701
0,KLU,20702
0,KLU,20703
0,KLU,20704
0,KLU,20705
0,KLU,20706
0,KLU,20707
0,KLU,20708
0,KLU,20709
0,KLU,20710
0,KLU,20711
0,KLU,20712
0,KLU,20713
0,KLU,20714
0,KLU,20715
0,KLU,20716
0,KLU,20717
0,KLU,20718
0,KLU,20719
0,KLU,20720
0,KLU,20721
0,KLU,20722
0,KLU,20723
0,KLU,20724
0,KLU,20725
0,KLU,20726
0,KLU,20727
0,KLU,20728
0,KLU,20729
0,KLU,20730
0,KLU,20731
0,KLU,20732
0,KLU,20733
0,KLU,20734
0,KLU,20735
0,KLU,20736
0,KLU,20737
0,KLU,20738
0,KLU,20739
0,KLU,20740
0,KLU,20741
0,KLU,20742
0,KLU,20743
0,KLU,20744
0,KLU,20745
0,KLU,20746
0,KLU,20747
0,KLU,20748
0,KLU,20749
0,KLU,20750
0,KLU,20751
0,KLU,20752
0,KLU,20753
0,KLU,20754
0,KLU,20755
0,KLU,20756
0,KLU,20757
0,KLU,20758
0,KLU,20759
0,KLU,20760
0,KLU,20761
0,KLU,20762
0,KLU,20763
0,KLU,20764
0,KLU,20765
0,KLU,20766
0,KLU,20767
0,KLU,20768
0,KLU,20769
0,KLU,20770
0,KLU,20771
0,KLU,20772
0,KLU,20773
0,KLU,20774
0,KLU,20775
0,KLU,20776
0,KLU,20777
0,KLU,20778
0,KLU,20779
0,KLU,20780
0,KLU,20781
0,KLU,20782
0,KLU,20783
0,KLU,20784
0,KLU,20785
0,KLU,20786
0,KLU,20787
0,KLU,20788
0,KLU,20789
0,KLU,20790
0,KLU,20791
0,KLU,20792
0,KLU,20793
0,KLU,20794
0,KLU,20795
0,KLU,20796
0,KLU,20797
0,KLU,20798
0,KLU,20799
0,KLU,20800
0,KLU,20801
0,KLU,20802
0,KLU,20803
0,KLU,20804
0,KLU,20805
0,KLU,20806
0,KLU,20807
0,KLU,20808
0,KLU,20809
0,KLU,20810
0,KLU,20811
0,KLU,20812
0,KLU,20813
0,KLU,20814
0,KLU,20815
0,KLU,20816
0,KLU,20817
0,KLU,20818
0,KLU,20819
0,KLU,20820
0,KLU,20821
0,KLU,20822
0,KLU,20823
0,KLU,20824
0,KLU,20825
0,KLU,20826
0,KLU,20827
0,KLU,20828
0,KLU,20829
0,KLU,20830
0,KLU,20831
0,KLU,20832
0,KLU,20833
0,KLU,20834
0,KLU,20835
0,KLU,20836
0,KLU,20837
0,KLU,20838
0,KLU,20839
0,KLU,20840
0,KLU,20841
0,KLU,20842
0,KLU,20843
0,KLU,20844
0,KLU,20845
0,KLU,20846
0,KLU,20847
0,KLU,20848
0,KLU,20849
0,KLU,20850
0,KLU,20851
0,KLU,20852
0,KLU,20853
0,KLU,20854
0,KLU,20855
0,KLU,20856
0,KLU,20857
0,KLU,20858
0,KLU,20859
0,KLU,20860
0,KLU,20861
0,KLU,20862
0,KLU,20863
0,KLU,20864
0,KLU,20865
0,KLU,20866
0,KLU,20867
0,KLU,20868
0,KLU,20869
0,KLU,20870
0,KLU,20871
0,KLU,20872
0,KLU,20873
0,KLU,20874
0,KLU,20875
0,KLU,20876
0,KLU,20877
0,KLU,20878
0,KLU,20879
0,KLU,20880
0,KLU,20881
0,KLU,20882
0,KLU,20883
0,KLU,20884
0,KLU,20885
0,KLU,20886
0,KLU,20887
0,KLU,20888
0,KLU,20889
0,KLU,20890
0,KLU,20891
0,KLU,20892
0,KLU,20893
0,KLU,20894
0,KLU,20895
0,KLU,20896
0,KLU,20897
0,KLU,20898
0,KLU,20899
0,KLU,20900
0,KLU,20901
0,KLU,20902
0,KLU,20903
0,KLU,20904
0,KLU,20905
0,KLU,20906
0,KLU,20907
0,KLU,20908
0,KLU,20909
0,KLU,20910
0,KLU,20911
0,KLU,20912
0,KLU,20913
0,KLU,20914
0,KLU,20915
0,KLU,20916
0,KLU,20917
0,KLU,20918
0,KLU,20919
0,KLU,20920
0,KLU,20921
0,KLU,20922
0,KLU,20923
0,KLU,20924
0,KLU,20925
0,KLU,20926
0,KLU,20927
0,KLU,20928
0,KLU,20929
0,KLU,20930
0,KLU,20931
0,KLU,20932
0,KLU,20933
0,KLU,20934
0,KLU,20935
0,KLU,20936
0,KLU,20937
0,KLU,20938
0,KLU,20939
0,KLU,20940
0,KLU,20941
0,KLU,20942
0,KLU,20943
0,KLU,20944
0,KLU,20945
0,KLU,20946
0,KLU,20947
0,KLU,20948
0,KLU,20949
0,KLU,20950
0,KLU,20951
0,KLU,20952
0,KLU,20953
0,KLU,20954
0,KLU,20955
0,KLU,20956
0,KLU,20957
0,KLU,20958
0,KLU,20959
0,KLU,20960
0,KLU,20961
0,KLU,20962
0,KLU,20963
0,KLU,20964
0,KLU,20965
0,KLU,20966
0,KLU,20967
0,KLU,20968
0,KLU,20969
0,KLU,20970
0,KLU,20971
0,KLU,20972
0,KLU,20973
0,KLU,20974
0,KLU,20975
0,KLU,20976
0,KLU,20977
0,KLU,20978
0,KLU,20979
0,KLU,20980
0,KLU,20981
0,KLU,20982
0,KLU,20983
0,KLU,20984
0,KLU,20985
0,KLU,20986
0,KLU,20987
0,KLU,20988
0,KLU,20989
0,KLU,20990
0,KLU,20991
0,KLU,20992
0,KLU,20993
0,KLU,20994
0,KLU,20995
0,KLU,20996
0,KLU,20997
0,KLU,20998
0,KLU,20999
0,KLU,21000
0,KLU,21001
0,KLU,21002
0,KLU,21003
0,KLU,21004
0,KLU,21005
0,KLU,21006
0,KLU,21007
0,KLU,21008
0,KLU,21009
0,KLU,21010
0,KLU,21011
0,KLU,21012
0,KLU,21013
0,KLU,21014
0,KLU,21015
0,KLU,21016
0,KLU,21017
0,KLU,21018
0,KLU,21019
0,KLU,21020
0,KLU,21021
0,KLU,21022
0,KLU,21023
0,KLU,21024
0,KLU,21025
0,KLU,21026
0,KLU,21027
0,KLU,21028
0,KLU,21029
0,KLU,21030
0,KLU,21031
0,KLU,21032
0,KLU,21033
0,KLU,21034
0,KLU,21035
0,KLU,21036
0,KLU,21037
0,KLU,21038
0,KLU,21039
0,KLU,21040
0,KLU,21041
0,KLU,21042
0,KLU,21043
0,KLU,21044
0,KLU,21045
0,KLU,21046
0,KLU,21047
0,KLU,21048
0,KLU,21049
0,KLU,21050
0,KLU,21051
0,KLU,21052
0,KLU,21053
0,KLU,21054
0,KLU,21055
0,KLU,21056
0,KLU,21057
0,KLU,21058
0,KLU,21059
0,KLU,21060
0,KLU,21061
0,KLU,21062
0,KLU,21063
0,KLU,21064
0,KLU,21065
0,KLU,21066
0,KLU,21067
0,KLU,21068
0,KLU,21069
0,KLU,21070
0,KLU,21071
0,KLU,21072
0,KLU,21073
0,KLU,21074
0,KLU,21075
0,KLU,21076
0,KLU,21077
0,KLU,21078
0,KLU,21079
0,KLU,21080
0,KLU,21081
0,KLU,21082
0,KLU,21083
0,KLU,21084
0,KLU,21085
0,KLU,21086
0,KLU,21087
0,KLU,21088
0,KLU,21089
0,KLU,21090
0,KLU,21091
0,KLU,21092
0,KLU,21093
0,KLU,21094
0,KLU,21095
0,KLU,21096
0,KLU,21097
0,KLU,21098
0,KLU,21099
0,KLU,21100
0,KLU,21101
0,KLU,21102
0,KLU,21103
0,KLU,21104
0,KLU,21105
0,KLU,21106
0,KLU,21107
0,KLU,21108
0,KLU,21109
0,KLU,21110
0,KLU,21111
0,KLU,21112
0,KLU,21113
0,KLU,21114
0,KLU,21115
0,KLU,21116
0,KLU,21117
0,KLU,21118
0,KLU,21119
0,KLU,21120
0,KLU,21121
0,KLU,21122
0,KLU,21123
0,KLU,21124
0,KLU,21125
0,KLU,21126
0,KLU,21127
0,KLU,21128
0,KLU,21129
0,KLU,21130
0,KLU,21131
0,KLU,21132
0,KLU,21133
0,KLU,21134
0,KLU,21135
0,KLU,21136
0,KLU,21137
0,KLU,21138
0,KLU,21139
0,KLU,21140
0,KLU,21141
0,KLU,21142
0,KLU,21143
0,KLU,21144
0,KLU,21145
0,KLU,21146
0,KLU,21147
0,KLU,21148
0,KLU,21149
0,KLU,21150
0,KLU,21151
0,KLU,21152
0,KLU,21153
0,KLU,21154
0,KLU,21155
0,KLU,21156
0,KLU,21157
0,KLU,21158
0,KLU,21159
0,KLU,21160
0,KLU,21161
0,KLU,21162
0,KLU,21163
0,KLU,21164
0,KLU,21165
0,KLU,21166
0,KLU,21167
0,KLU,21168
0,KLU,21169
0,KLU,21170
0,KLU,21171
0,KLU,21172
0,KLU,21173
0,KLU,21174
0,KLU,21175
0,KLU,21176
0,KLU,21177
0,KLU,21178
0,KLU,21179
0,KLU,21180
0,KLU,21181
0,KLU,21182
0,KLU,21183
0,KLU,21184
0,KLU,21185
0,KLU,21186
0,KLU,21187
0,KLU,21188
0,KLU,21189
0,KLU,21190
0,KLU,21191
0,KLU,21192
0,KLU,21193
0,KLU,21194
0,KLU,21195
0,KLU,21196
0,KLU,21197
0,KLU,21198
0,KLU,21199
0,KLU,21200
0,KLU,21201
0,KLU,21202
0,KLU,21203
0,KLU,21204
0,KLU,21205
0,KLU,21206
0,KLU,21207
0,KLU,21208
0,KLU,21209
0,KLU,21210
0,KLU,21211
0,KLU,21212
0,KLU,21213
0,KLU,21214
0,KLU,21215
0,KLU,21216
0,KLU,21217
0,KLU,21218
0,KLU,21219
0,KLU,21220
0,KLU,21221
0,KLU,21222
0,KLU,21223
0,KLU,21224
0,KLU,21225
0,KLU,21226
0,KLU,21227
0,KLU,21228
0,KLU,21229
0,KLU,21230
0,KLU,21231
0,KLU,21232
0,KLU,21233
0,KLU,21234
0,KLU,21235
0,KLU,21236
0,KLU,21237
0,KLU,21238
0,KLU,21239
0,KLU,21240
0,KLU,21241
0,KLU,21242
0,KLU,21243
0,KLU,21244
0,KLU,21245
0,KLU,21246
0,KLU,21247
0,KLU,21248
0,KLU,21249
0,KLU,21250
0,KLU,21251
0,KLU,21252
0,KLU,21253
0,KLU,21254
0,KLU,21255
0,KLU,21256
0,KLU,21257
0,KLU,21258
0,KLU,21259
0,KLU,21260
0,KLU,21261
0,KLU,21262
0,KLU,21263
0,KLU,21264
0,KLU,21265
0,KLU,21266
0,KLU,21267
0,KLU,21268
0,KLU,21269
0,KLU,21270
0,KLU,21271
0,KLU,21272
0,KLU,21273
0,KLU,21274
0,KLU,21275
0,KLU,21276
0,KLU,21277
0,KLU,21278
0,KLU,21279
0,KLU,21280
0,KLU,21281
0,KLU,21282
0,KLU,21283
0,KLU,21284
0,KLU,21285
0,KLU,21286
0,KLU,21287
0,KLU,21288
0,KLU,21289
0,KLU,21290
0,KLU,21291
0,KLU,21292
0,KLU,21293
0,KLU,21294
0,KLU,21295
0,KLU,21296
0,KLU,21297
0,KLU,21298
0,KLU,21299
0,KLU,21300
0,KLU,21301
0,KLU,21302
0,KLU,21303
0,KLU,21304
0,KLU,21305
0,KLU,21306
0,KLU,21307
0,KLU,21308
0,KLU,21309
0,KLU,21310
0,KLU,21311
0,KLU,21312
0,KLU,21313
0,KLU,21314
0,KLU,21315
0,KLU,21316
0,KLU,21317
0,KLU,21318
0,KLU,21319
0,KLU,21320
0,KLU,21321
0,KLU,21322
0,KLU,21323
0,KLU,21324
0,KLU,21325
0,KLU,21326
0,KLU,21327
0,KLU,21328
0,KLU,21329
0,KLU,21330
0,KLU,21331
0,KLU,21332
0,KLU,21333
0,KLU,21334
0,KLU,21335
0,KLU,21336
0,KLU,21337
0,KLU,21338
0,KLU,21339
0,KLU,21340
0,KLU,21341
0,KLU,21342
0,KLU,21343
0,KLU,21344
0,KLU,21345
0,KLU,21346
0,KLU,21347
0,KLU,21348
0,KLU,21349
0,KLU,21350
0,KLU,21351
0,KLU,21352
0,KLU,21353
0,KLU,21354
0,KLU,21355
0,KLU,21356
0,KLU,21357
0,KLU,21358
0,KLU,21359
0,KLU,21360
0,KLU,21361
0,KLU,21362
0,KLU,21363
0,KLU,21364
0,KLU,21365
0,KLU,21366
0,KLU,21367
0,KLU,21368
0,KLU,21369
0,KLU,21370
0,KLU,21371
0,KLU,21372
0,KLU,21373
0,KLU,21374
0,KLU,21375
0,KLU,21376
0,KLU,21377
0,KLU,21378
0,KLU,21379
0,KLU,21380
0,KLU,21381
0,KLU,21382
0,KLU,21383
0,KLU,21384
0,KLU,21385
0,KLU,21386
0,KLU,21387
0,KLU,21388
0,KLU,21389
0,KLU,21390
0,KLU,21391
0,KLU,21392
0,KLU,21393
0,KLU,21394
0,KLU,21395
0,KLU,21396
0,KLU,21397
0,KLU,21398
0,KLU,21399
0,KLU,21400
0,KLU,21401
0,KLU,21402
0,KLU,21403
0,KLU,21404
0,KLU,21405
0,KLU,21406
0,KLU,21407
0,KLU,21408
0,KLU,21409
0,KLU,21410
0,KLU,21411
0,KLU,21412
0,KLU,21413
0,KLU,21414
0,KLU,21415
0,KLU,21416
0,KLU,21417
0,KLU,21418
0,KLU,21419
0,KLU,21420
0,KLU,21421
0,KLU,21422
0,KLU,21423
0,KLU,21424
0,KLU,21425
0,KLU,21426
0,KLU,21427
0,KLU,21428
0,KLU,21429
0,KLU,21430
0,KLU,21431
0,KLU,21432
0,KLU,21433
0,KLU,21434
0,KLU,21435
0,KLU,21436
0,KLU,21437
0,KLU,21438
0,KLU,21439
0,KLU,21440
0,KLU,21441
0,KLU,21442
0,KLU,21443
0,KLU,21444
0,KLU,21445
0,KLU,21446
0,KLU,21447
0,KLU,21448
0,KLU,21449
0,KLU,21450
0,KLU,21451
0,KLU,21452
0,KLU,21453
0,KLU,21454
0,KLU,21455
0,KLU,21456
0,KLU,21457
0,KLU,21458
0,KLU,21459
0,KLU,21460
0,KLU,21461
0,KLU,21462
0,KLU,21463
0,KLU,21464
0,KLU,21465
0,KLU,21466
0,KLU,21467
0,KLU,21468
0,KLU,21469
0,KLU,21470
0,KLU,21471
0,KLU,21472
0,KLU,21473
0,KLU,21474
0,KLU,21475
0,KLU,21476
0,KLU,21477
0,KLU,21478
0,KLU,21479
0,KLU,21480
0,KLU,21481
0,KLU,21482
0,KLU,21483
0,KLU,21484
0,KLU,21485
0,KLU,21486
0,KLU,21487
0,KLU,21488
0,KLU,21489
0,KLU,21490
0,KLU,21491
0,KLU,21492
0,KLU,21493
0,KLU,21494
0,KLU,21495
0,KLU,21496
0,KLU,21497
0,KLU,21498
0,KLU,21499
0,KLU,21500
0,KLU,21501
0,KLU,21502
0,KLU,21503
0,KLU,21504
0,KLU,21505
0,KLU,21506
0,KLU,21507
0,KLU,21508
0,KLU,21509
0,KLU,21510
0,KLU,21511
0,KLU,21512
0,KLU,21513
0,KLU,21514
0,KLU,21515
0,KLU,21516
0,KLU,21517
0,KLU,21518
0,KLU,21519
0,KLU,21520
0,KLU,21521
0,KLU,21522
0,KLU,21523
0,KLU,21524
0,KLU,21525
0,KLU,21526
0,KLU,21527
0,KLU,21528
0,KLU,21529
0,KLU,21530
0,KLU,21531
0,KLU,21532
0,KLU,21533
0,KLU,21534
0,KLU,21535
0,KLU,21536
0,KLU,21537
0,KLU,21538
0,KLU,21539
0,KLU,21540
0,KLU,21541
0,KLU,21542
0,KLU,21543
0,KLU,21544
0,KLU,21545
0,KLU,21546
0,KLU,21547
0,KLU,21548
0,KLU,21549
0,KLU,21550
0,KLU,21551
0,KLU,21552
0,KLU,21553
0,KLU,21554
0,KLU,21555
0,KLU,21556
0,KLU,21557
0,KLU,21558
0,KLU,21559
0,KLU,21560
0,KLU,21561
0,KLU,21562
0,KLU,21563
0,KLU,21564
0,KLU,21565
0,KLU,21566
0,KLU,21567
0,KLU,21568
0,KLU,21569
0,KLU,21570
0,KLU,21571
0,KLU,21572
0,KLU,21573
0,KLU,21574
0,KLU,21575
0,KLU,21576
0,KLU,21577
0,KLU,21578
0,KLU,21579
0,KLU,21580
0,KLU,21581
0,KLU,21582
0,KLU,21583
0,KLU,21584
0,KLU,21585
0,KLU,21586
0,KLU,21587
0,KLU,21588
0,KLU,21589
0,KLU,21590
0,KLU,21591
0,KLU,21592
0,KLU,21593
0,KLU,21594
0,KLU,21595
0,KLU,21596
0,KLU,21597
0,KLU,21598
0,KLU,21599
0,KLU,21600
0,KLU,21601
0,KLU,21602
0,KLU,21603
0,KLU,21604
0,KLU,21605
0,KLU,21606
0,KLU,21607
0,KLU,21608
0,KLU,21609
0,KLU,21610
0,KLU,21611
0,KLU,21612
0,KLU,21613
0,KLU,21614
0,KLU,21615
0,KLU,21616
0,KLU,21617
0,KLU,21618
0,KLU,21619
0,KLU,21620
0,KLU,21621
0,KLU,21622
0,KLU,21623
0,KLU,21624
0,KLU,21625
0,KLU,21626
0,KLU,21627
0,KLU,21628
0,KLU,21629
0,KLU,21630
0,KLU,21631
0,KLU,21632
0,KLU,21633
0,KLU,21634
0,KLU,21635
0,KLU,21636
0,KLU,21637
0,KLU,21638
0,KLU,21639
0,KLU,21640
0,KLU,21641
0,KLU,21642
0,KLU,21643
0,KLU,21644
0,KLU,21645
0,KLU,21646
0,KLU,21647
0,KLU,21648
0,KLU,21649
0,KLU,21650
0,KLU,21651
0,KLU,21652
0,KLU,21653
0,KLU,21654
0,KLU,21655
0,KLU,21656
0,KLU,21657
0,KLU,21658
0,KLU,21659
0,KLU,21660
0,KLU,21661
0,KLU,21662
0,KLU,21663
0,KLU,21664
0,KLU,21665
0,KLU,21666
0,KLU,21667
0,KLU,21668
0,KLU,21669
0,KLU,21670
0,KLU,21671
0,KLU,21672
0,KLU,21673
0,KLU,21674
0,KLU,21675
0,KLU,21676
0,KLU,21677
0,KLU,21678
0,KLU,21679
0,KLU,21680
0,KLU,21681
0,KLU,21682
0,KLU,21683
0,KLU,21684
0,KLU,21685
0,KLU,21686
0,KLU,21687
0,KLU,21688
0,KLU,21689
0,KLU,21690
0,KLU,21691
0,KLU,21692
0,KLU,21693
0,KLU,21694
0,KLU,21695
0,KLU,21696
0,KLU,21697
0,KLU,21698
0,KLU,21699
0,KLU,21700
0,KLU,21701
0,KLU,21702
0,KLU,21703
0,KLU,21704
0,KLU,21705
0,KLU,21706
0,KLU,21707
0,KLU,21708
0,KLU,21709
0,KLU,21710
0,KLU,21711
0,KLU,21712
0,KLU,21713
0,KLU,21714
0,KLU,21715
0,KLU,21716
0,KLU,21717
0,KLU,21718
0,KLU,21719
0,KLU,21720
0,KLU,21721
0,KLU,21722
0,KLU,21723
0,KLU,21724
0,KLU,21725
0,KLU,21726
0,KLU,21727
0,KLU,21728
0,KLU,21729
0,KLU,21730
0,KLU,21731
0,KLU,21732
0,KLU,21733
0,KLU,21734
0,KLU,21735
0,KLU,21736
0,KLU,21737
0,KLU,21738
0,KLU,21739
0,KLU,21740
0,KLU,21741
0,KLU,21742
0,KLU,21743
0,KLU,21744
0,KLU,21745
0,KLU,21746
0,KLU,21747
0,KLU,21748
0,KLU,21749
0,KLU,21750
0,KLU,21751
0,KLU,21752
0,KLU,21753
0,KLU,21754
0,KLU,21755
0,KLU,21756
0,KLU,21757
0,KLU,21758
0,KLU,21759
0,KLU,21760
0,KLU,21761
0,KLU,21762
0,KLU,21763
0,KLU,21764
0,KLU,21765
0,KLU,21766
0,KLU,21767
0,KLU,21768
0,KLU,21769
0,KLU,21770
0,KLU,21771
0,KLU,21772
0,KLU,21773
0,KLU,21774
0,KLU,21775
0,KLU,21776
0,KLU,21777
0,KLU,21778
0,KLU,21779
0,KLU,21780
0,KLU,21781
0,KLU,21782
0,KLU,21783
0,KLU,21784
0,KLU,21785
0,KLU,21786
0,KLU,21787
0,KLU,21788
0,KLU,21789
0,KLU,21790
0,KLU,21791
0,KLU,21792
0,KLU,21793
0,KLU,21794
0,KLU,21795
0,KLU,21796
0,KLU,21797
0,KLU,21798
0,KLU,21799
0,KLU,21800
0,KLU,21801
0,KLU,21802
0,KLU,21803
0,KLU,21804
0,KLU,21805
0,KLU,21806
0,KLU,21807
0,KLU,21808
0,KLU,21809
0,KLU,21810
0,KLU,21811
0,KLU,21812
0,KLU,21813
0,KLU,21814
0,KLU,21815
0,KLU,21816
0,KLU,21817
0,KLU,21818
0,KLU,21819
0,KLU,21820
0,KLU,21821
0,KLU,21822
0,KLU,21823
0,KLU,21824
0,KLU,21825
0,KLU,21826
0,KLU,21827
0,KLU,21828
0,KLU,21829
0,KLU,21830
0,KLU,21831
0,KLU,21832
0,KLU,21833
0,KLU,21834
0,KLU,21835
0,KLU,21836
0,KLU,21837
0,KLU,21838
0,KLU,21839
0,KLU,21840
0,KLU,21841
0,KLU,21842
0,KLU,21843
0,KLU,21844
0,KLU,21845
0,KLU,21846
0,KLU,21847
0,KLU,21848
0,KLU,21849
0,KLU,21850
0,KLU,21851
0,KLU,21852
0,KLU,21853
0,KLU,21854
0,KLU,21855
0,KLU,21856
0,KLU,21857
0,KLU,21858
0,KLU,21859
0,KLU,21860
0,KLU,21861
0,KLU,21862
0,KLU,21863
0,KLU,21864
0,KLU,21865
0,KLU,21866
0,KLU,21867
0,KLU,21868
0,KLU,21869
0,KLU,21870
0,KLU,21871
0,KLU,21872
0,KLU,21873
0,KLU,21874
0,KLU,21875
0,KLU,21876
0,KLU,21877
0,KLU,21878
0,KLU,21879
0,KLU,21880
0,KLU,21881
0,KLU,21882
0,KLU,21883
0,KLU,21884
0,KLU,21885
0,KLU,21886
0,KLU,21887
0,KLU,21888
0,KLU,21889
0,KLU,21890
0,KLU,21891
0,KLU,21892
0,KLU,21893
0,KLU,21894
0,KLU,21895
0,KLU,21896
0,KLU,21897
0,KLU,21898
0,KLU,21899
0,KLU,21900
0,KLU,21901
0,KLU,21902
0,KLU,21903
0,KLU,21904
0,KLU,21905
0,KLU,21906
0,KLU,21907
0,KLU,21908
0,KLU,21909
0,KLU,21910
0,KLU,21911
0,KLU,21912
0,KLU,21913
0,KLU,21914
0,KLU,21915
0,KLU,21916
0,KLU,21917
0,KLU,21918
0,KLU,21919
0,KLU,21920
0,KLU,21921
0,KLU,21922
0,KLU,21923
0,KLU,21924
0,KLU,21925
0,KLU,21926
0,KLU,21927
0,KLU,21928
0,KLU,21929
0,KLU,21930
0,KLU,21931
0,KLU,21932
0,KLU,21933
0,KLU,21934
0,KLU,21935
0,KLU,21936
0,KLU,21937
0,KLU,21938
0,KLU,21939
0,KLU,21940
0,KLU,21941
0,KLU,21942
0,KLU,21943
0,KLU,21944
0,KLU,21945
0,KLU,21946
0,KLU,21947
0,KLU,21948
0,KLU,21949
0,KLU,21950
0,KLU,21951
0,KLU,21952
0,KLU,21953
0,KLU,21954
0,KLU,21955
0,KLU,21956
0,KLU,21957
0,KLU,21958
0,KLU,21959
0,KLU,21960
0,KLU,21961
0,KLU,21962
0,KLU,21963
0,KLU,21964
0,KLU,21965
0,KLU,21966
0,KLU,21967
0,KLU,21968
0,KLU,21969
0,KLU,21970
0,KLU,21971
0,KLU,21972
0,KLU,21973
0,KLU,21974
0,KLU,21975
0,KLU,21976
0,KLU,21977
0,KLU,21978
0,KLU,21979
0,KLU,21980
0,KLU,21981
0,KLU,21982
0,KLU,21983
0,KLU,21984
0,KLU,21985
0,KLU,21986
0,KLU,21987
0,KLU,21988
0,KLU,21989
0,KLU,21990
0,KLU,21991
0,KLU,21992
0,KLU,21993
0,KLU,21994
0,KLU,21995
0,KLU,21996
0,KLU,21997
0,KLU,21998
0,KLU,21999
0,KLU,22000
0,KLU,22001
0,KLU,22002
0,KLU,22003
0,KLU,22004
0,KLU,22005
0,KLU,22006
0,KLU,22007
0,KLU,22008
0,KLU,22009
0,KLU,22010
0,KLU,22011
0,KLU,22012
0,KLU,22013
0,KLU,22014
0,KLU,22015
0,KLU,22016
0,KLU,22017
0,KLU,22018
0,KLU,22019
0,KLU,22020
0,KLU,22021
0,KLU,22022
0,KLU,22023
0,KLU,22024
0,KLU,22025
0,KLU,22026
0,KLU,22027
0,KLU,22028
0,KLU,22029
0,KLU,22030
0,KLU,22031
0,KLU,22032
0,KLU,22033
0,KLU,22034
0,KLU,22035
0,KLU,22036
0,KLU,22037
0,KLU,22038
0,KLU,22039
0,KLU,22040
0,KLU,22041
0,KLU,22042
0,KLU,22043
0,KLU,22044
0,KLU,22045
0,KLU,22046
0,KLU,22047
0,KLU,22048
0,KLU,22049
0,KLU,22050
0,KLU,22051
0,KLU,22052
0,KLU,22053
0,KLU,22054
0,KLU,22055
0,KLU,22056
0,KLU,22057
0,KLU,22058
0,KLU,22059
0,KLU,22060
0,KLU,22061
0,KLU,22062
0,KLU,22063
0,KLU,22064
0,KLU,22065
0,KLU,22066
0,KLU,22067
0,KLU,22068
0,KLU,22069
0,KLU,22070
0,KLU,22071
0,KLU,22072
0,KLU,22073
0,KLU,22074
0,KLU,22075
0,KLU,22076
0,KLU,22077
0,KLU,22078
0,KLU,22079
0,KLU,22080
0,KLU,22081
0,KLU,22082
0,KLU,22083
0,KLU,22084
0,KLU,22085
0,KLU,22086
0,KLU,22087
0,KLU,22088
0,KLU,22089
0,KLU,22090
0,KLU,22091
0,KLU,22092
0,KLU,22093
0,KLU,22094
0,KLU,22095
0,KLU,22096
0,KLU,22097
0,KLU,22098
0,KLU,22099
0,KLU,22100
0,KLU,22101
0,KLU,22102
0,KLU,22103
0,KLU,22104
0,KLU,22105
0,KLU,22106
0,KLU,22107
0,KLU,22108
0,KLU,22109
0,KLU,22110
0,KLU,22111
0,KLU,22112
0,KLU,22113
0,KLU,22114
0,KLU,22115
0,KLU,22116
0,KLU,22117
0,KLU,22118
0,KLU,22119
0,KLU,22120
0,KLU,22121
0,KLU,22122
0,KLU,22123
0,KLU,22124
0,KLU,22125
0,KLU,22126
0,KLU,22127
0,KLU,22128
0,KLU,22129
0,KLU,22130
0,KLU,22131
0,KLU,22132
0,KLU,22133
0,KLU,22134
0,KLU,22135
0,KLU,22136
0,KLU,22137
0,KLU,22138
0,KLU,22139
0,KLU,22140
0,KLU,22141
0,KLU,22142
0,KLU,22143
0,KLU,22144
0,KLU,22145
0,KLU,22146
0,KLU,22147
0,KLU,22148
0,KLU,22149
0,KLU,22150
0,KLU,22151
1,KNK,22152
1,KNK,22153
1,KNK,22154
1,KNK,22155
1,KNK,22156
1,KNK,22157
1,KNK,22158
1,KNK,22159
1,KNK,22160
1,KNK,22161
1,KNK,22162
1,KNK,22163
1,KNK,22164
1,KNK,22165
1,KNK,22166
1,KNK,22167
1,KNK,22168
1,KNK,22169
1,KNK,22170
1,KNK,22171
1,KNK,22172
1,KNK,22173
1,KNK,22174
1,KNK,22175
1,KNK,22176
1,KNK,22177
1,KNK,22178
1,KNK,22179
1,KNK,22180
1,KNK,22181
1,KNK,22182
1,KNK,22183
1,KNK,22184
1,KNK,22185
1,KNK,22186
1,KNK,22187
1,KNK,22188
1,KNK,22189
1,KNK,22190
1,KNK,22191
1,KNK,22192
1,KNK,22193
1,KNK,22194
1,KNK,22195
1,KNK,22196
1,KNK,22197
1,KNK,22198
1,KNK,22199
1,KNK,22200
1,KNK,22201
1,KNK,22202
1,KNK,22203
1,KNK,22204
1,KNK,22205
1,KNK,22206
1,KNK,22207
1,KNK,22208
1,KNK,22209
1,KNK,22210
1,KNK,22211
1,KNK,22212
1,KNK,22213
1,KNK,22214
1,KNK,22215
1,KNK,22216
1,KNK,22217
1,KNK,22218
1,KNK,22219
1,KNK,22220
1,KNK,22221
1,KNK,22222
1,KNK,22223
1,KNK,22224
1,KNK,22225
1,KNK,22226
1,KNK,22227
1,KNK,22228
1,KNK,22229
1,KNK,22230
1,KNK,22231
1,KNK,22232
1,KNK,22233
1,KNK,22234
1,KNK,22235
1,KNK,22236
1,KNK,22237
1,KNK,22238
1,KNK,22239
1,KNK,22240
1,KNK,22241
1,KNK,22242
1,KNK,22243
1,KNK,22244
1,KNK,22245
1,KNK,22246
1,KNK,22247
1,KNK,22248
1,KNK,22249
1,KNK,22250
1,KNK,22251
1,KNK,22252
1,KNK,22253
1,KNK,22254
1,KNK,22255
1,KNK,22256
1,KNK,22257
1,KNK,22258
1,KNK,22259
1,KNK,22260
1,KNK,22261
1,KNK,22262
1,KNK,22263
1,KNK,22264
1,KNK,22265
1,KNK,22266
1,KNK,22267
1,KNK,22268
1,KNK,22269
1,KNK,22270
1,KNK,22271
1,KNK,22272
1,KNK,22273
1,KNK,22274
1,KNK,22275
1,KNK,22276
1,KNK,22277
1,KNK,22278
1,KNK,22279
1,KNK,22280
1,KNK,22281
1,KNK,22282
1,KNK,22283
1,KNK,22284
1,KNK,22285
1,KNK,22286
1,KNK,22287
1,KNK,22288
1,KNK,22289
1,KNK,22290
1,KNK,22291
1,KNK,22292
1,KNK,22293
1,KNK,22294
1,KNK,22295
1,KNK,22296
1,KNK,22297
1,KNK,22298
1,KNK,22299
1,KNK,22300
1,KNK,22301
1,KNK,22302
1,KNK,22303
1,KNK,22304
1,KNK,22305
1,KNK,22306
1,KNK,22307
1,KNK,22308
1,KNK,22309
1,KNK,22310
1,KNK,22311
1,KNK,22312
1,KNK,22313
1,KNK,22314
1,KNK,22315
1,KNK,22316
1,KNK,22317
1,KNK,22318
1,KNK,22319
1,KNK,22320
1,KNK,22321
1,KNK,22322
1,KNK,22323
1,KNK,22324
1,KNK,22325
1,KNK,22326
1,KNK,22327
1,KNK,22328
1,KNK,22329
1,KNK,22330
1,KNK,22331
1,KNK,22332
1,KNK,22333
1,KNK,22334
1,KNK,22335
1,KNK,22336
1,KNK,22337
1,KNK,22338
1,KNK,22339
1,KNK,22340
1,KNK,22341
1,KNK,22342
1,KNK,22343
1,KNK,22344
1,KNK,22345
1,KNK,22346
1,KNK,22347
1,KNK,22348
1,KNK,22349
1,KNK,22350
1,KNK,22351
1,KNK,22352
1,KNK,22353
1,KNK,22354
1,KNK,22355
1,KNK,22356
1,KNK,22357
1,KNK,22358
1,KNK,22359
1,KNK,22360
1,KNK,22361
1,KNK,22362
1,KNK,22363
1,KNK,22364
1,KNK,22365
1,KNK,22366
1,KNK,22367
1,KNK,22368
1,KNK,22369
1,KNK,22370
1,KNK,22371
1,KNK,22372
1,KNK,22373
1,KNK,22374
1,KNK,22375
1,KNK,22376
1,KNK,22377
1,KNK,22378
1,KNK,22379
1,KNK,22380
1,KNK,22381
1,KNK,22382
1,KNK,22383
1,KNK,22384
1,KNK,22385
1,KNK,22386
1,KNK,22387
1,KNK,22388
1,KNK,22389
1,KNK,22390
1,KNK,22391
1,KNK,22392
1,KNK,22393
1,KNK,22394
1,KNK,22395
1,KNK,22396
1,KNK,22397
1,KNK,22398
1,KNK,22399
1,KNK,22400
1,KNK,22401
1,KNK,22402
1,KNK,22403
1,KNK,22404
1,KNK,22405
1,KNK,22406
1,KNK,22407
1,KNK,22408
1,KNK,22409
1,KNK,22410
1,KNK,22411
1,KNK,22412
1,KNK,22413
1,KNK,22414
1,KNK,22415
1,KNK,22416
1,KNK,22417
1,KNK,22418
1,KNK,22419
1,KNK,22420
1,KNK,22421
1,KNK,22422
1,KNK,22423
1,KNK,22424
1,KNK,22425
1,KNK,22426
1,KNK,22427
1,KNK,22428
1,KNK,22429
1,KNK,22430
1,KNK,22431
1,KNK,22432
1,KNK,22433
1,KNK,22434
1,KNK,22435
1,KNK,22436
1,KNK,22437
1,KNK,22438
1,KNK,22439
1,KNK,22440
1,KNK,22441
1,KNK,22442
1,KNK,22443
1,KNK,22444
1,KNK,22445
1,KNK,22446
1,KNK,22447
1,KNK,22448
1,KNK,22449
1,KNK,22450
1,KNK,22451
1,KNK,22452
1,KNK,22453
1,KNK,22454
1,KNK,22455
1,KNK,22456
1,KNK,22457
1,KNK,22458
1,KNK,22459
1,KNK,22460
1,KNK,22461
1,KNK,22462
1,KNK,22463
1,KNK,22464
1,KNK,22465
1,KNK,22466
1,KNK,22467
1,KNK,22468
1,KNK,22469
1,KNK,22470
1,KNK,22471
1,KNK,22472
1,KNK,22473
1,KNK,22474
1,KNK,22475
1,KNK,22476
1,KNK,22477
1,KNK,22478
1,KNK,22479
1,KNK,22480
1,KNK,22481
1,KNK,22482
1,KNK,22483
1,KNK,22484
1,KNK,22485
1,KNK,22486
1,KNK,22487
1,KNK,22488
1,KNK,22489
1,KNK,22490
1,KNK,22491
1,KNK,22492
1,KNK,22493
1,KNK,22494
1,KNK,22495
1,KNK,22496
1,KNK,22497
1,KNK,22498
1,KNK,22499
1,KNK,22500
1,KNK,22501
1,KNK,22502
1,KNK,22503
1,KNK,22504
1,KNK,22505
1,KNK,22506
1,KNK,22507
1,KNK,22508
1,KNK,22509
1,KNK,22510
1,KNK,22511
1,KNK,22512
1,KNK,22513
1,KNK,22514
1,KNK,22515
1,KNK,22516
1,KNK,22517
1,KNK,22518
1,KNK,22519
1,KNK,22520
1,KNK,22521
1,KNK,22522
1,KNK,22523
1,KNK,22524
1,KNK,22525
1,KNK,22526
1,KNK,22527
1,KNK,22528
1,KNK,22529
1,KNK,22530
1,KNK,22531
1,KNK,22532
1,KNK,22533
1,KNK,22534
1,KNK,22535
1,KNK,22536
1,KNK,22537
1,KNK,22538
1,KNK,22539
1,KNK,22540
1,KNK,22541
1,KNK,22542
1,KNK,22543
1,KNK,22544
1,KNK,22545
1,KNK,22546
1,KNK,22547
1,KNK,22548
1,KNK,22549
1,KNK,22550
1,KNK,22551
1,KNK,22552
1,KNK,22553
1,KNK,22554
1,KNK,22555
1,KNK,22556
1,KNK,22557
1,KNK,22558
1,KNK,22559
1,KNK,22560
1,KNK,22561
1,KNK,22562
1,KNK,22563
1,KNK,22564
1,KNK,22565
1,KNK,22566
1,KNK,22567
1,KNK,22568
1,KNK,22569
1,KNK,22570
1,KNK,22571
1,KNK,22572
1,KNK,22573
1,KNK,22574
1,KNK,22575
1,KNK,22576
1,KNK,22577
1,KNK,22578
1,KNK,22579
1,KNK,22580
1,KNK,22581
1,KNK,22582
1,KNK,22583
1,KNK,22584
1,KNK,22585
1,KNK,22586
1,KNK,22587
1,KNK,22588
1,KNK,22589
1,KNK,22590
1,KNK,22591
1,KNK,22592
1,KNK,22593
1,KNK,22594
1,KNK,22595
1,KNK,22596
1,KNK,22597
1,KNK,22598
1,KNK,22599
1,KNK,22600
1,KNK,22601
1,KNK,22602
1,KNK,22603
1,KNK,22604
1,KNK,22605
1,KNK,22606
1,KNK,22607
1,KNK,22608
1,KNK,22609
1,KNK,22610
1,KNK,22611
1,KNK,22612
1,KNK,22613
1,KNK,22614
1,KNK,22615
1,KNK,22616
1,KNK,22617
1,KNK,22618
1,KNK,22619
1,KNK,22620
1,KNK,22621
1,KNK,22622
1,KNK,22623
1,KNK,22624
1,KNK,22625
1,KNK,22626
1,KNK,22627
1,KNK,22628
1,KNK,22629
1,KNK,22630
1,KNK,22631
1,KNK,22632
1,KNK,22633
1,KNK,22634
1,KNK,22635
1,KNK,22636
1,KNK,22637
1,KNK,22638
1,KNK,22639
1,KNK,22640
1,KNK,22641
1,KNK,22642
1,KNK,22643
1,KNK,22644
1,KNK,22645
1,KNK,22646
1,KNK,22647
1,KNK,22648
1,KNK,22649
1,KNK,22650
1,KNK,22651
1,KNK,22652
1,KNK,22653
1,KNK,22654
1,KNK,22655
1,KNK,22656
1,KNK,22657
1,KNK,22658
1,KNK,22659
1,KNK,22660
1,KNK,22661
1,KNK,22662
1,KNK,22663
1,KNK,22664
1,KNK,22665
1,KNK,22666
1,KNK,22667
1,KNK,22668
1,KNK,22669
1,KNK,22670
1,KNK,22671
1,KNK,22672
1,KNK,22673
1,KNK,22674
1,KNK,22675
1,KNK,22676
1,KNK,22677
1,KNK,22678
1,KNK,22679
1,KNK,22680
1,KNK,22681
1,KNK,22682
1,KNK,22683
1,KNK,22684
1,KNK,22685
1,KNK,22686
1,KNK,22687
1,KNK,22688
1,KNK,22689
1,KNK,22690
1,KNK,22691
1,KNK,22692
1,KNK,22693
1,KNK,22694
1,KNK,22695
1,KNK,22696
1,KNK,22697
1,KNK,22698
1,KNK,22699
1,KNK,22700
1,KNK,22701
1,KNK,22702
1,KNK,22703
1,KNK,22704
1,KNK,22705
1,KNK,22706
1,KNK,22707
1,KNK,22708
1,KNK,22709
1,KNK,22710
1,KNK,22711
1,KNK,22712
1,KNK,22713
1,KNK,22714
1,KNK,22715
1,KNK,22716
1,KNK,22717
1,KNK,22718
1,KNK,22719
1,KNK,22720
1,KNK,22721
1,KNK,22722
1,KNK,22723
1,KNK,22724
1,KNK,22725
1,KNK,22726
1,KNK,22727
1,KNK,22728
1,KNK,22729
1,KNK,22730
1,KNK,22731
1,KNK,22732
1,KNK,22733
1,KNK,22734
1,KNK,22735
1,KNK,22736
1,KNK,22737
1,KNK,22738
1,KNK,22739
1,KNK,22740
1,KNK,22741
1,KNK,22742
1,KNK,22743
1,KNK,22744
1,KNK,22745
1,KNK,22746
1,KNK,22747
1,KNK,22748
1,KNK,22749
1,KNK,22750
1,KNK,22751
1,KNK,22752
1,KNK,22753
1,KNK,22754
1,KNK,22755
1,KNK,22756
1,KNK,22757
1,KNK,22758
1,KNK,22759
1,KNK,22760
1,KNK,22761
1,KNK,22762
1,KNK,22763
1,KNK,22764
1,KNK,22765
1,KNK,22766
1,KNK,22767
1,KNK,22768
1,KNK,22769
1,KNK,22770
1,KNK,22771
1,KNK,22772
1,KNK,22773
1,KNK,22774
1,KNK,22775
1,KNK,22776
1,KNK,22777
1,KNK,22778
1,KNK,22779
1,KNK,22780
1,KNK,22781
1,KNK,22782
1,KNK,22783
1,KNK,22784
1,KNK,22785
1,KNK,22786
1,KNK,22787
1,KNK,22788
1,KNK,22789
1,KNK,22790
1,KNK,22791
1,KNK,22792
1,KNK,22793
1,KNK,22794
1,KNK,22795
1,KNK,22796
1,KNK,22797
1,KNK,22798
1,KNK,22799
1,KNK,22800
1,KNK,22801
1,KNK,22802
1,KNK,22803
1,KNK,22804
1,KNK,22805
1,KNK,22806
1,KNK,22807
1,KNK,22808
1,KNK,22809
1,KNK,22810
1,KNK,22811
1,KNK,22812
1,KNK,22813
1,KNK,22814
1,KNK,22815
1,KNK,22816
1,KNK,22817
1,KNK,22818
1,KNK,22819
1,KNK,22820
1,KNK,22821
1,KNK,22822
1,KNK,22823
1,KNK,22824
1,KNK,22825
1,KNK,22826
1,KNK,22827
1,KNK,22828
1,KNK,22829
1,KNK,22830
1,KNK,22831
1,KNK,22832
1,KNK,22833
1,KNK,22834
1,KNK,22835
1,KNK,22836
1,KNK,22837
1,KNK,22838
1,KNK,22839
1,KNK,22840
1,KNK,22841
1,KNK,22842
1,KNK,22843
1,KNK,22844
1,KNK,22845
1,KNK,22846
1,KNK,22847
1,KNK,22848
1,KNK,22849
1,KNK,22850
1,KNK,22851
1,KNK,22852
1,KNK,22853
1,KNK,22854
1,KNK,22855
1,KNK,22856
1,KNK,22857
1,KNK,22858
1,KNK,22859
1,KNK,22860
1,KNK,22861
1,KNK,22862
1,KNK,22863
1,KNK,22864
1,KNK,22865
1,KNK,22866
1,KNK,22867
1,KNK,22868
1,KNK,22869
1,KNK,22870
1,KNK,22871
1,KNK,22872
1,KNK,22873
1,KNK,22874
1,KNK,22875
1,KNK,22876
1,KNK,22877
1,KNK,22878
1,KNK,22879
1,KNK,22880
1,KNK,22881
1,KNK,22882
1,KNK,22883
1,KNK,22884
1,KNK,22885
1,KNK,22886
1,KNK,22887
1,KNK,22888
1,KNK,22889
1,KNK,22890
1,KNK,22891
1,KNK,22892
1,KNK,22893
1,KNK,22894
1,KNK,22895
1,KNK,22896
1,KNK,22897
1,KNK,22898
1,KNK,22899
1,KNK,22900
1,KNK,22901
1,KNK,22902
1,KNK,22903
1,KNK,22904
1,KNK,22905
1,KNK,22906
1,KNK,22907
1,KNK,22908
1,KNK,22909
1,KNK,22910
1,KNK,22911
1,KNK,22912
1,KNK,22913
1,KNK,22914
1,KNK,22915
1,KNK,22916
1,KNK,22917
1,KNK,22918
1,KNK,22919
1,KNK,22920
1,KNK,22921
1,KNK,22922
1,KNK,22923
1,KNK,22924
1,KNK,22925
1,KNK,22926
1,KNK,22927
1,KNK,22928
1,KNK,22929
1,KNK,22930
1,KNK,22931
1,KNK,22932
1,KNK,22933
1,KNK,22934
1,KNK,22935
1,KNK,22936
1,KNK,22937
1,KNK,22938
1,KNK,22939
1,KNK,22940
1,KNK,22941
1,KNK,22942
1,KNK,22943
1,KNK,22944
1,KNK,22945
1,KNK,22946
1,KNK,22947
1,KNK,22948
1,KNK,22949
1,KNK,22950
1,KNK,22951
1,KNK,22952
1,KNK,22953
1,KNK,22954
1,KNK,22955
1,KNK,22956
1,KNK,22957
1,KNK,22958
1,KNK,22959
1,KNK,22960
1,KNK,22961
1,KNK,22962
1,KNK,22963
1,KNK,22964
1,KNK,22965
1,KNK,22966
1,KNK,22967
1,KNK,22968
1,KNK,22969
1,KNK,22970
1,KNK,22971
1,KNK,22972
1,KNK,22973
1,KNK,22974
1,KNK,22975
1,KNK,22976
1,KNK,22977
1,KNK,22978
1,KNK,22979
1,KNK,22980
1,KNK,22981
1,KNK,22982
1,KNK,22983
1,KNK,22984
1,KNK,22985
1,KNK,22986
1,KNK,22987
1,KNK,22988
1,KNK,22989
1,KNK,22990
1,KNK,22991
1,KNK,22992
1,KNK,22993
1,KNK,22994
1,KNK,22995
1,KNK,22996
1,KNK,22997
1,KNK,22998
1,KNK,22999
1,KNK,23000
1,KNK,23001
1,KNK,23002
1,KNK,23003
1,KNK,23004
1,KNK,23005
1,KNK,23006
1,KNK,23007
1,KNK,23008
1,KNK,23009
1,KNK,23010
1,KNK,23011
1,KNK,23012
1,KNK,23013
1,KNK,23014
1,KNK,23015
1,KNK,23016
1,KNK,23017
1,KNK,23018
1,KNK,23019
1,KNK,23020
1,KNK,23021
1,KNK,23022
1,KNK,23023
1,KNK,23024
1,KNK,23025
1,KNK,23026
1,KNK,23027
1,KNK,23028
1,KNK,23029
1,KNK,23030
1,KNK,23031
1,KNK,23032
1,KNK,23033
1,KNK,23034
1,KNK,23035
1,KNK,23036
1,KNK,23037
1,KNK,23038
1,KNK,23039
1,KNK,23040
1,KNK,23041
1,KNK,23042
1,KNK,23043
1,KNK,23044
1,KNK,23045
1,KNK,23046
1,KNK,23047
1,KNK,23048
1,KNK,23049
1,KNK,23050
1,KNK,23051
1,KNK,23052
1,KNK,23053
1,KNK,23054
1,KNK,23055
1,KNK,23056
1,KNK,23057
1,KNK,23058
1,KNK,23059
1,KNK,23060
1,KNK,23061
1,KNK,23062
1,KNK,23063
1,KNK,23064
1,KNK,23065
1,KNK,23066
1,KNK,23067
1,KNK,23068
1,KNK,23069
1,KNK,23070
1,KNK,23071
1,KNK,23072
1,KNK,23073
1,KNK,23074
1,KNK,23075
1,KNK,23076
1,KNK,23077
1,KNK,23078
1,KNK,23079
1,KNK,23080
1,KNK,23081
1,KNK,23082
1,KNK,23083
1,KNK,23084
1,KNK,23085
1,KNK,23086
1,KNK,23087
1,KNK,23088
1,KNK,23089
1,KNK,23090
1,KNK,23091
1,KNK,23092
1,KNK,23093
1,KNK,23094
1,KNK,23095
1,KNK,23096
1,KNK,23097
1,KNK,23098
1,KNK,23099
1,KNK,23100
1,KNK,23101
1,KNK,23102
1,KNK,23103
1,KNK,23104
1,KNK,23105
1,KNK,23106
1,KNK,23107
1,KNK,23108
1,KNK,23109
1,KNK,23110
1,KNK,23111
1,KNK,23112
1,KNK,23113
1,KNK,23114
1,KNK,23115
1,KNK,23116
1,KNK,23117
1,KNK,23118
1,KNK,23119
1,KNK,23120
1,KNK,23121
1,KNK,23122
1,KNK,23123
1,KNK,23124
1,KNK,23125
1,KNK,23126
1,KNK,23127
1,KNK,23128
1,KNK,23129
1,KNK,23130
1,KNK,23131
1,KNK,23132
1,KNK,23133
1,KNK,23134
1,KNK,23135
1,KNK,23136
1,KNK,23137
1,KNK,23138
1,KNK,23139
1,KNK,23140
1,KNK,23141
1,KNK,23142
1,KNK,23143
1,KNK,23144
1,KNK,23145
1,KNK,23146
1,KNK,23147
1,KNK,23148
1,KNK,23149
1,KNK,23150
1,KNK,23151
1,KNK,23152
1,KNK,23153
1,KNK,23154
1,KNK,23155
1,KNK,23156
1,KNK,23157
1,KNK,23158
1,KNK,23159
1,KNK,23160
1,KNK,23161
1,KNK,23162
1,KNK,23163
1,KNK,23164
1,KNK,23165
1,KNK,23166
1,KNK,23167
1,KNK,23168
1,KNK,23169
1,KNK,23170
1,KNK,23171
1,KNK,23172
1,KNK,23173
1,KNK,23174
1,KNK,23175
1,KNK,23176
1,KNK,23177
1,KNK,23178
1,KNK,23179
1,KNK,23180
1,KNK,23181
1,KNK,23182
1,KNK,23183
1,KNK,23184
1,KNK,23185
1,KNK,23186
1,KNK,23187
1,KNK,23188
1,KNK,23189
1,KNK,23190
1,KNK,23191
1,KNK,23192
1,KNK,23193
1,KNK,23194
1,KNK,23195
1,KNK,23196
1,KNK,23197
1,KNK,23198
1,KNK,23199
1,KNK,23200
1,KNK,23201
1,KNK,23202
1,KNK,23203
1,KNK,23204
1,KNK,23205
1,KNK,23206
1,KNK,23207
1,KNK,23208
1,KNK,23209
1,KNK,23210
1,KNK,23211
1,KNK,23212
1,KNK,23213
1,KNK,23214
1,KNK,23215
1,KNK,23216
1,KNK,23217
1,KNK,23218
1,KNK,23219
1,KNK,23220
1,KNK,23221
1,KNK,23222
1,KNK,23223
1,KNK,23224
1,KNK,23225
1,KNK,23226
1,KNK,23227
1,KNK,23228
1,KNK,23229
1,KNK,23230
1,KNK,23231
1,KNK,23232
1,KNK,23233
1,KNK,23234
1,KNK,23235
1,KNK,23236
1,KNK,23237
1,KNK,23238
1,KNK,23239
1,KNK,23240
1,KNK,23241
1,KNK,23242
1,KNK,23243
1,KNK,23244
1,KNK,23245
1,KNK,23246
1,KNK,23247
1,KNK,23248
1,KNK,23249
1,KNK,23250
1,KNK,23251
1,KNK,23252
1,KNK,23253
1,KNK,23254
1,KNK,23255
1,KNK,23256
1,KNK,23257
1,KNK,23258
1,KNK,23259
1,KNK,23260
1,KNK,23261
1,KNK,23262
1,KNK,23263
1,KNK,23264
1,KNK,23265
1,KNK,23266
1,KNK,23267
1,KNK,23268
1,KNK,23269
1,KNK,23270
1,KNK,23271
1,KNK,23272
1,KNK,23273
1,KNK,23274
1,KNK,23275
1,KNK,23276
1,KNK,23277
1,KNK,23278
1,KNK,23279
1,KNK,23280
1,KNK,23281
1,KNK,23282
1,KNK,23283
1,KNK,23284
1,KNK,23285
1,KNK,23286
1,KNK,23287
1,KNK,23288
1,KNK,23289
1,KNK,23290
1,KNK,23291
1,KNK,23292
1,KNK,23293
1,KNK,23294
1,KNK,23295
1,KNK,23296
1,KNK,23297
1,KNK,23298
1,KNK,23299
1,KNK,23300
1,KNK,23301
1,KNK,23302
1,KNK,23303
1,KNK,23304
1,KNK,23305
1,KNK,23306
1,KNK,23307
1,KNK,23308
1,KNK,23309
1,KNK,23310
1,KNK,23311
1,KNK,23312
1,KNK,23313
1,KNK,23314
1,KNK,23315
1,KNK,23316
1,KNK,23317
1,KNK,23318
1,KNK,23319
1,KNK,23320
1,KNK,23321
1,KNK,23322
1,KNK,23323
1,KNK,23324
1,KNK,23325
1,KNK,23326
1,KNK,23327
1,KNK,23328
1,KNK,23329
1,KNK,23330
1,KNK,23331
1,KNK,23332
1,KNK,23333
1,KNK,23334
1,KNK,23335
1,KNK,23336
1,KNK,23337
1,KNK,23338
1,KNK,23339
1,KNK,23340
1,KNK,23341
1,KNK,23342
1,KNK,23343
1,KNK,23344
1,KNK,23345
1,KNK,23346
1,KNK,23347
1,KNK,23348
1,KNK,23349
1,KNK,23350
1,KNK,23351
1,KNK,23352
1,KNK,23353
1,KNK,23354
1,KNK,23355
1,KNK,23356
1,KNK,23357
1,KNK,23358
1,KNK,23359
1,KNK,23360
1,KNK,23361
1,KNK,23362
1,KNK,23363
1,KNK,23364
1,KNK,23365
1,KNK,23366
1,KNK,23367
1,KNK,23368
1,KNK,23369
1,KNK,23370
1,KNK,23371
1,KNK,23372
1,KNK,23373
1,KNK,23374
1,KNK,23375
1,KNK,23376
1,KNK,23377
1,KNK,23378
1,KNK,23379
1,KNK,23380
1,KNK,23381
1,KNK,23382
1,KNK,23383
1,KNK,23384
1,KNK,23385
1,KNK,23386
1,KNK,23387
1,KNK,23388
1,KNK,23389
1,KNK,23390
1,KNK,23391
1,KNK,23392
1,KNK,23393
1,KNK,23394
1,KNK,23395
1,KNK,23396
1,KNK,23397
1,KNK,23398
1,KNK,23399
1,KNK,23400
1,KNK,23401
1,KNK,23402
1,KNK,23403
1,KNK,23404
1,KNK,23405
1,KNK,23406
1,KNK,23407
1,KNK,23408
1,KNK,23409
1,KNK,23410
1,KNK,23411
1,KNK,23412
1,KNK,23413
1,KNK,23414
1,KNK,23415
1,KNK,23416
1,KNK,23417
1,KNK,23418
1,KNK,23419
1,KNK,23420
1,KNK,23421
1,KNK,23422
1,KNK,23423
1,KNK,23424
1,KNK,23425
1,KNK,23426
1,KNK,23427
1,KNK,23428
1,KNK,23429
1,KNK,23430
1,KNK,23431
1,KNK,23432
1,KNK,23433
1,KNK,23434
1,KNK,23435
1,KNK,23436
1,KNK,23437
1,KNK,23438
1,KNK,23439
1,KNK,23440
1,KNK,23441
1,KNK,23442
1,KNK,23443
1,KNK,23444
1,KNK,23445
1,KNK,23446
1,KNK,23447
1,KNK,23448
1,KNK,23449
1,KNK,23450
1,KNK,23451
1,KNK,23452
1,KNK,23453
1,KNK,23454
1,KNK,23455
1,KNK,23456
1,KNK,23457
1,KNK,23458
1,KNK,23459
1,KNK,23460
1,KNK,23461
1,KNK,23462
1,KNK,23463
1,KNK,23464
1,KNK,23465
1,KNK,23466
1,KNK,23467
1,KNK,23468
1,KNK,23469
1,KNK,23470
1,KNK,23471
1,KNK,23472
1,KNK,23473
1,KNK,23474
1,KNK,23475
1,KNK,23476
1,KNK,23477
1,KNK,23478
1,KNK,23479
1,KNK,23480
1,KNK,23481
1,KNK,23482
1,KNK,23483
1,KNK,23484
1,KNK,23485
1,KNK,23486
1,KNK,23487
1,KNK,23488
1,KNK,23489
1,KNK,23490
1,KNK,23491
1,KNK,23492
1,KNK,23493
1,KNK,23494
1,KNK,23495
1,KNK,23496
1,KNK,23497
1,KNK,23498
1,KNK,23499
1,KNK,23500
1,KNK,23501
1,KNK,23502
1,KNK,23503
1,KNK,23504
1,KNK,23505
1,KNK,23506
1,KNK,23507
1,KNK,23508
1,KNK,23509
1,KNK,23510
1,KNK,23511
1,KNK,23512
1,KNK,23513
1,KNK,23514
1,KNK,23515
1,KNK,23516
1,KNK,23517
1,KNK,23518
1,KNK,23519
1,KNK,23520
1,KNK,23521
1,KNK,23522
1,KNK,23523
1,KNK,23524
1,KNK,23525
1,KNK,23526
1,KNK,23527
1,KNK,23528
1,KNK,23529
1,KNK,23530
1,KNK,23531
1,KNK,23532
1,KNK,23533
1,KNK,23534
1,KNK,23535
1,KNK,23536
1,KNK,23537
1,KNK,23538
1,KNK,23539
1,KNK,23540
1,KNK,23541
1,KNK,23542
1,KNK,23543
1,KNK,23544
1,KNK,23545
1,KNK,23546
1,KNK,23547
1,KNK,23548
1,KNK,23549
1,KNK,23550
1,KNK,23551
1,KNK,23552
1,KNK,23553
1,KNK,23554
1,KNK,23555
1,KNK,23556
1,KNK,23557
1,KNK,23558
1,KNK,23559
1,KNK,23560
1,KNK,23561
1,KNK,23562
1,KNK,23563
1,KNK,23564
1,KNK,23565
1,KNK,23566
1,KNK,23567
1,KNK,23568
1,KNK,23569
1,KNK,23570
1,KNK,23571
1,KNK,23572
1,KNK,23573
1,KNK,23574
1,KNK,23575
1,KNK,23576
1,KNK,23577
1,KNK,23578
1,KNK,23579
1,KNK,23580
1,KNK,23581
1,KNK,23582
1,KNK,23583
1,KNK,23584
1,KNK,23585
1,KNK,23586
1,KNK,23587
1,KNK,23588
1,KNK,23589
1,KNK,23590
1,KNK,23591
1,KNK,23592
1,KNK,23593
1,KNK,23594
1,KNK,23595
1,KNK,23596
1,KNK,23597
1,KNK,23598
1,KNK,23599
1,KNK,23600
1,KNK,23601
1,KNK,23602
1,KNK,23603
1,KNK,23604
1,KNK,23605
1,KNK,23606
1,KNK,23607
1,KNK,23608
1,KNK,23609
1,KNK,23610
1,KNK,23611
1,KNK,23612
1,KNK,23613
1,KNK,23614
1,KNK,23615
1,KNK,23616
1,KNK,23617
1,KNK,23618
1,KNK,23619
1,KNK,23620
1,KNK,23621
1,KNK,23622
1,KNK,23623
1,KNK,23624
1,KNK,23625
1,KNK,23626
1,KNK,23627
1,KNK,23628
1,KNK,23629
1,KNK,23630
1,KNK,23631
1,KNK,23632
1,KNK,23633
1,KNK,23634
1,KNK,23635
1,KNK,23636
1,KNK,23637
1,KNK,23638
1,KNK,23639
1,KNK,23640
1,KNK,23641
1,KNK,23642
1,KNK,23643
1,KNK,23644
1,KNK,23645
1,KNK,23646
1,KNK,23647
1,KNK,23648
1,KNK,23649
1,KNK,23650
1,KNK,23651
1,KNK,23652
1,KNK,23653
1,KNK,23654
1,KNK,23655
1,KNK,23656
1,KNK,23657
1,KNK,23658
1,KNK,23659
1,KNK,23660
1,KNK,23661
1,KNK,23662
1,KNK,23663
1,KNK,23664
1,KNK,23665
1,KNK,23666
1,KNK,23667
1,KNK,23668
1,KNK,23669
1,KNK,23670
1,KNK,23671
1,KNK,23672
1,KNK,23673
1,KNK,23674
1,KNK,23675
1,KNK,23676
1,KNK,23677
1,KNK,23678
1,KNK,23679
1,KNK,23680
1,KNK,23681
1,KNK,23682
1,KNK,23683
1,KNK,23684
1,KNK,23685
1,KNK,23686
1,KNK,23687
1,KNK,23688
1,KNK,23689
1,KNK,23690
1,KNK,23691
1,KNK,23692
1,KNK,23693
1,KNK,23694
1,KNK,23695
1,KNK,23696
1,KNK,23697
1,KNK,23698
1,KNK,23699
1,KNK,23700
1,KNK,23701
1,KNK,23702
1,KNK,23703
1,KNK,23704
1,KNK,23705
1,KNK,23706
1,KNK,23707
1,KNK,23708
1,KNK,23709
1,KNK,23710
1,KNK,23711
1,KNK,23712
1,KNK,23713
1,KNK,23714
1,KNK,23715
1,KNK,23716
1,KNK,23717
1,KNK,23718
1,KNK,23719
1,KNK,23720
1,KNK,23721
1,KNK,23722
1,KNK,23723
1,KNK,23724
1,KNK,23725
1,KNK,23726
1,KNK,23727
1,KNK,23728
1,KNK,23729
1,KNK,23730
1,KNK,23731
1,KNK,23732
1,KNK,23733
1,KNK,23734
1,KNK,23735
1,KNK,23736
1,KNK,23737
1,KNK,23738
1,KNK,23739
1,KNK,23740
1,KNK,23741
1,KNK,23742
1,KNK,23743
1,KNK,23744
1,KNK,23745
1,KNK,23746
1,KNK,23747
1,KNK,23748
1,KNK,23749
1,KNK,23750
1,KNK,23751
1,KNK,23752
1,KNK,23753
1,KNK,23754
1,KNK,23755
1,KNK,23756
1,KNK,23757
1,KNK,23758
1,KNK,23759
1,KNK,23760
1,KNK,23761
1,KNK,23762
1,KNK,23763
1,KNK,23764
1,KNK,23765
1,KNK,23766
1,KNK,23767
1,KNK,23768
1,KNK,23769
1,KNK,23770
1,KNK,23771
1,KNK,23772
1,KNK,23773
1,KNK,23774
1,KNK,23775
1,KNK,23776
1,KNK,23777
1,KNK,23778
1,KNK,23779
1,KNK,23780
1,KNK,23781
1,KNK,23782
1,KNK,23783
1,KNK,23784
1,KNK,23785
1,KNK,23786
1,KNK,23787
1,KNK,23788
1,KNK,23789
1,KNK,23790
1,KNK,23791
1,KNK,23792
1,KNK,23793
1,KNK,23794
1,KNK,23795
1,KNK,23796
1,KNK,23797
1,KNK,23798
1,KNK,23799
1,KNK,23800
1,KNK,23801
1,KNK,23802
1,KNK,23803
1,KNK,23804
1,KNK,23805
1,KNK,23806
1,KNK,23807
1,KNK,23808
1,KNK,23809
1,KNK,23810
1,KNK,23811
1,KNK,23812
1,KNK,23813
1,KNK,23814
1,KNK,23815
1,KNK,23816
1,KNK,23817
1,KNK,23818
1,KNK,23819
1,KNK,23820
1,KNK,23821
1,KNK,23822
1,KNK,23823
1,KNK,23824
1,KNK,23825
1,KNK,23826
1,KNK,23827
1,KNK,23828
1,KNK,23829
1,KNK,23830
1,KNK,23831
1,KNK,23832
1,KNK,23833
1,KNK,23834
1,KNK,23835
1,KNK,23836
1,KNK,23837
1,KNK,23838
1,KNK,23839
1,KNK,23840
1,KNK,23841
1,KNK,23842
1,KNK,23843
1,KNK,23844
1,KNK,23845
1,KNK,23846
1,KNK,23847
1,KNK,23848
1,KNK,23849
1,KNK,23850
1,KNK,23851
1,KNK,23852
1,KNK,23853
1,KNK,23854
1,KNK,23855
1,KNK,23856
1,KNK,23857
1,KNK,23858
1,KNK,23859
1,KNK,23860
1,KNK,23861
1,KNK,23862
1,KNK,23863
1,KNK,23864
1,KNK,23865
1,KNK,23866
1,KNK,23867
1,KNK,23868
1,KNK,23869
1,KNK,23870
1,KNK,23871
1,KNK,23872
1,KNK,23873
1,KNK,23874
1,KNK,23875
1,KNK,23876
1,KNK,23877
1,KNK,23878
1,KNK,23879
1,KNK,23880
1,KNK,23881
1,KNK,23882
1,KNK,23883
1,KNK,23884
1,KNK,23885
1,KNK,23886
1,KNK,23887
1,KNK,23888
1,KNK,23889
1,KNK,23890
1,KNK,23891
1,KNK,23892
1,KNK,23893
1,KNK,23894
1,KNK,23895
1,KNK,23896
1,KNK,23897
1,KNK,23898
1,KNK,23899
1,KNK,23900
1,KNK,23901
1,KNK,23902
1,KNK,23903
1,KNK,23904
1,KNK,23905
1,KNK,23906
1,KNK,23907
1,KNK,23908
1,KNK,23909
1,KNK,23910
1,KNK,23911
1,KNK,23912
1,KNK,23913
1,KNK,23914
1,KNK,23915
1,KNK,23916
1,KNK,23917
1,KNK,23918
1,KNK,23919
1,KNK,23920
1,KNK,23921
1,KNK,23922
1,KNK,23923
1,KNK,23924
1,KNK,23925
1,KNK,23926
1,KNK,23927
1,KNK,23928
1,KNK,23929
1,KNK,23930
1,KNK,23931
1,KNK,23932
1,KNK,23933
1,KNK,23934
1,KNK,23935
1,KNK,23936
1,KNK,23937
1,KNK,23938
1,KNK,23939
1,KNK,23940
1,KNK,23941
1,KNK,23942
1,KNK,23943
1,KNK,23944
1,KNK,23945
1,KNK,23946
1,KNK,23947
1,KNK,23948
1,KNK,23949
1,KNK,23950
1,KNK,23951
1,KNK,23952
1,KNK,23953
1,KNK,23954
1,KNK,23955
1,KNK,23956
1,KNK,23957
1,KNK,23958
1,KNK,23959
1,KNK,23960
1,KNK,23961
1,KNK,23962
1,KNK,23963
1,KNK,23964
1,KNK,23965
1,KNK,23966
1,KNK,23967
1,KNK,23968
1,KNK,23969
1,KNK,23970
1,KNK,23971
1,KNK,23972
1,KNK,23973
1,KNK,23974
1,KNK,23975
1,KNK,23976
1,KNK,23977
1,KNK,23978
1,KNK,23979
1,KNK,23980
1,KNK,23981
1,KNK,23982
1,KNK,23983
1,KNK,23984
1,KNK,23985
1,KNK,23986
1,KNK,23987
1,KNK,23988
1,KNK,23989
1,KNK,23990
1,KNK,23991
1,KNK,23992
1,KNK,23993
1,KNK,23994
1,KNK,23995
1,KNK,23996
1,KNK,23997
1,KNK,23998
1,KNK,23999
1,KNK,24000
1,KNK,24001
1,KNK,24002
1,KNK,24003
1,KNK,24004
1,KNK,24005
1,KNK,24006
1,KNK,24007
1,KNK,24008
1,KNK,24009
1,KNK,24010
1,KNK,24011
1,KNK,24012
1,KNK,24013
1,KNK,24014
1,KNK,24015
1,KNK,24016
1,KNK,24017
1,KNK,24018
1,KNK,24019
1,KNK,24020
1,KNK,24021
1,KNK,24022
1,KNK,24023
1,KNK,24024
1,KNK,24025
1,KNK,24026
1,KNK,24027
1,KNK,24028
1,KNK,24029
1,KNK,24030
1,KNK,24031
1,KNK,24032
1,KNK,24033
1,KNK,24034
1,KNK,24035
1,KNK,24036
1,KNK,24037
1,KNK,24038
1,KNK,24039
1,KNK,24040
1,KNK,24041
1,KNK,24042
1,KNK,24043
1,KNK,24044
1,KNK,24045
1,KNK,24046
1,KNK,24047
1,KNK,24048
1,KNK,24049
1,KNK,24050
1,KNK,24051
1,KNK,24052
1,KNK,24053
1,KNK,24054
1,KNK,24055
1,KNK,24056
1,KNK,24057
1,KNK,24058
1,KNK,24059
1,KNK,24060
1,KNK,24061
1,KNK,24062
1,KNK,24063
1,KNK,24064
1,KNK,24065
1,KNK,24066
1,KNK,24067
1,KNK,24068
1,KNK,24069
1,KNK,24070
1,KNK,24071
1,KNK,24072
1,KNK,24073
1,KNK,24074
1,KNK,24075
1,KNK,24076
1,KNK,24077
1,KNK,24078
1,KNK,24079
1,KNK,24080
1,KNK,24081
1,KNK,24082
1,KNK,24083
1,KNK,24084
1,KNK,24085
1,KNK,24086
1,KNK,24087
1,KNK,24088
1,KNK,24089
1,KNK,24090
1,KNK,24091
1,KNK,24092
1,KNK,24093
1,KNK,24094
1,KNK,24095
1,KNK,24096
1,KNK,24097
1,KNK,24098
1,KNK,24099
1,KNK,24100
1,KNK,24101
1,KNK,24102
1,KNK,24103
1,KNK,24104
1,KNK,24105
1,KNK,24106
1,KNK,24107
1,KNK,24108
1,KNK,24109
1,KNK,24110
1,KNK,24111
1,KNK,24112
1,KNK,24113
1,KNK,24114
1,KNK,24115
1,KNK,24116
1,KNK,24117
1,KNK,24118
1,KNK,24119
1,KNK,24120
1,KNK,24121
1,KNK,24122
1,KNK,24123
1,KNK,24124
1,KNK,24125
1,KNK,24126
1,KNK,24127
1,KNK,24128
1,KNK,24129
1,KNK,24130
1,KNK,24131
1,KNK,24132
1,KNK,24133
1,KNK,24134
1,KNK,24135
1,KNK,24136
1,KNK,24137
1,KNK,24138
1,KNK,24139
1,KNK,24140
1,KNK,24141
1,KNK,24142
1,KNK,24143
1,KNK,24144
1,KNK,24145
1,KNK,24146
1,KNK,24147
1,KNK,24148
1,KNK,24149
1,KNK,24150
1,KNK,24151
1,KNK,24152
1,KNK,24153
1,KNK,24154
1,KNK,24155
1,KNK,24156
1,KNK,24157
1,KNK,24158
1,KNK,24159
1,KNK,24160
1,KNK,24161
1,KNK,24162
1,KNK,24163
1,KNK,24164
1,KNK,24165
1,KNK,24166
1,KNK,24167
1,KNK,24168
1,KNK,24169
1,KNK,24170
1,KNK,24171
1,KNK,24172
1,KNK,24173
1,KNK,24174
1,KNK,24175
1,KNK,24176
1,KNK,24177
1,KNK,24178
1,KNK,24179
1,KNK,24180
1,KNK,24181
1,KNK,24182
1,KNK,24183
1,KNK,24184
1,KNK,24185
1,KNK,24186
1,KNK,24187
1,KNK,24188
1,KNK,24189
1,KNK,24190
1,KNK,24191
1,KNK,24192
1,KNK,24193
1,KNK,24194
1,KNK,24195
1,KNK,24196
1,KNK,24197
1,KNK,24198
1,KNK,24199
1,KNK,24200
1,KNK,24201
1,KNK,24202
1,KNK,24203
1,KNK,24204
1,KNK,24205
1,KNK,24206
1,KNK,24207
1,KNK,24208
1,KNK,24209
1,KNK,24210
1,KNK,24211
1,KNK,24212
1,KNK,24213
1,KNK,24214
1,KNK,24215
1,KNK,24216
1,KNK,24217
1,KNK,24218
1,KNK,24219
1,KNK,24220
1,KNK,24221
1,KNK,24222
1,KNK,24223
1,KNK,24224
1,KNK,24225
1,KNK,24226
1,KNK,24227
1,KNK,24228
1,KNK,24229
1,KNK,24230
1,KNK,24231
1,KNK,24232
1,KNK,24233
1,KNK,24234
1,KNK,24235
1,KNK,24236
1,KNK,24237
1,KNK,24238
1,KNK,24239
1,KNK,24240
1,KNK,24241
1,KNK,24242
1,KNK,24243
1,KNK,24244
1,KNK,24245
1,KNK,24246
1,KNK,24247
1,KNK,24248
1,KNK,24249
1,KNK,24250
1,KNK,24251
1,KNK,24252
1,KNK,24253
1,KNK,24254
1,KNK,24255
1,KNK,24256
1,KNK,24257
1,KNK,24258
1,KNK,24259
1,KNK,24260
1,KNK,24261
1,KNK,24262
1,KNK,24263
1,KNK,24264
1,KNK,24265
1,KNK,24266
1,KNK,24267
1,KNK,24268
1,KNK,24269
1,KNK,24270
1,KNK,24271
1,KNK,24272
1,KNK,24273
1,KNK,24274
1,KNK,24275
1,KNK,24276
1,KNK,24277
1,KNK,24278
1,KNK,24279
1,KNK,24280
1,KNK,24281
1,KNK,24282
1,KNK,24283
1,KNK,24284
1,KNK,24285
1,KNK,24286
1,KNK,24287
1,KNK,24288
1,KNK,24289
1,KNK,24290
1,KNK,24291
1,KNK,24292
1,KNK,24293
1,KNK,24294
1,KNK,24295
1,KNK,24296
1,KNK,24297
1,KNK,24298
1,KNK,24299
1,KNK,24300
1,KNK,24301
1,KNK,24302
1,KNK,24303
1,KNK,24304
1,KNK,24305
1,KNK,24306
1,KNK,24307
1,KNK,24308
1,KNK,24309
1,KNK,24310
1,KNK,24311
1,KNK,24312
1,KNK,24313
1,KNK,24314
1,KNK,24315
1,KNK,24316
1,KNK,24317
1,KNK,24318
1,KNK,24319
1,KNK,24320
1,KNK,24321
1,KNK,24322
1,KNK,24323
1,KNK,24324
1,KNK,24325
1,KNK,24326
1,KNK,24327
1,KNK,24328
1,KNK,24329
1,KNK,24330
1,KNK,24331
1,KNK,24332
1,KNK,24333
1,KNK,24334
1,KNK,24335
1,KNK,24336
1,KNK,24337
1,KNK,24338
1,KNK,24339
1,KNK,24340
1,KNK,24341
1,KNK,24342
1,KNK,24343
1,KNK,24344
1,KNK,24345
1,KNK,24346
1,KNK,24347
1,KNK,24348
1,KNK,24349
1,KNK,24350
1,KNK,24351
1,KNK,24352
1,KNK,24353
1,KNK,24354
1,KNK,24355
1,KNK,24356
1,KNK,24357
1,KNK,24358
1,KNK,24359
1,KNK,24360
1,KNK,24361
1,KNK,24362
1,KNK,24363
1,KNK,24364
1,KNK,24365
1,KNK,24366
1,KNK,24367
1,KNK,24368
1,KNK,24369
1,KNK,24370
1,KNK,24371
1,KNK,24372
1,KNK,24373
1,KNK,24374
1,KNK,24375
1,KNK,24376
1,KNK,24377
1,KNK,24378
1,KNK,24379
1,KNK,24380
1,KNK,24381
1,KNK,24382
1,KNK,24383
1,KNK,24384
1,KNK,24385
1,KNK,24386
1,KNK,24387
1,KNK,24388
1,KNK,24389
1,KNK,24390
1,KNK,24391
1,KNK,24392
1,KNK,24393
1,KNK,24394
1,KNK,24395
1,KNK,24396
1,KNK,24397
1,KNK,24398
1,KNK,24399
1,KNK,24400
1,KNK,24401
1,KNK,24402
1,KNK,24403
1,KNK,24404
1,KNK,24405
1,KNK,24406
1,KNK,24407
1,KNK,24408
1,KNK,24409
1,KNK,24410
1,KNK,24411
1,KNK,24412
1,KNK,24413
1,KNK,24414
1,KNK,24415
1,KNK,24416
1,KNK,24417
1,KNK,24418
1,KNK,24419
1,KNK,24420
1,KNK,24421
1,KNK,24422
1,KNK,24423
1,KNK,24424
1,KNK,24425
1,KNK,24426
1,KNK,24427
1,KNK,24428
1,KNK,24429
1,KNK,24430
1,KNK,24431
1,KNK,24432
1,KNK,24433
1,KNK,24434
1,KNK,24435
1,KNK,24436
1,KNK,24437
1,KNK,24438
1,KNK,24439
1,KNK,24440
1,KNK,24441
1,KNK,24442
1,KNK,24443
1,KNK,24444
1,KNK,24445
1,KNK,24446
1,KNK,24447
1,KNK,24448
1,KNK,24449
1,KNK,24450
1,KNK,24451
1,KNK,24452
1,KNK,24453
1,KNK,24454
1,KNK,24455
1,KNK,24456
1,KNK,24457
1,KNK,24458
1,KNK,24459
1,KNK,24460
1,KNK,24461
1,KNK,24462
1,KNK,24463
1,KNK,24464
1,KNK,24465
1,KNK,24466
1,KNK,24467
1,KNK,24468
1,KNK,24469
1,KNK,24470
1,KNK,24471
1,KNK,24472
1,KNK,24473
1,KNK,24474
1,KNK,24475
1,KNK,24476
1,KNK,24477
1,KNK,24478
1,KNK,24479
1,KNK,24480
1,KNK,24481
1,KNK,24482
1,KNK,24483
1,KNK,24484
1,KNK,24485
1,KNK,24486
1,KNK,24487
1,KNK,24488
1,KNK,24489
1,KNK,24490
1,KNK,24491
1,KNK,24492
1,KNK,24493
1,KNK,24494
1,KNK,24495
1,KNK,24496
1,KNK,24497
1,KNK,24498
1,KNK,24499
1,KNK,24500
1,KNK,24501
1,KNK,24502
1,KNK,24503
1,KNK,24504
1,KNK,24505
1,KNK,24506
1,KNK,24507
1,KNK,24508
1,KNK,24509
1,KNK,24510
1,KNK,24511
1,KNK,24512
1,KNK,24513
1,KNK,24514
1,KNK,24515
1,KNK,24516
0,KNK,24517
0,KNK,24518
0,KNK,24519
0,KNK,24520
0,KNK,24521
0,KNK,24522
0,KNK,24523
0,KNK,24524
0,KNK,24525
0,KNK,24526
0,KNK,24527
0,KNK,24528
0,KNK,24529
0,KNK,24530
0,KNK,24531
0,KNK,24532
0,KNK,24533
0,KNK,24534
0,KNK,24535
0,KNK,24536
0,KNK,24537
0,KNK,24538
0,KNK,24539
0,KNK,24540
0,KNK,24541
0,KNK,24542
0,KNK,24543
0,KNK,24544
0,KNK,24545
0,KNK,24546
0,KNK,24547
0,KNK,24548
0,KNK,24549
0,KNK,24550
0,KNK,24551
0,KNK,24552
0,KNK,24553
0,KNK,24554
0,KNK,24555
0,KNK,24556
0,KNK,24557
0,KNK,24558
0,KNK,24559
0,KNK,24560
0,KNK,24561
0,KNK,24562
0,KNK,24563
0,KNK,24564
0,KNK,24565
0,KNK,24566
0,KNK,24567
0,KNK,24568
0,KNK,24569
0,KNK,24570
0,KNK,24571
0,KNK,24572
0,KNK,24573
0,KNK,24574
0,KNK,24575
0,KNK,24576
0,KNK,24577
0,KNK,24578
0,KNK,24579
0,KNK,24580
0,KNK,24581
0,KNK,24582
0,KNK,24583
0,KNK,24584
0,KNK,24585
0,KNK,24586
0,KNK,24587
0,KNK,24588
0,KNK,24589
0,KNK,24590
0,KNK,24591
0,KNK,24592
0,KNK,24593
0,KNK,24594
0,KNK,24595
0,KNK,24596
0,KNK,24597
0,KNK,24598
0,KNK,24599
0,KNK,24600
0,KNK,24601
0,KNK,24602
0,KNK,24603
0,KNK,24604
0,KNK,24605
0,KNK,24606
0,KNK,24607
0,KNK,24608
0,KNK,24609
0,KNK,24610
0,KNK,24611
0,KNK,24612
0,KNK,24613
0,KNK,24614
0,KNK,24615
0,KNK,24616
0,KNK,24617
0,KNK,24618
0,KNK,24619
0,KNK,24620
0,KNK,24621
0,KNK,24622
0,KNK,24623
0,KNK,24624
0,KNK,24625
0,KNK,24626
0,KNK,24627
0,KNK,24628
0,KNK,24629
0,KNK,24630
0,KNK,24631
0,KNK,24632
0,KNK,24633
0,KNK,24634
0,KNK,24635
0,KNK,24636
0,KNK,24637
0,KNK,24638
0,KNK,24639
0,KNK,24640
0,KNK,24641
0,KNK,24642
0,KNK,24643
0,KNK,24644
0,KNK,24645
0,KNK,24646
0,KNK,24647
0,KNK,24648
0,KNK,24649
0,KNK,24650
0,KNK,24651
0,KNK,24652
0,KNK,24653
0,KNK,24654
0,KNK,24655
0,KNK,24656
0,KNK,24657
0,KNK,24658
0,KNK,24659
0,KNK,24660
0,KNK,24661
0,KNK,24662
0,KNK,24663
0,KNK,24664
0,KNK,24665
0,KNK,24666
0,KNK,24667
0,KNK,24668
0,KNK,24669
0,KNK,24670
0,KNK,24671
0,KNK,24672
0,KNK,24673
0,KNK,24674
0,KNK,24675
0,KNK,24676
0,KNK,24677
0,KNK,24678
0,KNK,24679
0,KNK,24680
0,KNK,24681
0,KNK,24682
0,KNK,24683
0,KNK,24684
0,KNK,24685
0,KNK,24686
0,KNK,24687
0,KNK,24688
0,KNK,24689
0,KNK,24690
0,KNK,24691
0,KNK,24692
0,KNK,24693
0,KNK,24694
0,KNK,24695
0,KNK,24696
0,KNK,24697
0,KNK,24698
0,KNK,24699
0,KNK,24700
0,KNK,24701
0,KNK,24702
0,KNK,24703
0,KNK,24704
0,KNK,24705
0,KNK,24706
0,KNK,24707
0,KNK,24708
0,KNK,24709
0,KNK,24710
0,KNK,24711
0,KNK,24712
0,KNK,24713
0,KNK,24714
0,KNK,24715
0,KNK,24716
0,KNK,24717
0,KNK,24718
0,KNK,24719
0,KNK,24720
0,KNK,24721
0,KNK,24722
0,KNK,24723
0,KNK,24724
0,KNK,24725
0,KNK,24726
0,KNK,24727
0,KNK,24728
0,KNK,24729
0,KNK,24730
0,KNK,24731
0,KNK,24732
0,KNK,24733
0,KNK,24734
0,KNK,24735
0,KNK,24736
0,KNK,24737
0,KNK,24738
0,KNK,24739
0,KNK,24740
0,KNK,24741
0,KNK,24742
0,KNK,24743
0,KNK,24744
0,KNK,24745
0,KNK,24746
0,KNK,24747
0,KNK,24748
0,KNK,24749
0,KNK,24750
0,KNK,24751
0,KNK,24752
0,KNK,24753
0,KNK,24754
0,KNK,24755
0,KNK,24756
0,KNK,24757
0,KNK,24758
0,KNK,24759
0,KNK,24760
0,KNK,24761
0,KNK,24762
0,KNK,24763
0,KNK,24764
0,KNK,24765
0,KNK,24766
0,KNK,24767
0,KNK,24768
0,KNK,24769
0,KNK,24770
0,KNK,24771
0,KNK,24772
0,KNK,24773
0,KNK,24774
0,KNK,24775
0,KNK,24776
0,KNK,24777
0,KNK,24778
0,KNK,24779
0,KNK,24780
0,KNK,24781
0,KNK,24782
0,KNK,24783
0,KNK,24784
0,KNK,24785
0,KNK,24786
0,KNK,24787
0,KNK,24788
0,KNK,24789
0,KNK,24790
0,KNK,24791
0,KNK,24792
0,KNK,24793
0,KNK,24794
0,KNK,24795
0,KNK,24796
0,KNK,24797
0,KNK,24798
0,KNK,24799
0,KNK,24800
0,KNK,24801
0,KNK,24802
0,KNK,24803
0,KNK,24804
0,KNK,24805
0,KNK,24806
0,KNK,24807
0,KNK,24808
0,KNK,24809
0,KNK,24810
0,KNK,24811
0,KNK,24812
0,KNK,24813
0,KNK,24814
0,KNK,24815
0,KNK,24816
0,KNK,24817
0,KNK,24818
0,KNK,24819
0,KNK,24820
0,KNK,24821
0,KNK,24822
0,KNK,24823
0,KNK,24824
0,KNK,24825
0,KNK,24826
0,KNK,24827
0,KNK,24828
0,KNK,24829
0,KNK,24830
0,KNK,24831
0,KNK,24832
0,KNK,24833
0,KNK,24834
0,KNK,24835
0,KNK,24836
0,KNK,24837
0,KNK,24838
0,KNK,24839
0,KNK,24840
0,KNK,24841
0,KNK,24842
0,KNK,24843
0,KNK,24844
0,KNK,24845
0,KNK,24846
0,KNK,24847
0,KNK,24848
0,KNK,24849
0,KNK,24850
0,KNK,24851
0,KNK,24852
0,KNK,24853
0,KNK,24854
0,KNK,24855
0,KNK,24856
0,KNK,24857
0,KNK,24858
0,KNK,24859
0,KNK,24860
0,KNK,24861
0,KNK,24862
0,KNK,24863
0,KNK,24864
0,KNK,24865
0,KNK,24866
0,KNK,24867
0,KNK,24868
0,KNK,24869
0,KNK,24870
0,KNK,24871
0,KNK,24872
0,KNK,24873
0,KNK,24874
0,KNK,24875
0,KNK,24876
0,KNK,24877
0,KNK,24878
0,KNK,24879
0,KNK,24880
0,KNK,24881
0,KNK,24882
0,KNK,24883
0,KNK,24884
0,KNK,24885
0,KNK,24886
0,KNK,24887
0,KNK,24888
0,KNK,24889
0,KNK,24890
0,KNK,24891
0,KNK,24892
0,KNK,24893
0,KNK,24894
0,KNK,24895
0,KNK,24896
0,KNK,24897
0,KNK,24898
0,KNK,24899
0,KNK,24900
0,KNK,24901
0,KNK,24902
0,KNK,24903
0,KNK,24904
0,KNK,24905
0,KNK,24906
0,KNK,24907
0,KNK,24908
0,KNK,24909
0,KNK,24910
0,KNK,24911
0,KNK,24912
0,KNK,24913
0,KNK,24914
0,KNK,24915
0,KNK,24916
0,KNK,24917
0,KNK,24918
0,KNK,24919
0,KNK,24920
0,KNK,24921
0,KNK,24922
0,KNK,24923
0,KNK,24924
0,KNK,24925
0,KNK,24926
0,KNK,24927
0,KNK,24928
0,KNK,24929
0,KNK,24930
0,KNK,24931
0,KNK,24932
0,KNK,24933
0,KNK,24934
0,KNK,24935
0,KNK,24936
0,KNK,24937
0,KNK,24938
0,KNK,24939
0,KNK,24940
0,KNK,24941
0,KNK,24942
0,KNK,24943
0,KNK,24944
0,KNK,24945
0,KNK,24946
0,KNK,24947
0,KNK,24948
0,KNK,24949
0,KNK,24950
0,KNK,24951
0,KNK,24952
0,KNK,24953
0,KNK,24954
0,KNK,24955
0,KNK,24956
0,KNK,24957
0,KNK,24958
0,KNK,24959
0,KNK,24960
0,KNK,24961
0,KNK,24962
0,KNK,24963
0,KNK,24964
0,KNK,24965
0,KNK,24966
0,KNK,24967
0,KNK,24968
0,KNK,24969
0,KNK,24970
0,KNK,24971
0,KNK,24972
0,KNK,24973
0,KNK,24974
0,KNK,24975
0,KNK,24976
0,KNK,24977
0,KNK,24978
0,KNK,24979
0,KNK,24980
0,KNK,24981
0,KNK,24982
0,KNK,24983
0,KNK,24984
0,KNK,24985
0,KNK,24986
0,KNK,24987
0,KNK,24988
0,KNK,24989
0,KNK,24990
0,KNK,24991
0,KNK,24992
0,KNK,24993
0,KNK,24994
0,KNK,24995
0,KNK,24996
0,KNK,24997
0,KNK,24998
0,KNK,24999
0,KNK,25000
0,KNK,25001
0,KNK,25002
0,KNK,25003
0,KNK,25004
0,KNK,25005
0,KNK,25006
0,KNK,25007
0,KNK,25008
0,KNK,25009
0,KNK,25010
0,KNK,25011
0,KNK,25012
0,KNK,25013
0,KNK,25014
0,KNK,25015
0,KNK,25016
0,KNK,25017
0,KNK,25018
0,KNK,25019
0,KNK,25020
0,KNK,25021
0,KNK,25022
0,KNK,25023
0,KNK,25024
0,KNK,25025
0,KNK,25026
0,KNK,25027
0,KNK,25028
0,KNK,25029
0,KNK,25030
0,KNK,25031
0,KNK,25032
0,KNK,25033
0,KNK,25034
0,KNK,25035
0,KNK,25036
0,KNK,25037
0,KNK,25038
0,KNK,25039
0,KNK,25040
0,KNK,25041
0,KNK,25042
0,KNK,25043
0,KNK,25044
0,KNK,25045
0,KNK,25046
0,KNK,25047
0,KNK,25048
0,KNK,25049
0,KNK,25050
0,KNK,25051
0,KNK,25052
0,KNK,25053
0,KNK,25054
0,KNK,25055
0,KNK,25056
0,KNK,25057
0,KNK,25058
0,KNK,25059
0,KNK,25060
0,KNK,25061
0,KNK,25062
0,KNK,25063
0,KNK,25064
0,KNK,25065
0,KNK,25066
0,KNK,25067
0,KNK,25068
0,KNK,25069
0,KNK,25070
0,KNK,25071
0,KNK,25072
0,KNK,25073
0,KNK,25074
0,KNK,25075
0,KNK,25076
0,KNK,25077
0,KNK,25078
0,KNK,25079
0,KNK,25080
0,KNK,25081
0,KNK,25082
0,KNK,25083
0,KNK,25084
0,KNK,25085
0,KNK,25086
0,KNK,25087
0,KNK,25088
0,KNK,25089
0,KNK,25090
0,KNK,25091
0,KNK,25092
0,KNK,25093
0,KNK,25094
0,KNK,25095
0,KNK,25096
0,KNK,25097
0,KNK,25098
0,KNK,25099
0,KNK,25100
0,KNK,25101
0,KNK,25102
0,KNK,25103
0,KNK,25104
0,KNK,25105
0,KNK,25106
0,KNK,25107
0,KNK,25108
0,KNK,25109
0,KNK,25110
0,KNK,25111
0,KNK,25112
0,KNK,25113
0,KNK,25114
0,KNK,25115
0,KNK,25116
0,KNK,25117
0,KNK,25118
0,KNK,25119
0,KNK,25120
0,KNK,25121
0,KNK,25122
0,KNK,25123
0,KNK,25124
0,KNK,25125
0,KNK,25126
0,KNK,25127
0,KNK,25128
0,KNK,25129
0,KNK,25130
0,KNK,25131
0,KNK,25132
0,KNK,25133
0,KNK,25134
0,KNK,25135
0,KNK,25136
0,KNK,25137
0,KNK,25138
0,KNK,25139
0,KNK,25140
0,KNK,25141
0,KNK,25142
0,KNK,25143
0,KNK,25144
0,KNK,25145
0,KNK,25146
0,KNK,25147
0,KNK,25148
0,KNK,25149
0,KNK,25150
0,KNK,25151
0,KNK,25152
0,KNK,25153
0,KNK,25154
0,KNK,25155
0,KNK,25156
0,KNK,25157
0,KNK,25158
0,KNK,25159
0,KNK,25160
0,KNK,25161
0,KNK,25162
0,KNK,25163
0,KNK,25164
0,KNK,25165
0,KNK,25166
0,KNK,25167
0,KNK,25168
0,KNK,25169
0,KNK,25170
0,KNK,25171
0,KNK,25172
0,KNK,25173
0,KNK,25174
0,KNK,25175
0,KNK,25176
0,KNK,25177
0,KNK,25178
0,KNK,25179
0,KNK,25180
0,KNK,25181
0,KNK,25182
0,KNK,25183
0,KNK,25184
0,KNK,25185
0,KNK,25186
0,KNK,25187
0,KNK,25188
0,KNK,25189
0,KNK,25190
0,KNK,25191
0,KNK,25192
0,KNK,25193
0,KNK,25194
0,KNK,25195
0,KNK,25196
0,KNK,25197
0,KNK,25198
0,KNK,25199
0,KNK,25200
0,KNK,25201
0,KNK,25202
0,KNK,25203
0,KNK,25204
0,KNK,25205
0,KNK,25206
0,KNK,25207
0,KNK,25208
0,KNK,25209
0,KNK,25210
0,KNK,25211
0,KNK,25212
0,KNK,25213
0,KNK,25214
0,KNK,25215
0,KNK,25216
0,KNK,25217
0,KNK,25218
0,KNK,25219
0,KNK,25220
0,KNK,25221
0,KNK,25222
0,KNK,25223
0,KNK,25224
0,KNK,25225
0,KNK,25226
0,KNK,25227
0,KNK,25228
0,KNK,25229
0,KNK,25230
0,KNK,25231
0,KNK,25232
0,KNK,25233
0,KNK,25234
0,KNK,25235
0,KNK,25236
0,KNK,25237
0,KNK,25238
0,KNK,25239
0,KNK,25240
0,KNK,25241
0,KNK,25242
0,KNK,25243
0,KNK,25244
0,KNK,25245
0,KNK,25246
0,KNK,25247
0,KNK,25248
0,KNK,25249
0,KNK,25250
0,KNK,25251
0,KNK,25252
0,KNK,25253
0,KNK,25254
0,KNK,25255
0,KNK,25256
0,KNK,25257
0,KNK,25258
0,KNK,25259
0,KNK,25260
0,KNK,25261
0,KNK,25262
0,KNK,25263
0,KNK,25264
0,KNK,25265
0,KNK,25266
0,KNK,25267
0,KNK,25268
0,KNK,25269
0,KNK,25270
0,KNK,25271
0,KNK,25272
0,KNK,25273
0,KNK,25274
0,KNK,25275
0,KNK,25276
0,KNK,25277
0,KNK,25278
0,KNK,25279
0,KNK,25280
0,KNK,25281
0,KNK,25282
0,KNK,25283
0,KNK,25284
0,KNK,25285
0,KNK,25286
0,KNK,25287
0,KNK,25288
0,KNK,25289
0,KNK,25290
0,KNK,25291
0,KNK,25292
0,KNK,25293
0,KNK,25294
0,KNK,25295
0,KNK,25296
0,KNK,25297
0,KNK,25298
0,KNK,25299
0,KNK,25300
0,KNK,25301
0,KNK,25302
0,KNK,25303
0,KNK,25304
0,KNK,25305
0,KNK,25306
0,KNK,25307
0,KNK,25308
0,KNK,25309
0,KNK,25310
0,KNK,25311
0,KNK,25312
0,KNK,25313
0,KNK,25314
0,KNK,25315
0,KNK,25316
0,KNK,25317
0,KNK,25318
0,KNK,25319
0,KNK,25320
0,KNK,25321
0,KNK,25322
0,KNK,25323
0,KNK,25324
0,KNK,25325
0,KNK,25326
0,KNK,25327
0,KNK,25328
0,KNK,25329
0,KNK,25330
0,KNK,25331
0,KNK,25332
0,KNK,25333
0,KNK,25334
0,KNK,25335
0,KNK,25336
0,KNK,25337
0,KNK,25338
0,KNK,25339
0,KNK,25340
0,KNK,25341
0,KNK,25342
0,KNK,25343
0,KNK,25344
0,KNK,25345
0,KNK,25346
0,KNK,25347
0,KNK,25348
0,KNK,25349
0,KNK,25350
0,KNK,25351
0,KNK,25352
0,KNK,25353
0,KNK,25354
0,KNK,25355
0,KNK,25356
0,KNK,25357
0,KNK,25358
0,KNK,25359
0,KNK,25360
0,KNK,25361
0,KNK,25362
0,KNK,25363
0,KNK,25364
0,KNK,25365
0,KNK,25366
0,KNK,25367
0,KNK,25368
0,KNK,25369
0,KNK,25370
0,KNK,25371
0,KNK,25372
0,KNK,25373
0,KNK,25374
0,KNK,25375
0,KNK,25376
0,KNK,25377
0,KNK,25378
0,KNK,25379
0,KNK,25380
0,KNK,25381
0,KNK,25382
0,KNK,25383
0,KNK,25384
0,KNK,25385
0,KNK,25386
0,KNK,25387
0,KNK,25388
0,KNK,25389
0,KNK,25390
0,KNK,25391
0,KNK,25392
0,KNK,25393
0,KNK,25394
0,KNK,25395
0,KNK,25396
0,KNK,25397
0,KNK,25398
0,KNK,25399
0,KNK,25400
0,KNK,25401
0,KNK,25402
0,KNK,25403
0,KNK,25404
0,KNK,25405
0,KNK,25406
0,KNK,25407
0,KNK,25408
0,KNK,25409
0,KNK,25410
0,KNK,25411
0,KNK,25412
0,KNK,25413
0,KNK,25414
0,KNK,25415
0,KNK,25416
0,KNK,25417
0,KNK,25418
0,KNK,25419
0,KNK,25420
0,KNK,25421
0,KNK,25422
0,KNK,25423
0,KNK,25424
0,KNK,25425
0,KNK,25426
0,KNK,25427
0,KNK,25428
0,KNK,25429
0,KNK,25430
0,KNK,25431
0,KNK,25432
0,KNK,25433
0,KNK,25434
0,KNK,25435
0,KNK,25436
0,KNK,25437
0,KNK,25438
0,KNK,25439
0,KNK,25440
0,KNK,25441
0,KNK,25442
0,KNK,25443
0,KNK,25444
0,KNK,25445
0,KNK,25446
0,KNK,25447
0,KNK,25448
0,KNK,25449
0,KNK,25450
0,KNK,25451
0,KNK,25452
0,KNK,25453
0,KNK,25454
0,KNK,25455
0,KNK,25456
0,KNK,25457
0,KNK,25458
0,KNK,25459
0,KNK,25460
0,KNK,25461
0,KNK,25462
0,KNK,25463
0,KNK,25464
0,KNK,25465
0,KNK,25466
0,KNK,25467
0,KNK,25468
0,KNK,25469
0,KNK,25470
0,KNK,25471
0,KNK,25472
0,KNK,25473
0,KNK,25474
0,KNK,25475
0,KNK,25476
0,KNK,25477
0,KNK,25478
0,KNK,25479
0,KNK,25480
0,KNK,25481
0,KNK,25482
0,KNK,25483
0,KNK,25484
0,KNK,25485
0,KNK,25486
0,KNK,25487
0,KNK,25488
0,KNK,25489
0,KNK,25490
0,KNK,25491
0,KNK,25492
0,KNK,25493
0,KNK,25494
0,KNK,25495
0,KNK,25496
0,KNK,25497
0,KNK,25498
0,KNK,25499
0,KNK,25500
0,KNK,25501
0,KNK,25502
0,KNK,25503
0,KNK,25504
0,KNK,25505
0,KNK,25506
0,KNK,25507
0,KNK,25508
0,KNK,25509
0,KNK,25510
0,KNK,25511
0,KNK,25512
0,KNK,25513
0,KNK,25514
0,KNK,25515
0,KNK,25516
0,KNK,25517
0,KNK,25518
0,KNK,25519
0,KNK,25520
0,KNK,25521
0,KNK,25522
0,KNK,25523
0,KNK,25524
0,KNK,25525
0,KNK,25526
0,KNK,25527
0,KNK,25528
0,KNK,25529
0,KNK,25530
0,KNK,25531
0,KNK,25532
0,KNK,25533
0,KNK,25534
0,KNK,25535
0,KNK,25536
0,KNK,25537
0,KNK,25538
0,KNK,25539
0,KNK,25540
0,KNK,25541
0,KNK,25542
0,KNK,25543
0,KNK,25544
0,KNK,25545
0,KNK,25546
0,KNK,25547
0,KNK,25548
0,KNK,25549
0,KNK,25550
0,KNK,25551
0,KNK,25552
0,KNK,25553
0,KNK,25554
0,KNK,25555
0,KNK,25556
0,KNK,25557
0,KNK,25558
0,KNK,25559
0,KNK,25560
0,KNK,25561
0,KNK,25562
0,KNK,25563
0,KNK,25564
0,KNK,25565
0,KNK,25566
0,KNK,25567
0,KNK,25568
0,KNK,25569
0,KNK,25570
0,KNK,25571
0,KNK,25572
0,KNK,25573
0,KNK,25574
0,KNK,25575
0,KNK,25576
0,KNK,25577
0,KNK,25578
0,KNK,25579
0,KNK,25580
0,KNK,25581
0,KNK,25582
0,KNK,25583
0,KNK,25584
0,KNK,25585
0,KNK,25586
0,KNK,25587
0,KNK,25588
0,KNK,25589
0,KNK,25590
0,KNK,25591
0,KNK,25592
0,KNK,25593
0,KNK,25594
0,KNK,25595
0,KNK,25596
0,KNK,25597
0,KNK,25598
0,KNK,25599
0,KNK,25600
0,KNK,25601
0,KNK,25602
0,KNK,25603
0,KNK,25604
0,KNK,25605
0,KNK,25606
0,KNK,25607
0,KNK,25608
0,KNK,25609
0,KNK,25610
0,KNK,25611
0,KNK,25612
0,KNK,25613
0,KNK,25614
0,KNK,25615
0,KNK,25616
0,KNK,25617
0,KNK,25618
0,KNK,25619
0,KNK,25620
0,KNK,25621
0,KNK,25622
0,KNK,25623
0,KNK,25624
0,KNK,25625
0,KNK,25626
0,KNK,25627
0,KNK,25628
0,KNK,25629
0,KNK,25630
0,KNK,25631
0,KNK,25632
0,KNK,25633
0,KNK,25634
0,KNK,25635
0,KNK,25636
0,KNK,25637
0,KNK,25638
0,KNK,25639
0,KNK,25640
0,KNK,25641
0,KNK,25642
0,KNK,25643
0,KNK,25644
0,KNK,25645
0,KNK,25646
0,KNK,25647
0,KNK,25648
0,KNK,25649
0,KNK,25650
0,KNK,25651
0,KNK,25652
0,KNK,25653
0,KNK,25654
0,KNK,25655
0,KNK,25656
0,KNK,25657
0,KNK,25658
0,KNK,25659
0,KNK,25660
0,KNK,25661
0,KNK,25662
0,KNK,25663
0,KNK,25664
0,KNK,25665
0,KNK,25666
0,KNK,25667
0,KNK,25668
0,KNK,25669
0,KNK,25670
0,KNK,25671
0,KNK,25672
0,KNK,25673
0,KNK,25674
0,KNK,25675
0,KNK,25676
0,KNK,25677
0,KNK,25678
0,KNK,25679
0,KNK,25680
0,KNK,25681
0,KNK,25682
0,KNK,25683
0,KNK,25684
0,KNK,25685
0,KNK,25686
0,KNK,25687
0,KNK,25688
0,KNK,25689
0,KNK,25690
0,KNK,25691
0,KNK,25692
0,KNK,25693
0,KNK,25694
0,KNK,25695
0,KNK,25696
0,KNK,25697
0,KNK,25698
0,KNK,25699
0,KNK,25700
0,KNK,25701
0,KNK,25702
0,KNK,25703
0,KNK,25704
0,KNK,25705
0,KNK,25706
0,KNK,25707
0,KNK,25708
0,KNK,25709
0,KNK,25710
0,KNK,25711
0,KNK,25712
0,KNK,25713
0,KNK,25714
0,KNK,25715
0,KNK,25716
0,KNK,25717
0,KNK,25718
0,KNK,25719
0,KNK,25720
0,KNK,25721
0,KNK,25722
0,KNK,25723
0,KNK,25724
0,KNK,25725
0,KNK,25726
0,KNK,25727
0,KNK,25728
0,KNK,25729
0,KNK,25730
0,KNK,25731
0,KNK,25732
0,KNK,25733
0,KNK,25734
0,KNK,25735
0,KNK,25736
0,KNK,25737
0,KNK,25738
0,KNK,25739
0,KNK,25740
0,KNK,25741
0,KNK,25742
0,KNK,25743
0,KNK,25744
0,KNK,25745
0,KNK,25746
0,KNK,25747
0,KNK,25748
0,KNK,25749
0,KNK,25750
0,KNK,25751
0,KNK,25752
0,KNK,25753
0,KNK,25754
0,KNK,25755
0,KNK,25756
0,KNK,25757
0,KNK,25758
0,KNK,25759
0,KNK,25760
0,KNK,25761
0,KNK,25762
0,KNK,25763
0,KNK,25764
0,KNK,25765
0,KNK,25766
0,KNK,25767
0,KNK,25768
0,KNK,25769
0,KNK,25770
0,KNK,25771
0,KNK,25772
0,KNK,25773
0,KNK,25774
0,KNK,25775
0,KNK,25776
0,KNK,25777
0,KNK,25778
0,KNK,25779
0,KNK,25780
0,KNK,25781
0,KNK,25782
0,KNK,25783
0,KNK,25784
0,KNK,25785
0,KNK,25786
0,KNK,25787
0,KNK,25788
0,KNK,25789
0,KNK,25790
0,KNK,25791
0,KNK,25792
0,KNK,25793
0,KNK,25794
0,KNK,25795
0,KNK,25796
0,KNK,25797
0,KNK,25798
0,KNK,25799
0,KNK,25800
0,KNK,25801
0,KNK,25802
0,KNK,25803
0,KNK,25804
0,KNK,25805
0,KNK,25806
0,KNK,25807
0,KNK,25808
0,KNK,25809
0,KNK,25810
0,KNK,25811
0,KNK,25812
0,KNK,25813
0,KNK,25814
0,KNK,25815
0,KNK,25816
0,KNK,25817
0,KNK,25818
0,KNK,25819
0,KNK,25820
0,KNK,25821
0,KNK,25822
0,KNK,25823
0,KNK,25824
0,KNK,25825
0,KNK,25826
0,KNK,25827
0,KNK,25828
0,KNK,25829
0,KNK,25830
0,KNK,25831
0,KNK,25832
0,KNK,25833
0,KNK,25834
0,KNK,25835
0,KNK,25836
0,KNK,25837
0,KNK,25838
0,KNK,25839
0,KNK,25840
0,KNK,25841
0,KNK,25842
0,KNK,25843
0,KNK,25844
0,KNK,25845
0,KNK,25846
0,KNK,25847
0,KNK,25848
0,KNK,25849
0,KNK,25850
0,KNK,25851
0,KNK,25852
0,KNK,25853
0,KNK,25854
0,KNK,25855
0,KNK,25856
0,KNK,25857
0,KNK,25858
0,KNK,25859
0,KNK,25860
0,KNK,25861
0,KNK,25862
0,KNK,25863
0,KNK,25864
0,KNK,25865
0,KNK,25866
0,KNK,25867
0,KNK,25868
0,KNK,25869
0,KNK,25870
0,KNK,25871
0,KNK,25872
0,KNK,25873
0,KNK,25874
0,KNK,25875
0,KNK,25876
0,KNK,25877
0,KNK,25878
0,KNK,25879
0,KNK,25880
0,KNK,25881
0,KNK,25882
0,KNK,25883
0,KNK,25884
0,KNK,25885
0,KNK,25886
0,KNK,25887
0,KNK,25888
0,KNK,25889
0,KNK,25890
0,KNK,25891
0,KNK,25892
0,KNK,25893
0,KNK,25894
0,KNK,25895
0,KNK,25896
0,KNK,25897
0,KNK,25898
0,KNK,25899
0,KNK,25900
0,KNK,25901
0,KNK,25902
0,KNK,25903
0,KNK,25904
0,KNK,25905
0,KNK,25906
0,KNK,25907
0,KNK,25908
0,KNK,25909
0,KNK,25910
0,KNK,25911
0,KNK,25912
0,KNK,25913
0,KNK,25914
0,KNK,25915
0,KNK,25916
0,KNK,25917
0,KNK,25918
0,KNK,25919
0,KNK,25920
0,KNK,25921
0,KNK,25922
0,KNK,25923
0,KNK,25924
0,KNK,25925
0,KNK,25926
0,KNK,25927
0,KNK,25928
0,KNK,25929
0,KNK,25930
0,KNK,25931
0,KNK,25932
0,KNK,25933
0,KNK,25934
0,KNK,25935
0,KNK,25936
0,KNK,25937
0,KNK,25938
0,KNK,25939
0,KNK,25940
0,KNK,25941
0,KNK,25942
0,KNK,25943
0,KNK,25944
0,KNK,25945
0,KNK,25946
0,KNK,25947
0,KNK,25948
0,KNK,25949
0,KNK,25950
0,KNK,25951
0,KNK,25952
0,KNK,25953
0,KNK,25954
0,KNK,25955
0,KNK,25956
0,KNK,25957
0,KNK,25958
0,KNK,25959
0,KNK,25960
0,KNK,25961
0,KNK,25962
0,KNK,25963
0,KNK,25964
0,KNK,25965
0,KNK,25966
0,KNK,25967
0,KNK,25968
0,KNK,25969
0,KNK,25970
0,KNK,25971
0,KNK,25972
0,KNK,25973
0,KNK,25974
0,KNK,25975
0,KNK,25976
0,KNK,25977
0,KNK,25978
0,KNK,25979
0,KNK,25980
0,KNK,25981
0,KNK,25982
0,KNK,25983
0,KNK,25984
0,KNK,25985
0,KNK,25986
0,KNK,25987
0,KNK,25988
0,KNK,25989
0,KNK,25990
0,KNK,25991
0,KNK,25992
0,KNK,25993
0,KNK,25994
0,KNK,25995
0,KNK,25996
0,KNK,25997
0,KNK,25998
0,KNK,25999
0,KNK,26000
0,KNK,26001
0,KNK,26002
0,KNK,26003
0,KNK,26004
0,KNK,26005
0,KNK,26006
0,KNK,26007
0,KNK,26008
0,KNK,26009
0,KNK,26010
0,KNK,26011
0,KNK,26012
0,KNK,26013
0,KNK,26014
0,KNK,26015
0,KNK,26016
0,KNK,26017
0,KNK,26018
0,KNK,26019
0,KNK,26020
0,KNK,26021
0,KNK,26022
0,KNK,26023
0,KNK,26024
0,KNK,26025
0,KNK,26026
0,KNK,26027
0,KNK,26028
0,KNK,26029
0,KNK,26030
0,KNK,26031
0,KNK,26032
0,KNK,26033
0,KNK,26034
0,KNK,26035
0,KNK,26036
0,KNK,26037
0,KNK,26038
0,KNK,26039
0,KNK,26040
0,KNK,26041
0,KNK,26042
0,KNK,26043
0,KNK,26044
0,KNK,26045
0,KNK,26046
0,KNK,26047
0,KNK,26048
0,KNK,26049
0,KNK,26050
0,KNK,26051
0,KNK,26052
0,KNK,26053
0,KNK,26054
0,KNK,26055
0,KNK,26056
0,KNK,26057
0,KNK,26058
0,KNK,26059
0,KNK,26060
0,KNK,26061
0,KNK,26062
0,KNK,26063
0,KNK,26064
0,KNK,26065
0,KNK,26066
0,KNK,26067
0,KNK,26068
0,KNK,26069
0,KNK,26070
0,KNK,26071
0,KNK,26072
0,KNK,26073
0,KNK,26074
0,KNK,26075
0,KNK,26076
0,KNK,26077
0,KNK,26078
0,KNK,26079
0,KNK,26080
0,KNK,26081
0,KNK,26082
0,KNK,26083
0,KNK,26084
0,KNK,26085
0,KNK,26086
0,KNK,26087
0,KNK,26088
0,KNK,26089
0,KNK,26090
0,KNK,26091
0,KNK,26092
0,KNK,26093
0,KNK,26094
0,KNK,26095
0,KNK,26096
0,KNK,26097
0,KNK,26098
0,KNK,26099
0,KNK,26100
0,KNK,26101
0,KNK,26102
0,KNK,26103
0,KNK,26104
0,KNK,26105
0,KNK,26106
0,KNK,26107
0,KNK,26108
0,KNK,26109
0,KNK,26110
0,KNK,26111
0,KNK,26112
0,KNK,26113
0,KNK,26114
0,KNK,26115
0,KNK,26116
0,KNK,26117
0,KNK,26118
0,KNK,26119
0,KNK,26120
0,KNK,26121
0,KNK,26122
0,KNK,26123
0,KNK,26124
0,KNK,26125
0,KNK,26126
0,KNK,26127
0,KNK,26128
0,KNK,26129
0,KNK,26130
0,KNK,26131
0,KNK,26132
0,KNK,26133
0,KNK,26134
0,KNK,26135
0,KNK,26136
0,KNK,26137
0,KNK,26138
0,KNK,26139
0,KNK,26140
0,KNK,26141
0,KNK,26142
0,KNK,26143
0,KNK,26144
0,KNK,26145
0,KNK,26146
0,KNK,26147
0,KNK,26148
0,KNK,26149
0,KNK,26150
0,KNK,26151
0,KNK,26152
0,KNK,26153
0,KNK,26154
0,KNK,26155
0,KNK,26156
0,KNK,26157
0,KNK,26158
0,KNK,26159
0,KNK,26160
0,KNK,26161
0,KNK,26162
0,KNK,26163
0,KNK,26164
0,KNK,26165
0,KNK,26166
0,KNK,26167
0,KNK,26168
0,KNK,26169
0,KNK,26170
0,KNK,26171
0,KNK,26172
0,KNK,26173
0,KNK,26174
0,KNK,26175
0,KNK,26176
0,KNK,26177
0,KNK,26178
0,KNK,26179
0,KNK,26180
0,KNK,26181
0,KNK,26182
0,KNK,26183
0,KNK,26184
0,KNK,26185
0,KNK,26186
0,KNK,26187
0,KNK,26188
0,KNK,26189
0,KNK,26190
0,KNK,26191
0,KNK,26192
0,KNK,26193
0,KNK,26194
0,KNK,26195
0,KNK,26196
0,KNK,26197
0,KNK,26198
0,KNK,26199
0,KNK,26200
0,KNK,26201
0,KNK,26202
0,KNK,26203
0,KNK,26204
0,KNK,26205
0,KNK,26206
0,KNK,26207
0,KNK,26208
0,KNK,26209
0,KNK,26210
0,KNK,26211
0,KNK,26212
0,KNK,26213
0,KNK,26214
0,KNK,26215
0,KNK,26216
0,KNK,26217
0,KNK,26218
0,KNK,26219
0,KNK,26220
0,KNK,26221
0,KNK,26222
0,KNK,26223
0,KNK,26224
0,KNK,26225
0,KNK,26226
0,KNK,26227
0,KNK,26228
0,KNK,26229
0,KNK,26230
0,KNK,26231
0,KNK,26232
0,KNK,26233
0,KNK,26234
0,KNK,26235
0,KNK,26236
0,KNK,26237
0,KNK,26238
0,KNK,26239
0,KNK,26240
0,KNK,26241
0,KNK,26242
0,KNK,26243
0,KNK,26244
0,KNK,26245
0,KNK,26246
0,KNK,26247
0,KNK,26248
0,KNK,26249
0,KNK,26250
0,KNK,26251
0,KNK,26252
0,KNK,26253
0,KNK,26254
0,KNK,26255
0,KNK,26256
0,KNK,26257
0,KNK,26258
0,KNK,26259
0,KNK,26260
0,KNK,26261
0,KNK,26262
0,KNK,26263
0,KNK,26264
0,KNK,26265
0,KNK,26266
0,KNK,26267
0,KNK,26268
0,KNK,26269
0,KNK,26270
0,KNK,26271
0,KNK,26272
0,KNK,26273
0,KNK,26274
0,KNK,26275
0,KNK,26276
0,KNK,26277
0,KNK,26278
0,KNK,26279
0,KNK,26280
0,KNK,26281
0,KNK,26282
0,KNK,26283
0,KNK,26284
0,KNK,26285
0,KNK,26286
0,KNK,26287
0,KNK,26288
0,KNK,26289
0,KNK,26290
0,KNK,26291
0,KNK,26292
0,KNK,26293
0,KNK,26294
0,KNK,26295
0,KNK,26296
0,KNK,26297
0,KNK,26298
0,KNK,26299
0,KNK,26300
0,KNK,26301
0,KNK,26302
0,KNK,26303
0,KNK,26304
0,KNK,26305
0,KNK,26306
0,KNK,26307
0,KNK,26308
0,KNK,26309
0,KNK,26310
0,KNK,26311
0,KNK,26312
0,KNK,26313
0,KNK,26314
0,KNK,26315
0,KNK,26316
0,KNK,26317
0,KNK,26318
0,KNK,26319
0,KNK,26320
0,KNK,26321
0,KNK,26322
0,KNK,26323
0,KNK,26324
0,KNK,26325
0,KNK,26326
0,KNK,26327
0,KNK,26328
0,KNK,26329
0,KNK,26330
0,KNK,26331
0,KNK,26332
0,KNK,26333
0,KNK,26334
0,KNK,26335
0,KNK,26336
0,KNK,26337
0,KNK,26338
0,KNK,26339
0,KNK,26340
0,KNK,26341
0,KNK,26342
0,KNK,26343
0,KNK,26344
0,KNK,26345
0,KNK,26346
0,KNK,26347
0,KNK,26348
0,KNK,26349
0,KNK,26350
0,KNK,26351
0,KNK,26352
0,KNK,26353
0,KNK,26354
0,KNK,26355
0,KNK,26356
0,KNK,26357
0,KNK,26358
0,KNK,26359
0,KNK,26360
0,KNK,26361
0,KNK,26362
0,KNK,26363
0,KNK,26364
0,KNK,26365
0,KNK,26366
0,KNK,26367
0,KNK,26368
0,KNK,26369
0,KNK,26370
0,KNK,26371
0,KNK,26372
0,KNK,26373
0,KNK,26374
0,KNK,26375
0,KNK,26376
0,KNK,26377
0,KNK,26378
0,KNK,26379
0,KNK,26380
0,KNK,26381
0,KNK,26382
0,KNK,26383
0,KNK,26384
0,KNK,26385
0,KNK,26386
0,KNK,26387
0,KNK,26388
0,KNK,26389
0,KNK,26390
0,KNK,26391
0,KNK,26392
0,KNK,26393
0,KNK,26394
0,KNK,26395
0,KNK,26396
0,KNK,26397
0,KNK,26398
0,KNK,26399
0,KNK,26400
0,KNK,26401
0,KNK,26402
0,KNK,26403
0,KNK,26404
0,KNK,26405
0,KNK,26406
0,KNK,26407
0,KNK,26408
0,KNK,26409
0,KNK,26410
0,KNK,26411
0,KNK,26412
0,KNK,26413
0,KNK,26414
0,KNK,26415
0,KNK,26416
0,KNK,26417
0,KNK,26418
0,KNK,26419
0,KNK,26420
0,KNK,26421
0,KNK,26422
0,KNK,26423
0,KNK,26424
0,KNK,26425
0,KNK,26426
0,KNK,26427
0,KNK,26428
0,KNK,26429
0,KNK,26430
0,KNK,26431
0,KNK,26432
0,KNK,26433
0,KNK,26434
0,KNK,26435
0,KNK,26436
0,KNK,26437
0,KNK,26438
0,KNK,26439
0,KNK,26440
0,KNK,26441
0,KNK,26442
0,KNK,26443
0,KNK,26444
0,KNK,26445
0,KNK,26446
0,KNK,26447
0,KNK,26448
0,KNK,26449
0,KNK,26450
0,KNK,26451
0,KNK,26452
0,KNK,26453
0,KNK,26454
0,KNK,26455
0,KNK,26456
0,KNK,26457
0,KNK,26458
0,KNK,26459
0,KNK,26460
0,KNK,26461
0,KNK,26462
0,KNK,26463
0,KNK,26464
0,KNK,26465
0,KNK,26466
0,KNK,26467
0,KNK,26468
0,KNK,26469
0,KNK,26470
0,KNK,26471
0,KNK,26472
0,KNK,26473
0,KNK,26474
0,KNK,26475
0,KNK,26476
0,KNK,26477
0,KNK,26478
0,KNK,26479
0,KNK,26480
0,KNK,26481
0,KNK,26482
0,KNK,26483
0,KNK,26484
0,KNK,26485
0,KNK,26486
0,KNK,26487
0,KNK,26488
0,KNK,26489
0,KNK,26490
0,KNK,26491
0,KNK,26492
0,KNK,26493
0,KNK,26494
0,KNK,26495
0,KNK,26496
0,KNK,26497
0,KNK,26498
0,KNK,26499
0,KNK,26500
0,KNK,26501
0,KNK,26502
0,KNK,26503
0,KNK,26504
0,KNK,26505
0,KNK,26506
0,KNK,26507
0,KNK,26508
0,KNK,26509
0,KNK,26510
0,KNK,26511
0,KNK,26512
0,KNK,26513
0,KNK,26514
0,KNK,26515
0,KNK,26516
0,KNK,26517
0,KNK,26518
0,KNK,26519
0,KNK,26520
0,KNK,26521
0,KNK,26522
0,KNK,26523
0,KNK,26524
0,KNK,26525
0,KNK,26526
0,KNK,26527
0,KNK,26528
0,KNK,26529
0,KNK,26530
0,KNK,26531
0,KNK,26532
0,KNK,26533
0,KNK,26534
0,KNK,26535
0,KNK,26536
0,KNK,26537
0,KNK,26538
0,KNK,26539
0,KNK,26540
0,KNK,26541
0,KNK,26542
0,KNK,26543
0,KNK,26544
0,KNK,26545
0,KNK,26546
0,KNK,26547
0,KNK,26548
0,KNK,26549
0,KNK,26550
0,KNK,26551
0,KNK,26552
0,KNK,26553
0,KNK,26554
0,KNK,26555
0,KNK,26556
0,KNK,26557
0,KNK,26558
0,KNK,26559
0,KNK,26560
0,KNK,26561
0,KNK,26562
0,KNK,26563
0,KNK,26564
0,KNK,26565
0,KNK,26566
0,KNK,26567
0,KNK,26568
0,KNK,26569
0,KNK,26570
0,KNK,26571
0,KNK,26572
0,KNK,26573
0,KNK,26574
0,KNK,26575
0,KNK,26576
0,KNK,26577
0,KNK,26578
0,KNK,26579
0,KNK,26580
0,KNK,26581
0,KNK,26582
0,KNK,26583
0,KNK,26584
0,KNK,26585
0,KNK,26586
0,KNK,26587
0,KNK,26588
0,KNK,26589
0,KNK,26590
0,KNK,26591
0,KNK,26592
0,KNK,26593
0,KNK,26594
0,KNK,26595
0,KNK,26596
0,KNK,26597
0,KNK,26598
0,KNK,26599
0,KNK,26600
0,KNK,26601
0,KNK,26602
0,KNK,26603
0,KNK,26604
0,KNK,26605
0,KNK,26606
0,KNK,26607
0,KNK,26608
0,KNK,26609
0,KNK,26610
0,KNK,26611
0,KNK,26612
0,KNK,26613
0,KNK,26614
0,KNK,26615
0,KNK,26616
1,M23K,26617
1,M23K,26618
1,M23K,26619
1,M23K,26620
1,M23K,26621
1,M23K,26622
1,M23K,26623
1,M23K,26624
1,M23K,26625
1,M23K,26626
1,M23K,26627
1,M23K,26628
1,M23K,26629
1,M23K,26630
1,M23K,26631
1,M23K,26632
1,M23K,26633
1,M23K,26634
1,M23K,26635
1,M23K,26636
1,M23K,26637
1,M23K,26638
1,M23K,26639
1,M23K,26640
1,M23K,26641
1,M23K,26642
1,M23K,26643
1,M23K,26644
1,M23K,26645
1,M23K,26646
1,M23K,26647
1,M23K,26648
1,M23K,26649
1,M23K,26650
1,M23K,26651
1,M23K,26652
1,M23K,26653
1,M23K,26654
1,M23K,26655
1,M23K,26656
1,M23K,26657
1,M23K,26658
1,M23K,26659
1,M23K,26660
1,M23K,26661
1,M23K,26662
1,M23K,26663
1,M23K,26664
1,M23K,26665
1,M23K,26666
1,M23K,26667
1,M23K,26668
1,M23K,26669
1,M23K,26670
1,M23K,26671
1,M23K,26672
1,M23K,26673
1,M23K,26674
1,M23K,26675
1,M23K,26676
1,M23K,26677
1,M23K,26678
1,M23K,26679
1,M23K,26680
1,M23K,26681
1,M23K,26682
1,M23K,26683
1,M23K,26684
1,M23K,26685
1,M23K,26686
1,M23K,26687
1,M23K,26688
1,M23K,26689
1,M23K,26690
1,M23K,26691
1,M23K,26692
1,M23K,26693
1,M23K,26694
1,M23K,26695
1,M23K,26696
1,M23K,26697
1,M23K,26698
1,M23K,26699
1,M23K,26700
1,M23K,26701
1,M23K,26702
1,M23K,26703
1,M23K,26704
1,M23K,26705
1,M23K,26706
1,M23K,26707
1,M23K,26708
1,M23K,26709
1,M23K,26710
1,M23K,26711
1,M23K,26712
1,M23K,26713
1,M23K,26714
1,M23K,26715
1,M23K,26716
1,M23K,26717
1,M23K,26718
1,M23K,26719
1,M23K,26720
1,M23K,26721
1,M23K,26722
1,M23K,26723
1,M23K,26724
1,M23K,26725
1,M23K,26726
1,M23K,26727
1,M23K,26728
1,M23K,26729
1,M23K,26730
1,M23K,26731
1,M23K,26732
1,M23K,26733
1,M23K,26734
1,M23K,26735
1,M23K,26736
1,M23K,26737
1,M23K,26738
1,M23K,26739
1,M23K,26740
1,M23K,26741
1,M23K,26742
1,M23K,26743
1,M23K,26744
1,M23K,26745
1,M23K,26746
1,M23K,26747
1,M23K,26748
1,M23K,26749
1,M23K,26750
1,M23K,26751
1,M23K,26752
1,M23K,26753
1,M23K,26754
1,M23K,26755
1,M23K,26756
1,M23K,26757
1,M23K,26758
1,M23K,26759
1,M23K,26760
1,M23K,26761
1,M23K,26762
1,M23K,26763
1,M23K,26764
1,M23K,26765
1,M23K,26766
1,M23K,26767
1,M23K,26768
1,M23K,26769
1,M23K,26770
1,M23K,26771
1,M23K,26772
1,M23K,26773
1,M23K,26774
1,M23K,26775
1,M23K,26776
1,M23K,26777
1,M23K,26778
1,M23K,26779
1,M23K,26780
1,M23K,26781
1,M23K,26782
1,M23K,26783
1,M23K,26784
1,M23K,26785
1,M23K,26786
1,M23K,26787
1,M23K,26788
1,M23K,26789
1,M23K,26790
1,M23K,26791
1,M23K,26792
1,M23K,26793
1,M23K,26794
1,M23K,26795
1,M23K,26796
1,M23K,26797
1,M23K,26798
1,M23K,26799
1,M23K,26800
1,M23K,26801
1,M23K,26802
1,M23K,26803
1,M23K,26804
1,M23K,26805
1,M23K,26806
1,M23K,26807
1,M23K,26808
1,M23K,26809
1,M23K,26810
1,M23K,26811
1,M23K,26812
1,M23K,26813
1,M23K,26814
1,M23K,26815
1,M23K,26816
1,M23K,26817
1,M23K,26818
1,M23K,26819
1,M23K,26820
1,M23K,26821
1,M23K,26822
1,M23K,26823
1,M23K,26824
1,M23K,26825
1,M23K,26826
1,M23K,26827
1,M23K,26828
1,M23K,26829
1,M23K,26830
1,M23K,26831
1,M23K,26832
1,M23K,26833
1,M23K,26834
1,M23K,26835
1,M23K,26836
1,M23K,26837
1,M23K,26838
1,M23K,26839
1,M23K,26840
1,M23K,26841
1,M23K,26842
1,M23K,26843
1,M23K,26844
1,M23K,26845
1,M23K,26846
1,M23K,26847
1,M23K,26848
1,M23K,26849
1,M23K,26850
1,M23K,26851
1,M23K,26852
1,M23K,26853
1,M23K,26854
1,M23K,26855
1,M23K,26856
1,M23K,26857
1,M23K,26858
1,M23K,26859
1,M23K,26860
1,M23K,26861
1,M23K,26862
1,M23K,26863
1,M23K,26864
1,M23K,26865
1,M23K,26866
1,M23K,26867
1,M23K,26868
1,M23K,26869
1,M23K,26870
1,M23K,26871
1,M23K,26872
1,M23K,26873
1,M23K,26874
1,M23K,26875
1,M23K,26876
1,M23K,26877
1,M23K,26878
1,M23K,26879
1,M23K,26880
1,M23K,26881
1,M23K,26882
1,M23K,26883
1,M23K,26884
1,M23K,26885
1,M23K,26886
1,M23K,26887
1,M23K,26888
1,M23K,26889
1,M23K,26890
1,M23K,26891
1,M23K,26892
1,M23K,26893
1,M23K,26894
1,M23K,26895
1,M23K,26896
1,M23K,26897
1,M23K,26898
1,M23K,26899
1,M23K,26900
1,M23K,26901
1,M23K,26902
1,M23K,26903
1,M23K,26904
1,M23K,26905
1,M23K,26906
1,M23K,26907
1,M23K,26908
1,M23K,26909
1,M23K,26910
1,M23K,26911
1,M23K,26912
1,M23K,26913
1,M23K,26914
1,M23K,26915
1,M23K,26916
1,M23K,26917
1,M23K,26918
1,M23K,26919
1,M23K,26920
1,M23K,26921
1,M23K,26922
1,M23K,26923
1,M23K,26924
1,M23K,26925
1,M23K,26926
1,M23K,26927
1,M23K,26928
1,M23K,26929
1,M23K,26930
1,M23K,26931
1,M23K,26932
1,M23K,26933
1,M23K,26934
1,M23K,26935
1,M23K,26936
1,M23K,26937
1,M23K,26938
1,M23K,26939
1,M23K,26940
1,M23K,26941
1,M23K,26942
1,M23K,26943
1,M23K,26944
1,M23K,26945
1,M23K,26946
1,M23K,26947
1,M23K,26948
1,M23K,26949
1,M23K,26950
1,M23K,26951
1,M23K,26952
1,M23K,26953
1,M23K,26954
1,M23K,26955
1,M23K,26956
1,M23K,26957
1,M23K,26958
1,M23K,26959
1,M23K,26960
1,M23K,26961
1,M23K,26962
1,M23K,26963
1,M23K,26964
1,M23K,26965
1,M23K,26966
1,M23K,26967
1,M23K,26968
1,M23K,26969
1,M23K,26970
1,M23K,26971
1,M23K,26972
1,M23K,26973
1,M23K,26974
1,M23K,26975
1,M23K,26976
1,M23K,26977
1,M23K,26978
1,M23K,26979
1,M23K,26980
1,M23K,26981
1,M23K,26982
1,M23K,26983
1,M23K,26984
1,M23K,26985
1,M23K,26986
1,M23K,26987
1,M23K,26988
1,M23K,26989
1,M23K,26990
1,M23K,26991
1,M23K,26992
1,M23K,26993
1,M23K,26994
1,M23K,26995
1,M23K,26996
1,M23K,26997
1,M23K,26998
1,M23K,26999
1,M23K,27000
1,M23K,27001
1,M23K,27002
1,M23K,27003
1,M23K,27004
1,M23K,27005
1,M23K,27006
1,M23K,27007
1,M23K,27008
1,M23K,27009
1,M23K,27010
1,M23K,27011
1,M23K,27012
1,M23K,27013
1,M23K,27014
1,M23K,27015
1,M23K,27016
1,M23K,27017
1,M23K,27018
1,M23K,27019
1,M23K,27020
1,M23K,27021
1,M23K,27022
1,M23K,27023
1,M23K,27024
1,M23K,27025
1,M23K,27026
1,M23K,27027
1,M23K,27028
1,M23K,27029
1,M23K,27030
1,M23K,27031
1,M23K,27032
1,M23K,27033
1,M23K,27034
1,M23K,27035
1,M23K,27036
1,M23K,27037
1,M23K,27038
1,M23K,27039
1,M23K,27040
1,M23K,27041
1,M23K,27042
1,M23K,27043
1,M23K,27044
1,M23K,27045
1,M23K,27046
1,M23K,27047
1,M23K,27048
1,M23K,27049
1,M23K,27050
1,M23K,27051
1,M23K,27052
1,M23K,27053
1,M23K,27054
1,M23K,27055
1,M23K,27056
1,M23K,27057
1,M23K,27058
1,M23K,27059
1,M23K,27060
1,M23K,27061
1,M23K,27062
1,M23K,27063
1,M23K,27064
1,M23K,27065
1,M23K,27066
1,M23K,27067
1,M23K,27068
1,M23K,27069
1,M23K,27070
1,M23K,27071
1,M23K,27072
1,M23K,27073
1,M23K,27074
1,M23K,27075
1,M23K,27076
1,M23K,27077
1,M23K,27078
1,M23K,27079
1,M23K,27080
1,M23K,27081
1,M23K,27082
1,M23K,27083
1,M23K,27084
1,M23K,27085
1,M23K,27086
1,M23K,27087
0,M23K,27088
0,M23K,27089
0,M23K,27090
0,M23K,27091
0,M23K,27092
0,M23K,27093
0,M23K,27094
0,M23K,27095
0,M23K,27096
0,M23K,27097
0,M23K,27098
0,M23K,27099
0,M23K,27100
0,M23K,27101
0,M23K,27102
0,M23K,27103
0,M23K,27104
0,M23K,27105
0,M23K,27106
0,M23K,27107
0,M23K,27108
0,M23K,27109
0,M23K,27110
0,M23K,27111
0,M23K,27112
0,M23K,27113
0,M23K,27114
0,M23K,27115
0,M23K,27116
0,M23K,27117
0,M23K,27118
0,M23K,27119
0,M23K,27120
0,M23K,27121
0,M23K,27122
0,M23K,27123
0,M23K,27124
0,M23K,27125
0,M23K,27126
0,M23K,27127
0,M23K,27128
0,M23K,27129
0,M23K,27130
0,M23K,27131
0,M23K,27132
0,M23K,27133
0,M23K,27134
0,M23K,27135
0,M23K,27136
0,M23K,27137
0,M23K,27138
0,M23K,27139
0,M23K,27140
0,M23K,27141
0,M23K,27142
0,M23K,27143
0,M23K,27144
0,M23K,27145
0,M23K,27146
0,M23K,27147
0,M23K,27148
0,M23K,27149
0,M23K,27150
0,M23K,27151
0,M23K,27152
0,M23K,27153
0,M23K,27154
0,M23K,27155
0,M23K,27156
0,M23K,27157
0,M23K,27158
0,M23K,27159
0,M23K,27160
0,M23K,27161
0,M23K,27162
0,M23K,27163
0,M23K,27164
0,M23K,27165
0,M23K,27166
0,M23K,27167
0,M23K,27168
0,M23K,27169
0,M23K,27170
0,M23K,27171
0,M23K,27172
0,M23K,27173
0,M23K,27174
0,M23K,27175
0,M23K,27176
0,M23K,27177
0,M23K,27178
0,M23K,27179
0,M23K,27180
0,M23K,27181
0,M23K,27182
0,M23K,27183
0,M23K,27184
0,M23K,27185
0,M23K,27186
0,M23K,27187
0,M23K,27188
0,M23K,27189
0,M23K,27190
0,M23K,27191
0,M23K,27192
0,M23K,27193
0,M23K,27194
0,M23K,27195
0,M23K,27196
0,M23K,27197
0,M23K,27198
0,M23K,27199
0,M23K,27200
0,M23K,27201
0,M23K,27202
0,M23K,27203
0,M23K,27204
0,M23K,27205
0,M23K,27206
0,M23K,27207
0,M23K,27208
0,M23K,27209
0,M23K,27210
0,M23K,27211
0,M23K,27212
0,M23K,27213
0,M23K,27214
0,M23K,27215
0,M23K,27216
0,M23K,27217
0,M23K,27218
0,M23K,27219
0,M23K,27220
0,M23K,27221
0,M23K,27222
0,M23K,27223
0,M23K,27224
0,M23K,27225
0,M23K,27226
0,M23K,27227
0,M23K,27228
0,M23K,27229
0,M23K,27230
0,M23K,27231
0,M23K,27232
0,M23K,27233
0,M23K,27234
0,M23K,27235
0,M23K,27236
0,M23K,27237
0,M23K,27238
0,M23K,27239
0,M23K,27240
0,M23K,27241
0,M23K,27242
0,M23K,27243
0,M23K,27244
0,M23K,27245
0,M23K,27246
0,M23K,27247
0,M23K,27248
0,M23K,27249
0,M23K,27250
0,M23K,27251
0,M23K,27252
0,M23K,27253
0,M23K,27254
0,M23K,27255
0,M23K,27256
0,M23K,27257
0,M23K,27258
0,M23K,27259
0,M23K,27260
0,M23K,27261
0,M23K,27262
0,M23K,27263
0,M23K,27264
0,M23K,27265
0,M23K,27266
0,M23K,27267
0,M23K,27268
0,M23K,27269
0,M23K,27270
0,M23K,27271
0,M23K,27272
0,M23K,27273
0,M23K,27274
0,M23K,27275
0,M23K,27276
0,M23K,27277
0,M23K,27278
0,M23K,27279
0,M23K,27280
0,M23K,27281
0,M23K,27282
0,M23K,27283
0,M23K,27284
0,M23K,27285
0,M23K,27286
0,M23K,27287
0,M23K,27288
0,M23K,27289
0,M23K,27290
0,M23K,27291
0,M23K,27292
0,M23K,27293
0,M23K,27294
0,M23K,27295
0,M23K,27296
0,M23K,27297
0,M23K,27298
0,M23K,27299
0,M23K,27300
0,M23K,27301
0,M23K,27302
0,M23K,27303
0,M23K,27304
0,M23K,27305
0,M23K,27306
0,M23K,27307
0,M23K,27308
0,M23K,27309
0,M23K,27310
0,M23K,27311
0,M23K,27312
0,M23K,27313
0,M23K,27314
0,M23K,27315
0,M23K,27316
0,M23K,27317
0,M23K,27318
0,M23K,27319
0,M23K,27320
0,M23K,27321
0,M23K,27322
0,M23K,27323
0,M23K,27324
0,M23K,27325
0,M23K,27326
0,M23K,27327
0,M23K,27328
0,M23K,27329
0,M23K,27330
0,M23K,27331
0,M23K,27332
0,M23K,27333
0,M23K,27334
0,M23K,27335
0,M23K,27336
0,M23K,27337
0,M23K,27338
0,M23K,27339
0,M23K,27340
0,M23K,27341
0,M23K,27342
0,M23K,27343
0,M23K,27344
0,M23K,27345
0,M23K,27346
0,M23K,27347
0,M23K,27348
0,M23K,27349
0,M23K,27350
0,M23K,27351
0,M23K,27352
0,M23K,27353
0,M23K,27354
0,M23K,27355
0,M23K,27356
0,M23K,27357
0,M23K,27358
0,M23K,27359
0,M23K,27360
0,M23K,27361
0,M23K,27362
0,M23K,27363
0,M23K,27364
0,M23K,27365
0,M23K,27366
0,M23K,27367
0,M23K,27368
0,M23K,27369
0,M23K,27370
0,M23K,27371
0,M23K,27372
0,M23K,27373
0,M23K,27374
0,M23K,27375
0,M23K,27376
0,M23K,27377
0,M23K,27378
0,M23K,27379
0,M23K,27380
0,M23K,27381
0,M23K,27382
0,M23K,27383
0,M23K,27384
0,M23K,27385
0,M23K,27386
0,M23K,27387
0,M23K,27388
0,M23K,27389
0,M23K,27390
0,M23K,27391
0,M23K,27392
0,M23K,27393
0,M23K,27394
0,M23K,27395
0,M23K,27396
0,M23K,27397
0,M23K,27398
0,M23K,27399
0,M23K,27400
0,M23K,27401
0,M23K,27402
0,M23K,27403
0,M23K,27404
0,M23K,27405
0,M23K,27406
0,M23K,27407
0,M23K,27408
0,M23K,27409
0,M23K,27410
0,M23K,27411
0,M23K,27412
0,M23K,27413
0,M23K,27414
0,M23K,27415
0,M23K,27416
0,M23K,27417
0,M23K,27418
0,M23K,27419
0,M23K,27420
0,M23K,27421
0,M23K,27422
0,M23K,27423
0,M23K,27424
0,M23K,27425
0,M23K,27426
0,M23K,27427
0,M23K,27428
0,M23K,27429
0,M23K,27430
0,M23K,27431
0,M23K,27432
0,M23K,27433
0,M23K,27434
0,M23K,27435
0,M23K,27436
0,M23K,27437
0,M23K,27438
0,M23K,27439
0,M23K,27440
0,M23K,27441
0,M23K,27442
0,M23K,27443
0,M23K,27444
0,M23K,27445
0,M23K,27446
0,M23K,27447
0,M23K,27448
0,M23K,27449
0,M23K,27450
0,M23K,27451
0,M23K,27452
0,M23K,27453
0,M23K,27454
0,M23K,27455
0,M23K,27456
0,M23K,27457
0,M23K,27458
0,M23K,27459
0,M23K,27460
0,M23K,27461
0,M23K,27462
0,M23K,27463
0,M23K,27464
0,M23K,27465
0,M23K,27466
0,M23K,27467
0,M23K,27468
0,M23K,27469
0,M23K,27470
0,M23K,27471
0,M23K,27472
0,M23K,27473
0,M23K,27474
0,M23K,27475
0,M23K,27476
0,M23K,27477
0,M23K,27478
0,M23K,27479
0,M23K,27480
0,M23K,27481
0,M23K,27482
0,M23K,27483
0,M23K,27484
0,M23K,27485
0,M23K,27486
0,M23K,27487
0,M23K,27488
0,M23K,27489
0,M23K,27490
0,M23K,27491
0,M23K,27492
0,M23K,27493
0,M23K,27494
0,M23K,27495
0,M23K,27496
0,M23K,27497
0,M23K,27498
0,M23K,27499
0,M23K,27500
0,M23K,27501
0,M23K,27502
0,M23K,27503
0,M23K,27504
0,M23K,27505
0,M23K,27506
0,M23K,27507
0,M23K,27508
0,M23K,27509
0,M23K,27510
0,M23K,27511
0,M23K,27512
0,M23K,27513
0,M23K,27514
0,M23K,27515
0,M23K,27516
0,M23K,27517
0,M23K,27518
0,M23K,27519
0,M23K,27520
0,M23K,27521
0,M23K,27522
0,M23K,27523
0,M23K,27524
0,M23K,27525
0,M23K,27526
0,M23K,27527
0,M23K,27528
0,M23K,27529
0,M23K,27530
0,M23K,27531
0,M23K,27532
0,M23K,27533
0,M23K,27534
0,M23K,27535
0,M23K,27536
0,M23K,27537
0,M23K,27538
0,M23K,27539
0,M23K,27540
0,M23K,27541
0,M23K,27542
0,M23K,27543
0,M23K,27544
0,M23K,27545
0,M23K,27546
0,M23K,27547
0,M23K,27548
0,M23K,27549
0,M23K,27550
0,M23K,27551
0,M23K,27552
0,M23K,27553
0,M23K,27554
0,M23K,27555
0,M23K,27556
0,M23K,27557
0,M23K,27558
0,M23K,27559
0,M23K,27560
0,M23K,27561
0,M23K,27562
0,M23K,27563
0,M23K,27564
0,M23K,27565
0,M23K,27566
0,M23K,27567
0,M23K,27568
0,M23K,27569
0,M23K,27570
0,M23K,27571
0,M23K,27572
0,M23K,27573
0,M23K,27574
0,M23K,27575
0,M23K,27576
0,M23K,27577
0,M23K,27578
0,M23K,27579
0,M23K,27580
0,M23K,27581
0,M23K,27582
0,M23K,27583
0,M23K,27584
0,M23K,27585
0,M23K,27586
0,M23K,27587
0,M23K,27588
0,M23K,27589
0,M23K,27590
0,M23K,27591
0,M23K,27592
0,M23K,27593
0,M23K,27594
0,M23K,27595
0,M23K,27596
0,M23K,27597
0,M23K,27598
0,M23K,27599
0,M23K,27600
0,M23K,27601
0,M23K,27602
0,M23K,27603
0,M23K,27604
0,M23K,27605
0,M23K,27606
0,M23K,27607
0,M23K,27608
0,M23K,27609
0,M23K,27610
0,M23K,27611
0,M23K,27612
0,M23K,27613
0,M23K,27614
0,M23K,27615
0,M23K,27616
0,M23K,27617
0,M23K,27618
0,M23K,27619
0,M23K,27620
0,M23K,27621
0,M23K,27622
0,M23K,27623
0,M23K,27624
0,M23K,27625
0,M23K,27626
0,M23K,27627
0,M23K,27628
0,M23K,27629
0,M23K,27630
0,M23K,27631
0,M23K,27632
0,M23K,27633
0,M23K,27634
0,M23K,27635
0,M23K,27636
0,M23K,27637
0,M23K,27638
0,M23K,27639
0,M23K,27640
0,M23K,27641
0,M23K,27642
0,M23K,27643
0,M23K,27644
0,M23K,27645
0,M23K,27646
0,M23K,27647
0,M23K,27648
0,M23K,27649
0,M23K,27650
0,M23K,27651
0,M23K,27652
0,M23K,27653
0,M23K,27654
0,M23K,27655
0,M23K,27656
0,M23K,27657
0,M23K,27658
0,M23K,27659
0,M23K,27660
0,M23K,27661
0,M23K,27662
0,M23K,27663
0,M23K,27664
0,M23K,27665
0,M23K,27666
0,M23K,27667
0,M23K,27668
0,M23K,27669
0,M23K,27670
0,M23K,27671
0,M23K,27672
0,M23K,27673
0,M23K,27674
0,M23K,27675
0,M23K,27676
0,M23K,27677
0,M23K,27678
0,M23K,27679
0,M23K,27680
0,M23K,27681
0,M23K,27682
0,M23K,27683
0,M23K,27684
0,M23K,27685
0,M23K,27686
0,M23K,27687
0,M23K,27688
0,M23K,27689
0,M23K,27690
0,M23K,27691
0,M23K,27692
0,M23K,27693
0,M23K,27694
0,M23K,27695
0,M23K,27696
0,M23K,27697
0,M23K,27698
0,M23K,27699
0,M23K,27700
0,M23K,27701
0,M23K,27702
0,M23K,27703
0,M23K,27704
0,M23K,27705
0,M23K,27706
0,M23K,27707
0,M23K,27708
0,M23K,27709
0,M23K,27710
0,M23K,27711
0,M23K,27712
0,M23K,27713
0,M23K,27714
0,M23K,27715
0,M23K,27716
0,M23K,27717
0,M23K,27718
0,M23K,27719
0,M23K,27720
0,M23K,27721
0,M23K,27722
0,M23K,27723
0,M23K,27724
0,M23K,27725
0,M23K,27726
0,M23K,27727
0,M23K,27728
0,M23K,27729
0,M23K,27730
0,M23K,27731
0,M23K,27732
0,M23K,27733
0,M23K,27734
0,M23K,27735
0,M23K,27736
0,M23K,27737
0,M23K,27738
0,M23K,27739
0,M23K,27740
0,M23K,27741
0,M23K,27742
0,M23K,27743
0,M23K,27744
0,M23K,27745
0,M23K,27746
0,M23K,27747
0,M23K,27748
0,M23K,27749
0,M23K,27750
0,M23K,27751
0,M23K,27752
0,M23K,27753
0,M23K,27754
0,M23K,27755
0,M23K,27756
0,M23K,27757
0,M23K,27758
0,M23K,27759
0,M23K,27760
0,M23K,27761
0,M23K,27762
0,M23K,27763
0,M23K,27764
0,M23K,27765
0,M23K,27766
0,M23K,27767
0,M23K,27768
0,M23K,27769
0,M23K,27770
0,M23K,27771
0,M23K,27772
0,M23K,27773
0,M23K,27774
0,M23K,27775
0,M23K,27776
0,M23K,27777
0,M23K,27778
0,M23K,27779
0,M23K,27780
0,M23K,27781
0,M23K,27782
0,M23K,27783
0,M23K,27784
0,M23K,27785
0,M23K,27786
0,M23K,27787
0,M23K,27788
0,M23K,27789
0,M23K,27790
0,M23K,27791
0,M23K,27792
0,M23K,27793
0,M23K,27794
0,M23K,27795
0,M23K,27796
0,M23K,27797
0,M23K,27798
0,M23K,27799
0,M23K,27800
0,M23K,27801
0,M23K,27802
0,M23K,27803
0,M23K,27804
0,M23K,27805
0,M23K,27806
0,M23K,27807
0,M23K,27808
0,M23K,27809
0,M23K,27810
0,M23K,27811
0,M23K,27812
0,M23K,27813
0,M23K,27814
0,M23K,27815
0,M23K,27816
0,M23K,27817
0,M23K,27818
0,M23K,27819
0,M23K,27820
0,M23K,27821
0,M23K,27822
0,M23K,27823
0,M23K,27824
0,M23K,27825
0,M23K,27826
0,M23K,27827
0,M23K,27828
0,M23K,27829
0,M23K,27830
0,M23K,27831
0,M23K,27832
0,M23K,27833
0,M23K,27834
0,M23K,27835
0,M23K,27836
0,M23K,27837
0,M23K,27838
0,M23K,27839
0,M23K,27840
0,M23K,27841
0,M23K,27842
0,M23K,27843
0,M23K,27844
0,M23K,27845
0,M23K,27846
0,M23K,27847
0,M23K,27848
0,M23K,27849
0,M23K,27850
0,M23K,27851
0,M23K,27852
0,M23K,27853
0,M23K,27854
0,M23K,27855
0,M23K,27856
0,M23K,27857
0,M23K,27858
0,M23K,27859
0,M23K,27860
0,M23K,27861
0,M23K,27862
0,M23K,27863
0,M23K,27864
0,M23K,27865
0,M23K,27866
0,M23K,27867
0,M23K,27868
0,M23K,27869
0,M23K,27870
0,M23K,27871
0,M23K,27872
0,M23K,27873
0,M23K,27874
0,M23K,27875
0,M23K,27876
0,M23K,27877
0,M23K,27878
0,M23K,27879
0,M23K,27880
0,M23K,27881
0,M23K,27882
0,M23K,27883
0,M23K,27884
0,M23K,27885
0,M23K,27886
0,M23K,27887
0,M23K,27888
0,M23K,27889
0,M23K,27890
0,M23K,27891
0,M23K,27892
0,M23K,27893
0,M23K,27894
0,M23K,27895
0,M23K,27896
0,M23K,27897
0,M23K,27898
0,M23K,27899
0,M23K,27900
0,M23K,27901
0,M23K,27902
0,M23K,27903
0,M23K,27904
0,M23K,27905
0,M23K,27906
0,M23K,27907
0,M23K,27908
0,M23K,27909
0,M23K,27910
0,M23K,27911
0,M23K,27912
0,M23K,27913
0,M23K,27914
0,M23K,27915
0,M23K,27916
0,M23K,27917
0,M23K,27918
0,M23K,27919
0,M23K,27920
0,M23K,27921
0,M23K,27922
0,M23K,27923
0,M23K,27924
0,M23K,27925
0,M23K,27926
0,M23K,27927
0,M23K,27928
0,M23K,27929
0,M23K,27930
0,M23K,27931
0,M23K,27932
0,M23K,27933
0,M23K,27934
0,M23K,27935
0,M23K,27936
0,M23K,27937
0,M23K,27938
0,M23K,27939
0,M23K,27940
0,M23K,27941
0,M23K,27942
0,M23K,27943
0,M23K,27944
0,M23K,27945
0,M23K,27946
0,M23K,27947
0,M23K,27948
0,M23K,27949
0,M23K,27950
0,M23K,27951
0,M23K,27952
0,M23K,27953
0,M23K,27954
0,M23K,27955
0,M23K,27956
0,M23K,27957
0,M23K,27958
0,M23K,27959
0,M23K,27960
0,M23K,27961
0,M23K,27962
0,M23K,27963
0,M23K,27964
0,M23K,27965
0,M23K,27966
0,M23K,27967
0,M23K,27968
0,M23K,27969
0,M23K,27970
0,M23K,27971
0,M23K,27972
0,M23K,27973
0,M23K,27974
0,M23K,27975
0,M23K,27976
0,M23K,27977
0,M23K,27978
0,M23K,27979
0,M23K,27980
0,M23K,27981
0,M23K,27982
0,M23K,27983
0,M23K,27984
0,M23K,27985
0,M23K,27986
0,M23K,27987
0,M23K,27988
0,M23K,27989
0,M23K,27990
0,M23K,27991
0,M23K,27992
0,M23K,27993
0,M23K,27994
0,M23K,27995
0,M23K,27996
0,M23K,27997
0,M23K,27998
0,M23K,27999
0,M23K,28000
0,M23K,28001
0,M23K,28002
0,M23K,28003
0,M23K,28004
0,M23K,28005
0,M23K,28006
0,M23K,28007
0,M23K,28008
0,M23K,28009
0,M23K,28010
0,M23K,28011
0,M23K,28012
0,M23K,28013
0,M23K,28014
0,M23K,28015
0,M23K,28016
0,M23K,28017
0,M23K,28018
0,M23K,28019
0,M23K,28020
0,M23K,28021
0,M23K,28022
0,M23K,28023
0,M23K,28024
0,M23K,28025
0,M23K,28026
0,M23K,28027
0,M23K,28028
0,M23K,28029
0,M23K,28030
0,M23K,28031
0,M23K,28032
0,M23K,28033
0,M23K,28034
0,M23K,28035
0,M23K,28036
0,M23K,28037
0,M23K,28038
0,M23K,28039
0,M23K,28040
0,M23K,28041
0,M23K,28042
0,M23K,28043
0,M23K,28044
0,M23K,28045
0,M23K,28046
0,M23K,28047
0,M23K,28048
0,M23K,28049
0,M23K,28050
0,M23K,28051
0,M23K,28052
0,M23K,28053
0,M23K,28054
0,M23K,28055
0,M23K,28056
0,M23K,28057
0,M23K,28058
0,M23K,28059
0,M23K,28060
0,M23K,28061
0,M23K,28062
0,M23K,28063
0,M23K,28064
0,M23K,28065
0,M23K,28066
0,M23K,28067
0,M23K,28068
0,M23K,28069
0,M23K,28070
0,M23K,28071
0,M23K,28072
0,M23K,28073
0,M23K,28074
0,M23K,28075
0,M23K,28076
0,M23K,28077
0,M23K,28078
0,M23K,28079
0,M23K,28080
0,M23K,28081
0,M23K,28082
0,M23K,28083
0,M23K,28084
0,M23K,28085
0,M23K,28086
0,M23K,28087
0,M23K,28088
0,M23K,28089
0,M23K,28090
0,M23K,28091
0,M23K,28092
0,M23K,28093
1,SAW,32997
1,SAW,32998
1,SAW,32999
1,SAW,33000
1,SAW,33001
1,SAW,33002
1,SAW,33003
1,SAW,33004
1,SAW,33005
1,SAW,33006
1,SAW,33007
1,SAW,33008
1,SAW,33009
1,SAW,33010
1,SAW,33011
1,SAW,33012
1,SAW,33013
1,SAW,33014
1,SAW,33015
1,SAW,33016
1,SAW,33017
1,SAW,33018
1,SAW,33019
1,SAW,33020
1,SAW,33021
1,SAW,33022
1,SAW,33023
1,SAW,33024
1,SAW,33025
1,SAW,33026
1,SAW,33027
1,SAW,33028
1,SAW,33029
1,SAW,33030
1,SAW,33031
1,SAW,33032
1,SAW,33033
1,SAW,33034
1,SAW,33035
1,SAW,33036
1,SAW,33037
1,SAW,33038
1,SAW,33039
1,SAW,33040
1,SAW,33041
1,SAW,33042
1,SAW,33043
1,SAW,33044
1,SAW,33045
1,SAW,33046
1,SAW,33047
1,SAW,33048
1,SAW,33049
1,SAW,33050
1,SAW,33051
1,SAW,33052
1,SAW,33053
1,SAW,33054
1,SAW,33055
1,SAW,33056
1,SAW,33057
1,SAW,33058
1,SAW,33059
1,SAW,33060
1,SAW,33061
1,SAW,33062
1,SAW,33063
1,SAW,33064
1,SAW,33065
1,SAW,33066
1,SAW,33067
1,SAW,33068
1,SAW,33069
1,SAW,33070
1,SAW,33071
1,SAW,33072
1,SAW,33073
1,SAW,33074
1,SAW,33075
1,SAW,33076
1,SAW,33077
1,SAW,33078
1,SAW,33079
1,SAW,33080
1,SAW,33081
1,SAW,33082
1,SAW,33083
1,SAW,33084
1,SAW,33085
1,SAW,33086
1,SAW,33087
1,SAW,33088
1,SAW,33089
1,SAW,33090
1,SAW,33091
1,SAW,33092
1,SAW,33093
1,SAW,33094
1,SAW,33095
1,SAW,33096
1,SAW,33097
1,SAW,33098
1,SAW,33099
1,SAW,33100
1,SAW,33101
1,SAW,33102
1,SAW,33103
1,SAW,33104
1,SAW,33105
1,SAW,33106
1,SAW,33107
1,SAW,33108
1,SAW,33109
1,SAW,33110
1,SAW,33111
1,SAW,33112
1,SAW,33113
1,SAW,33114
1,SAW,33115
1,SAW,33116
1,SAW,33117
1,SAW,33118
1,SAW,33119
1,SAW,33120
1,SAW,33121
1,SAW,33122
1,SAW,33123
1,SAW,33124
1,SAW,33125
1,SAW,33126
1,SAW,33127
1,SAW,33128
1,SAW,33129
1,SAW,33130
1,SAW,33131
1,SAW,33132
1,SAW,33133
1,SAW,33134
1,SAW,33135
1,SAW,33136
1,SAW,33137
1,SAW,33138
1,SAW,33139
1,SAW,33140
1,SAW,33141
1,SAW,33142
1,SAW,33143
1,SAW,33144
1,SAW,33145
1,SAW,33146
1,SAW,33147
1,SAW,33148
1,SAW,33149
1,SAW,33150
1,SAW,33151
1,SAW,33152
1,SAW,33153
1,SAW,33154
1,SAW,33155
1,SAW,33156
1,SAW,33157
1,SAW,33158
1,SAW,33159
1,SAW,33160
1,SAW,33161
1,SAW,33162
1,SAW,33163
1,SAW,33164
1,SAW,33165
1,SAW,33166
1,SAW,33167
1,SAW,33168
1,SAW,33169
1,SAW,33170
1,SAW,33171
1,SAW,33172
1,SAW,33173
1,SAW,33174
1,SAW,33175
1,SAW,33176
1,SAW,33177
1,SAW,33178
1,SAW,33179
1,SAW,33180
1,SAW,33181
1,SAW,33182
1,SAW,33183
1,SAW,33184
1,SAW,33185
1,SAW,33186
1,SAW,33187
1,SAW,33188
1,SAW,33189
1,SAW,33190
1,SAW,33191
1,SAW,33192
1,SAW,33193
1,SAW,33194
1,SAW,33195
1,SAW,33196
1,SAW,33197
1,SAW,33198
1,SAW,33199
1,SAW,33200
1,SAW,33201
1,SAW,33202
1,SAW,33203
1,SAW,33204
1,SAW,33205
1,SAW,33206
1,SAW,33207
1,SAW,33208
1,SAW,33209
1,SAW,33210
1,SAW,33211
1,SAW,33212
1,SAW,33213
1,SAW,33214
1,SAW,33215
1,SAW,33216
1,SAW,33217
1,SAW,33218
1,SAW,33219
1,SAW,33220
1,SAW,33221
1,SAW,33222
1,SAW,33223
1,SAW,33224
1,SAW,33225
1,SAW,33226
1,SAW,33227
1,SAW,33228
1,SAW,33229
1,SAW,33230
1,SAW,33231
1,SAW,33232
1,SAW,33233
1,SAW,33234
1,SAW,33235
1,SAW,33236
1,SAW,33237
1,SAW,33238
1,SAW,33239
1,SAW,33240
1,SAW,33241
1,SAW,33242
1,SAW,33243
1,SAW,33244
1,SAW,33245
1,SAW,33246
1,SAW,33247
1,SAW,33248
1,SAW,33249
1,SAW,33250
1,SAW,33251
1,SAW,33252
1,SAW,33253
1,SAW,33254
1,SAW,33255
1,SAW,33256
1,SAW,33257
1,SAW,33258
1,SAW,33259
1,SAW,33260
1,SAW,33261
1,SAW,33262
1,SAW,33263
1,SAW,33264
1,SAW,33265
1,SAW,33266
1,SAW,33267
1,SAW,33268
1,SAW,33269
1,SAW,33270
1,SAW,33271
1,SAW,33272
1,SAW,33273
1,SAW,33274
1,SAW,33275
1,SAW,33276
1,SAW,33277
1,SAW,33278
1,SAW,33279
1,SAW,33280
1,SAW,33281
1,SAW,33282
1,SAW,33283
1,SAW,33284
1,SAW,33285
1,SAW,33286
1,SAW,33287
1,SAW,33288
1,SAW,33289
1,SAW,33290
1,SAW,33291
1,SAW,33292
1,SAW,33293
1,SAW,33294
1,SAW,33295
1,SAW,33296
1,SAW,33297
1,SAW,33298
1,SAW,33299
1,SAW,33300
1,SAW,33301
1,SAW,33302
1,SAW,33303
1,SAW,33304
1,SAW,33305
1,SAW,33306
1,SAW,33307
1,SAW,33308
1,SAW,33309
1,SAW,33310
1,SAW,33311
1,SAW,33312
1,SAW,33313
1,SAW,33314
1,SAW,33315
1,SAW,33316
1,SAW,33317
1,SAW,33318
1,SAW,33319
1,SAW,33320
1,SAW,33321
1,SAW,33322
1,SAW,33323
1,SAW,33324
1,SAW,33325
1,SAW,33326
1,SAW,33327
1,SAW,33328
1,SAW,33329
1,SAW,33330
1,SAW,33331
1,SAW,33332
1,SAW,33333
1,SAW,33334
1,SAW,33335
1,SAW,33336
1,SAW,33337
1,SAW,33338
1,SAW,33339
1,SAW,33340
1,SAW,33341
1,SAW,33342
1,SAW,33343
1,SAW,33344
1,SAW,33345
1,SAW,33346
1,SAW,33347
1,SAW,33348
1,SAW,33349
1,SAW,33350
1,SAW,33351
1,SAW,33352
1,SAW,33353
1,SAW,33354
1,SAW,33355
1,SAW,33356
1,SAW,33357
1,SAW,33358
1,SAW,33359
1,SAW,33360
1,SAW,33361
1,SAW,33362
1,SAW,33363
1,SAW,33364
1,SAW,33365
1,SAW,33366
1,SAW,33367
1,SAW,33368
1,SAW,33369
1,SAW,33370
1,SAW,33371
1,SAW,33372
1,SAW,33373
1,SAW,33374
1,SAW,33375
1,SAW,33376
1,SAW,33377
1,SAW,33378
1,SAW,33379
1,SAW,33380
1,SAW,33381
1,SAW,33382
1,SAW,33383
1,SAW,33384
1,SAW,33385
1,SAW,33386
1,SAW,33387
1,SAW,33388
1,SAW,33389
1,SAW,33390
1,SAW,33391
1,SAW,33392
1,SAW,33393
1,SAW,33394
1,SAW,33395
1,SAW,33396
1,SAW,33397
1,SAW,33398
1,SAW,33399
1,SAW,33400
1,SAW,33401
1,SAW,33402
1,SAW,33403
1,SAW,33404
1,SAW,33405
1,SAW,33406
1,SAW,33407
1,SAW,33408
1,SAW,33409
1,SAW,33410
1,SAW,33411
1,SAW,33412
1,SAW,33413
1,SAW,33414
1,SAW,33415
1,SAW,33416
1,SAW,33417
1,SAW,33418
1,SAW,33419
1,SAW,33420
1,SAW,33421
1,SAW,33422
1,SAW,33423
1,SAW,33424
1,SAW,33425
1,SAW,33426
1,SAW,33427
1,SAW,33428
1,SAW,33429
1,SAW,33430
1,SAW,33431
1,SAW,33432
1,SAW,33433
1,SAW,33434
1,SAW,33435
1,SAW,33436
1,SAW,33437
1,SAW,33438
1,SAW,33439
1,SAW,33440
1,SAW,33441
1,SAW,33442
1,SAW,33443
1,SAW,33444
1,SAW,33445
1,SAW,33446
1,SAW,33447
1,SAW,33448
1,SAW,33449
1,SAW,33450
1,SAW,33451
1,SAW,33452
1,SAW,33453
1,SAW,33454
1,SAW,33455
1,SAW,33456
1,SAW,33457
1,SAW,33458
1,SAW,33459
1,SAW,33460
1,SAW,33461
1,SAW,33462
1,SAW,33463
1,SAW,33464
1,SAW,33465
1,SAW,33466
1,SAW,33467
1,SAW,33468
1,SAW,33469
1,SAW,33470
1,SAW,33471
1,SAW,33472
1,SAW,33473
1,SAW,33474
1,SAW,33475
1,SAW,33476
1,SAW,33477
1,SAW,33478
1,SAW,33479
1,SAW,33480
1,SAW,33481
1,SAW,33482
1,SAW,33483
1,SAW,33484
1,SAW,33485
1,SAW,33486
1,SAW,33487
1,SAW,33488
1,SAW,33489
1,SAW,33490
1,SAW,33491
1,SAW,33492
1,SAW,33493
1,SAW,33494
1,SAW,33495
1,SAW,33496
1,SAW,33497
1,SAW,33498
1,SAW,33499
1,SAW,33500
1,SAW,33501
1,SAW,33502
1,SAW,33503
1,SAW,33504
1,SAW,33505
1,SAW,33506
1,SAW,33507
1,SAW,33508
1,SAW,33509
1,SAW,33510
1,SAW,33511
1,SAW,33512
1,SAW,33513
1,SAW,33514
1,SAW,33515
1,SAW,33516
1,SAW,33517
1,SAW,33518
1,SAW,33519
1,SAW,33520
1,SAW,33521
1,SAW,33522
1,SAW,33523
1,SAW,33524
1,SAW,33525
1,SAW,33526
1,SAW,33527
1,SAW,33528
1,SAW,33529
1,SAW,33530
1,SAW,33531
1,SAW,33532
1,SAW,33533
1,SAW,33534
1,SAW,33535
1,SAW,33536
1,SAW,33537
1,SAW,33538
1,SAW,33539
1,SAW,33540
1,SAW,33541
1,SAW,33542
1,SAW,33543
1,SAW,33544
1,SAW,33545
1,SAW,33546
1,SAW,33547
1,SAW,33548
1,SAW,33549
1,SAW,33550
1,SAW,33551
1,SAW,33552
1,SAW,33553
1,SAW,33554
1,SAW,33555
1,SAW,33556
1,SAW,33557
1,SAW,33558
1,SAW,33559
1,SAW,33560
1,SAW,33561
1,SAW,33562
1,SAW,33563
1,SAW,33564
1,SAW,33565
1,SAW,33566
1,SAW,33567
1,SAW,33568
1,SAW,33569
1,SAW,33570
1,SAW,33571
1,SAW,33572
1,SAW,33573
1,SAW,33574
1,SAW,33575
1,SAW,33576
1,SAW,33577
1,SAW,33578
1,SAW,33579
1,SAW,33580
1,SAW,33581
1,SAW,33582
1,SAW,33583
1,SAW,33584
1,SAW,33585
1,SAW,33586
1,SAW,33587
1,SAW,33588
1,SAW,33589
1,SAW,33590
1,SAW,33591
1,SAW,33592
1,SAW,33593
1,SAW,33594
1,SAW,33595
1,SAW,33596
1,SAW,33597
1,SAW,33598
1,SAW,33599
1,SAW,33600
1,SAW,33601
1,SAW,33602
1,SAW,33603
1,SAW,33604
1,SAW,33605
1,SAW,33606
1,SAW,33607
1,SAW,33608
1,SAW,33609
1,SAW,33610
1,SAW,33611
1,SAW,33612
1,SAW,33613
1,SAW,33614
1,SAW,33615
1,SAW,33616
1,SAW,33617
1,SAW,33618
1,SAW,33619
1,SAW,33620
1,SAW,33621
1,SAW,33622
1,SAW,33623
1,SAW,33624
1,SAW,33625
1,SAW,33626
1,SAW,33627
1,SAW,33628
1,SAW,33629
1,SAW,33630
1,SAW,33631
1,SAW,33632
1,SAW,33633
1,SAW,33634
1,SAW,33635
1,SAW,33636
1,SAW,33637
1,SAW,33638
1,SAW,33639
1,SAW,33640
1,SAW,33641
1,SAW,33642
1,SAW,33643
1,SAW,33644
1,SAW,33645
1,SAW,33646
1,SAW,33647
1,SAW,33648
1,SAW,33649
1,SAW,33650
1,SAW,33651
1,SAW,33652
1,SAW,33653
1,SAW,33654
1,SAW,33655
1,SAW,33656
1,SAW,33657
1,SAW,33658
1,SAW,33659
1,SAW,33660
1,SAW,33661
1,SAW,33662
1,SAW,33663
1,SAW,33664
1,SAW,33665
1,SAW,33666
1,SAW,33667
1,SAW,33668
1,SAW,33669
1,SAW,33670
1,SAW,33671
1,SAW,33672
1,SAW,33673
1,SAW,33674
1,SAW,33675
1,SAW,33676
1,SAW,33677
1,SAW,33678
1,SAW,33679
1,SAW,33680
1,SAW,33681
1,SAW,33682
1,SAW,33683
1,SAW,33684
1,SAW,33685
1,SAW,33686
1,SAW,33687
1,SAW,33688
1,SAW,33689
1,SAW,33690
1,SAW,33691
1,SAW,33692
1,SAW,33693
1,SAW,33694
1,SAW,33695
1,SAW,33696
1,SAW,33697
1,SAW,33698
1,SAW,33699
1,SAW,33700
1,SAW,33701
1,SAW,33702
1,SAW,33703
1,SAW,33704
1,SAW,33705
1,SAW,33706
1,SAW,33707
1,SAW,33708
1,SAW,33709
1,SAW,33710
1,SAW,33711
1,SAW,33712
1,SAW,33713
1,SAW,33714
1,SAW,33715
1,SAW,33716
1,SAW,33717
1,SAW,33718
1,SAW,33719
1,SAW,33720
1,SAW,33721
1,SAW,33722
1,SAW,33723
1,SAW,33724
1,SAW,33725
1,SAW,33726
1,SAW,33727
1,SAW,33728
1,SAW,33729
1,SAW,33730
1,SAW,33731
1,SAW,33732
1,SAW,33733
1,SAW,33734
1,SAW,33735
1,SAW,33736
1,SAW,33737
1,SAW,33738
1,SAW,33739
1,SAW,33740
1,SAW,33741
1,SAW,33742
1,SAW,33743
1,SAW,33744
1,SAW,33745
1,SAW,33746
1,SAW,33747
1,SAW,33748
1,SAW,33749
1,SAW,33750
1,SAW,33751
1,SAW,33752
1,SAW,33753
1,SAW,33754
1,SAW,33755
1,SAW,33756
1,SAW,33757
1,SAW,33758
1,SAW,33759
1,SAW,33760
1,SAW,33761
1,SAW,33762
1,SAW,33763
1,SAW,33764
1,SAW,33765
1,SAW,33766
1,SAW,33767
1,SAW,33768
1,SAW,33769
1,SAW,33770
1,SAW,33771
1,SAW,33772
1,SAW,33773
1,SAW,33774
1,SAW,33775
1,SAW,33776
1,SAW,33777
1,SAW,33778
1,SAW,33779
1,SAW,33780
1,SAW,33781
1,SAW,33782
1,SAW,33783
1,SAW,33784
1,SAW,33785
1,SAW,33786
1,SAW,33787
1,SAW,33788
1,SAW,33789
1,SAW,33790
1,SAW,33791
1,SAW,33792
1,SAW,33793
1,SAW,33794
1,SAW,33795
1,SAW,33796
1,SAW,33797
1,SAW,33798
1,SAW,33799
1,SAW,33800
1,SAW,33801
1,SAW,33802
1,SAW,33803
1,SAW,33804
1,SAW,33805
1,SAW,33806
1,SAW,33807
1,SAW,33808
1,SAW,33809
1,SAW,33810
1,SAW,33811
1,SAW,33812
1,SAW,33813
1,SAW,33814
1,SAW,33815
1,SAW,33816
1,SAW,33817
1,SAW,33818
1,SAW,33819
1,SAW,33820
1,SAW,33821
1,SAW,33822
1,SAW,33823
1,SAW,33824
1,SAW,33825
1,SAW,33826
1,SAW,33827
1,SAW,33828
1,SAW,33829
1,SAW,33830
1,SAW,33831
1,SAW,33832
1,SAW,33833
1,SAW,33834
1,SAW,33835
1,SAW,33836
1,SAW,33837
1,SAW,33838
1,SAW,33839
1,SAW,33840
1,SAW,33841
1,SAW,33842
1,SAW,33843
1,SAW,33844
1,SAW,33845
1,SAW,33846
1,SAW,33847
1,SAW,33848
1,SAW,33849
1,SAW,33850
1,SAW,33851
1,SAW,33852
1,SAW,33853
1,SAW,33854
1,SAW,33855
1,SAW,33856
1,SAW,33857
1,SAW,33858
1,SAW,33859
1,SAW,33860
1,SAW,33861
1,SAW,33862
1,SAW,33863
1,SAW,33864
1,SAW,33865
1,SAW,33866
1,SAW,33867
1,SAW,33868
1,SAW,33869
1,SAW,33870
1,SAW,33871
1,SAW,33872
1,SAW,33873
1,SAW,33874
1,SAW,33875
1,SAW,33876
1,SAW,33877
1,SAW,33878
1,SAW,33879
1,SAW,33880
1,SAW,33881
1,SAW,33882
1,SAW,33883
1,SAW,33884
1,SAW,33885
1,SAW,33886
1,SAW,33887
1,SAW,33888
1,SAW,33889
1,SAW,33890
1,SAW,33891
1,SAW,33892
1,SAW,33893
1,SAW,33894
1,SAW,33895
1,SAW,33896
1,SAW,33897
1,SAW,33898
1,SAW,33899
1,SAW,33900
1,SAW,33901
1,SAW,33902
1,SAW,33903
1,SAW,33904
1,SAW,33905
1,SAW,33906
1,SAW,33907
1,SAW,33908
1,SAW,33909
1,SAW,33910
1,SAW,33911
1,SAW,33912
1,SAW,33913
1,SAW,33914
1,SAW,33915
1,SAW,33916
1,SAW,33917
1,SAW,33918
1,SAW,33919
1,SAW,33920
1,SAW,33921
1,SAW,33922
1,SAW,33923
1,SAW,33924
1,SAW,33925
1,SAW,33926
1,SAW,33927
1,SAW,33928
1,SAW,33929
1,SAW,33930
1,SAW,33931
1,SAW,33932
1,SAW,33933
1,SAW,33934
1,SAW,33935
1,SAW,33936
1,SAW,33937
1,SAW,33938
1,SAW,33939
1,SAW,33940
1,SAW,33941
1,SAW,33942
1,SAW,33943
1,SAW,33944
1,SAW,33945
1,SAW,33946
1,SAW,33947
1,SAW,33948
1,SAW,33949
1,SAW,33950
1,SAW,33951
1,SAW,33952
1,SAW,33953
1,SAW,33954
1,SAW,33955
1,SAW,33956
1,SAW,33957
1,SAW,33958
1,SAW,33959
1,SAW,33960
1,SAW,33961
1,SAW,33962
1,SAW,33963
1,SAW,33964
1,SAW,33965
1,SAW,33966
1,SAW,33967
1,SAW,33968
1,SAW,33969
1,SAW,33970
1,SAW,33971
1,SAW,33972
1,SAW,33973
1,SAW,33974
1,SAW,33975
1,SAW,33976
1,SAW,33977
1,SAW,33978
1,SAW,33979
1,SAW,33980
1,SAW,33981
1,SAW,33982
1,SAW,33983
1,SAW,33984
1,SAW,33985
1,SAW,33986
1,SAW,33987
1,SAW,33988
1,SAW,33989
1,SAW,33990
1,SAW,33991
1,SAW,33992
1,SAW,33993
1,SAW,33994
1,SAW,33995
1,SAW,33996
1,SAW,33997
1,SAW,33998
1,SAW,33999
1,SAW,34000
1,SAW,34001
1,SAW,34002
1,SAW,34003
1,SAW,34004
1,SAW,34005
1,SAW,34006
1,SAW,34007
1,SAW,34008
1,SAW,34009
1,SAW,34010
1,SAW,34011
1,SAW,34012
1,SAW,34013
1,SAW,34014
1,SAW,34015
1,SAW,34016
1,SAW,34017
1,SAW,34018
1,SAW,34019
1,SAW,34020
1,SAW,34021
1,SAW,34022
1,SAW,34023
1,SAW,34024
1,SAW,34025
1,SAW,34026
1,SAW,34027
1,SAW,34028
1,SAW,34029
1,SAW,34030
1,SAW,34031
1,SAW,34032
1,SAW,34033
1,SAW,34034
1,SAW,34035
1,SAW,34036
1,SAW,34037
1,SAW,34038
1,SAW,34039
1,SAW,34040
1,SAW,34041
1,SAW,34042
1,SAW,34043
1,SAW,34044
1,SAW,34045
1,SAW,34046
1,SAW,34047
1,SAW,34048
1,SAW,34049
1,SAW,34050
1,SAW,34051
1,SAW,34052
1,SAW,34053
1,SAW,34054
1,SAW,34055
1,SAW,34056
1,SAW,34057
1,SAW,34058
1,SAW,34059
1,SAW,34060
1,SAW,34061
1,SAW,34062
1,SAW,34063
1,SAW,34064
1,SAW,34065
1,SAW,34066
1,SAW,34067
1,SAW,34068
1,SAW,34069
1,SAW,34070
1,SAW,34071
1,SAW,34072
1,SAW,34073
1,SAW,34074
1,SAW,34075
1,SAW,34076
1,SAW,34077
1,SAW,34078
1,SAW,34079
1,SAW,34080
1,SAW,34081
1,SAW,34082
1,SAW,34083
1,SAW,34084
1,SAW,34085
1,SAW,34086
1,SAW,34087
1,SAW,34088
1,SAW,34089
1,SAW,34090
1,SAW,34091
1,SAW,34092
1,SAW,34093
1,SAW,34094
1,SAW,34095
1,SAW,34096
1,SAW,34097
1,SAW,34098
1,SAW,34099
1,SAW,34100
1,SAW,34101
1,SAW,34102
1,SAW,34103
1,SAW,34104
1,SAW,34105
1,SAW,34106
1,SAW,34107
1,SAW,34108
1,SAW,34109
1,SAW,34110
1,SAW,34111
1,SAW,34112
1,SAW,34113
1,SAW,34114
1,SAW,34115
1,SAW,34116
1,SAW,34117
1,SAW,34118
1,SAW,34119
1,SAW,34120
1,SAW,34121
1,SAW,34122
1,SAW,34123
1,SAW,34124
1,SAW,34125
1,SAW,34126
1,SAW,34127
1,SAW,34128
1,SAW,34129
1,SAW,34130
1,SAW,34131
1,SAW,34132
1,SAW,34133
1,SAW,34134
1,SAW,34135
1,SAW,34136
1,SAW,34137
1,SAW,34138
1,SAW,34139
1,SAW,34140
1,SAW,34141
1,SAW,34142
1,SAW,34143
1,SAW,34144
1,SAW,34145
1,SAW,34146
1,SAW,34147
1,SAW,34148
1,SAW,34149
1,SAW,34150
1,SAW,34151
1,SAW,34152
1,SAW,34153
1,SAW,34154
1,SAW,34155
1,SAW,34156
1,SAW,34157
1,SAW,34158
1,SAW,34159
1,SAW,34160
1,SAW,34161
1,SAW,34162
1,SAW,34163
1,SAW,34164
1,SAW,34165
1,SAW,34166
1,SAW,34167
1,SAW,34168
1,SAW,34169
1,SAW,34170
1,SAW,34171
1,SAW,34172
1,SAW,34173
1,SAW,34174
1,SAW,34175
1,SAW,34176
1,SAW,34177
1,SAW,34178
1,SAW,34179
1,SAW,34180
1,SAW,34181
1,SAW,34182
1,SAW,34183
1,SAW,34184
1,SAW,34185
1,SAW,34186
1,SAW,34187
1,SAW,34188
1,SAW,34189
1,SAW,34190
1,SAW,34191
1,SAW,34192
1,SAW,34193
1,SAW,34194
1,SAW,34195
1,SAW,34196
1,SAW,34197
1,SAW,34198
1,SAW,34199
1,SAW,34200
1,SAW,34201
1,SAW,34202
1,SAW,34203
1,SAW,34204
1,SAW,34205
1,SAW,34206
1,SAW,34207
1,SAW,34208
1,SAW,34209
1,SAW,34210
1,SAW,34211
1,SAW,34212
1,SAW,34213
1,SAW,34214
1,SAW,34215
1,SAW,34216
1,SAW,34217
1,SAW,34218
1,SAW,34219
1,SAW,34220
1,SAW,34221
1,SAW,34222
1,SAW,34223
1,SAW,34224
1,SAW,34225
1,SAW,34226
1,SAW,34227
1,SAW,34228
1,SAW,34229
1,SAW,34230
1,SAW,34231
1,SAW,34232
1,SAW,34233
1,SAW,34234
1,SAW,34235
1,SAW,34236
1,SAW,34237
1,SAW,34238
1,SAW,34239
1,SAW,34240
1,SAW,34241
1,SAW,34242
1,SAW,34243
1,SAW,34244
1,SAW,34245
1,SAW,34246
1,SAW,34247
1,SAW,34248
1,SAW,34249
1,SAW,34250
1,SAW,34251
1,SAW,34252
1,SAW,34253
1,SAW,34254
1,SAW,34255
1,SAW,34256
1,SAW,34257
1,SAW,34258
1,SAW,34259
1,SAW,34260
1,SAW,34261
1,SAW,34262
1,SAW,34263
1,SAW,34264
1,SAW,34265
1,SAW,34266
1,SAW,34267
1,SAW,34268
1,SAW,34269
1,SAW,34270
1,SAW,34271
1,SAW,34272
1,SAW,34273
1,SAW,34274
1,SAW,34275
1,SAW,34276
1,SAW,34277
1,SAW,34278
1,SAW,34279
1,SAW,34280
1,SAW,34281
1,SAW,34282
1,SAW,34283
1,SAW,34284
1,SAW,34285
1,SAW,34286
1,SAW,34287
1,SAW,34288
1,SAW,34289
1,SAW,34290
1,SAW,34291
1,SAW,34292
1,SAW,34293
1,SAW,34294
1,SAW,34295
1,SAW,34296
1,SAW,34297
1,SAW,34298
1,SAW,34299
1,SAW,34300
1,SAW,34301
1,SAW,34302
1,SAW,34303
1,SAW,34304
1,SAW,34305
1,SAW,34306
1,SAW,34307
1,SAW,34308
1,SAW,34309
1,SAW,34310
1,SAW,34311
1,SAW,34312
1,SAW,34313
1,SAW,34314
1,SAW,34315
1,SAW,34316
1,SAW,34317
1,SAW,34318
1,SAW,34319
1,SAW,34320
1,SAW,34321
1,SAW,34322
1,SAW,34323
1,SAW,34324
1,SAW,34325
1,SAW,34326
1,SAW,34327
1,SAW,34328
1,SAW,34329
1,SAW,34330
1,SAW,34331
1,SAW,34332
1,SAW,34333
1,SAW,34334
1,SAW,34335
1,SAW,34336
1,SAW,34337
1,SAW,34338
1,SAW,34339
1,SAW,34340
1,SAW,34341
1,SAW,34342
1,SAW,34343
1,SAW,34344
1,SAW,34345
1,SAW,34346
1,SAW,34347
1,SAW,34348
1,SAW,34349
1,SAW,34350
1,SAW,34351
1,SAW,34352
1,SAW,34353
1,SAW,34354
1,SAW,34355
1,SAW,34356
1,SAW,34357
1,SAW,34358
1,SAW,34359
1,SAW,34360
1,SAW,34361
1,SAW,34362
1,SAW,34363
1,SAW,34364
1,SAW,34365
1,SAW,34366
1,SAW,34367
1,SAW,34368
1,SAW,34369
1,SAW,34370
1,SAW,34371
1,SAW,34372
1,SAW,34373
1,SAW,34374
1,SAW,34375
1,SAW,34376
1,SAW,34377
1,SAW,34378
1,SAW,34379
1,SAW,34380
1,SAW,34381
1,SAW,34382
1,SAW,34383
1,SAW,34384
1,SAW,34385
1,SAW,34386
1,SAW,34387
1,SAW,34388
1,SAW,34389
1,SAW,34390
1,SAW,34391
1,SAW,34392
1,SAW,34393
1,SAW,34394
1,SAW,34395
1,SAW,34396
1,SAW,34397
1,SAW,34398
1,SAW,34399
1,SAW,34400
1,SAW,34401
1,SAW,34402
1,SAW,34403
1,SAW,34404
1,SAW,34405
1,SAW,34406
1,SAW,34407
1,SAW,34408
1,SAW,34409
1,SAW,34410
1,SAW,34411
1,SAW,34412
1,SAW,34413
1,SAW,34414
1,SAW,34415
1,SAW,34416
1,SAW,34417
1,SAW,34418
1,SAW,34419
1,SAW,34420
1,SAW,34421
1,SAW,34422
1,SAW,34423
1,SAW,34424
1,SAW,34425
1,SAW,34426
1,SAW,34427
1,SAW,34428
1,SAW,34429
1,SAW,34430
1,SAW,34431
1,SAW,34432
1,SAW,34433
1,SAW,34434
1,SAW,34435
1,SAW,34436
1,SAW,34437
1,SAW,34438
1,SAW,34439
1,SAW,34440
1,SAW,34441
1,SAW,34442
1,SAW,34443
1,SAW,34444
1,SAW,34445
1,SAW,34446
1,SAW,34447
1,SAW,34448
1,SAW,34449
1,SAW,34450
1,SAW,34451
1,SAW,34452
1,SAW,34453
1,SAW,34454
1,SAW,34455
1,SAW,34456
1,SAW,34457
1,SAW,34458
1,SAW,34459
1,SAW,34460
1,SAW,34461
1,SAW,34462
1,SAW,34463
1,SAW,34464
1,SAW,34465
1,SAW,34466
1,SAW,34467
1,SAW,34468
1,SAW,34469
1,SAW,34470
1,SAW,34471
1,SAW,34472
1,SAW,34473
1,SAW,34474
1,SAW,34475
1,SAW,34476
1,SAW,34477
1,SAW,34478
1,SAW,34479
1,SAW,34480
1,SAW,34481
1,SAW,34482
1,SAW,34483
1,SAW,34484
1,SAW,34485
1,SAW,34486
1,SAW,34487
1,SAW,34488
1,SAW,34489
1,SAW,34490
1,SAW,34491
1,SAW,34492
1,SAW,34493
1,SAW,34494
1,SAW,34495
1,SAW,34496
1,SAW,34497
1,SAW,34498
1,SAW,34499
1,SAW,34500
1,SAW,34501
1,SAW,34502
1,SAW,34503
1,SAW,34504
1,SAW,34505
1,SAW,34506
1,SAW,34507
1,SAW,34508
1,SAW,34509
1,SAW,34510
1,SAW,34511
1,SAW,34512
1,SAW,34513
1,SAW,34514
1,SAW,34515
1,SAW,34516
1,SAW,34517
1,SAW,34518
1,SAW,34519
1,SAW,34520
1,SAW,34521
1,SAW,34522
1,SAW,34523
1,SAW,34524
1,SAW,34525
1,SAW,34526
1,SAW,34527
1,SAW,34528
1,SAW,34529
1,SAW,34530
1,SAW,34531
1,SAW,34532
1,SAW,34533
1,SAW,34534
1,SAW,34535
1,SAW,34536
1,SAW,34537
1,SAW,34538
1,SAW,34539
1,SAW,34540
1,SAW,34541
1,SAW,34542
1,SAW,34543
1,SAW,34544
1,SAW,34545
1,SAW,34546
1,SAW,34547
1,SAW,34548
1,SAW,34549
1,SAW,34550
1,SAW,34551
1,SAW,34552
1,SAW,34553
1,SAW,34554
1,SAW,34555
1,SAW,34556
1,SAW,34557
1,SAW,34558
1,SAW,34559
1,SAW,34560
1,SAW,34561
1,SAW,34562
1,SAW,34563
1,SAW,34564
1,SAW,34565
1,SAW,34566
1,SAW,34567
1,SAW,34568
1,SAW,34569
1,SAW,34570
1,SAW,34571
1,SAW,34572
1,SAW,34573
1,SAW,34574
1,SAW,34575
1,SAW,34576
1,SAW,34577
1,SAW,34578
1,SAW,34579
1,SAW,34580
1,SAW,34581
1,SAW,34582
1,SAW,34583
1,SAW,34584
1,SAW,34585
1,SAW,34586
1,SAW,34587
1,SAW,34588
1,SAW,34589
1,SAW,34590
1,SAW,34591
1,SAW,34592
1,SAW,34593
1,SAW,34594
1,SAW,34595
1,SAW,34596
1,SAW,34597
1,SAW,34598
1,SAW,34599
1,SAW,34600
1,SAW,34601
1,SAW,34602
1,SAW,34603
1,SAW,34604
1,SAW,34605
1,SAW,34606
1,SAW,34607
1,SAW,34608
1,SAW,34609
1,SAW,34610
1,SAW,34611
1,SAW,34612
1,SAW,34613
1,SAW,34614
1,SAW,34615
1,SAW,34616
1,SAW,34617
1,SAW,34618
1,SAW,34619
1,SAW,34620
1,SAW,34621
1,SAW,34622
1,SAW,34623
1,SAW,34624
1,SAW,34625
1,SAW,34626
1,SAW,34627
1,SAW,34628
1,SAW,34629
1,SAW,34630
1,SAW,34631
1,SAW,34632
1,SAW,34633
1,SAW,34634
1,SAW,34635
1,SAW,34636
1,SAW,34637
1,SAW,34638
1,SAW,34639
1,SAW,34640
1,SAW,34641
1,SAW,34642
1,SAW,34643
1,SAW,34644
1,SAW,34645
1,SAW,34646
1,SAW,34647
1,SAW,34648
1,SAW,34649
1,SAW,34650
1,SAW,34651
1,SAW,34652
1,SAW,34653
1,SAW,34654
1,SAW,34655
1,SAW,34656
1,SAW,34657
1,SAW,34658
1,SAW,34659
1,SAW,34660
1,SAW,34661
1,SAW,34662
1,SAW,34663
1,SAW,34664
1,SAW,34665
1,SAW,34666
1,SAW,34667
1,SAW,34668
1,SAW,34669
1,SAW,34670
1,SAW,34671
1,SAW,34672
1,SAW,34673
1,SAW,34674
1,SAW,34675
1,SAW,34676
1,SAW,34677
1,SAW,34678
1,SAW,34679
1,SAW,34680
1,SAW,34681
1,SAW,34682
1,SAW,34683
1,SAW,34684
1,SAW,34685
1,SAW,34686
1,SAW,34687
1,SAW,34688
1,SAW,34689
1,SAW,34690
1,SAW,34691
1,SAW,34692
1,SAW,34693
1,SAW,34694
1,SAW,34695
1,SAW,34696
1,SAW,34697
1,SAW,34698
1,SAW,34699
1,SAW,34700
1,SAW,34701
1,SAW,34702
1,SAW,34703
1,SAW,34704
1,SAW,34705
1,SAW,34706
1,SAW,34707
1,SAW,34708
1,SAW,34709
1,SAW,34710
1,SAW,34711
1,SAW,34712
1,SAW,34713
1,SAW,34714
1,SAW,34715
1,SAW,34716
1,SAW,34717
1,SAW,34718
1,SAW,34719
1,SAW,34720
1,SAW,34721
1,SAW,34722
1,SAW,34723
1,SAW,34724
1,SAW,34725
1,SAW,34726
1,SAW,34727
1,SAW,34728
1,SAW,34729
1,SAW,34730
1,SAW,34731
1,SAW,34732
1,SAW,34733
1,SAW,34734
1,SAW,34735
1,SAW,34736
1,SAW,34737
1,SAW,34738
1,SAW,34739
1,SAW,34740
1,SAW,34741
1,SAW,34742
1,SAW,34743
1,SAW,34744
1,SAW,34745
1,SAW,34746
1,SAW,34747
1,SAW,34748
1,SAW,34749
1,SAW,34750
1,SAW,34751
1,SAW,34752
1,SAW,34753
1,SAW,34754
1,SAW,34755
1,SAW,34756
1,SAW,34757
1,SAW,34758
1,SAW,34759
1,SAW,34760
1,SAW,34761
1,SAW,34762
1,SAW,34763
1,SAW,34764
1,SAW,34765
1,SAW,34766
1,SAW,34767
1,SAW,34768
1,SAW,34769
1,SAW,34770
1,SAW,34771
1,SAW,34772
1,SAW,34773
1,SAW,34774
1,SAW,34775
1,SAW,34776
1,SAW,34777
1,SAW,34778
1,SAW,34779
1,SAW,34780
1,SAW,34781
1,SAW,34782
1,SAW,34783
1,SAW,34784
1,SAW,34785
1,SAW,34786
1,SAW,34787
1,SAW,34788
1,SAW,34789
1,SAW,34790
1,SAW,34791
1,SAW,34792
1,SAW,34793
1,SAW,34794
1,SAW,34795
1,SAW,34796
1,SAW,34797
1,SAW,34798
1,SAW,34799
1,SAW,34800
1,SAW,34801
1,SAW,34802
1,SAW,34803
1,SAW,34804
1,SAW,34805
1,SAW,34806
1,SAW,34807
1,SAW,34808
1,SAW,34809
1,SAW,34810
1,SAW,34811
1,SAW,34812
1,SAW,34813
1,SAW,34814
1,SAW,34815
1,SAW,34816
1,SAW,34817
1,SAW,34818
1,SAW,34819
1,SAW,34820
1,SAW,34821
1,SAW,34822
1,SAW,34823
1,SAW,34824
1,SAW,34825
1,SAW,34826
1,SAW,34827
1,SAW,34828
1,SAW,34829
1,SAW,34830
1,SAW,34831
1,SAW,34832
1,SAW,34833
1,SAW,34834
1,SAW,34835
1,SAW,34836
1,SAW,34837
1,SAW,34838
1,SAW,34839
1,SAW,34840
1,SAW,34841
1,SAW,34842
1,SAW,34843
1,SAW,34844
1,SAW,34845
1,SAW,34846
1,SAW,34847
1,SAW,34848
1,SAW,34849
1,SAW,34850
1,SAW,34851
1,SAW,34852
1,SAW,34853
1,SAW,34854
1,SAW,34855
1,SAW,34856
1,SAW,34857
1,SAW,34858
1,SAW,34859
1,SAW,34860
1,SAW,34861
1,SAW,34862
1,SAW,34863
1,SAW,34864
1,SAW,34865
1,SAW,34866
1,SAW,34867
1,SAW,34868
1,SAW,34869
1,SAW,34870
1,SAW,34871
1,SAW,34872
1,SAW,34873
1,SAW,34874
1,SAW,34875
1,SAW,34876
1,SAW,34877
1,SAW,34878
1,SAW,34879
1,SAW,34880
1,SAW,34881
1,SAW,34882
1,SAW,34883
1,SAW,34884
1,SAW,34885
1,SAW,34886
1,SAW,34887
1,SAW,34888
1,SAW,34889
1,SAW,34890
1,SAW,34891
1,SAW,34892
1,SAW,34893
1,SAW,34894
1,SAW,34895
1,SAW,34896
1,SAW,34897
1,SAW,34898
1,SAW,34899
1,SAW,34900
1,SAW,34901
1,SAW,34902
1,SAW,34903
1,SAW,34904
1,SAW,34905
1,SAW,34906
1,SAW,34907
1,SAW,34908
1,SAW,34909
1,SAW,34910
1,SAW,34911
1,SAW,34912
1,SAW,34913
1,SAW,34914
1,SAW,34915
1,SAW,34916
1,SAW,34917
1,SAW,34918
1,SAW,34919
1,SAW,34920
1,SAW,34921
1,SAW,34922
1,SAW,34923
1,SAW,34924
1,SAW,34925
1,SAW,34926
1,SAW,34927
1,SAW,34928
1,SAW,34929
1,SAW,34930
1,SAW,34931
1,SAW,34932
1,SAW,34933
1,SAW,34934
1,SAW,34935
1,SAW,34936
1,SAW,34937
1,SAW,34938
1,SAW,34939
1,SAW,34940
1,SAW,34941
1,SAW,34942
1,SAW,34943
1,SAW,34944
1,SAW,34945
1,SAW,34946
1,SAW,34947
1,SAW,34948
1,SAW,34949
1,SAW,34950
1,SAW,34951
1,SAW,34952
1,SAW,34953
1,SAW,34954
1,SAW,34955
1,SAW,34956
1,SAW,34957
1,SAW,34958
1,SAW,34959
1,SAW,34960
1,SAW,34961
1,SAW,34962
1,SAW,34963
1,SAW,34964
1,SAW,34965
1,SAW,34966
1,SAW,34967
1,SAW,34968
1,SAW,34969
1,SAW,34970
1,SAW,34971
1,SAW,34972
1,SAW,34973
1,SAW,34974
1,SAW,34975
1,SAW,34976
1,SAW,34977
1,SAW,34978
1,SAW,34979
1,SAW,34980
1,SAW,34981
1,SAW,34982
1,SAW,34983
1,SAW,34984
1,SAW,34985
1,SAW,34986
1,SAW,34987
1,SAW,34988
1,SAW,34989
1,SAW,34990
1,SAW,34991
1,SAW,34992
1,SAW,34993
1,SAW,34994
1,SAW,34995
1,SAW,34996
1,SAW,34997
1,SAW,34998
1,SAW,34999
1,SAW,35000
1,SAW,35001
1,SAW,35002
1,SAW,35003
1,SAW,35004
1,SAW,35005
1,SAW,35006
1,SAW,35007
1,SAW,35008
1,SAW,35009
1,SAW,35010
1,SAW,35011
1,SAW,35012
1,SAW,35013
1,SAW,35014
1,SAW,35015
1,SAW,35016
1,SAW,35017
1,SAW,35018
1,SAW,35019
1,SAW,35020
1,SAW,35021
1,SAW,35022
1,SAW,35023
1,SAW,35024
1,SAW,35025
1,SAW,35026
1,SAW,35027
1,SAW,35028
1,SAW,35029
1,SAW,35030
1,SAW,35031
1,SAW,35032
1,SAW,35033
1,SAW,35034
1,SAW,35035
1,SAW,35036
1,SAW,35037
1,SAW,35038
1,SAW,35039
1,SAW,35040
1,SAW,35041
1,SAW,35042
1,SAW,35043
1,SAW,35044
1,SAW,35045
1,SAW,35046
1,SAW,35047
1,SAW,35048
1,SAW,35049
1,SAW,35050
1,SAW,35051
1,SAW,35052
1,SAW,35053
1,SAW,35054
1,SAW,35055
1,SAW,35056
1,SAW,35057
1,SAW,35058
1,SAW,35059
1,SAW,35060
1,SAW,35061
1,SAW,35062
1,SAW,35063
1,SAW,35064
1,SAW,35065
1,SAW,35066
1,SAW,35067
1,SAW,35068
1,SAW,35069
1,SAW,35070
1,SAW,35071
1,SAW,35072
1,SAW,35073
1,SAW,35074
1,SAW,35075
1,SAW,35076
1,SAW,35077
1,SAW,35078
1,SAW,35079
1,SAW,35080
1,SAW,35081
1,SAW,35082
1,SAW,35083
1,SAW,35084
1,SAW,35085
1,SAW,35086
1,SAW,35087
1,SAW,35088
1,SAW,35089
1,SAW,35090
1,SAW,35091
1,SAW,35092
1,SAW,35093
1,SAW,35094
1,SAW,35095
1,SAW,35096
1,SAW,35097
1,SAW,35098
1,SAW,35099
1,SAW,35100
1,SAW,35101
1,SAW,35102
1,SAW,35103
1,SAW,35104
1,SAW,35105
1,SAW,35106
1,SAW,35107
1,SAW,35108
1,SAW,35109
1,SAW,35110
1,SAW,35111
1,SAW,35112
1,SAW,35113
1,SAW,35114
1,SAW,35115
1,SAW,35116
1,SAW,35117
1,SAW,35118
1,SAW,35119
1,SAW,35120
1,SAW,35121
1,SAW,35122
1,SAW,35123
1,SAW,35124
1,SAW,35125
1,SAW,35126
1,SAW,35127
1,SAW,35128
1,SAW,35129
1,SAW,35130
1,SAW,35131
1,SAW,35132
1,SAW,35133
1,SAW,35134
1,SAW,35135
1,SAW,35136
1,SAW,35137
1,SAW,35138
1,SAW,35139
1,SAW,35140
1,SAW,35141
1,SAW,35142
1,SAW,35143
1,SAW,35144
1,SAW,35145
1,SAW,35146
1,SAW,35147
1,SAW,35148
1,SAW,35149
1,SAW,35150
1,SAW,35151
1,SAW,35152
1,SAW,35153
1,SAW,35154
1,SAW,35155
1,SAW,35156
1,SAW,35157
1,SAW,35158
1,SAW,35159
1,SAW,35160
1,SAW,35161
1,SAW,35162
1,SAW,35163
1,SAW,35164
1,SAW,35165
1,SAW,35166
1,SAW,35167
1,SAW,35168
1,SAW,35169
1,SAW,35170
1,SAW,35171
1,SAW,35172
1,SAW,35173
1,SAW,35174
1,SAW,35175
1,SAW,35176
1,SAW,35177
1,SAW,35178
1,SAW,35179
1,SAW,35180
1,SAW,35181
1,SAW,35182
1,SAW,35183
1,SAW,35184
1,SAW,35185
1,SAW,35186
1,SAW,35187
1,SAW,35188
1,SAW,35189
1,SAW,35190
1,SAW,35191
1,SAW,35192
1,SAW,35193
1,SAW,35194
1,SAW,35195
1,SAW,35196
1,SAW,35197
1,SAW,35198
1,SAW,35199
1,SAW,35200
1,SAW,35201
1,SAW,35202
1,SAW,35203
1,SAW,35204
1,SAW,35205
1,SAW,35206
1,SAW,35207
1,SAW,35208
1,SAW,35209
1,SAW,35210
1,SAW,35211
1,SAW,35212
1,SAW,35213
1,SAW,35214
1,SAW,35215
1,SAW,35216
1,SAW,35217
1,SAW,35218
1,SAW,35219
1,SAW,35220
1,SAW,35221
1,SAW,35222
1,SAW,35223
1,SAW,35224
1,SAW,35225
1,SAW,35226
1,SAW,35227
1,SAW,35228
1,SAW,35229
1,SAW,35230
1,SAW,35231
1,SAW,35232
1,SAW,35233
1,SAW,35234
1,SAW,35235
1,SAW,35236
1,SAW,35237
1,SAW,35238
1,SAW,35239
1,SAW,35240
1,SAW,35241
1,SAW,35242
1,SAW,35243
1,SAW,35244
1,SAW,35245
1,SAW,35246
1,SAW,35247
1,SAW,35248
1,SAW,35249
1,SAW,35250
1,SAW,35251
1,SAW,35252
1,SAW,35253
1,SAW,35254
1,SAW,35255
1,SAW,35256
1,SAW,35257
1,SAW,35258
1,SAW,35259
1,SAW,35260
1,SAW,35261
1,SAW,35262
1,SAW,35263
1,SAW,35264
1,SAW,35265
1,SAW,35266
1,SAW,35267
1,SAW,35268
1,SAW,35269
1,SAW,35270
1,SAW,35271
1,SAW,35272
1,SAW,35273
1,SAW,35274
1,SAW,35275
1,SAW,35276
1,SAW,35277
1,SAW,35278
1,SAW,35279
1,SAW,35280
1,SAW,35281
1,SAW,35282
1,SAW,35283
1,SAW,35284
1,SAW,35285
1,SAW,35286
1,SAW,35287
1,SAW,35288
1,SAW,35289
1,SAW,35290
1,SAW,35291
1,SAW,35292
1,SAW,35293
1,SAW,35294
1,SAW,35295
1,SAW,35296
1,SAW,35297
1,SAW,35298
1,SAW,35299
1,SAW,35300
1,SAW,35301
1,SAW,35302
1,SAW,35303
1,SAW,35304
1,SAW,35305
1,SAW,35306
1,SAW,35307
1,SAW,35308
1,SAW,35309
1,SAW,35310
1,SAW,35311
1,SAW,35312
1,SAW,35313
1,SAW,35314
1,SAW,35315
1,SAW,35316
1,SAW,35317
1,SAW,35318
1,SAW,35319
1,SAW,35320
1,SAW,35321
1,SAW,35322
1,SAW,35323
1,SAW,35324
1,SAW,35325
1,SAW,35326
1,SAW,35327
1,SAW,35328
1,SAW,35329
1,SAW,35330
1,SAW,35331
1,SAW,35332
1,SAW,35333
1,SAW,35334
1,SAW,35335
1,SAW,35336
1,SAW,35337
1,SAW,35338
1,SAW,35339
1,SAW,35340
1,SAW,35341
1,SAW,35342
1,SAW,35343
1,SAW,35344
1,SAW,35345
1,SAW,35346
1,SAW,35347
1,SAW,35348
1,SAW,35349
1,SAW,35350
1,SAW,35351
1,SAW,35352
1,SAW,35353
1,SAW,35354
1,SAW,35355
1,SAW,35356
1,SAW,35357
1,SAW,35358
1,SAW,35359
1,SAW,35360
1,SAW,35361
1,SAW,35362
1,SAW,35363
1,SAW,35364
1,SAW,35365
1,SAW,35366
1,SAW,35367
1,SAW,35368
1,SAW,35369
1,SAW,35370
1,SAW,35371
1,SAW,35372
1,SAW,35373
1,SAW,35374
1,SAW,35375
1,SAW,35376
1,SAW,35377
1,SAW,35378
1,SAW,35379
1,SAW,35380
1,SAW,35381
1,SAW,35382
1,SAW,35383
1,SAW,35384
1,SAW,35385
1,SAW,35386
1,SAW,35387
1,SAW,35388
1,SAW,35389
1,SAW,35390
1,SAW,35391
1,SAW,35392
1,SAW,35393
1,SAW,35394
1,SAW,35395
1,SAW,35396
1,SAW,35397
1,SAW,35398
1,SAW,35399
1,SAW,35400
1,SAW,35401
1,SAW,35402
1,SAW,35403
1,SAW,35404
1,SAW,35405
1,SAW,35406
1,SAW,35407
1,SAW,35408
1,SAW,35409
1,SAW,35410
1,SAW,35411
1,SAW,35412
1,SAW,35413
1,SAW,35414
1,SAW,35415
1,SAW,35416
1,SAW,35417
1,SAW,35418
1,SAW,35419
1,SAW,35420
1,SAW,35421
1,SAW,35422
1,SAW,35423
1,SAW,35424
1,SAW,35425
1,SAW,35426
1,SAW,35427
1,SAW,35428
1,SAW,35429
1,SAW,35430
1,SAW,35431
1,SAW,35432
1,SAW,35433
1,SAW,35434
1,SAW,35435
1,SAW,35436
1,SAW,35437
1,SAW,35438
1,SAW,35439
1,SAW,35440
1,SAW,35441
1,SAW,35442
1,SAW,35443
1,SAW,35444
1,SAW,35445
1,SAW,35446
1,SAW,35447
1,SAW,35448
1,SAW,35449
1,SAW,35450
1,SAW,35451
1,SAW,35452
1,SAW,35453
1,SAW,35454
1,SAW,35455
1,SAW,35456
1,SAW,35457
1,SAW,35458
1,SAW,35459
1,SAW,35460
1,SAW,35461
1,SAW,35462
1,SAW,35463
1,SAW,35464
1,SAW,35465
1,SAW,35466
1,SAW,35467
1,SAW,35468
1,SAW,35469
1,SAW,35470
1,SAW,35471
1,SAW,35472
1,SAW,35473
1,SAW,35474
1,SAW,35475
1,SAW,35476
1,SAW,35477
1,SAW,35478
1,SAW,35479
1,SAW,35480
1,SAW,35481
1,SAW,35482
1,SAW,35483
1,SAW,35484
1,SAW,35485
1,SAW,35486
1,SAW,35487
1,SAW,35488
1,SAW,35489
1,SAW,35490
1,SAW,35491
1,SAW,35492
0,SAW,35493
0,SAW,35494
0,SAW,35495
0,SAW,35496
0,SAW,35497
0,SAW,35498
0,SAW,35499
0,SAW,35500
0,SAW,35501
0,SAW,35502
0,SAW,35503
0,SAW,35504
0,SAW,35505
0,SAW,35506
0,SAW,35507
0,SAW,35508
0,SAW,35509
0,SAW,35510
0,SAW,35511
0,SAW,35512
0,SAW,35513
0,SAW,35514
0,SAW,35515
0,SAW,35516
0,SAW,35517
0,SAW,35518
0,SAW,35519
0,SAW,35520
0,SAW,35521
0,SAW,35522
0,SAW,35523
0,SAW,35524
0,SAW,35525
0,SAW,35526
0,SAW,35527
0,SAW,35528
0,SAW,35529
0,SAW,35530
0,SAW,35531
0,SAW,35532
0,SAW,35533
0,SAW,35534
0,SAW,35535
0,SAW,35536
0,SAW,35537
0,SAW,35538
0,SAW,35539
0,SAW,35540
0,SAW,35541
0,SAW,35542
0,SAW,35543
0,SAW,35544
0,SAW,35545
0,SAW,35546
0,SAW,35547
0,SAW,35548
0,SAW,35549
0,SAW,35550
0,SAW,35551
0,SAW,35552
0,SAW,35553
0,SAW,35554
0,SAW,35555
0,SAW,35556
0,SAW,35557
0,SAW,35558
0,SAW,35559
0,SAW,35560
0,SAW,35561
0,SAW,35562
0,SAW,35563
0,SAW,35564
0,SAW,35565
0,SAW,35566
0,SAW,35567
0,SAW,35568
0,SAW,35569
0,SAW,35570
0,SAW,35571
0,SAW,35572
0,SAW,35573
0,SAW,35574
0,SAW,35575
0,SAW,35576
0,SAW,35577
0,SAW,35578
0,SAW,35579
0,SAW,35580
0,SAW,35581
0,SAW,35582
0,SAW,35583
0,SAW,35584
0,SAW,35585
0,SAW,35586
0,SAW,35587
0,SAW,35588
0,SAW,35589
0,SAW,35590
0,SAW,35591
0,SAW,35592
0,SAW,35593
0,SAW,35594
0,SAW,35595
0,SAW,35596
0,SAW,35597
0,SAW,35598
0,SAW,35599
0,SAW,35600
0,SAW,35601
0,SAW,35602
0,SAW,35603
0,SAW,35604
0,SAW,35605
0,SAW,35606
0,SAW,35607
0,SAW,35608
0,SAW,35609
0,SAW,35610
0,SAW,35611
0,SAW,35612
0,SAW,35613
0,SAW,35614
0,SAW,35615
0,SAW,35616
0,SAW,35617
0,SAW,35618
0,SAW,35619
0,SAW,35620
0,SAW,35621
0,SAW,35622
0,SAW,35623
0,SAW,35624
0,SAW,35625
0,SAW,35626
0,SAW,35627
0,SAW,35628
0,SAW,35629
0,SAW,35630
0,SAW,35631
0,SAW,35632
0,SAW,35633
0,SAW,35634
0,SAW,35635
0,SAW,35636
0,SAW,35637
0,SAW,35638
0,SAW,35639
0,SAW,35640
0,SAW,35641
0,SAW,35642
0,SAW,35643
0,SAW,35644
0,SAW,35645
0,SAW,35646
0,SAW,35647
0,SAW,35648
0,SAW,35649
0,SAW,35650
0,SAW,35651
0,SAW,35652
0,SAW,35653
0,SAW,35654
0,SAW,35655
0,SAW,35656
0,SAW,35657
0,SAW,35658
0,SAW,35659
0,SAW,35660
0,SAW,35661
0,SAW,35662
0,SAW,35663
0,SAW,35664
0,SAW,35665
0,SAW,35666
0,SAW,35667
0,SAW,35668
0,SAW,35669
0,SAW,35670
0,SAW,35671
0,SAW,35672
0,SAW,35673
0,SAW,35674
0,SAW,35675
0,SAW,35676
0,SAW,35677
0,SAW,35678
0,SAW,35679
0,SAW,35680
0,SAW,35681
0,SAW,35682
0,SAW,35683
0,SAW,35684
0,SAW,35685
0,SAW,35686
0,SAW,35687
0,SAW,35688
0,SAW,35689
0,SAW,35690
0,SAW,35691
0,SAW,35692
0,SAW,35693
0,SAW,35694
0,SAW,35695
0,SAW,35696
0,SAW,35697
0,SAW,35698
0,SAW,35699
0,SAW,35700
0,SAW,35701
0,SAW,35702
0,SAW,35703
0,SAW,35704
0,SAW,35705
0,SAW,35706
0,SAW,35707
0,SAW,35708
0,SAW,35709
0,SAW,35710
0,SAW,35711
0,SAW,35712
0,SAW,35713
0,SAW,35714
0,SAW,35715
0,SAW,35716
0,SAW,35717
0,SAW,35718
0,SAW,35719
0,SAW,35720
0,SAW,35721
0,SAW,35722
0,SAW,35723
0,SAW,35724
0,SAW,35725
0,SAW,35726
0,SAW,35727
0,SAW,35728
0,SAW,35729
0,SAW,35730
0,SAW,35731
0,SAW,35732
0,SAW,35733
0,SAW,35734
0,SAW,35735
0,SAW,35736
0,SAW,35737
0,SAW,35738
0,SAW,35739
0,SAW,35740
0,SAW,35741
0,SAW,35742
0,SAW,35743
0,SAW,35744
0,SAW,35745
0,SAW,35746
0,SAW,35747
0,SAW,35748
0,SAW,35749
0,SAW,35750
0,SAW,35751
0,SAW,35752
0,SAW,35753
0,SAW,35754
0,SAW,35755
0,SAW,35756
0,SAW,35757
0,SAW,35758
0,SAW,35759
0,SAW,35760
0,SAW,35761
0,SAW,35762
0,SAW,35763
0,SAW,35764
0,SAW,35765
0,SAW,35766
0,SAW,35767
0,SAW,35768
0,SAW,35769
0,SAW,35770
0,SAW,35771
0,SAW,35772
0,SAW,35773
0,SAW,35774
0,SAW,35775
0,SAW,35776
0,SAW,35777
0,SAW,35778
0,SAW,35779
0,SAW,35780
0,SAW,35781
0,SAW,35782
0,SAW,35783
0,SAW,35784
0,SAW,35785
0,SAW,35786
0,SAW,35787
0,SAW,35788
0,SAW,35789
0,SAW,35790
0,SAW,35791
0,SAW,35792
0,SAW,35793
0,SAW,35794
0,SAW,35795
0,SAW,35796
0,SAW,35797
0,SAW,35798
0,SAW,35799
0,SAW,35800
0,SAW,35801
0,SAW,35802
0,SAW,35803
0,SAW,35804
0,SAW,35805
0,SAW,35806
0,SAW,35807
0,SAW,35808
0,SAW,35809
0,SAW,35810
0,SAW,35811
0,SAW,35812
0,SAW,35813
0,SAW,35814
0,SAW,35815
0,SAW,35816
0,SAW,35817
0,SAW,35818
0,SAW,35819
0,SAW,35820
0,SAW,35821
0,SAW,35822
0,SAW,35823
0,SAW,35824
0,SAW,35825
0,SAW,35826
0,SAW,35827
0,SAW,35828
0,SAW,35829
0,SAW,35830
0,SAW,35831
0,SAW,35832
0,SAW,35833
0,SAW,35834
0,SAW,35835
0,SAW,35836
0,SAW,35837
0,SAW,35838
0,SAW,35839
0,SAW,35840
0,SAW,35841
0,SAW,35842
0,SAW,35843
0,SAW,35844
0,SAW,35845
0,SAW,35846
0,SAW,35847
0,SAW,35848
0,SAW,35849
0,SAW,35850
0,SAW,35851
0,SAW,35852
0,SAW,35853
0,SAW,35854
0,SAW,35855
0,SAW,35856
0,SAW,35857
0,SAW,35858
0,SAW,35859
0,SAW,35860
0,SAW,35861
0,SAW,35862
0,SAW,35863
0,SAW,35864
0,SAW,35865
0,SAW,35866
0,SAW,35867
0,SAW,35868
0,SAW,35869
0,SAW,35870
0,SAW,35871
0,SAW,35872
0,SAW,35873
0,SAW,35874
0,SAW,35875
0,SAW,35876
0,SAW,35877
0,SAW,35878
0,SAW,35879
0,SAW,35880
0,SAW,35881
0,SAW,35882
0,SAW,35883
0,SAW,35884
0,SAW,35885
0,SAW,35886
0,SAW,35887
0,SAW,35888
0,SAW,35889
0,SAW,35890
0,SAW,35891
0,SAW,35892
0,SAW,35893
0,SAW,35894
0,SAW,35895
0,SAW,35896
0,SAW,35897
0,SAW,35898
0,SAW,35899
0,SAW,35900
0,SAW,35901
0,SAW,35902
0,SAW,35903
0,SAW,35904
0,SAW,35905
0,SAW,35906
0,SAW,35907
0,SAW,35908
0,SAW,35909
0,SAW,35910
0,SAW,35911
0,SAW,35912
0,SAW,35913
0,SAW,35914
0,SAW,35915
0,SAW,35916
0,SAW,35917
0,SAW,35918
0,SAW,35919
0,SAW,35920
0,SAW,35921
0,SAW,35922
0,SAW,35923
0,SAW,35924
0,SAW,35925
0,SAW,35926
0,SAW,35927
0,SAW,35928
0,SAW,35929
0,SAW,35930
0,SAW,35931
0,SAW,35932
0,SAW,35933
0,SAW,35934
0,SAW,35935
0,SAW,35936
0,SAW,35937
0,SAW,35938
0,SAW,35939
0,SAW,35940
0,SAW,35941
0,SAW,35942
0,SAW,35943
0,SAW,35944
0,SAW,35945
0,SAW,35946
0,SAW,35947
0,SAW,35948
0,SAW,35949
0,SAW,35950
0,SAW,35951
0,SAW,35952
0,SAW,35953
0,SAW,35954
0,SAW,35955
0,SAW,35956
0,SAW,35957
0,SAW,35958
0,SAW,35959
0,SAW,35960
0,SAW,35961
0,SAW,35962
0,SAW,35963
0,SAW,35964
0,SAW,35965
0,SAW,35966
0,SAW,35967
0,SAW,35968
0,SAW,35969
0,SAW,35970
0,SAW,35971
0,SAW,35972
0,SAW,35973
0,SAW,35974
0,SAW,35975
0,SAW,35976
0,SAW,35977
0,SAW,35978
0,SAW,35979
0,SAW,35980
0,SAW,35981
0,SAW,35982
0,SAW,35983
0,SAW,35984
0,SAW,35985
0,SAW,35986
0,SAW,35987
0,SAW,35988
0,SAW,35989
0,SAW,35990
0,SAW,35991
0,SAW,35992
0,SAW,35993
0,SAW,35994
0,SAW,35995
0,SAW,35996
0,SAW,35997
0,SAW,35998
0,SAW,35999
0,SAW,36000
0,SAW,36001
0,SAW,36002
0,SAW,36003
0,SAW,36004
0,SAW,36005
0,SAW,36006
0,SAW,36007
0,SAW,36008
0,SAW,36009
0,SAW,36010
0,SAW,36011
0,SAW,36012
0,SAW,36013
0,SAW,36014
0,SAW,36015
0,SAW,36016
0,SAW,36017
0,SAW,36018
0,SAW,36019
0,SAW,36020
0,SAW,36021
0,SAW,36022
0,SAW,36023
0,SAW,36024
0,SAW,36025
0,SAW,36026
0,SAW,36027
0,SAW,36028
0,SAW,36029
0,SAW,36030
0,SAW,36031
0,SAW,36032
0,SAW,36033
0,SAW,36034
0,SAW,36035
0,SAW,36036
0,SAW,36037
0,SAW,36038
0,SAW,36039
0,SAW,36040
0,SAW,36041
0,SAW,36042
0,SAW,36043
0,SAW,36044
0,SAW,36045
0,SAW,36046
0,SAW,36047
0,SAW,36048
0,SAW,36049
0,SAW,36050
0,SAW,36051
0,SAW,36052
0,SAW,36053
0,SAW,36054
0,SAW,36055
0,SAW,36056
0,SAW,36057
0,SAW,36058
0,SAW,36059
0,SAW,36060
0,SAW,36061
0,SAW,36062
0,SAW,36063
0,SAW,36064
0,SAW,36065
0,SAW,36066
0,SAW,36067
0,SAW,36068
0,SAW,36069
0,SAW,36070
0,SAW,36071
0,SAW,36072
0,SAW,36073
0,SAW,36074
0,SAW,36075
0,SAW,36076
0,SAW,36077
0,SAW,36078
0,SAW,36079
0,SAW,36080
0,SAW,36081
0,SAW,36082
0,SAW,36083
0,SAW,36084
0,SAW,36085
0,SAW,36086
0,SAW,36087
0,SAW,36088
0,SAW,36089
0,SAW,36090
0,SAW,36091
0,SAW,36092
0,SAW,36093
0,SAW,36094
0,SAW,36095
0,SAW,36096
0,SAW,36097
0,SAW,36098
0,SAW,36099
0,SAW,36100
0,SAW,36101
0,SAW,36102
0,SAW,36103
0,SAW,36104
0,SAW,36105
0,SAW,36106
0,SAW,36107
0,SAW,36108
0,SAW,36109
0,SAW,36110
0,SAW,36111
0,SAW,36112
0,SAW,36113
0,SAW,36114
0,SAW,36115
0,SAW,36116
0,SAW,36117
0,SAW,36118
0,SAW,36119
0,SAW,36120
0,SAW,36121
0,SAW,36122
0,SAW,36123
0,SAW,36124
0,SAW,36125
0,SAW,36126
0,SAW,36127
0,SAW,36128
0,SAW,36129
0,SAW,36130
0,SAW,36131
0,SAW,36132
0,SAW,36133
0,SAW,36134
0,SAW,36135
0,SAW,36136
0,SAW,36137
0,SAW,36138
0,SAW,36139
0,SAW,36140
0,SAW,36141
0,SAW,36142
0,SAW,36143
0,SAW,36144
0,SAW,36145
0,SAW,36146
0,SAW,36147
0,SAW,36148
0,SAW,36149
0,SAW,36150
0,SAW,36151
0,SAW,36152
0,SAW,36153
0,SAW,36154
0,SAW,36155
0,SAW,36156
0,SAW,36157
0,SAW,36158
0,SAW,36159
0,SAW,36160
0,SAW,36161
0,SAW,36162
0,SAW,36163
0,SAW,36164
0,SAW,36165
0,SAW,36166
0,SAW,36167
0,SAW,36168
0,SAW,36169
0,SAW,36170
0,SAW,36171
0,SAW,36172
0,SAW,36173
0,SAW,36174
0,SAW,36175
0,SAW,36176
0,SAW,36177
0,SAW,36178
0,SAW,36179
0,SAW,36180
0,SAW,36181
0,SAW,36182
0,SAW,36183
0,SAW,36184
0,SAW,36185
0,SAW,36186
0,SAW,36187
0,SAW,36188
0,SAW,36189
0,SAW,36190
0,SAW,36191
0,SAW,36192
0,SAW,36193
0,SAW,36194
0,SAW,36195
0,SAW,36196
0,SAW,36197
0,SAW,36198
0,SAW,36199
0,SAW,36200
0,SAW,36201
0,SAW,36203
0,SAW,36204
0,SAW,36205
0,SAW,36206
0,SAW,36207
0,SAW,36208
0,SAW,36209
0,SAW,36210
0,SAW,36211
0,SAW,36212
0,SAW,36213
0,SAW,36214
0,SAW,36215
0,SAW,36216
0,SAW,36217
0,SAW,36218
0,SAW,36219
0,SAW,36220
0,SAW,36221
0,SAW,36222
0,SAW,36223
0,SAW,36224
0,SAW,36225
0,SAW,36226
0,SAW,36227
0,SAW,36228
0,SAW,36229
0,SAW,36230
0,SAW,36231
0,SAW,36232
0,SAW,36233
0,SAW,36234
0,SAW,36235
0,SAW,36236
0,SAW,36237
0,SAW,36238
0,SAW,36239
0,SAW,36240
0,SAW,36241
0,SAW,36242
0,SAW,36243
0,SAW,36244
0,SAW,36245
0,SAW,36246
0,SAW,36247
0,SAW,36248
0,SAW,36249
0,SAW,36250
0,SAW,36251
0,SAW,36252
0,SAW,36253
0,SAW,36254
0,SAW,36255
0,SAW,36256
0,SAW,36257
0,SAW,36258
0,SAW,36259
0,SAW,36260
0,SAW,36261
0,SAW,36262
0,SAW,36263
0,SAW,36264
0,SAW,36265
0,SAW,36266
0,SAW,36267
0,SAW,36268
0,SAW,36269
0,SAW,36270
0,SAW,36271
0,SAW,36272
0,SAW,36273
0,SAW,36274
0,SAW,36275
0,SAW,36276
0,SAW,36277
0,SAW,36278
0,SAW,36279
0,SAW,36280
0,SAW,36281
0,SAW,36282
0,SAW,36283
0,SAW,36284
0,SAW,36285
0,SAW,36286
0,SAW,36287
0,SAW,36288
0,SAW,36289
0,SAW,36290
0,SAW,36291
0,SAW,36292
0,SAW,36293
0,SAW,36294
0,SAW,36295
0,SAW,36296
0,SAW,36297
0,SAW,36298
0,SAW,36299
0,SAW,36300
0,SAW,36301
0,SAW,36302
0,SAW,36303
0,SAW,36304
0,SAW,36305
0,SAW,36306
0,SAW,36307
0,SAW,36308
0,SAW,36309
0,SAW,36310
0,SAW,36311
0,SAW,36312
0,SAW,36313
0,SAW,36314
0,SAW,36315
0,SAW,36316
0,SAW,36317
0,SAW,36318
0,SAW,36319
0,SAW,36320
0,SAW,36321
0,SAW,36322
0,SAW,36323
0,SAW,36324
0,SAW,36325
0,SAW,36326
0,SAW,36327
0,SAW,36328
0,SAW,36329
0,SAW,36330
0,SAW,36331
0,SAW,36332
0,SAW,36333
0,SAW,36334
0,SAW,36335
0,SAW,36336
0,SAW,36337
0,SAW,36338
0,SAW,36339
0,SAW,36340
0,SAW,36341
0,SAW,36342
0,SAW,36343
0,SAW,36344
0,SAW,36345
0,SAW,36346
0,SAW,36347
0,SAW,36348
0,SAW,36349
0,SAW,36350
0,SAW,36351
0,SAW,36352
0,SAW,36353
0,SAW,36354
0,SAW,36355
0,SAW,36356
0,SAW,36357
0,SAW,36358
0,SAW,36359
0,SAW,36360
0,SAW,36361
0,SAW,36362
0,SAW,36363
0,SAW,36364
0,SAW,36365
0,SAW,36366
0,SAW,36367
0,SAW,36368
0,SAW,36369
0,SAW,36370
0,SAW,36371
0,SAW,36372
0,SAW,36373
0,SAW,36374
0,SAW,36375
0,SAW,36376
0,SAW,36377
0,SAW,36378
0,SAW,36379
0,SAW,36380
0,SAW,36381
0,SAW,36382
0,SAW,36383
0,SAW,36384
0,SAW,36385
0,SAW,36386
0,SAW,36387
0,SAW,36388
0,SAW,36389
0,SAW,36390
0,SAW,36391
0,SAW,36392
0,SAW,36393
0,SAW,36394
0,SAW,36395
0,SAW,36396
0,SAW,36397
0,SAW,36398
0,SAW,36399
0,SAW,36400
0,SAW,36401
0,SAW,36402
0,SAW,36403
0,SAW,36404
0,SAW,36405
0,SAW,36406
0,SAW,36407
0,SAW,36408
0,SAW,36409
0,SAW,36410
0,SAW,36411
0,SAW,36412
0,SAW,36413
0,SAW,36414
0,SAW,36415
0,SAW,36416
0,SAW,36417
0,SAW,36418
0,SAW,36419
0,SAW,36420
0,SAW,36421
0,SAW,36422
0,SAW,36423
0,SAW,36424
0,SAW,36425
0,SAW,36426
0,SAW,36427
0,SAW,36428
0,SAW,36429
0,SAW,36430
0,SAW,36431
0,SAW,36432
0,SAW,36433
0,SAW,36434
0,SAW,36435
0,SAW,36436
0,SAW,36437
0,SAW,36438
0,SAW,36439
0,SAW,36440
0,SAW,36441
0,SAW,36442
0,SAW,36443
0,SAW,36444
0,SAW,36445
0,SAW,36446
0,SAW,36447
0,SAW,36448
0,SAW,36449
0,SAW,36450
0,SAW,36451
0,SAW,36452
0,SAW,36453
0,SAW,36454
0,SAW,36455
0,SAW,36456
0,SAW,36457
0,SAW,36458
0,SAW,36459
0,SAW,36460
0,SAW,36461
0,SAW,36462
0,SAW,36463
0,SAW,36464
0,SAW,36465
0,SAW,36466
0,SAW,36467
0,SAW,36468
0,SAW,36469
0,SAW,36470
0,SAW,36471
0,SAW,36472
0,SAW,36473
0,SAW,36474
0,SAW,36475
0,SAW,36476
0,SAW,36477
0,SAW,36478
0,SAW,36479
0,SAW,36480
0,SAW,36481
0,SAW,36482
0,SAW,36483
0,SAW,36484
0,SAW,36485
0,SAW,36486
0,SAW,36487
0,SAW,36488
0,SAW,36489
0,SAW,36490
0,SAW,36491
0,SAW,36492
0,SAW,36493
0,SAW,36494
0,SAW,36495
0,SAW,36496
0,SAW,36497
0,SAW,36498
0,SAW,36499
0,SAW,36500
0,SAW,36501
0,SAW,36502
0,SAW,36503
0,SAW,36504
0,SAW,36505
0,SAW,36506
0,SAW,36507
0,SAW,36508
0,SAW,36509
0,SAW,36510
0,SAW,36511
0,SAW,36512
0,SAW,36513
0,SAW,36514
0,SAW,36515
0,SAW,36516
0,SAW,36517
0,SAW,36518
0,SAW,36519
0,SAW,36520
0,SAW,36521
0,SAW,36522
0,SAW,36523
0,SAW,36524
0,SAW,36525
0,SAW,36526
0,SAW,36527
0,SAW,36528
0,SAW,36529
0,SAW,36530
0,SAW,36531
0,SAW,36532
0,SAW,36533
0,SAW,36534
0,SAW,36535
0,SAW,36536
0,SAW,36537
0,SAW,36538
0,SAW,36539
0,SAW,36540
0,SAW,36541
0,SAW,36542
0,SAW,36543
0,SAW,36544
0,SAW,36545
0,SAW,36546
0,SAW,36547
0,SAW,36548
0,SAW,36549
0,SAW,36550
0,SAW,36551
0,SAW,36552
0,SAW,36553
0,SAW,36554
0,SAW,36555
0,SAW,36556
0,SAW,36557
0,SAW,36558
0,SAW,36559
0,SAW,36560
0,SAW,36561
0,SAW,36562
0,SAW,36563
0,SAW,36564
0,SAW,36565
0,SAW,36566
0,SAW,36567
0,SAW,36568
0,SAW,36569
0,SAW,36570
0,SAW,36571
0,SAW,36572
0,SAW,36573
0,SAW,36574
0,SAW,36575
0,SAW,36576
0,SAW,36577
0,SAW,36578
0,SAW,36579
0,SAW,36580
0,SAW,36581
0,SAW,36582
0,SAW,36583
0,SAW,36584
0,SAW,36585
0,SAW,36586
0,SAW,36587
0,SAW,36588
0,SAW,36589
0,SAW,36590
0,SAW,36591
0,SAW,36592
0,SAW,36593
0,SAW,36594
0,SAW,36595
0,SAW,36596
0,SAW,36597
0,SAW,36598
0,SAW,36599
0,SAW,36600
0,SAW,36601
0,SAW,36602
0,SAW,36603
0,SAW,36604
0,SAW,36605
0,SAW,36606
0,SAW,36607
0,SAW,36608
0,SAW,36609
0,SAW,36610
0,SAW,36611
0,SAW,36612
0,SAW,36613
0,SAW,36614
0,SAW,36615
0,SAW,36616
0,SAW,36617
0,SAW,36618
0,SAW,36619
0,SAW,36620
0,SAW,36621
0,SAW,36622
0,SAW,36623
0,SAW,36624
0,SAW,36625
0,SAW,36626
0,SAW,36627
0,SAW,36628
0,SAW,36629
0,SAW,36630
0,SAW,36631
0,SAW,36632
0,SAW,36633
0,SAW,36634
0,SAW,36635
0,SAW,36636
0,SAW,36637
0,SAW,36638
0,SAW,36639
0,SAW,36640
0,SAW,36641
0,SAW,36642
0,SAW,36643
0,SAW,36644
0,SAW,36645
0,SAW,36646
0,SAW,36647
0,SAW,36648
0,SAW,36649
0,SAW,36650
0,SAW,36651
0,SAW,36652
0,SAW,36653
0,SAW,36654
0,SAW,36655
0,SAW,36656
0,SAW,36657
0,SAW,36658
0,SAW,36659
0,SAW,36660
0,SAW,36661
0,SAW,36662
0,SAW,36663
0,SAW,36664
0,SAW,36665
0,SAW,36666
0,SAW,36667
0,SAW,36668
0,SAW,36669
0,SAW,36670
0,SAW,36671
0,SAW,36672
0,SAW,36673
0,SAW,36674
0,SAW,36675
0,SAW,36676
0,SAW,36677
0,SAW,36678
0,SAW,36679
0,SAW,36680
0,SAW,36681
0,SAW,36682
0,SAW,36683
0,SAW,36684
0,SAW,36685
0,SAW,36686
0,SAW,36687
0,SAW,36688
0,SAW,36689
0,SAW,36690
0,SAW,36691
0,SAW,36692
0,SAW,36693
0,SAW,36694
0,SAW,36695
0,SAW,36696
0,SAW,36697
0,SAW,36698
0,SAW,36699
0,SAW,36700
0,SAW,36701
0,SAW,36702
0,SAW,36703
0,SAW,36704
0,SAW,36705
0,SAW,36706
0,SAW,36707
0,SAW,36708
0,SAW,36709
0,SAW,36710
0,SAW,36711
0,SAW,36712
0,SAW,36713
0,SAW,36714
0,SAW,36715
0,SAW,36716
0,SAW,36717
0,SAW,36718
0,SAW,36719
0,SAW,36720
0,SAW,36721
0,SAW,36722
0,SAW,36723
0,SAW,36724
0,SAW,36725
0,SAW,36726
0,SAW,36727
0,SAW,36728
0,SAW,36729
0,SAW,36730
0,SAW,36731
0,SAW,36732
0,SAW,36733
0,SAW,36734
0,SAW,36735
0,SAW,36736
0,SAW,36737
0,SAW,36738
0,SAW,36739
0,SAW,36740
0,SAW,36741
0,SAW,36742
0,SAW,36743
0,SAW,36744
0,SAW,36745
0,SAW,36746
0,SAW,36747
0,SAW,36748
0,SAW,36749
0,SAW,36750
0,SAW,36751
0,SAW,36752
0,SAW,36753
0,SAW,36754
0,SAW,36755
0,SAW,36756
0,SAW,36757
0,SAW,36758
0,SAW,36759
0,SAW,36760
0,SAW,36761
0,SAW,36762
0,SAW,36763
0,SAW,36764
0,SAW,36765
0,SAW,36766
0,SAW,36767
0,SAW,36768
0,SAW,36769
0,SAW,36770
0,SAW,36771
0,SAW,36772
0,SAW,36773
0,SAW,36774
0,SAW,36775
0,SAW,36776
0,SAW,36777
0,SAW,36778
0,SAW,36779
0,SAW,36780
0,SAW,36781
0,SAW,36782
0,SAW,36783
0,SAW,36784
0,SAW,36785
0,SAW,36786
0,SAW,36787
0,SAW,36788
0,SAW,36789
0,SAW,36790
0,SAW,36791
0,SAW,36792
0,SAW,36793
0,SAW,36794
0,SAW,36795
0,SAW,36796
0,SAW,36797
0,SAW,36798
0,SAW,36799
0,SAW,36800
0,SAW,36801
0,SAW,36802
0,SAW,36803
0,SAW,36804
0,SAW,36805
0,SAW,36806
0,SAW,36807
0,SAW,36808
0,SAW,36809
0,SAW,36810
0,SAW,36811
0,SAW,36812
0,SAW,36813
0,SAW,36814
0,SAW,36815
0,SAW,36816
0,SAW,36817
0,SAW,36818
0,SAW,36819
0,SAW,36820
0,SAW,36821
0,SAW,36822
0,SAW,36823
0,SAW,36824
0,SAW,36825
0,SAW,36826
0,SAW,36827
0,SAW,36828
0,SAW,36829
0,SAW,36830
0,SAW,36831
0,SAW,36832
0,SAW,36833
0,SAW,36834
0,SAW,36835
0,SAW,36836
0,SAW,36837
0,SAW,36838
0,SAW,36839
0,SAW,36840
0,SAW,36841
0,SAW,36842
0,SAW,36843
0,SAW,36844
0,SAW,36845
0,SAW,36846
0,SAW,36847
0,SAW,36848
0,SAW,36849
0,SAW,36850
0,SAW,36851
0,SAW,36852
0,SAW,36853
0,SAW,36854
0,SAW,36855
0,SAW,36856
0,SAW,36857
0,SAW,36858
0,SAW,36859
0,SAW,36860
0,SAW,36861
0,SAW,36862
0,SAW,36863
0,SAW,36864
0,SAW,36865
0,SAW,36866
0,SAW,36867
0,SAW,36868
0,SAW,36869
0,SAW,36870
0,SAW,36871
0,SAW,36872
0,SAW,36873
0,SAW,36874
0,SAW,36875
0,SAW,36876
0,SAW,36877
0,SAW,36878
0,SAW,36879
0,SAW,36880
0,SAW,36881
0,SAW,36882
0,SAW,36883
0,SAW,36884
0,SAW,36885
0,SAW,36886
0,SAW,36887
0,SAW,36888
0,SAW,36889
0,SAW,36890
0,SAW,36891
0,SAW,36892
0,SAW,36893
0,SAW,36894
0,SAW,36895
0,SAW,36896
0,SAW,36897
0,SAW,36898
0,SAW,36899
0,SAW,36900
0,SAW,36901
0,SAW,36902
0,SAW,36903
0,SAW,36904
0,SAW,36905
0,SAW,36906
0,SAW,36907
0,SAW,36908
0,SAW,36909
0,SAW,36910
0,SAW,36911
0,SAW,36912
0,SAW,36913
0,SAW,36914
0,SAW,36915
0,SAW,36916
0,SAW,36917
0,SAW,36918
0,SAW,36919
0,SAW,36920
0,SAW,36921
0,SAW,36922
0,SAW,36923
0,SAW,36924
0,SAW,36925
0,SAW,36926
0,SAW,36927
0,SAW,36928
0,SAW,36929
0,SAW,36930
0,SAW,36931
0,SAW,36932
0,SAW,36933
0,SAW,36934
0,SAW,36935
0,SAW,36936
0,SAW,36937
0,SAW,36938
0,SAW,36939
0,SAW,36940
0,SAW,36941
0,SAW,36942
0,SAW,36943
0,SAW,36944
0,SAW,36945
0,SAW,36946
0,SAW,36947
0,SAW,36948
0,SAW,36949
0,SAW,36950
0,SAW,36951
0,SAW,36952
0,SAW,36953
0,SAW,36954
0,SAW,36955
0,SAW,36956
0,SAW,36957
0,SAW,36958
0,SAW,36959
0,SAW,36960
0,SAW,36961
0,SAW,36962
0,SAW,36963
0,SAW,36964
0,SAW,36965
0,SAW,36966
0,SAW,36967
0,SAW,36968
0,SAW,36969
0,SAW,36970
0,SAW,36971
0,SAW,36972
0,SAW,36973
0,SAW,36974
0,SAW,36975
0,SAW,36976
0,SAW,36977
0,SAW,36978
0,SAW,36979
0,SAW,36980
0,SAW,36981
0,SAW,36982
0,SAW,36983
0,SAW,36984
0,SAW,36985
0,SAW,36986
0,SAW,36987
0,SAW,36988
0,SAW,36989
0,SAW,36990
0,SAW,36991
0,SAW,36992
0,SAW,36993
0,SAW,36994
0,SAW,36995
0,SAW,36996
0,SAW,36997
0,SAW,36998
0,SAW,36999
0,SAW,37000
0,SAW,37001
0,SAW,37002
0,SAW,37003
0,SAW,37004
0,SAW,37005
0,SAW,37006
0,SAW,37007
0,SAW,37008
0,SAW,37009
0,SAW,37010
0,SAW,37011
0,SAW,37012
0,SAW,37013
0,SAW,37014
0,SAW,37015
0,SAW,37016
0,SAW,37017
0,SAW,37018
0,SAW,37019
0,SAW,37020
0,SAW,37021
0,SAW,37022
0,SAW,37023
0,SAW,37024
0,SAW,37025
0,SAW,37026
0,SAW,37027
0,SAW,37028
0,SAW,37029
0,SAW,37030
0,SAW,37031
0,SAW,37032
0,SAW,37033
0,SAW,37034
0,SAW,37035
0,SAW,37036
0,SAW,37037
0,SAW,37038
0,SAW,37039
0,SAW,37040
0,SAW,37041
0,SAW,37042
0,SAW,37043
0,SAW,37044
0,SAW,37045
0,SAW,37046
0,SAW,37047
0,SAW,37048
0,SAW,37049
0,SAW,37050
0,SAW,37051
0,SAW,37052
0,SAW,37053
0,SAW,37054
0,SAW,37055
0,SAW,37056
0,SAW,37057
0,SAW,37058
0,SAW,37059
0,SAW,37060
0,SAW,37061
0,SAW,37062
0,SAW,37063
0,SAW,37064
0,SAW,37065
0,SAW,37066
0,SAW,37067
0,SAW,37068
0,SAW,37069
0,SAW,37070
0,SAW,37071
0,SAW,37072
0,SAW,37073
0,SAW,37074
0,SAW,37075
0,SAW,37076
0,SAW,37077
0,SAW,37078
0,SAW,37079
0,SAW,37080
0,SAW,37081
0,SAW,37082
0,SAW,37083
0,SAW,37084
0,SAW,37085
0,SAW,37086
0,SAW,37087
0,SAW,37088
0,SAW,37089
0,SAW,37090
0,SAW,37091
0,SAW,37092
0,SAW,37093
0,SAW,37094
0,SAW,37095
0,SAW,37096
0,SAW,37097
0,SAW,37098
0,SAW,37099
0,SAW,37100
0,SAW,37101
0,SAW,37102
0,SAW,37103
0,SAW,37104
0,SAW,37105
0,SAW,37106
0,SAW,37107
0,SAW,37108
0,SAW,37109
0,SAW,37110
0,SAW,37111
0,SAW,37112
0,SAW,37113
0,SAW,37114
0,SAW,37115
0,SAW,37116
0,SAW,37117
0,SAW,37118
0,SAW,37119
0,SAW,37120
0,SAW,37121
0,SAW,37122
0,SAW,37123
0,SAW,37124
0,SAW,37125
0,SAW,37126
0,SAW,37127
0,SAW,37128
0,SAW,37129
0,SAW,37130
0,SAW,37131
0,SAW,37132
0,SAW,37133
0,SAW,37134
0,SAW,37135
0,SAW,37136
0,SAW,37137
0,SAW,37138
0,SAW,37139
0,SAW,37140
0,SAW,37141
0,SAW,37142
0,SAW,37143
0,SAW,37144
0,SAW,37145
0,SAW,37146
0,SAW,37147
0,SAW,37148
0,SAW,37149
0,SAW,37150
0,SAW,37151
0,SAW,37152
0,SAW,37153
0,SAW,37154
0,SAW,37155
0,SAW,37156
0,SAW,37157
0,SAW,37158
0,SAW,37159
0,SAW,37160
0,SAW,37161
0,SAW,37162
0,SAW,37163
0,SAW,37164
0,SAW,37165
0,SAW,37166
0,SAW,37167
0,SAW,37168
0,SAW,37169
0,SAW,37170
0,SAW,37171
0,SAW,37172
0,SAW,37173
0,SAW,37174
0,SAW,37175
0,SAW,37176
0,SAW,37177
0,SAW,37178
0,SAW,37179
0,SAW,37180
0,SAW,37181
0,SAW,37182
0,SAW,37183
0,SAW,37184
0,SAW,37185
0,SAW,37186
0,SAW,37187
0,SAW,37188
0,SAW,37189
0,SAW,37190
0,SAW,37191
0,SAW,37192
0,SAW,37193
0,SAW,37194
0,SAW,37195
0,SAW,37196
0,SAW,37197
0,SAW,37198
0,SAW,37199
0,SAW,37200
0,SAW,37201
0,SAW,37202
0,SAW,37203
0,SAW,37204
0,SAW,37205
0,SAW,37206
0,SAW,37207
0,SAW,37208
0,SAW,37209
0,SAW,37210
0,SAW,37211
0,SAW,37212
0,SAW,37213
0,SAW,37214
0,SAW,37215
0,SAW,37216
0,SAW,37217
0,SAW,37218
0,SAW,37219
0,SAW,37220
0,SAW,37221
0,SAW,37222
0,SAW,37223
0,SAW,37224
0,SAW,37225
0,SAW,37226
0,SAW,37227
0,SAW,37228
0,SAW,37229
0,SAW,37230
0,SAW,37231
0,SAW,37232
0,SAW,37233
0,SAW,37234
0,SAW,37235
0,SAW,37236
0,SAW,37237
0,SAW,37238
0,SAW,37239
0,SAW,37240
0,SAW,37241
0,SAW,37242
0,SAW,37243
0,SAW,37244
0,SAW,37245
0,SAW,37246
0,SAW,37247
0,SAW,37248
0,SAW,37249
0,SAW,37250
0,SAW,37251
0,SAW,37252
0,SAW,37253
0,SAW,37254
0,SAW,37255
0,SAW,37256
0,SAW,37257
0,SAW,37258
0,SAW,37259
0,SAW,37260
0,SAW,37261
0,SAW,37262
0,SAW,37263
0,SAW,37264
0,SAW,37265
0,SAW,37266
0,SAW,37267
0,SAW,37268
0,SAW,37269
0,SAW,37270
0,SAW,37271
0,SAW,37272
0,SAW,37273
0,SAW,37274
0,SAW,37275
0,SAW,37276
0,SAW,37277
0,SAW,37278
0,SAW,37279
0,SAW,37280
0,SAW,37281
0,SAW,37282
0,SAW,37283
0,SAW,37284
0,SAW,37285
0,SAW,37286
0,SAW,37287
0,SAW,37288
0,SAW,37289
0,SAW,37290
0,SAW,37291
0,SAW,37292
0,SAW,37293
0,SAW,37294
0,SAW,37295
0,SAW,37296
0,SAW,37297
0,SAW,37298
0,SAW,37299
0,SAW,37300
0,SAW,37301
0,SAW,37302
0,SAW,37303
0,SAW,37304
0,SAW,37305
0,SAW,37306
0,SAW,37307
0,SAW,37308
0,SAW,37309
0,SAW,37310
0,SAW,37311
0,SAW,37312
0,SAW,37313
0,SAW,37314
0,SAW,37315
0,SAW,37316
0,SAW,37317
0,SAW,37318
0,SAW,37319
0,SAW,37320
0,SAW,37321
0,SAW,37322
0,SAW,37323
0,SAW,37324
0,SAW,37325
0,SAW,37326
0,SAW,37327
0,SAW,37328
0,SAW,37329
0,SAW,37330
0,SAW,37331
0,SAW,37332
0,SAW,37333
0,SAW,37334
0,SAW,37335
0,SAW,37336
0,SAW,37337
0,SAW,37338
0,SAW,37339
0,SAW,37340
0,SAW,37341
0,SAW,37342
0,SAW,37343
0,SAW,37344
0,SAW,37345
0,SAW,37346
0,SAW,37347
0,SAW,37348
0,SAW,37349
0,SAW,37350
0,SAW,37351
0,SAW,37352
0,SAW,37353
0,SAW,37354
0,SAW,37355
0,SAW,37356
0,SAW,37357
0,SAW,37358
0,SAW,37359
0,SAW,37360
0,SAW,37361
0,SAW,37362
0,SAW,37363
0,SAW,37364
0,SAW,37365
0,SAW,37366
0,SAW,37367
0,SAW,37368
0,SAW,37369
0,SAW,37370
0,SAW,37371
0,SAW,37372
0,SAW,37373
0,SAW,37374
0,SAW,37375
0,SAW,37376
0,SAW,37377
0,SAW,37378
0,SAW,37379
0,SAW,37380
0,SAW,37381
0,SAW,37382
0,SAW,37383
0,SAW,37384
0,SAW,37385
0,SAW,37386
0,SAW,37387
0,SAW,37388
0,SAW,37389
0,SAW,37390
0,SAW,37391
0,SAW,37392
0,SAW,37393
0,SAW,37394
0,SAW,37395
0,SAW,37396
0,SAW,37397
0,SAW,37398
0,SAW,37399
0,SAW,37400
0,SAW,37401
0,SAW,37402
0,SAW,37403
0,SAW,37404
0,SAW,37405
0,SAW,37406
0,SAW,37407
0,SAW,37408
0,SAW,37409
0,SAW,37410
0,SAW,37411
0,SAW,37412
0,SAW,37413
0,SAW,37414
0,SAW,37415
0,SAW,37416
0,SAW,37417
0,SAW,37418
0,SAW,37419
0,SAW,37420
0,SAW,37421
0,SAW,37422
0,SAW,37423
0,SAW,37424
0,SAW,37425
0,SAW,37426
0,SAW,37427
0,SAW,37428
0,SAW,37429
0,SAW,37430
0,SAW,37431
0,SAW,37432
0,SAW,37433
0,SAW,37434
0,SAW,37435
0,SAW,37436
0,SAW,37437
0,SAW,37438
0,SAW,37439
0,SAW,37440
0,SAW,37441
0,SAW,37442
0,SAW,37443
0,SAW,37444
0,SAW,37445
0,SAW,37446
0,SAW,37447
0,SAW,37448
0,SAW,37449
0,SAW,37450
0,SAW,37451
0,SAW,37452
0,SAW,37453
0,SAW,37454
0,SAW,37455
0,SAW,37456
0,SAW,37457
0,SAW,37458
0,SAW,37459
0,SAW,37460
0,SAW,37461
0,SAW,37462
0,SAW,37463
0,SAW,37464
0,SAW,37465
0,SAW,37466
0,SAW,37467
0,SAW,37468
0,SAW,37469
0,SAW,37470
0,SAW,37471
0,SAW,37472
0,SAW,37473
0,SAW,37474
0,SAW,37475
0,SAW,37476
0,SAW,37477
0,SAW,37478
0,SAW,37479
0,SAW,37480
0,SAW,37481
0,SAW,37482
0,SAW,37483
0,SAW,37484
0,SAW,37485
0,SAW,37486
0,SAW,37487
0,SAW,37488
0,SAW,37489
0,SAW,37490
0,SAW,37491
0,SAW,37492
0,SAW,37493
0,SAW,37494
0,SAW,37495
0,SAW,37496
0,SAW,37497
0,SAW,37498
0,SAW,37499
0,SAW,37500
0,SAW,37501
0,SAW,37502
0,SAW,37503
0,SAW,37504
0,SAW,37505
0,SAW,37506
0,SAW,37507
0,SAW,37508
0,SAW,37509
0,SAW,37510
0,SAW,37511
0,SAW,37512
1,SCM,37513
1,SCM,37514
1,SCM,37515
1,SCM,37516
1,SCM,37517
1,SCM,37518
1,SCM,37519
1,SCM,37520
1,SCM,37521
1,SCM,37522
1,SCM,37523
1,SCM,37524
1,SCM,37525
1,SCM,37526
1,SCM,37527
1,SCM,37528
1,SCM,37529
1,SCM,37530
1,SCM,37531
1,SCM,37532
1,SCM,37533
1,SCM,37534
1,SCM,37535
1,SCM,37536
1,SCM,37537
1,SCM,37538
1,SCM,37539
1,SCM,37540
1,SCM,37541
1,SCM,37542
1,SCM,37543
1,SCM,37544
1,SCM,37545
1,SCM,37546
1,SCM,37547
1,SCM,37548
1,SCM,37549
1,SCM,37550
1,SCM,37551
1,SCM,37552
1,SCM,37553
1,SCM,37554
1,SCM,37555
1,SCM,37556
1,SCM,37557
1,SCM,37558
1,SCM,37559
1,SCM,37560
1,SCM,37561
1,SCM,37562
1,SCM,37563
1,SCM,37564
1,SCM,37565
1,SCM,37566
1,SCM,37567
1,SCM,37568
1,SCM,37569
1,SCM,37570
1,SCM,37571
1,SCM,37572
1,SCM,37573
1,SCM,37574
1,SCM,37575
1,SCM,37576
1,SCM,37577
1,SCM,37578
1,SCM,37579
1,SCM,37580
1,SCM,37581
1,SCM,37582
1,SCM,37583
1,SCM,37584
1,SCM,37585
1,SCM,37586
1,SCM,37587
1,SCM,37588
1,SCM,37589
1,SCM,37590
1,SCM,37591
1,SCM,37592
1,SCM,37593
1,SCM,37594
1,SCM,37595
1,SCM,37596
1,SCM,37597
1,SCM,37598
1,SCM,37599
1,SCM,37600
1,SCM,37601
1,SCM,37602
1,SCM,37603
1,SCM,37604
1,SCM,37605
1,SCM,37606
1,SCM,37607
1,SCM,37608
1,SCM,37609
1,SCM,37610
1,SCM,37611
1,SCM,37612
1,SCM,37613
1,SCM,37614
1,SCM,37615
1,SCM,37616
1,SCM,37617
1,SCM,37618
1,SCM,37619
1,SCM,37620
1,SCM,37621
1,SCM,37622
1,SCM,37623
1,SCM,37624
1,SCM,37625
1,SCM,37626
1,SCM,37627
1,SCM,37628
1,SCM,37629
1,SCM,37630
1,SCM,37631
1,SCM,37632
1,SCM,37633
1,SCM,37634
1,SCM,37635
1,SCM,37636
1,SCM,37637
1,SCM,37638
1,SCM,37639
1,SCM,37640
1,SCM,37641
1,SCM,37642
1,SCM,37643
1,SCM,37644
1,SCM,37645
1,SCM,37646
1,SCM,37647
1,SCM,37648
1,SCM,37649
1,SCM,37650
1,SCM,37651
1,SCM,37652
1,SCM,37653
1,SCM,37654
1,SCM,37655
1,SCM,37656
1,SCM,37657
1,SCM,37658
1,SCM,37659
1,SCM,37660
1,SCM,37661
1,SCM,37662
1,SCM,37663
1,SCM,37664
1,SCM,37665
1,SCM,37666
1,SCM,37667
1,SCM,37668
1,SCM,37669
1,SCM,37670
1,SCM,37671
1,SCM,37672
1,SCM,37673
1,SCM,37674
1,SCM,37675
1,SCM,37676
1,SCM,37677
1,SCM,37678
1,SCM,37679
1,SCM,37680
1,SCM,37681
1,SCM,37682
1,SCM,37683
1,SCM,37684
1,SCM,37685
1,SCM,37686
1,SCM,37687
1,SCM,37688
1,SCM,37689
1,SCM,37690
1,SCM,37691
1,SCM,37692
1,SCM,37693
1,SCM,37694
1,SCM,37695
1,SCM,37696
1,SCM,37697
1,SCM,37698
1,SCM,37699
1,SCM,37700
1,SCM,37701
1,SCM,37702
1,SCM,37703
1,SCM,37704
1,SCM,37705
1,SCM,37706
1,SCM,37707
1,SCM,37708
1,SCM,37709
1,SCM,37710
1,SCM,37711
1,SCM,37712
1,SCM,37713
1,SCM,37714
1,SCM,37715
1,SCM,37716
1,SCM,37717
1,SCM,37718
1,SCM,37719
1,SCM,37720
1,SCM,37721
1,SCM,37722
1,SCM,37723
1,SCM,37724
1,SCM,37725
1,SCM,37726
1,SCM,37727
1,SCM,37728
1,SCM,37729
1,SCM,37730
1,SCM,37731
1,SCM,37732
1,SCM,37733
1,SCM,37734
1,SCM,37735
1,SCM,37736
1,SCM,37737
1,SCM,37738
1,SCM,37739
1,SCM,37740
1,SCM,37741
1,SCM,37742
1,SCM,37743
1,SCM,37744
1,SCM,37745
1,SCM,37746
1,SCM,37747
1,SCM,37748
1,SCM,37749
1,SCM,37750
1,SCM,37751
1,SCM,37752
1,SCM,37753
1,SCM,37754
1,SCM,37755
1,SCM,37756
1,SCM,37757
1,SCM,37758
1,SCM,37759
1,SCM,37760
1,SCM,37761
1,SCM,37762
1,SCM,37763
1,SCM,37764
1,SCM,37765
1,SCM,37766
1,SCM,37767
1,SCM,37768
1,SCM,37769
1,SCM,37770
1,SCM,37771
1,SCM,37772
1,SCM,37773
1,SCM,37774
1,SCM,37775
1,SCM,37776
1,SCM,37777
1,SCM,37778
1,SCM,37779
1,SCM,37780
1,SCM,37781
1,SCM,37782
1,SCM,37783
1,SCM,37784
1,SCM,37785
1,SCM,37786
1,SCM,37787
1,SCM,37788
1,SCM,37789
1,SCM,37790
1,SCM,37791
1,SCM,37792
1,SCM,37793
1,SCM,37794
1,SCM,37795
1,SCM,37796
1,SCM,37797
1,SCM,37798
1,SCM,37799
1,SCM,37800
1,SCM,37801
1,SCM,37802
1,SCM,37803
1,SCM,37804
1,SCM,37805
1,SCM,37806
1,SCM,37807
1,SCM,37808
1,SCM,37809
1,SCM,37810
1,SCM,37811
1,SCM,37812
1,SCM,37813
1,SCM,37814
1,SCM,37815
1,SCM,37816
1,SCM,37817
1,SCM,37818
1,SCM,37819
1,SCM,37820
1,SCM,37821
1,SCM,37822
1,SCM,37823
1,SCM,37824
1,SCM,37825
1,SCM,37826
1,SCM,37827
1,SCM,37828
1,SCM,37829
1,SCM,37830
1,SCM,37831
1,SCM,37832
1,SCM,37833
1,SCM,37834
1,SCM,37835
1,SCM,37836
1,SCM,37837
1,SCM,37838
1,SCM,37839
1,SCM,37840
1,SCM,37841
1,SCM,37842
1,SCM,37843
1,SCM,37844
1,SCM,37845
1,SCM,37846
1,SCM,37847
1,SCM,37848
1,SCM,37849
1,SCM,37850
1,SCM,37851
1,SCM,37852
1,SCM,37853
1,SCM,37854
1,SCM,37855
1,SCM,37856
1,SCM,37857
1,SCM,37858
1,SCM,37859
1,SCM,37860
1,SCM,37861
1,SCM,37862
1,SCM,37863
1,SCM,37864
1,SCM,37865
1,SCM,37866
1,SCM,37867
1,SCM,37868
1,SCM,37869
1,SCM,37870
1,SCM,37871
1,SCM,37872
1,SCM,37873
1,SCM,37874
1,SCM,37875
1,SCM,37876
1,SCM,37877
1,SCM,37878
1,SCM,37879
1,SCM,37880
1,SCM,37881
1,SCM,37882
1,SCM,37883
1,SCM,37884
1,SCM,37885
1,SCM,37886
1,SCM,37887
1,SCM,37888
1,SCM,37889
1,SCM,37890
1,SCM,37891
1,SCM,37892
1,SCM,37893
1,SCM,37894
1,SCM,37895
1,SCM,37896
1,SCM,37897
1,SCM,37898
1,SCM,37899
1,SCM,37900
1,SCM,37901
1,SCM,37902
1,SCM,37903
1,SCM,37904
1,SCM,37905
1,SCM,37906
1,SCM,37907
1,SCM,37908
1,SCM,37909
1,SCM,37910
1,SCM,37911
1,SCM,37912
1,SCM,37913
1,SCM,37914
1,SCM,37915
1,SCM,37916
1,SCM,37917
1,SCM,37918
1,SCM,37919
1,SCM,37920
1,SCM,37921
1,SCM,37922
1,SCM,37923
1,SCM,37924
1,SCM,37925
1,SCM,37926
1,SCM,37927
1,SCM,37928
1,SCM,37929
1,SCM,37930
1,SCM,37931
1,SCM,37932
1,SCM,37933
1,SCM,37934
1,SCM,37935
1,SCM,37936
1,SCM,37937
1,SCM,37938
1,SCM,37939
1,SCM,37940
1,SCM,37941
1,SCM,37942
1,SCM,37943
1,SCM,37944
1,SCM,37945
1,SCM,37946
1,SCM,37947
1,SCM,37948
1,SCM,37949
1,SCM,37950
1,SCM,37951
1,SCM,37952
1,SCM,37953
1,SCM,37954
1,SCM,37955
1,SCM,37956
1,SCM,37957
1,SCM,37958
1,SCM,37959
1,SCM,37960
1,SCM,37961
1,SCM,37962
1,SCM,37963
1,SCM,37964
1,SCM,37965
1,SCM,37966
1,SCM,37967
1,SCM,37968
1,SCM,37969
1,SCM,37970
1,SCM,37971
1,SCM,37972
1,SCM,37973
1,SCM,37974
1,SCM,37975
1,SCM,37976
1,SCM,37977
1,SCM,37978
1,SCM,37979
1,SCM,37980
1,SCM,37981
1,SCM,37982
1,SCM,37983
1,SCM,37984
1,SCM,37985
1,SCM,37986
1,SCM,37987
1,SCM,37988
1,SCM,37989
1,SCM,37990
1,SCM,37991
1,SCM,37992
1,SCM,37993
1,SCM,37994
1,SCM,37995
1,SCM,37996
1,SCM,37997
1,SCM,37998
1,SCM,37999
1,SCM,38000
1,SCM,38001
1,SCM,38002
1,SCM,38003
1,SCM,38004
1,SCM,38005
1,SCM,38006
1,SCM,38007
1,SCM,38008
1,SCM,38009
1,SCM,38010
1,SCM,38011
1,SCM,38012
1,SCM,38013
1,SCM,38014
1,SCM,38015
1,SCM,38016
1,SCM,38017
1,SCM,38018
1,SCM,38019
1,SCM,38020
1,SCM,38021
1,SCM,38022
1,SCM,38023
1,SCM,38024
1,SCM,38025
1,SCM,38026
1,SCM,38027
1,SCM,38028
1,SCM,38029
1,SCM,38030
1,SCM,38031
1,SCM,38032
1,SCM,38033
1,SCM,38034
1,SCM,38035
1,SCM,38036
1,SCM,38037
1,SCM,38038
1,SCM,38039
1,SCM,38040
1,SCM,38041
1,SCM,38042
1,SCM,38043
1,SCM,38044
1,SCM,38045
1,SCM,38046
1,SCM,38047
1,SCM,38048
1,SCM,38049
1,SCM,38050
1,SCM,38051
1,SCM,38052
1,SCM,38053
1,SCM,38054
1,SCM,38055
1,SCM,38056
1,SCM,38057
1,SCM,38058
1,SCM,38059
1,SCM,38060
1,SCM,38061
1,SCM,38062
1,SCM,38063
1,SCM,38064
1,SCM,38065
1,SCM,38066
1,SCM,38067
1,SCM,38068
1,SCM,38069
1,SCM,38070
1,SCM,38071
1,SCM,38072
1,SCM,38073
1,SCM,38074
1,SCM,38075
1,SCM,38076
1,SCM,38077
1,SCM,38078
1,SCM,38079
1,SCM,38080
1,SCM,38081
1,SCM,38082
1,SCM,38083
1,SCM,38084
1,SCM,38085
1,SCM,38086
1,SCM,38087
1,SCM,38088
1,SCM,38089
1,SCM,38090
1,SCM,38091
1,SCM,38092
1,SCM,38093
1,SCM,38094
1,SCM,38095
1,SCM,38096
1,SCM,38097
1,SCM,38098
1,SCM,38099
1,SCM,38100
1,SCM,38101
1,SCM,38102
1,SCM,38103
1,SCM,38104
1,SCM,38105
1,SCM,38106
1,SCM,38107
1,SCM,38108
1,SCM,38109
1,SCM,38110
1,SCM,38111
1,SCM,38112
1,SCM,38113
1,SCM,38114
1,SCM,38115
1,SCM,38116
1,SCM,38117
1,SCM,38118
1,SCM,38119
1,SCM,38120
1,SCM,38121
1,SCM,38122
1,SCM,38123
1,SCM,38124
1,SCM,38125
1,SCM,38126
1,SCM,38127
1,SCM,38128
1,SCM,38129
1,SCM,38130
1,SCM,38131
1,SCM,38132
1,SCM,38133
1,SCM,38134
1,SCM,38135
1,SCM,38136
1,SCM,38137
1,SCM,38138
1,SCM,38139
1,SCM,38140
1,SCM,38141
1,SCM,38142
1,SCM,38143
1,SCM,38144
1,SCM,38145
1,SCM,38146
1,SCM,38147
1,SCM,38148
1,SCM,38149
1,SCM,38150
1,SCM,38151
1,SCM,38152
1,SCM,38153
1,SCM,38154
1,SCM,38155
1,SCM,38156
1,SCM,38157
1,SCM,38158
1,SCM,38159
1,SCM,38160
1,SCM,38161
1,SCM,38162
1,SCM,38163
1,SCM,38164
1,SCM,38165
1,SCM,38166
1,SCM,38167
1,SCM,38168
1,SCM,38169
1,SCM,38170
1,SCM,38171
1,SCM,38172
1,SCM,38173
1,SCM,38174
1,SCM,38175
1,SCM,38176
1,SCM,38177
1,SCM,38178
1,SCM,38179
1,SCM,38180
1,SCM,38181
1,SCM,38182
1,SCM,38183
1,SCM,38184
1,SCM,38185
1,SCM,38186
1,SCM,38187
1,SCM,38188
1,SCM,38189
1,SCM,38190
1,SCM,38191
1,SCM,38192
1,SCM,38193
1,SCM,38194
1,SCM,38195
1,SCM,38196
1,SCM,38197
1,SCM,38198
1,SCM,38199
1,SCM,38200
1,SCM,38201
1,SCM,38202
1,SCM,38203
1,SCM,38204
1,SCM,38205
1,SCM,38206
1,SCM,38207
1,SCM,38208
1,SCM,38209
1,SCM,38210
1,SCM,38211
1,SCM,38212
1,SCM,38213
1,SCM,38214
1,SCM,38215
1,SCM,38216
1,SCM,38217
1,SCM,38218
1,SCM,38219
1,SCM,38220
1,SCM,38221
1,SCM,38222
1,SCM,38223
1,SCM,38224
1,SCM,38225
1,SCM,38226
1,SCM,38227
1,SCM,38228
1,SCM,38229
1,SCM,38230
1,SCM,38231
1,SCM,38232
1,SCM,38233
1,SCM,38234
1,SCM,38235
1,SCM,38236
1,SCM,38237
1,SCM,38238
1,SCM,38239
1,SCM,38240
1,SCM,38241
1,SCM,38242
1,SCM,38243
1,SCM,38244
1,SCM,38245
1,SCM,38246
1,SCM,38247
1,SCM,38248
1,SCM,38249
1,SCM,38250
1,SCM,38251
1,SCM,38252
1,SCM,38253
1,SCM,38254
1,SCM,38255
1,SCM,38256
1,SCM,38257
1,SCM,38258
1,SCM,38259
1,SCM,38260
1,SCM,38261
1,SCM,38262
1,SCM,38263
1,SCM,38264
1,SCM,38265
1,SCM,38266
1,SCM,38267
1,SCM,38268
1,SCM,38269
1,SCM,38270
1,SCM,38271
1,SCM,38272
1,SCM,38273
1,SCM,38274
1,SCM,38275
1,SCM,38276
1,SCM,38277
1,SCM,38278
1,SCM,38279
1,SCM,38280
1,SCM,38281
1,SCM,38282
1,SCM,38283
1,SCM,38284
1,SCM,38285
1,SCM,38286
1,SCM,38287
1,SCM,38288
1,SCM,38289
1,SCM,38290
1,SCM,38291
1,SCM,38292
1,SCM,38293
1,SCM,38294
1,SCM,38295
1,SCM,38296
1,SCM,38297
1,SCM,38298
1,SCM,38299
1,SCM,38300
1,SCM,38301
1,SCM,38302
1,SCM,38303
1,SCM,38304
1,SCM,38305
1,SCM,38306
1,SCM,38307
1,SCM,38308
1,SCM,38309
1,SCM,38310
1,SCM,38311
1,SCM,38312
1,SCM,38313
1,SCM,38314
1,SCM,38315
1,SCM,38316
1,SCM,38317
1,SCM,38318
1,SCM,38319
1,SCM,38320
1,SCM,38321
1,SCM,38322
1,SCM,38323
1,SCM,38324
1,SCM,38325
1,SCM,38326
1,SCM,38327
1,SCM,38328
1,SCM,38329
1,SCM,38330
1,SCM,38331
1,SCM,38332
1,SCM,38333
1,SCM,38334
1,SCM,38335
1,SCM,38336
1,SCM,38337
1,SCM,38338
1,SCM,38339
1,SCM,38340
1,SCM,38341
1,SCM,38342
1,SCM,38343
1,SCM,38344
1,SCM,38345
1,SCM,38346
1,SCM,38347
1,SCM,38348
1,SCM,38349
1,SCM,38350
1,SCM,38351
1,SCM,38352
1,SCM,38353
1,SCM,38354
1,SCM,38355
1,SCM,38356
1,SCM,38357
1,SCM,38358
1,SCM,38359
1,SCM,38360
1,SCM,38361
1,SCM,38362
1,SCM,38363
1,SCM,38364
1,SCM,38365
1,SCM,38366
1,SCM,38367
1,SCM,38368
1,SCM,38369
1,SCM,38370
1,SCM,38371
1,SCM,38372
1,SCM,38373
1,SCM,38374
1,SCM,38375
1,SCM,38376
1,SCM,38377
1,SCM,38378
1,SCM,38379
1,SCM,38380
1,SCM,38381
1,SCM,38382
1,SCM,38383
1,SCM,38384
1,SCM,38385
1,SCM,38386
1,SCM,38387
1,SCM,38388
1,SCM,38389
1,SCM,38390
1,SCM,38391
1,SCM,38392
1,SCM,38393
1,SCM,38394
1,SCM,38395
1,SCM,38396
1,SCM,38397
1,SCM,38398
1,SCM,38399
1,SCM,38400
1,SCM,38401
1,SCM,38402
1,SCM,38403
1,SCM,38404
1,SCM,38405
1,SCM,38406
1,SCM,38407
1,SCM,38408
1,SCM,38409
1,SCM,38410
1,SCM,38411
1,SCM,38412
1,SCM,38413
1,SCM,38414
1,SCM,38415
1,SCM,38416
1,SCM,38417
1,SCM,38418
1,SCM,38419
1,SCM,38420
1,SCM,38421
1,SCM,38422
1,SCM,38423
1,SCM,38424
1,SCM,38425
1,SCM,38426
1,SCM,38427
1,SCM,38428
1,SCM,38429
1,SCM,38430
1,SCM,38431
1,SCM,38432
1,SCM,38433
1,SCM,38434
1,SCM,38435
1,SCM,38436
1,SCM,38437
1,SCM,38438
1,SCM,38439
1,SCM,38440
1,SCM,38441
1,SCM,38442
1,SCM,38443
1,SCM,38444
1,SCM,38445
1,SCM,38446
1,SCM,38447
1,SCM,38448
1,SCM,38449
1,SCM,38450
1,SCM,38451
1,SCM,38452
1,SCM,38453
1,SCM,38454
1,SCM,38455
1,SCM,38456
1,SCM,38457
1,SCM,38458
1,SCM,38459
1,SCM,38460
1,SCM,38461
1,SCM,38462
1,SCM,38463
1,SCM,38464
1,SCM,38465
1,SCM,38466
1,SCM,38467
1,SCM,38468
1,SCM,38469
1,SCM,38470
1,SCM,38471
1,SCM,38472
1,SCM,38473
1,SCM,38474
1,SCM,38475
1,SCM,38476
1,SCM,38477
1,SCM,38478
1,SCM,38479
1,SCM,38480
1,SCM,38481
1,SCM,38482
1,SCM,38483
1,SCM,38484
1,SCM,38485
1,SCM,38486
1,SCM,38487
1,SCM,38488
1,SCM,38489
1,SCM,38490
1,SCM,38491
1,SCM,38492
1,SCM,38493
1,SCM,38494
1,SCM,38495
1,SCM,38496
1,SCM,38497
1,SCM,38498
1,SCM,38499
1,SCM,38500
1,SCM,38501
1,SCM,38502
1,SCM,38503
1,SCM,38504
1,SCM,38505
1,SCM,38506
1,SCM,38507
1,SCM,38508
1,SCM,38509
1,SCM,38510
1,SCM,38511
1,SCM,38512
1,SCM,38513
1,SCM,38514
1,SCM,38515
1,SCM,38516
1,SCM,38517
1,SCM,38518
1,SCM,38519
1,SCM,38520
1,SCM,38521
1,SCM,38522
1,SCM,38523
1,SCM,38524
1,SCM,38525
1,SCM,38526
1,SCM,38527
1,SCM,38528
1,SCM,38529
1,SCM,38530
1,SCM,38531
1,SCM,38532
1,SCM,38533
1,SCM,38534
1,SCM,38535
1,SCM,38536
1,SCM,38537
1,SCM,38538
1,SCM,38539
1,SCM,38540
1,SCM,38541
1,SCM,38542
1,SCM,38543
1,SCM,38544
1,SCM,38545
1,SCM,38546
1,SCM,38547
1,SCM,38548
1,SCM,38549
1,SCM,38550
1,SCM,38551
1,SCM,38552
1,SCM,38553
1,SCM,38554
1,SCM,38555
1,SCM,38556
1,SCM,38557
1,SCM,38558
1,SCM,38559
1,SCM,38560
1,SCM,38561
1,SCM,38562
1,SCM,38563
1,SCM,38564
1,SCM,38565
1,SCM,38566
1,SCM,38567
1,SCM,38568
1,SCM,38569
1,SCM,38570
1,SCM,38571
1,SCM,38572
1,SCM,38573
1,SCM,38574
1,SCM,38575
1,SCM,38576
1,SCM,38577
1,SCM,38578
1,SCM,38579
1,SCM,38580
1,SCM,38581
1,SCM,38582
1,SCM,38583
1,SCM,38584
1,SCM,38585
1,SCM,38586
1,SCM,38587
1,SCM,38588
1,SCM,38589
1,SCM,38590
1,SCM,38591
1,SCM,38592
1,SCM,38593
1,SCM,38594
1,SCM,38595
1,SCM,38596
1,SCM,38597
1,SCM,38598
1,SCM,38599
1,SCM,38600
1,SCM,38601
1,SCM,38602
1,SCM,38603
1,SCM,38604
1,SCM,38605
1,SCM,38606
1,SCM,38607
1,SCM,38608
1,SCM,38609
1,SCM,38610
1,SCM,38611
1,SCM,38612
1,SCM,38613
1,SCM,38614
1,SCM,38615
1,SCM,38616
1,SCM,38617
1,SCM,38618
1,SCM,38619
1,SCM,38620
1,SCM,38621
1,SCM,38622
1,SCM,38623
1,SCM,38624
1,SCM,38625
1,SCM,38626
1,SCM,38627
1,SCM,38628
1,SCM,38629
1,SCM,38630
1,SCM,38631
1,SCM,38632
1,SCM,38633
1,SCM,38634
1,SCM,38635
1,SCM,38636
1,SCM,38637
1,SCM,38638
1,SCM,38639
1,SCM,38640
1,SCM,38641
1,SCM,38642
1,SCM,38643
1,SCM,38644
1,SCM,38645
1,SCM,38646
1,SCM,38647
1,SCM,38648
1,SCM,38649
1,SCM,38650
1,SCM,38651
1,SCM,38652
1,SCM,38653
1,SCM,38654
1,SCM,38655
1,SCM,38656
1,SCM,38657
1,SCM,38658
1,SCM,38659
1,SCM,38660
1,SCM,38661
1,SCM,38662
1,SCM,38663
1,SCM,38664
1,SCM,38665
1,SCM,38666
1,SCM,38667
1,SCM,38668
1,SCM,38669
1,SCM,38670
1,SCM,38671
1,SCM,38672
1,SCM,38673
1,SCM,38674
1,SCM,38675
1,SCM,38676
1,SCM,38677
1,SCM,38678
1,SCM,38679
1,SCM,38680
1,SCM,38681
1,SCM,38682
1,SCM,38683
1,SCM,38684
1,SCM,38685
1,SCM,38686
1,SCM,38687
1,SCM,38688
1,SCM,38689
1,SCM,38690
1,SCM,38691
1,SCM,38692
1,SCM,38693
1,SCM,38694
1,SCM,38695
1,SCM,38696
1,SCM,38697
1,SCM,38698
1,SCM,38699
1,SCM,38700
1,SCM,38701
1,SCM,38702
1,SCM,38703
1,SCM,38704
1,SCM,38705
1,SCM,38706
1,SCM,38707
1,SCM,38708
1,SCM,38709
1,SCM,38710
1,SCM,38711
1,SCM,38712
1,SCM,38713
1,SCM,38714
1,SCM,38715
1,SCM,38716
1,SCM,38717
1,SCM,38718
1,SCM,38719
1,SCM,38720
1,SCM,38721
1,SCM,38722
1,SCM,38723
1,SCM,38724
1,SCM,38725
1,SCM,38726
1,SCM,38727
1,SCM,38728
1,SCM,38729
1,SCM,38730
1,SCM,38731
1,SCM,38732
1,SCM,38733
1,SCM,38734
1,SCM,38735
1,SCM,38736
1,SCM,38737
1,SCM,38738
1,SCM,38739
1,SCM,38740
1,SCM,38741
1,SCM,38742
1,SCM,38743
1,SCM,38744
1,SCM,38745
1,SCM,38746
1,SCM,38747
1,SCM,38748
1,SCM,38749
1,SCM,38750
1,SCM,38751
1,SCM,38752
1,SCM,38753
1,SCM,38754
1,SCM,38755
1,SCM,38756
1,SCM,38757
1,SCM,38758
1,SCM,38759
1,SCM,38760
1,SCM,38761
1,SCM,38762
1,SCM,38763
1,SCM,38764
1,SCM,38765
1,SCM,38766
1,SCM,38767
1,SCM,38768
1,SCM,38769
1,SCM,38770
1,SCM,38771
1,SCM,38772
1,SCM,38773
1,SCM,38774
1,SCM,38775
1,SCM,38776
1,SCM,38777
1,SCM,38778
1,SCM,38779
1,SCM,38780
1,SCM,38781
1,SCM,38782
1,SCM,38783
1,SCM,38784
1,SCM,38785
1,SCM,38786
1,SCM,38787
1,SCM,38788
1,SCM,38789
1,SCM,38790
1,SCM,38791
1,SCM,38792
1,SCM,38793
1,SCM,38794
1,SCM,38795
1,SCM,38796
1,SCM,38797
1,SCM,38798
1,SCM,38799
1,SCM,38800
1,SCM,38801
1,SCM,38802
1,SCM,38803
1,SCM,38804
1,SCM,38805
1,SCM,38806
1,SCM,38807
1,SCM,38808
1,SCM,38809
1,SCM,38810
1,SCM,38811
1,SCM,38812
1,SCM,38813
1,SCM,38814
1,SCM,38815
1,SCM,38816
1,SCM,38817
1,SCM,38818
1,SCM,38819
1,SCM,38820
1,SCM,38821
1,SCM,38822
1,SCM,38823
1,SCM,38824
1,SCM,38825
1,SCM,38826
1,SCM,38827
1,SCM,38828
1,SCM,38829
1,SCM,38830
1,SCM,38831
1,SCM,38832
1,SCM,38833
1,SCM,38834
1,SCM,38835
1,SCM,38836
1,SCM,38837
1,SCM,38838
1,SCM,38839
1,SCM,38840
1,SCM,38841
1,SCM,38842
1,SCM,38843
1,SCM,38844
1,SCM,38845
1,SCM,38846
1,SCM,38847
1,SCM,38848
1,SCM,38849
1,SCM,38850
1,SCM,38851
1,SCM,38852
1,SCM,38853
1,SCM,38854
1,SCM,38855
1,SCM,38856
1,SCM,38857
1,SCM,38858
1,SCM,38859
1,SCM,38860
1,SCM,38861
1,SCM,38862
1,SCM,38863
1,SCM,38864
1,SCM,38865
1,SCM,38866
1,SCM,38867
1,SCM,38868
1,SCM,38869
1,SCM,38870
1,SCM,38871
1,SCM,38872
1,SCM,38873
1,SCM,38874
1,SCM,38875
1,SCM,38876
1,SCM,38877
1,SCM,38878
1,SCM,38879
1,SCM,38880
1,SCM,38881
1,SCM,38882
1,SCM,38883
1,SCM,38884
1,SCM,38885
1,SCM,38886
1,SCM,38887
1,SCM,38888
1,SCM,38889
1,SCM,38890
1,SCM,38891
1,SCM,38892
1,SCM,38893
1,SCM,38894
1,SCM,38895
1,SCM,38896
1,SCM,38897
1,SCM,38898
1,SCM,38899
1,SCM,38900
1,SCM,38901
1,SCM,38902
1,SCM,38903
1,SCM,38904
1,SCM,38905
1,SCM,38906
1,SCM,38907
1,SCM,38908
1,SCM,38909
1,SCM,38910
1,SCM,38911
1,SCM,38912
1,SCM,38913
1,SCM,38914
1,SCM,38915
1,SCM,38916
1,SCM,38917
1,SCM,38918
1,SCM,38919
1,SCM,38920
1,SCM,38921
1,SCM,38922
1,SCM,38923
1,SCM,38924
1,SCM,38925
1,SCM,38926
1,SCM,38927
1,SCM,38928
1,SCM,38929
1,SCM,38930
1,SCM,38931
1,SCM,38932
1,SCM,38933
1,SCM,38934
1,SCM,38935
1,SCM,38936
1,SCM,38937
1,SCM,38938
1,SCM,38939
1,SCM,38940
1,SCM,38941
1,SCM,38942
1,SCM,38943
1,SCM,38944
1,SCM,38945
1,SCM,38946
1,SCM,38947
1,SCM,38948
1,SCM,38949
1,SCM,38950
1,SCM,38951
1,SCM,38952
1,SCM,38953
1,SCM,38954
1,SCM,38955
1,SCM,38956
1,SCM,38957
1,SCM,38958
1,SCM,38959
1,SCM,38960
1,SCM,38961
1,SCM,38962
1,SCM,38963
1,SCM,38964
1,SCM,38965
1,SCM,38966
1,SCM,38967
1,SCM,38968
1,SCM,38969
1,SCM,38970
1,SCM,38971
1,SCM,38972
1,SCM,38973
1,SCM,38974
1,SCM,38975
1,SCM,38976
1,SCM,38977
1,SCM,38978
1,SCM,38979
1,SCM,38980
1,SCM,38981
1,SCM,38982
1,SCM,38983
1,SCM,38984
1,SCM,38985
1,SCM,38986
1,SCM,38987
1,SCM,38988
1,SCM,38989
1,SCM,38990
1,SCM,38991
1,SCM,38992
1,SCM,38993
1,SCM,38994
1,SCM,38995
1,SCM,38996
1,SCM,38997
1,SCM,38998
1,SCM,38999
1,SCM,39000
1,SCM,39001
1,SCM,39002
1,SCM,39003
1,SCM,39004
1,SCM,39005
1,SCM,39006
1,SCM,39007
1,SCM,39008
1,SCM,39009
1,SCM,39010
1,SCM,39011
1,SCM,39012
1,SCM,39013
1,SCM,39014
1,SCM,39015
1,SCM,39016
1,SCM,39017
1,SCM,39018
1,SCM,39019
1,SCM,39020
1,SCM,39021
1,SCM,39022
1,SCM,39023
1,SCM,39024
1,SCM,39025
1,SCM,39026
1,SCM,39027
1,SCM,39028
1,SCM,39029
1,SCM,39030
1,SCM,39031
1,SCM,39032
1,SCM,39033
1,SCM,39034
1,SCM,39035
1,SCM,39036
1,SCM,39037
1,SCM,39038
1,SCM,39039
1,SCM,39040
1,SCM,39041
1,SCM,39042
1,SCM,39043
1,SCM,39044
1,SCM,39045
1,SCM,39046
1,SCM,39047
1,SCM,39048
1,SCM,39049
1,SCM,39050
1,SCM,39051
1,SCM,39052
1,SCM,39053
1,SCM,39054
1,SCM,39055
1,SCM,39056
1,SCM,39057
1,SCM,39058
1,SCM,39059
1,SCM,39060
1,SCM,39061
1,SCM,39062
1,SCM,39063
1,SCM,39064
1,SCM,39065
1,SCM,39066
1,SCM,39067
1,SCM,39068
1,SCM,39069
1,SCM,39070
1,SCM,39071
1,SCM,39072
1,SCM,39073
1,SCM,39074
1,SCM,39075
1,SCM,39076
1,SCM,39077
1,SCM,39078
1,SCM,39079
1,SCM,39080
1,SCM,39081
1,SCM,39082
1,SCM,39083
1,SCM,39084
1,SCM,39085
1,SCM,39086
1,SCM,39087
1,SCM,39088
1,SCM,39089
1,SCM,39090
1,SCM,39091
1,SCM,39092
1,SCM,39093
1,SCM,39094
1,SCM,39095
1,SCM,39096
1,SCM,39097
1,SCM,39098
1,SCM,39099
1,SCM,39100
1,SCM,39101
1,SCM,39102
1,SCM,39103
1,SCM,39104
1,SCM,39105
1,SCM,39106
1,SCM,39107
1,SCM,39108
1,SCM,39109
1,SCM,39110
1,SCM,39111
1,SCM,39112
1,SCM,39113
1,SCM,39114
1,SCM,39115
1,SCM,39116
1,SCM,39117
1,SCM,39118
1,SCM,39119
1,SCM,39120
1,SCM,39121
1,SCM,39122
1,SCM,39123
1,SCM,39124
1,SCM,39125
1,SCM,39126
1,SCM,39127
1,SCM,39128
1,SCM,39129
1,SCM,39130
1,SCM,39131
1,SCM,39132
1,SCM,39133
1,SCM,39134
1,SCM,39135
1,SCM,39136
1,SCM,39137
1,SCM,39138
1,SCM,39139
1,SCM,39140
1,SCM,39141
1,SCM,39142
1,SCM,39143
1,SCM,39144
1,SCM,39145
1,SCM,39146
1,SCM,39147
1,SCM,39148
1,SCM,39149
1,SCM,39150
1,SCM,39151
1,SCM,39152
1,SCM,39153
1,SCM,39154
1,SCM,39155
1,SCM,39156
1,SCM,39157
1,SCM,39158
1,SCM,39159
1,SCM,39160
1,SCM,39161
1,SCM,39162
1,SCM,39163
1,SCM,39164
1,SCM,39165
1,SCM,39166
1,SCM,39167
1,SCM,39168
1,SCM,39169
1,SCM,39170
1,SCM,39171
1,SCM,39172
1,SCM,39173
1,SCM,39174
1,SCM,39175
1,SCM,39176
1,SCM,39177
1,SCM,39178
1,SCM,39179
1,SCM,39180
1,SCM,39181
1,SCM,39182
1,SCM,39183
1,SCM,39184
1,SCM,39185
1,SCM,39186
1,SCM,39187
1,SCM,39188
1,SCM,39189
1,SCM,39190
1,SCM,39191
1,SCM,39192
1,SCM,39193
1,SCM,39194
1,SCM,39195
1,SCM,39196
1,SCM,39197
1,SCM,39198
1,SCM,39199
1,SCM,39200
1,SCM,39201
1,SCM,39202
1,SCM,39203
1,SCM,39204
1,SCM,39205
1,SCM,39206
1,SCM,39207
1,SCM,39208
1,SCM,39209
1,SCM,39210
1,SCM,39211
1,SCM,39212
1,SCM,39213
1,SCM,39214
1,SCM,39215
1,SCM,39216
1,SCM,39217
1,SCM,39218
1,SCM,39219
1,SCM,39220
1,SCM,39221
1,SCM,39222
1,SCM,39223
1,SCM,39224
1,SCM,39225
1,SCM,39226
1,SCM,39227
1,SCM,39228
1,SCM,39229
1,SCM,39230
1,SCM,39231
1,SCM,39232
1,SCM,39233
1,SCM,39234
1,SCM,39235
1,SCM,39236
1,SCM,39237
1,SCM,39238
1,SCM,39239
1,SCM,39240
1,SCM,39241
1,SCM,39242
1,SCM,39243
1,SCM,39244
1,SCM,39245
1,SCM,39246
1,SCM,39247
1,SCM,39248
1,SCM,39249
1,SCM,39250
1,SCM,39251
1,SCM,39252
1,SCM,39253
1,SCM,39254
1,SCM,39255
1,SCM,39256
1,SCM,39257
1,SCM,39258
1,SCM,39259
1,SCM,39260
1,SCM,39261
1,SCM,39262
1,SCM,39263
1,SCM,39264
1,SCM,39265
1,SCM,39266
1,SCM,39267
1,SCM,39268
1,SCM,39269
1,SCM,39270
1,SCM,39271
1,SCM,39272
1,SCM,39273
1,SCM,39274
1,SCM,39275
1,SCM,39276
1,SCM,39277
1,SCM,39278
1,SCM,39279
1,SCM,39280
1,SCM,39281
1,SCM,39282
1,SCM,39283
1,SCM,39284
1,SCM,39285
1,SCM,39286
1,SCM,39287
1,SCM,39288
1,SCM,39289
1,SCM,39290
1,SCM,39291
1,SCM,39292
1,SCM,39293
1,SCM,39294
1,SCM,39295
1,SCM,39296
1,SCM,39297
1,SCM,39298
1,SCM,39299
1,SCM,39300
1,SCM,39301
1,SCM,39302
1,SCM,39303
1,SCM,39304
1,SCM,39305
1,SCM,39306
1,SCM,39307
1,SCM,39308
1,SCM,39309
1,SCM,39310
1,SCM,39311
1,SCM,39312
1,SCM,39313
1,SCM,39314
1,SCM,39315
1,SCM,39316
1,SCM,39317
1,SCM,39318
1,SCM,39319
1,SCM,39320
1,SCM,39321
1,SCM,39322
1,SCM,39323
1,SCM,39324
1,SCM,39325
1,SCM,39326
1,SCM,39327
1,SCM,39328
1,SCM,39329
1,SCM,39330
1,SCM,39331
1,SCM,39332
1,SCM,39333
1,SCM,39334
1,SCM,39335
1,SCM,39336
1,SCM,39337
1,SCM,39338
1,SCM,39339
1,SCM,39340
1,SCM,39341
1,SCM,39342
1,SCM,39343
1,SCM,39344
1,SCM,39345
1,SCM,39346
1,SCM,39347
1,SCM,39348
1,SCM,39349
1,SCM,39350
1,SCM,39351
1,SCM,39352
1,SCM,39353
1,SCM,39354
1,SCM,39355
1,SCM,39356
1,SCM,39357
1,SCM,39358
1,SCM,39359
1,SCM,39360
1,SCM,39361
1,SCM,39362
1,SCM,39363
1,SCM,39364
1,SCM,39365
1,SCM,39366
1,SCM,39367
1,SCM,39368
1,SCM,39369
1,SCM,39370
1,SCM,39371
1,SCM,39372
1,SCM,39373
1,SCM,39374
1,SCM,39375
1,SCM,39376
1,SCM,39377
1,SCM,39378
1,SCM,39379
1,SCM,39380
1,SCM,39381
1,SCM,39382
1,SCM,39383
1,SCM,39384
1,SCM,39385
1,SCM,39386
1,SCM,39387
1,SCM,39388
1,SCM,39389
1,SCM,39390
1,SCM,39391
1,SCM,39392
1,SCM,39393
1,SCM,39394
1,SCM,39395
1,SCM,39396
1,SCM,39397
1,SCM,39398
1,SCM,39399
1,SCM,39400
1,SCM,39401
1,SCM,39402
1,SCM,39403
1,SCM,39404
1,SCM,39405
1,SCM,39406
1,SCM,39407
1,SCM,39408
1,SCM,39409
1,SCM,39410
1,SCM,39411
1,SCM,39412
1,SCM,39413
1,SCM,39414
1,SCM,39415
1,SCM,39416
1,SCM,39417
1,SCM,39418
1,SCM,39419
1,SCM,39420
1,SCM,39421
1,SCM,39422
1,SCM,39423
1,SCM,39424
1,SCM,39425
1,SCM,39426
1,SCM,39427
1,SCM,39428
1,SCM,39429
1,SCM,39430
1,SCM,39431
1,SCM,39432
1,SCM,39433
1,SCM,39434
1,SCM,39435
1,SCM,39436
1,SCM,39437
1,SCM,39438
1,SCM,39439
1,SCM,39440
1,SCM,39441
1,SCM,39442
1,SCM,39443
1,SCM,39444
1,SCM,39445
1,SCM,39446
1,SCM,39447
1,SCM,39448
1,SCM,39449
1,SCM,39450
1,SCM,39451
1,SCM,39452
1,SCM,39453
1,SCM,39454
1,SCM,39455
1,SCM,39456
1,SCM,39457
1,SCM,39458
1,SCM,39459
1,SCM,39460
1,SCM,39461
1,SCM,39462
1,SCM,39463
1,SCM,39464
1,SCM,39465
1,SCM,39466
1,SCM,39467
1,SCM,39468
1,SCM,39469
1,SCM,39470
1,SCM,39471
1,SCM,39472
1,SCM,39473
1,SCM,39474
1,SCM,39475
1,SCM,39476
1,SCM,39477
1,SCM,39478
1,SCM,39479
1,SCM,39480
1,SCM,39481
1,SCM,39482
1,SCM,39483
1,SCM,39484
1,SCM,39485
1,SCM,39486
1,SCM,39487
1,SCM,39488
1,SCM,39489
1,SCM,39490
1,SCM,39491
1,SCM,39492
1,SCM,39493
1,SCM,39494
1,SCM,39495
1,SCM,39496
1,SCM,39497
1,SCM,39498
1,SCM,39499
1,SCM,39500
1,SCM,39501
1,SCM,39502
1,SCM,39503
1,SCM,39504
1,SCM,39505
1,SCM,39506
1,SCM,39507
1,SCM,39508
1,SCM,39509
1,SCM,39510
1,SCM,39511
1,SCM,39512
1,SCM,39513
1,SCM,39514
1,SCM,39515
1,SCM,39516
1,SCM,39517
1,SCM,39518
1,SCM,39519
1,SCM,39520
1,SCM,39521
1,SCM,39522
1,SCM,39523
1,SCM,39524
1,SCM,39525
1,SCM,39526
1,SCM,39527
1,SCM,39528
1,SCM,39529
1,SCM,39530
1,SCM,39531
1,SCM,39532
1,SCM,39533
1,SCM,39534
1,SCM,39535
1,SCM,39536
1,SCM,39537
1,SCM,39538
1,SCM,39539
1,SCM,39540
1,SCM,39541
1,SCM,39542
1,SCM,39543
1,SCM,39544
1,SCM,39545
1,SCM,39546
1,SCM,39547
1,SCM,39548
1,SCM,39549
1,SCM,39550
1,SCM,39551
1,SCM,39552
1,SCM,39553
1,SCM,39554
1,SCM,39555
1,SCM,39556
1,SCM,39557
1,SCM,39558
1,SCM,39559
1,SCM,39560
1,SCM,39561
1,SCM,39562
1,SCM,39563
1,SCM,39564
1,SCM,39565
1,SCM,39566
1,SCM,39567
1,SCM,39568
1,SCM,39569
1,SCM,39570
1,SCM,39571
1,SCM,39572
1,SCM,39573
1,SCM,39574
1,SCM,39575
1,SCM,39576
1,SCM,39577
1,SCM,39578
1,SCM,39579
1,SCM,39580
1,SCM,39581
1,SCM,39582
1,SCM,39583
1,SCM,39584
1,SCM,39585
1,SCM,39586
1,SCM,39587
1,SCM,39588
1,SCM,39589
1,SCM,39590
1,SCM,39591
1,SCM,39592
1,SCM,39593
1,SCM,39594
1,SCM,39595
1,SCM,39596
1,SCM,39597
1,SCM,39598
1,SCM,39599
1,SCM,39600
1,SCM,39601
1,SCM,39602
1,SCM,39603
1,SCM,39604
1,SCM,39605
1,SCM,39606
1,SCM,39607
1,SCM,39608
1,SCM,39609
1,SCM,39610
1,SCM,39611
1,SCM,39612
1,SCM,39613
1,SCM,39614
1,SCM,39615
1,SCM,39616
1,SCM,39617
1,SCM,39618
1,SCM,39619
1,SCM,39620
1,SCM,39621
1,SCM,39622
1,SCM,39623
1,SCM,39624
1,SCM,39625
1,SCM,39626
1,SCM,39627
1,SCM,39628
1,SCM,39629
1,SCM,39630
1,SCM,39631
1,SCM,39632
1,SCM,39633
1,SCM,39634
1,SCM,39635
1,SCM,39636
1,SCM,39637
1,SCM,39638
1,SCM,39639
1,SCM,39640
1,SCM,39641
1,SCM,39642
1,SCM,39643
1,SCM,39644
1,SCM,39645
1,SCM,39646
1,SCM,39647
1,SCM,39648
1,SCM,39649
1,SCM,39650
1,SCM,39651
1,SCM,39652
1,SCM,39653
1,SCM,39654
1,SCM,39655
1,SCM,39656
1,SCM,39657
1,SCM,39658
1,SCM,39659
1,SCM,39660
1,SCM,39661
1,SCM,39662
1,SCM,39663
1,SCM,39664
1,SCM,39665
1,SCM,39666
1,SCM,39667
1,SCM,39668
1,SCM,39669
1,SCM,39670
1,SCM,39671
1,SCM,39672
1,SCM,39673
1,SCM,39674
1,SCM,39675
1,SCM,39676
1,SCM,39677
1,SCM,39678
1,SCM,39679
1,SCM,39680
1,SCM,39681
1,SCM,39682
1,SCM,39683
1,SCM,39684
1,SCM,39685
1,SCM,39686
1,SCM,39687
1,SCM,39688
1,SCM,39689
1,SCM,39690
1,SCM,39691
1,SCM,39692
1,SCM,39693
1,SCM,39694
1,SCM,39695
1,SCM,39696
1,SCM,39697
1,SCM,39698
1,SCM,39699
1,SCM,39700
1,SCM,39701
1,SCM,39702
1,SCM,39703
1,SCM,39704
1,SCM,39705
1,SCM,39706
1,SCM,39707
1,SCM,39708
1,SCM,39709
1,SCM,39710
1,SCM,39711
1,SCM,39712
1,SCM,39713
1,SCM,39714
1,SCM,39715
1,SCM,39716
1,SCM,39717
1,SCM,39718
1,SCM,39719
1,SCM,39720
1,SCM,39721
1,SCM,39722
1,SCM,39723
1,SCM,39724
1,SCM,39725
1,SCM,39726
1,SCM,39727
1,SCM,39728
1,SCM,39729
1,SCM,39730
1,SCM,39731
1,SCM,39732
1,SCM,39733
1,SCM,39734
1,SCM,39735
1,SCM,39736
1,SCM,39737
1,SCM,39738
1,SCM,39739
1,SCM,39740
1,SCM,39741
1,SCM,39742
1,SCM,39743
1,SCM,39744
1,SCM,39745
1,SCM,39746
1,SCM,39747
1,SCM,39748
1,SCM,39749
1,SCM,39750
1,SCM,39751
1,SCM,39752
1,SCM,39753
1,SCM,39754
1,SCM,39755
1,SCM,39756
1,SCM,39757
1,SCM,39758
1,SCM,39759
1,SCM,39760
1,SCM,39761
1,SCM,39762
1,SCM,39763
1,SCM,39764
1,SCM,39765
1,SCM,39766
1,SCM,39767
1,SCM,39768
1,SCM,39769
1,SCM,39770
1,SCM,39771
1,SCM,39772
1,SCM,39773
1,SCM,39774
1,SCM,39775
1,SCM,39776
1,SCM,39777
1,SCM,39778
1,SCM,39779
1,SCM,39780
1,SCM,39781
1,SCM,39782
1,SCM,39783
1,SCM,39784
1,SCM,39785
1,SCM,39786
1,SCM,39787
1,SCM,39788
1,SCM,39789
1,SCM,39790
1,SCM,39791
1,SCM,39792
1,SCM,39793
1,SCM,39794
1,SCM,39795
1,SCM,39796
1,SCM,39797
1,SCM,39798
1,SCM,39799
1,SCM,39800
1,SCM,39801
1,SCM,39802
1,SCM,39803
1,SCM,39804
1,SCM,39805
1,SCM,39806
1,SCM,39807
1,SCM,39808
1,SCM,39809
1,SCM,39810
1,SCM,39811
1,SCM,39812
1,SCM,39813
1,SCM,39814
1,SCM,39815
1,SCM,39816
1,SCM,39817
1,SCM,39818
1,SCM,39819
1,SCM,39820
1,SCM,39821
1,SCM,39822
1,SCM,39823
1,SCM,39824
1,SCM,39825
1,SCM,39826
1,SCM,39827
1,SCM,39828
1,SCM,39829
1,SCM,39830
1,SCM,39831
1,SCM,39832
1,SCM,39833
1,SCM,39834
1,SCM,39835
1,SCM,39836
1,SCM,39837
1,SCM,39838
1,SCM,39839
1,SCM,39840
1,SCM,39841
1,SCM,39842
1,SCM,39843
1,SCM,39844
1,SCM,39845
1,SCM,39846
1,SCM,39847
1,SCM,39848
1,SCM,39849
1,SCM,39850
1,SCM,39851
1,SCM,39852
1,SCM,39853
1,SCM,39854
1,SCM,39855
1,SCM,39856
1,SCM,39857
1,SCM,39858
1,SCM,39859
1,SCM,39860
1,SCM,39861
1,SCM,39862
1,SCM,39863
1,SCM,39864
1,SCM,39865
1,SCM,39866
1,SCM,39867
1,SCM,39868
1,SCM,39869
1,SCM,39870
1,SCM,39871
1,SCM,39872
1,SCM,39873
1,SCM,39874
1,SCM,39875
1,SCM,39876
1,SCM,39877
1,SCM,39878
1,SCM,39879
1,SCM,39880
1,SCM,39881
1,SCM,39882
1,SCM,39883
1,SCM,39884
1,SCM,39885
1,SCM,39886
1,SCM,39887
1,SCM,39888
1,SCM,39889
1,SCM,39890
1,SCM,39891
1,SCM,39892
1,SCM,39893
1,SCM,39894
1,SCM,39895
1,SCM,39896
1,SCM,39897
1,SCM,39898
1,SCM,39899
1,SCM,39900
1,SCM,39901
1,SCM,39902
1,SCM,39903
1,SCM,39904
1,SCM,39905
1,SCM,39906
1,SCM,39907
1,SCM,39908
1,SCM,39909
1,SCM,39910
1,SCM,39911
1,SCM,39912
1,SCM,39913
1,SCM,39914
1,SCM,39915
1,SCM,39916
1,SCM,39917
1,SCM,39918
1,SCM,39919
1,SCM,39920
1,SCM,39921
1,SCM,39922
1,SCM,39923
1,SCM,39924
1,SCM,39925
1,SCM,39926
1,SCM,39927
1,SCM,39928
1,SCM,39929
1,SCM,39930
1,SCM,39931
1,SCM,39932
1,SCM,39933
1,SCM,39934
1,SCM,39935
1,SCM,39936
1,SCM,39937
0,SCM,39938
0,SCM,39939
0,SCM,39940
0,SCM,39941
0,SCM,39942
0,SCM,39943
0,SCM,39944
0,SCM,39945
0,SCM,39946
0,SCM,39947
0,SCM,39948
0,SCM,39949
0,SCM,39950
0,SCM,39951
0,SCM,39952
0,SCM,39953
0,SCM,39954
0,SCM,39955
0,SCM,39956
0,SCM,39957
0,SCM,39958
0,SCM,39959
0,SCM,39960
0,SCM,39961
0,SCM,39962
0,SCM,39963
0,SCM,39964
0,SCM,39965
0,SCM,39966
0,SCM,39967
0,SCM,39968
0,SCM,39969
0,SCM,39970
0,SCM,39971
0,SCM,39972
0,SCM,39973
0,SCM,39974
0,SCM,39975
0,SCM,39976
0,SCM,39977
0,SCM,39978
0,SCM,39979
0,SCM,39980
0,SCM,39981
0,SCM,39982
0,SCM,39983
0,SCM,39984
0,SCM,39985
0,SCM,39986
0,SCM,39987
0,SCM,39988
0,SCM,39989
0,SCM,39990
0,SCM,39991
0,SCM,39992
0,SCM,39993
0,SCM,39994
0,SCM,39995
0,SCM,39996
0,SCM,39997
0,SCM,39998
0,SCM,39999
0,SCM,40000
0,SCM,40001
0,SCM,40002
0,SCM,40003
0,SCM,40004
0,SCM,40005
0,SCM,40006
0,SCM,40007
0,SCM,40008
0,SCM,40009
0,SCM,40010
0,SCM,40011
0,SCM,40012
0,SCM,40013
0,SCM,40014
0,SCM,40015
0,SCM,40016
0,SCM,40017
0,SCM,40018
0,SCM,40019
0,SCM,40020
0,SCM,40021
0,SCM,40022
0,SCM,40023
0,SCM,40024
0,SCM,40025
0,SCM,40026
0,SCM,40027
0,SCM,40028
0,SCM,40029
0,SCM,40030
0,SCM,40031
0,SCM,40032
0,SCM,40033
0,SCM,40034
0,SCM,40035
0,SCM,40036
0,SCM,40037
0,SCM,40038
0,SCM,40039
0,SCM,40040
0,SCM,40041
0,SCM,40042
0,SCM,40043
0,SCM,40044
0,SCM,40045
0,SCM,40046
0,SCM,40047
0,SCM,40048
0,SCM,40049
0,SCM,40050
0,SCM,40051
0,SCM,40052
0,SCM,40053
0,SCM,40054
0,SCM,40055
0,SCM,40056
0,SCM,40057
0,SCM,40058
0,SCM,40059
0,SCM,40060
0,SCM,40061
0,SCM,40062
0,SCM,40063
0,SCM,40064
0,SCM,40065
0,SCM,40066
0,SCM,40067
0,SCM,40068
0,SCM,40069
0,SCM,40070
0,SCM,40071
0,SCM,40072
0,SCM,40073
0,SCM,40074
0,SCM,40075
0,SCM,40076
0,SCM,40077
0,SCM,40078
0,SCM,40079
0,SCM,40080
0,SCM,40081
0,SCM,40082
0,SCM,40083
0,SCM,40084
0,SCM,40085
0,SCM,40086
0,SCM,40087
0,SCM,40088
0,SCM,40089
0,SCM,40090
0,SCM,40091
0,SCM,40092
0,SCM,40093
0,SCM,40094
0,SCM,40095
0,SCM,40096
0,SCM,40097
0,SCM,40098
0,SCM,40099
0,SCM,40100
0,SCM,40101
0,SCM,40102
0,SCM,40103
0,SCM,40104
0,SCM,40105
0,SCM,40106
0,SCM,40107
0,SCM,40108
0,SCM,40109
0,SCM,40110
0,SCM,40111
0,SCM,40112
0,SCM,40113
0,SCM,40114
0,SCM,40115
0,SCM,40116
0,SCM,40117
0,SCM,40118
0,SCM,40119
0,SCM,40120
0,SCM,40121
0,SCM,40122
0,SCM,40123
0,SCM,40124
0,SCM,40125
0,SCM,40126
0,SCM,40127
0,SCM,40128
0,SCM,40129
0,SCM,40130
0,SCM,40131
0,SCM,40132
0,SCM,40133
0,SCM,40134
0,SCM,40135
0,SCM,40136
0,SCM,40137
0,SCM,40138
0,SCM,40139
0,SCM,40140
0,SCM,40141
0,SCM,40142
0,SCM,40143
0,SCM,40144
0,SCM,40145
0,SCM,40146
0,SCM,40147
0,SCM,40148
0,SCM,40149
0,SCM,40150
0,SCM,40151
0,SCM,40152
0,SCM,40153
0,SCM,40154
0,SCM,40155
0,SCM,40156
0,SCM,40157
0,SCM,40158
0,SCM,40159
0,SCM,40160
0,SCM,40161
0,SCM,40162
0,SCM,40163
0,SCM,40164
0,SCM,40165
0,SCM,40166
0,SCM,40167
0,SCM,40168
0,SCM,40169
0,SCM,40170
0,SCM,40171
0,SCM,40172
0,SCM,40173
0,SCM,40174
0,SCM,40175
0,SCM,40176
0,SCM,40177
0,SCM,40178
0,SCM,40179
0,SCM,40180
0,SCM,40181
0,SCM,40182
0,SCM,40183
0,SCM,40184
0,SCM,40185
0,SCM,40186
0,SCM,40187
0,SCM,40188
0,SCM,40189
0,SCM,40190
0,SCM,40191
0,SCM,40192
0,SCM,40193
0,SCM,40194
0,SCM,40195
0,SCM,40196
0,SCM,40197
0,SCM,40198
0,SCM,40199
0,SCM,40200
0,SCM,40201
0,SCM,40202
0,SCM,40203
0,SCM,40204
0,SCM,40205
0,SCM,40206
0,SCM,40207
0,SCM,40208
0,SCM,40209
0,SCM,40210
0,SCM,40211
0,SCM,40212
0,SCM,40213
0,SCM,40214
0,SCM,40215
0,SCM,40216
0,SCM,40217
0,SCM,40218
0,SCM,40219
0,SCM,40220
0,SCM,40221
0,SCM,40222
0,SCM,40223
0,SCM,40224
0,SCM,40225
0,SCM,40226
0,SCM,40227
0,SCM,40228
0,SCM,40229
0,SCM,40230
0,SCM,40231
0,SCM,40232
0,SCM,40233
0,SCM,40234
0,SCM,40235
0,SCM,40236
0,SCM,40237
0,SCM,40238
0,SCM,40239
0,SCM,40240
0,SCM,40241
0,SCM,40242
0,SCM,40243
0,SCM,40244
0,SCM,40245
0,SCM,40246
0,SCM,40247
0,SCM,40248
0,SCM,40249
0,SCM,40250
0,SCM,40251
0,SCM,40252
0,SCM,40253
0,SCM,40254
0,SCM,40255
0,SCM,40256
0,SCM,40257
0,SCM,40258
0,SCM,40259
0,SCM,40260
0,SCM,40261
0,SCM,40262
0,SCM,40263
0,SCM,40264
0,SCM,40265
0,SCM,40266
0,SCM,40267
0,SCM,40268
0,SCM,40269
0,SCM,40270
0,SCM,40271
0,SCM,40272
0,SCM,40273
0,SCM,40274
0,SCM,40275
0,SCM,40276
0,SCM,40277
0,SCM,40278
0,SCM,40279
0,SCM,40280
0,SCM,40281
0,SCM,40282
0,SCM,40283
0,SCM,40284
0,SCM,40285
0,SCM,40286
0,SCM,40287
0,SCM,40288
0,SCM,40289
0,SCM,40290
0,SCM,40291
0,SCM,40292
0,SCM,40293
0,SCM,40294
0,SCM,40295
0,SCM,40296
0,SCM,40297
0,SCM,40298
0,SCM,40299
0,SCM,40300
0,SCM,40301
0,SCM,40302
0,SCM,40303
0,SCM,40304
0,SCM,40305
0,SCM,40306
0,SCM,40307
0,SCM,40308
0,SCM,40309
0,SCM,40310
0,SCM,40311
0,SCM,40312
0,SCM,40313
0,SCM,40314
0,SCM,40315
0,SCM,40316
0,SCM,40317
0,SCM,40318
0,SCM,40319
0,SCM,40320
0,SCM,40321
0,SCM,40322
0,SCM,40323
0,SCM,40324
0,SCM,40325
0,SCM,40326
0,SCM,40327
0,SCM,40328
0,SCM,40329
0,SCM,40330
0,SCM,40331
0,SCM,40332
0,SCM,40333
0,SCM,40334
0,SCM,40335
0,SCM,40336
0,SCM,40337
0,SCM,40338
0,SCM,40339
0,SCM,40340
0,SCM,40341
0,SCM,40342
0,SCM,40343
0,SCM,40344
0,SCM,40345
0,SCM,40346
0,SCM,40347
0,SCM,40348
0,SCM,40349
0,SCM,40350
0,SCM,40351
0,SCM,40352
0,SCM,40353
0,SCM,40354
0,SCM,40355
0,SCM,40356
0,SCM,40357
0,SCM,40358
0,SCM,40359
0,SCM,40360
0,SCM,40361
0,SCM,40362
0,SCM,40363
0,SCM,40364
0,SCM,40365
0,SCM,40366
0,SCM,40367
0,SCM,40368
0,SCM,40369
0,SCM,40370
0,SCM,40371
0,SCM,40372
0,SCM,40373
0,SCM,40374
0,SCM,40375
0,SCM,40376
0,SCM,40377
0,SCM,40378
0,SCM,40379
0,SCM,40380
0,SCM,40381
0,SCM,40382
0,SCM,40383
0,SCM,40384
0,SCM,40385
0,SCM,40386
0,SCM,40387
0,SCM,40388
0,SCM,40389
0,SCM,40390
0,SCM,40391
0,SCM,40392
0,SCM,40393
0,SCM,40394
0,SCM,40395
0,SCM,40396
0,SCM,40397
0,SCM,40398
0,SCM,40399
0,SCM,40400
0,SCM,40401
0,SCM,40402
0,SCM,40403
0,SCM,40404
0,SCM,40405
0,SCM,40406
0,SCM,40407
0,SCM,40408
0,SCM,40409
0,SCM,40410
0,SCM,40411
0,SCM,40412
0,SCM,40413
0,SCM,40414
0,SCM,40415
0,SCM,40416
0,SCM,40417
0,SCM,40418
0,SCM,40419
0,SCM,40420
0,SCM,40421
0,SCM,40422
0,SCM,40423
0,SCM,40424
0,SCM,40425
0,SCM,40426
0,SCM,40427
0,SCM,40428
0,SCM,40429
0,SCM,40430
0,SCM,40431
0,SCM,40432
0,SCM,40433
0,SCM,40434
0,SCM,40435
0,SCM,40436
0,SCM,40437
0,SCM,40438
0,SCM,40439
0,SCM,40440
0,SCM,40441
0,SCM,40442
0,SCM,40443
0,SCM,40444
0,SCM,40445
0,SCM,40446
0,SCM,40447
0,SCM,40448
0,SCM,40449
0,SCM,40450
0,SCM,40451
0,SCM,40452
0,SCM,40453
0,SCM,40454
0,SCM,40455
0,SCM,40456
0,SCM,40457
0,SCM,40458
0,SCM,40459
0,SCM,40460
0,SCM,40461
0,SCM,40462
0,SCM,40463
0,SCM,40464
0,SCM,40465
0,SCM,40466
0,SCM,40467
0,SCM,40468
0,SCM,40469
0,SCM,40470
0,SCM,40471
0,SCM,40472
0,SCM,40473
0,SCM,40474
0,SCM,40475
0,SCM,40476
0,SCM,40477
0,SCM,40478
0,SCM,40479
0,SCM,40480
0,SCM,40481
0,SCM,40482
0,SCM,40483
0,SCM,40484
0,SCM,40485
0,SCM,40486
0,SCM,40487
0,SCM,40488
0,SCM,40489
0,SCM,40490
0,SCM,40491
0,SCM,40492
0,SCM,40493
0,SCM,40494
0,SCM,40495
0,SCM,40496
0,SCM,40497
0,SCM,40498
0,SCM,40499
0,SCM,40500
0,SCM,40501
0,SCM,40502
0,SCM,40503
0,SCM,40504
0,SCM,40505
0,SCM,40506
0,SCM,40507
0,SCM,40508
0,SCM,40509
0,SCM,40510
0,SCM,40511
0,SCM,40512
0,SCM,40513
0,SCM,40514
0,SCM,40515
0,SCM,40516
0,SCM,40517
0,SCM,40518
0,SCM,40519
0,SCM,40520
0,SCM,40521
0,SCM,40522
0,SCM,40523
0,SCM,40524
0,SCM,40525
0,SCM,40526
0,SCM,40527
0,SCM,40528
0,SCM,40529
0,SCM,40530
0,SCM,40531
0,SCM,40532
0,SCM,40533
0,SCM,40534
0,SCM,40535
0,SCM,40536
0,SCM,40537
0,SCM,40538
0,SCM,40539
0,SCM,40540
0,SCM,40541
0,SCM,40542
0,SCM,40543
0,SCM,40544
0,SCM,40545
0,SCM,40546
0,SCM,40547
0,SCM,40548
0,SCM,40549
0,SCM,40550
0,SCM,40551
0,SCM,40552
0,SCM,40553
0,SCM,40554
0,SCM,40555
0,SCM,40556
0,SCM,40557
0,SCM,40558
0,SCM,40559
0,SCM,40560
0,SCM,40561
0,SCM,40562
0,SCM,40563
0,SCM,40564
0,SCM,40565
0,SCM,40566
0,SCM,40567
0,SCM,40568
0,SCM,40569
0,SCM,40570
0,SCM,40571
0,SCM,40572
0,SCM,40573
0,SCM,40574
0,SCM,40575
0,SCM,40576
0,SCM,40577
0,SCM,40578
0,SCM,40579
0,SCM,40580
0,SCM,40581
0,SCM,40582
0,SCM,40583
0,SCM,40584
0,SCM,40585
0,SCM,40586
0,SCM,40587
0,SCM,40588
0,SCM,40589
0,SCM,40590
0,SCM,40591
0,SCM,40592
0,SCM,40593
0,SCM,40594
0,SCM,40595
0,SCM,40596
0,SCM,40597
0,SCM,40598
0,SCM,40599
0,SCM,40600
0,SCM,40601
0,SCM,40602
0,SCM,40603
0,SCM,40604
0,SCM,40605
0,SCM,40606
0,SCM,40607
0,SCM,40608
0,SCM,40609
0,SCM,40610
0,SCM,40611
0,SCM,40612
0,SCM,40613
0,SCM,40614
0,SCM,40615
0,SCM,40616
0,SCM,40617
0,SCM,40618
0,SCM,40619
0,SCM,40620
0,SCM,40621
0,SCM,40622
0,SCM,40623
0,SCM,40624
0,SCM,40625
0,SCM,40626
0,SCM,40627
0,SCM,40628
0,SCM,40629
0,SCM,40630
0,SCM,40631
0,SCM,40632
0,SCM,40633
0,SCM,40634
0,SCM,40635
0,SCM,40636
0,SCM,40637
0,SCM,40638
0,SCM,40639
0,SCM,40640
0,SCM,40641
0,SCM,40642
0,SCM,40643
0,SCM,40644
0,SCM,40645
0,SCM,40646
0,SCM,40647
0,SCM,40648
0,SCM,40649
0,SCM,40650
0,SCM,40651
0,SCM,40652
0,SCM,40653
0,SCM,40654
0,SCM,40655
0,SCM,40656
0,SCM,40657
0,SCM,40658
0,SCM,40659
0,SCM,40660
0,SCM,40661
0,SCM,40662
0,SCM,40663
0,SCM,40664
0,SCM,40665
0,SCM,40666
0,SCM,40667
0,SCM,40668
0,SCM,40669
0,SCM,40670
0,SCM,40671
0,SCM,40672
0,SCM,40673
0,SCM,40674
0,SCM,40675
0,SCM,40676
0,SCM,40677
0,SCM,40678
0,SCM,40679
0,SCM,40680
0,SCM,40681
0,SCM,40682
0,SCM,40683
0,SCM,40684
0,SCM,40685
0,SCM,40686
0,SCM,40687
0,SCM,40688
0,SCM,40689
0,SCM,40690
0,SCM,40691
0,SCM,40692
0,SCM,40693
0,SCM,40694
0,SCM,40695
0,SCM,40696
0,SCM,40697
0,SCM,40698
0,SCM,40699
0,SCM,40700
0,SCM,40701
0,SCM,40702
0,SCM,40703
0,SCM,40704
0,SCM,40705
0,SCM,40706
0,SCM,40707
0,SCM,40708
0,SCM,40709
0,SCM,40710
0,SCM,40711
0,SCM,40712
0,SCM,40713
0,SCM,40714
0,SCM,40715
0,SCM,40716
0,SCM,40717
0,SCM,40718
0,SCM,40719
0,SCM,40720
0,SCM,40721
0,SCM,40722
0,SCM,40723
0,SCM,40724
0,SCM,40725
0,SCM,40726
0,SCM,40727
0,SCM,40728
0,SCM,40729
0,SCM,40730
0,SCM,40731
0,SCM,40732
0,SCM,40733
0,SCM,40734
0,SCM,40735
0,SCM,40736
0,SCM,40737
0,SCM,40738
0,SCM,40739
0,SCM,40740
0,SCM,40741
0,SCM,40742
0,SCM,40743
0,SCM,40744
0,SCM,40745
0,SCM,40746
0,SCM,40747
0,SCM,40748
0,SCM,40749
0,SCM,40750
0,SCM,40751
0,SCM,40752
0,SCM,40753
0,SCM,40754
0,SCM,40755
0,SCM,40756
0,SCM,40757
0,SCM,40758
0,SCM,40759
0,SCM,40760
0,SCM,40761
0,SCM,40762
0,SCM,40763
0,SCM,40764
0,SCM,40765
0,SCM,40766
0,SCM,40767
0,SCM,40768
0,SCM,40769
0,SCM,40770
0,SCM,40771
0,SCM,40772
0,SCM,40773
0,SCM,40774
0,SCM,40775
0,SCM,40776
0,SCM,40777
0,SCM,40778
0,SCM,40779
0,SCM,40780
0,SCM,40781
0,SCM,40782
0,SCM,40783
0,SCM,40784
0,SCM,40785
0,SCM,40786
0,SCM,40787
0,SCM,40788
0,SCM,40789
0,SCM,40790
0,SCM,40791
0,SCM,40792
0,SCM,40793
0,SCM,40794
0,SCM,40795
0,SCM,40796
0,SCM,40797
0,SCM,40798
0,SCM,40799
0,SCM,40800
0,SCM,40801
0,SCM,40802
0,SCM,40803
0,SCM,40804
0,SCM,40805
0,SCM,40806
0,SCM,40807
0,SCM,40808
0,SCM,40809
0,SCM,40810
0,SCM,40811
0,SCM,40812
0,SCM,40813
0,SCM,40814
0,SCM,40815
0,SCM,40816
0,SCM,40817
0,SCM,40818
0,SCM,40819
0,SCM,40820
0,SCM,40821
0,SCM,40822
0,SCM,40823
0,SCM,40824
0,SCM,40825
0,SCM,40826
0,SCM,40827
0,SCM,40828
0,SCM,40829
0,SCM,40830
0,SCM,40831
0,SCM,40832
0,SCM,40833
0,SCM,40834
0,SCM,40835
0,SCM,40836
0,SCM,40837
0,SCM,40838
0,SCM,40839
0,SCM,40840
0,SCM,40841
0,SCM,40842
0,SCM,40843
0,SCM,40844
0,SCM,40845
0,SCM,40846
0,SCM,40847
0,SCM,40848
0,SCM,40849
0,SCM,40850
0,SCM,40851
0,SCM,40852
0,SCM,40853
0,SCM,40854
0,SCM,40855
0,SCM,40856
0,SCM,40857
0,SCM,40858
0,SCM,40859
0,SCM,40860
0,SCM,40861
0,SCM,40862
0,SCM,40863
0,SCM,40864
0,SCM,40865
0,SCM,40866
0,SCM,40867
0,SCM,40868
0,SCM,40869
0,SCM,40870
0,SCM,40871
0,SCM,40872
0,SCM,40873
0,SCM,40874
0,SCM,40875
0,SCM,40876
0,SCM,40877
0,SCM,40878
0,SCM,40879
0,SCM,40880
0,SCM,40881
0,SCM,40882
0,SCM,40883
0,SCM,40884
0,SCM,40885
0,SCM,40886
0,SCM,40887
0,SCM,40888
0,SCM,40889
0,SCM,40890
0,SCM,40891
0,SCM,40892
0,SCM,40893
0,SCM,40894
0,SCM,40895
0,SCM,40896
0,SCM,40897
0,SCM,40898
0,SCM,40899
0,SCM,40900
0,SCM,40901
0,SCM,40902
0,SCM,40903
0,SCM,40904
0,SCM,40905
0,SCM,40906
0,SCM,40907
0,SCM,40908
0,SCM,40909
0,SCM,40910
0,SCM,40911
0,SCM,40912
0,SCM,40913
0,SCM,40914
0,SCM,40915
0,SCM,40916
0,SCM,40917
0,SCM,40918
0,SCM,40919
0,SCM,40920
0,SCM,40921
0,SCM,40922
0,SCM,40923
0,SCM,40924
0,SCM,40925
0,SCM,40926
0,SCM,40927
0,SCM,40928
0,SCM,40929
0,SCM,40930
0,SCM,40931
0,SCM,40932
0,SCM,40933
0,SCM,40934
0,SCM,40935
0,SCM,40936
0,SCM,40937
0,SCM,40938
0,SCM,40939
0,SCM,40940
0,SCM,40941
0,SCM,40942
0,SCM,40943
0,SCM,40944
0,SCM,40945
0,SCM,40946
0,SCM,40947
0,SCM,40948
0,SCM,40949
0,SCM,40950
0,SCM,40951
0,SCM,40952
0,SCM,40953
0,SCM,40954
0,SCM,40955
0,SCM,40956
0,SCM,40957
0,SCM,40958
0,SCM,40959
0,SCM,40960
0,SCM,40961
0,SCM,40962
0,SCM,40963
0,SCM,40964
0,SCM,40965
0,SCM,40966
0,SCM,40967
0,SCM,40968
0,SCM,40969
0,SCM,40970
0,SCM,40971
0,SCM,40972
0,SCM,40973
0,SCM,40974
0,SCM,40975
0,SCM,40976
0,SCM,40977
0,SCM,40978
0,SCM,40979
0,SCM,40980
0,SCM,40981
0,SCM,40982
0,SCM,40983
0,SCM,40984
0,SCM,40985
0,SCM,40986
0,SCM,40987
0,SCM,40988
0,SCM,40989
0,SCM,40990
0,SCM,40991
0,SCM,40992
0,SCM,40993
0,SCM,40994
0,SCM,40995
0,SCM,40996
0,SCM,40997
0,SCM,40998
0,SCM,40999
0,SCM,41000
0,SCM,41001
0,SCM,41002
0,SCM,41003
0,SCM,41004
0,SCM,41005
0,SCM,41006
0,SCM,41007
0,SCM,41008
0,SCM,41009
0,SCM,41010
0,SCM,41011
0,SCM,41012
0,SCM,41013
0,SCM,41014
0,SCM,41015
0,SCM,41016
0,SCM,41017
0,SCM,41018
0,SCM,41019
0,SCM,41020
0,SCM,41021
0,SCM,41022
0,SCM,41023
0,SCM,41024
0,SCM,41025
0,SCM,41026
0,SCM,41027
0,SCM,41028
0,SCM,41029
0,SCM,41030
0,SCM,41031
0,SCM,41032
0,SCM,41033
0,SCM,41034
0,SCM,41035
0,SCM,41036
0,SCM,41037
0,SCM,41038
0,SCM,41039
0,SCM,41040
0,SCM,41041
0,SCM,41042
0,SCM,41043
0,SCM,41044
0,SCM,41045
0,SCM,41046
0,SCM,41047
0,SCM,41048
0,SCM,41049
0,SCM,41050
0,SCM,41051
0,SCM,41052
0,SCM,41053
0,SCM,41054
0,SCM,41055
0,SCM,41056
0,SCM,41057
0,SCM,41058
0,SCM,41059
0,SCM,41060
0,SCM,41061
0,SCM,41062
0,SCM,41063
0,SCM,41064
0,SCM,41065
0,SCM,41066
0,SCM,41067
0,SCM,41068
0,SCM,41069
0,SCM,41070
0,SCM,41071
0,SCM,41072
0,SCM,41073
0,SCM,41074
0,SCM,41075
0,SCM,41076
0,SCM,41077
0,SCM,41078
0,SCM,41079
0,SCM,41080
0,SCM,41081
0,SCM,41082
0,SCM,41083
0,SCM,41084
0,SCM,41085
0,SCM,41086
0,SCM,41087
0,SCM,41088
0,SCM,41089
0,SCM,41090
0,SCM,41091
0,SCM,41092
0,SCM,41093
0,SCM,41094
0,SCM,41095
0,SCM,41096
0,SCM,41097
0,SCM,41098
0,SCM,41099
0,SCM,41100
0,SCM,41101
0,SCM,41102
0,SCM,41103
0,SCM,41104
0,SCM,41105
0,SCM,41106
0,SCM,41107
0,SCM,41108
0,SCM,41109
0,SCM,41110
0,SCM,41111
0,SCM,41112
0,SCM,41113
0,SCM,41114
0,SCM,41115
0,SCM,41116
0,SCM,41117
0,SCM,41118
0,SCM,41119
0,SCM,41120
0,SCM,41121
0,SCM,41122
0,SCM,41123
0,SCM,41124
0,SCM,41125
0,SCM,41126
0,SCM,41127
0,SCM,41128
0,SCM,41129
0,SCM,41130
0,SCM,41131
0,SCM,41132
0,SCM,41133
0,SCM,41134
0,SCM,41135
0,SCM,41136
0,SCM,41137
0,SCM,41138
0,SCM,41139
0,SCM,41140
0,SCM,41141
0,SCM,41142
0,SCM,41143
0,SCM,41144
0,SCM,41145
0,SCM,41146
0,SCM,41147
0,SCM,41148
0,SCM,41149
0,SCM,41150
0,SCM,41151
0,SCM,41152
0,SCM,41153
0,SCM,41154
0,SCM,41155
0,SCM,41156
0,SCM,41157
0,SCM,41158
0,SCM,41159
0,SCM,41160
0,SCM,41161
0,SCM,41162
0,SCM,41163
0,SCM,41164
0,SCM,41165
0,SCM,41166
0,SCM,41167
0,SCM,41168
0,SCM,41169
0,SCM,41170
0,SCM,41171
0,SCM,41172
0,SCM,41173
0,SCM,41174
0,SCM,41175
0,SCM,41176
0,SCM,41177
0,SCM,41178
0,SCM,41179
0,SCM,41180
0,SCM,41181
0,SCM,41182
0,SCM,41183
0,SCM,41184
0,SCM,41185
0,SCM,41186
0,SCM,41187
0,SCM,41188
0,SCM,41189
0,SCM,41190
0,SCM,41191
0,SCM,41192
0,SCM,41193
0,SCM,41194
0,SCM,41195
0,SCM,41196
0,SCM,41197
0,SCM,41198
0,SCM,41199
0,SCM,41200
0,SCM,41201
0,SCM,41202
0,SCM,41203
0,SCM,41204
0,SCM,41205
0,SCM,41206
0,SCM,41207
0,SCM,41208
0,SCM,41209
0,SCM,41210
0,SCM,41211
0,SCM,41212
0,SCM,41213
0,SCM,41214
0,SCM,41215
0,SCM,41216
0,SCM,41217
0,SCM,41218
0,SCM,41219
0,SCM,41220
0,SCM,41221
0,SCM,41222
0,SCM,41223
0,SCM,41224
0,SCM,41225
0,SCM,41226
0,SCM,41227
0,SCM,41228
0,SCM,41229
0,SCM,41230
0,SCM,41231
0,SCM,41232
0,SCM,41233
0,SCM,41234
0,SCM,41235
0,SCM,41236
0,SCM,41237
0,SCM,41238
0,SCM,41239
0,SCM,41240
0,SCM,41241
0,SCM,41242
0,SCM,41243
0,SCM,41244
0,SCM,41245
0,SCM,41246
0,SCM,41247
0,SCM,41248
0,SCM,41249
0,SCM,41250
0,SCM,41251
0,SCM,41252
0,SCM,41253
0,SCM,41254
0,SCM,41255
0,SCM,41256
0,SCM,41257
0,SCM,41258
0,SCM,41259
0,SCM,41260
0,SCM,41261
0,SCM,41262
0,SCM,41263
0,SCM,41264
0,SCM,41265
0,SCM,41266
0,SCM,41267
0,SCM,41268
0,SCM,41269
0,SCM,41270
0,SCM,41271
0,SCM,41272
0,SCM,41273
0,SCM,41274
0,SCM,41275
0,SCM,41276
0,SCM,41277
0,SCM,41278
0,SCM,41279
0,SCM,41280
0,SCM,41281
0,SCM,41282
0,SCM,41283
0,SCM,41284
0,SCM,41285
0,SCM,41286
0,SCM,41287
0,SCM,41288
0,SCM,41289
0,SCM,41290
0,SCM,41291
0,SCM,41292
0,SCM,41293
0,SCM,41294
0,SCM,41295
0,SCM,41296
0,SCM,41297
0,SCM,41298
0,SCM,41299
0,SCM,41300
0,SCM,41301
0,SCM,41302
0,SCM,41303
0,SCM,41304
0,SCM,41305
0,SCM,41306
0,SCM,41307
0,SCM,41308
0,SCM,41309
0,SCM,41310
0,SCM,41311
0,SCM,41312
0,SCM,41313
0,SCM,41314
0,SCM,41315
0,SCM,41316
0,SCM,41317
0,SCM,41318
0,SCM,41319
0,SCM,41320
0,SCM,41321
0,SCM,41322
0,SCM,41323
0,SCM,41324
0,SCM,41325
0,SCM,41326
0,SCM,41327
0,SCM,41328
0,SCM,41329
0,SCM,41330
0,SCM,41331
0,SCM,41332
0,SCM,41333
0,SCM,41334
0,SCM,41335
0,SCM,41336
0,SCM,41337
0,SCM,41338
0,SCM,41339
0,SCM,41340
0,SCM,41341
0,SCM,41342
0,SCM,41343
0,SCM,41344
0,SCM,41345
0,SCM,41346
0,SCM,41347
0,SCM,41348
0,SCM,41349
0,SCM,41350
0,SCM,41351
0,SCM,41352
0,SCM,41353
0,SCM,41354
0,SCM,41355
0,SCM,41356
0,SCM,41357
0,SCM,41358
0,SCM,41359
0,SCM,41360
0,SCM,41361
0,SCM,41362
0,SCM,41363
0,SCM,41364
0,SCM,41365
0,SCM,41366
0,SCM,41367
0,SCM,41368
0,SCM,41369
0,SCM,41370
0,SCM,41371
0,SCM,41372
0,SCM,41373
0,SCM,41374
0,SCM,41375
0,SCM,41376
0,SCM,41377
0,SCM,41378
0,SCM,41379
0,SCM,41380
0,SCM,41381
0,SCM,41382
0,SCM,41383
0,SCM,41384
0,SCM,41385
0,SCM,41386
0,SCM,41387
0,SCM,41388
0,SCM,41389
0,SCM,41390
0,SCM,41391
0,SCM,41392
0,SCM,41393
0,SCM,41394
0,SCM,41395
0,SCM,41396
0,SCM,41397
0,SCM,41398
0,SCM,41399
0,SCM,41400
0,SCM,41401
0,SCM,41402
0,SCM,41403
0,SCM,41404
0,SCM,41405
0,SCM,41406
0,SCM,41407
0,SCM,41408
0,SCM,41409
0,SCM,41410
0,SCM,41411
0,SCM,41412
0,SCM,41413
0,SCM,41414
0,SCM,41415
0,SCM,41416
0,SCM,41417
0,SCM,41418
0,SCM,41419
0,SCM,41420
0,SCM,41421
0,SCM,41422
0,SCM,41423
0,SCM,41424
0,SCM,41425
0,SCM,41426
0,SCM,41427
0,SCM,41428
0,SCM,41429
0,SCM,41430
0,SCM,41431
0,SCM,41432
0,SCM,41433
0,SCM,41434
0,SCM,41435
0,SCM,41436
0,SCM,41437
0,SCM,41438
0,SCM,41439
0,SCM,41440
0,SCM,41441
0,SCM,41442
0,SCM,41443
0,SCM,41444
0,SCM,41445
0,SCM,41446
0,SCM,41447
0,SCM,41448
0,SCM,41449
0,SCM,41450
0,SCM,41451
0,SCM,41452
0,SCM,41453
0,SCM,41454
0,SCM,41455
0,SCM,41456
0,SCM,41457
0,SCM,41458
0,SCM,41459
0,SCM,41460
0,SCM,41461
0,SCM,41462
0,SCM,41463
0,SCM,41464
0,SCM,41465
0,SCM,41466
0,SCM,41467
0,SCM,41468
0,SCM,41469
0,SCM,41470
0,SCM,41471
0,SCM,41472
0,SCM,41473
0,SCM,41474
0,SCM,41475
0,SCM,41476
0,SCM,41477
0,SCM,41478
0,SCM,41479
0,SCM,41480
0,SCM,41481
0,SCM,41482
0,SCM,41483
0,SCM,41484
0,SCM,41485
0,SCM,41486
0,SCM,41487
0,SCM,41488
0,SCM,41489
0,SCM,41490
0,SCM,41491
0,SCM,41492
0,SCM,41493
0,SCM,41494
0,SCM,41495
0,SCM,41496
0,SCM,41497
0,SCM,41498
0,SCM,41499
0,SCM,41500
0,SCM,41501
0,SCM,41502
0,SCM,41503
0,SCM,41504
0,SCM,41505
0,SCM,41506
0,SCM,41507
0,SCM,41508
0,SCM,41509
0,SCM,41510
0,SCM,41511
0,SCM,41512
0,SCM,41513
0,SCM,41514
0,SCM,41515
0,SCM,41516
0,SCM,41517
0,SCM,41518
0,SCM,41519
0,SCM,41520
0,SCM,41521
0,SCM,41522
0,SCM,41523
0,SCM,41524
0,SCM,41525
0,SCM,41526
0,SCM,41527
0,SCM,41528
0,SCM,41529
0,SCM,41530
0,SCM,41531
0,SCM,41532
0,SCM,41533
0,SCM,41534
0,SCM,41535
0,SCM,41536
0,SCM,41537
0,SCM,41538
0,SCM,41539
0,SCM,41540
0,SCM,41541
0,SCM,41542
0,SCM,41543
0,SCM,41544
0,SCM,41545
0,SCM,41546
0,SCM,41547
0,SCM,41548
0,SCM,41549
0,SCM,41550
0,SCM,41551
0,SCM,41552
0,SCM,41553
0,SCM,41554
0,SCM,41555
0,SCM,41556
0,SCM,41557
0,SCM,41558
0,SCM,41559
0,SCM,41560
0,SCM,41561
0,SCM,41562
0,SCM,41563
0,SCM,41564
0,SCM,41565
0,SCM,41566
0,SCM,41567
0,SCM,41568
0,SCM,41569
0,SCM,41570
0,SCM,41571
0,SCM,41572
0,SCM,41573
0,SCM,41574
0,SCM,41575
0,SCM,41576
0,SCM,41577
0,SCM,41578
0,SCM,41579
0,SCM,41580
0,SCM,41581
0,SCM,41582
0,SCM,41583
0,SCM,41584
0,SCM,41585
0,SCM,41586
0,SCM,41587
0,SCM,41588
0,SCM,41589
0,SCM,41590
0,SCM,41591
0,SCM,41592
0,SCM,41593
0,SCM,41594
0,SCM,41595
0,SCM,41596
0,SCM,41597
0,SCM,41598
0,SCM,41599
0,SCM,41600
0,SCM,41601
0,SCM,41602
0,SCM,41603
0,SCM,41604
0,SCM,41605
0,SCM,41606
0,SCM,41607
0,SCM,41608
0,SCM,41609
0,SCM,41610
0,SCM,41611
0,SCM,41612
0,SCM,41613
0,SCM,41614
0,SCM,41615
0,SCM,41616
0,SCM,41617
0,SCM,41618
0,SCM,41619
0,SCM,41620
0,SCM,41621
0,SCM,41622
0,SCM,41623
0,SCM,41624
0,SCM,41625
0,SCM,41626
0,SCM,41627
0,SCM,41628
0,SCM,41629
0,SCM,41630
0,SCM,41631
0,SCM,41632
0,SCM,41633
0,SCM,41634
0,SCM,41635
0,SCM,41636
0,SCM,41637
0,SCM,41638
0,SCM,41639
0,SCM,41640
0,SCM,41641
0,SCM,41642
0,SCM,41643
0,SCM,41644
0,SCM,41645
0,SCM,41646
0,SCM,41647
0,SCM,41648
0,SCM,41649
0,SCM,41650
0,SCM,41651
0,SCM,41652
0,SCM,41653
0,SCM,41654
0,SCM,41655
0,SCM,41656
0,SCM,41657
0,SCM,41658
0,SCM,41659
0,SCM,41660
0,SCM,41661
0,SCM,41662
0,SCM,41663
0,SCM,41664
0,SCM,41665
0,SCM,41666
0,SCM,41667
0,SCM,41668
0,SCM,41669
0,SCM,41670
0,SCM,41671
0,SCM,41672
0,SCM,41673
0,SCM,41674
0,SCM,41675
0,SCM,41676
0,SCM,41677
0,SCM,41678
0,SCM,41679
0,SCM,41680
0,SCM,41681
0,SCM,41682
0,SCM,41683
0,SCM,41684
0,SCM,41685
0,SCM,41686
0,SCM,41687
0,SCM,41688
0,SCM,41689
0,SCM,41690
0,SCM,41691
0,SCM,41692
0,SCM,41693
0,SCM,41694
0,SCM,41695
0,SCM,41696
0,SCM,41697
0,SCM,41698
0,SCM,41699
0,SCM,41700
0,SCM,41701
0,SCM,41702
0,SCM,41703
0,SCM,41704
0,SCM,41705
0,SCM,41706
0,SCM,41707
0,SCM,41708
0,SCM,41709
0,SCM,41710
0,SCM,41711
0,SCM,41712
0,SCM,41713
0,SCM,41714
0,SCM,41715
0,SCM,41716
0,SCM,41717
0,SCM,41718
0,SCM,41719
0,SCM,41720
0,SCM,41721
0,SCM,41722
0,SCM,41723
0,SCM,41724
0,SCM,41725
0,SCM,41726
0,SCM,41727
0,SCM,41728
0,SCM,41729
0,SCM,41730
0,SCM,41731
0,SCM,41732
0,SCM,41733
0,SCM,41734
0,SCM,41735
0,SCM,41736
0,SCM,41737
0,SCM,41738
0,SCM,41739
0,SCM,41740
0,SCM,41741
0,SCM,41742
0,SCM,41743
0,SCM,41744
0,SCM,41745
0,SCM,41746
0,SCM,41747
0,SCM,41748
0,SCM,41749
0,SCM,41750
0,SCM,41751
0,SCM,41752
0,SCM,41753
0,SCM,41754
0,SCM,41755
0,SCM,41756
0,SCM,41757
0,SCM,41758
0,SCM,41759
0,SCM,41760
0,SCM,41761
0,SCM,41762
0,SCM,41763
0,SCM,41764
0,SCM,41765
0,SCM,41766
0,SCM,41767
0,SCM,41768
0,SCM,41769
0,SCM,41770
0,SCM,41771
0,SCM,41772
0,SCM,41773
0,SCM,41774
0,SCM,41775
0,SCM,41776
0,SCM,41777
0,SCM,41778
0,SCM,41779
0,SCM,41780
0,SCM,41781
0,SCM,41782
0,SCM,41783
0,SCM,41784
0,SCM,41785
0,SCM,41786
0,SCM,41787
0,SCM,41788
0,SCM,41789
0,SCM,41790
0,SCM,41791
0,SCM,41792
0,SCM,41793
0,SCM,41794
0,SCM,41795
0,SCM,41796
0,SCM,41797
0,SCM,41798
0,SCM,41799
0,SCM,41800
0,SCM,41801
0,SCM,41802
0,SCM,41803
0,SCM,41804
0,SCM,41805
0,SCM,41806
0,SCM,41807
0,SCM,41808
0,SCM,41809
0,SCM,41810
0,SCM,41811
0,SCM,41812
0,SCM,41813
0,SCM,41814
0,SCM,41815
0,SCM,41816
0,SCM,41817
0,SCM,41818
0,SCM,41819
0,SCM,41820
0,SCM,41821
0,SCM,41822
0,SCM,41823
0,SCM,41824
0,SCM,41825
0,SCM,41826
0,SCM,41827
0,SCM,41828
0,SCM,41829
0,SCM,41830
0,SCM,41831
0,SCM,41832
0,SCM,41833
0,SCM,41834
0,SCM,41835
0,SCM,41836
0,SCM,41837
0,SCM,41838
0,SCM,41839
0,SCM,41840
0,SCM,41841
0,SCM,41842
0,SCM,41843
0,SCM,41844
0,SCM,41845
0,SCM,41846
0,SCM,41847
0,SCM,41848
0,SCM,41849
0,SCM,41850
0,SCM,41851
0,SCM,41852
0,SCM,41853
0,SCM,41854
0,SCM,41855
0,SCM,41856
0,SCM,41857
0,SCM,41858
0,SCM,41859
0,SCM,41860
0,SCM,41861
0,SCM,41862
0,SCM,41863
0,SCM,41864
0,SCM,41865
0,SCM,41866
0,SCM,41867
0,SCM,41868
0,SCM,41869
0,SCM,41870
0,SCM,41871
0,SCM,41872
0,SCM,41873
0,SCM,41874
0,SCM,41875
0,SCM,41876
0,SCM,41877
0,SCM,41878
0,SCM,41879
0,SCM,41880
0,SCM,41881
0,SCM,41882
0,SCM,41883
0,SCM,41884
0,SCM,41885
0,SCM,41886
0,SCM,41887
0,SCM,41888
0,SCM,41889
0,SCM,41890
0,SCM,41891
0,SCM,41892
0,SCM,41893
0,SCM,41894
0,SCM,41895
0,SCM,41896
0,SCM,41897
0,SCM,41898
0,SCM,41899
0,SCM,41900
0,SCM,41901
0,SCM,41902
0,SCM,41903
0,SCM,41904
0,SCM,41905
0,SCM,41906
0,SCM,41907
0,SCM,41908
0,SCM,41909
0,SCM,41910
0,SCM,41911
0,SCM,41912
0,SCM,41913
0,SCM,41914
0,SCM,41915
0,SCM,41916
0,SCM,41917
0,SCM,41918
0,SCM,41919
0,SCM,41920
0,SCM,41921
0,SCM,41922
0,SCM,41923
0,SCM,41924
0,SCM,41925
0,SCM,41926
0,SCM,41927
0,SCM,41928
0,SCM,41929
0,SCM,41930
0,SCM,41931
0,SCM,41932
0,SCM,41933
0,SCM,41934
0,SCM,41935
0,SCM,41936
0,SCM,41937
0,SCM,41938
0,SCM,41939
0,SCM,41940
0,SCM,41941
0,SCM,41942
0,SCM,41943
0,SCM,41944
0,SCM,41945
0,SCM,41946
0,SCM,41947
0,SCM,41948
0,SCM,41949
0,SCM,41950
0,SCM,41951
0,SCM,41952
0,SCM,41953
0,SCM,41954
0,SCM,41955
0,SCM,41956
0,SCM,41957
0,SCM,41958
0,SCM,41959
0,SCM,41960
0,SCM,41961
0,SCM,41962
0,SCM,41963
0,SCM,41964
0,SCM,41965
0,SCM,41966
0,SCM,41967
0,SCM,41968
0,SCM,41969
0,SCM,41970
0,SCM,41971
0,SCM,41972
0,SCM,41973
0,SCM,41974
0,SCM,41975
