station,outer_fold,source_row_index,serial_no,label_true,label_predicted,correct
BAE,1,2,2,1,1,1
BAE,1,31,31,1,1,1
BAE,1,50,50,1,0,0
BAE,1,55,55,1,1,1
BAE,1,60,60,1,1,1
BAE,1,73,73,1,1,1
BAE,1,80,80,1,1,1
BAE,1,85,85,1,1,1
BAE,1,89,89,1,1,1
BAE,1,108,108,1,1,1
BAE,1,130,130,1,1,1
BAE,1,131,131,1,1,1
BAE,1,142,142,1,1,1
BAE,1,144,144,1,1,1
BAE,1,148,148,1,1,1
BAE,1,165,165,1,1,1
BAE,1,167,167,1,1,1
BAE,1,175,175,1,1,1
BAE,1,179,179,1,1,1
BAE,1,192,192,1,1,1
BAE,1,198,198,1,1,1
BAE,1,206,206,1,0,0
BAE,1,220,220,1,1,1
BAE,1,236,236,1,1,1
BAE,1,242,242,0,0,1
BAE,1,261,261,0,0,1
BAE,1,262,262,0,0,1
BAE,1,323,323,0,0,1
BAE,1,327,327,0,0,1
BAE,1,329,329,0,0,1
BAE,1,331,331,0,0,1
BAE,1,334,334,0,0,1
BAE,1,356,356,0,1,0
BAE,1,360,360,0,0,1
BAE,1,377,377,0,0,1
BAE,1,386,386,0,0,1
BAE,1,388,388,0,0,1
BAE,1,391,391,0,0,1
BAE,1,394,394,0,0,1
BAE,1,396,396,0,0,1
BAE,1,400,400,0,0,1
BAE,1,404,404,0,0,1
BAE,1,417,417,0,1,0
BAE,1,436,436,0,0,1
BAE,1,443,443,0,0,1
BAE,1,445,445,0,0,1
BAE,1,471,471,0,0,1
BAE,1,507,507,0,0,1
BAE,1,509,509,0,0,1
BAE,1,512,512,0,0,1
BAE,1,516,516,0,1,0
BAE,1,524,524,0,0,1
BAE,1,534,534,0,0,1
BAE,1,537,537,0,0,1
BAE,1,572,572,0,0,1
BAE,1,581,581,0,0,1
BAE,1,598,598,0,0,1
BAE,1,602,602,0,0,1
BAE,1,607,607,0,0,1
BAE,1,620,620,0,0,1
BAE,1,622,622,0,0,1
BAE,1,634,634,0,0,1
BAE,1,644,644,0,0,1
BAE,1,652,652,0,0,1
BAE,1,657,657,0,0,1
BAE,1,658,658,0,0,1
BAE,1,663,663,0,0,1
BAE,1,664,664,0,0,1
BAE,1,678,678,0,0,1
BAE,1,693,693,0,1,0
BAE,1,702,702,0,0,1
BAE,1,705,705,0,0,1
BAE,1,728,728,0,0,1
BAE,1,734,734,0,0,1
BAE,1,737,737,0,0,1
BAE,1,739,739,0,0,1
BAE,1,745,745,0,0,1
BAE,2,4,4,1,1,1
BAE,2,7,7,1,1,1
BAE,2,13,13,1,1,1
BAE,2,32,32,1,1,1
BAE,2,35,35,1,1,1
BAE,2,37,37,1,1,1
BAE,2,39,39,1,1,1
BAE,2,46,46,1,1,1
BAE,2,51,51,1,1,1
BAE,2,61,61,1,1,1
BAE,2,86,86,1,1,1
BAE,2,91,91,1,1,1
BAE,2,93,93,1,1,1
BAE,2,105,105,1,1,1
BAE,2,124,124,1,1,1
BAE,2,133,133,1,1,1
BAE,2,136,136,1,1,1
BAE,2,158,158,1,1,1
BAE,2,160,160,1,1,1
BAE,2,168,168,1,1,1
BAE,2,187,187,1,1,1
BAE,2,194,194,1,1,1
BAE,2,208,208,1,1,1
BAE,2,228,228,1,1,1
BAE,2,245,245,0,0,1
BAE,2,249,249,0,0,1
BAE,2,265,265,0,0,1
BAE,2,273,273,0,0,1
BAE,2,274,274,0,0,1
BAE,2,283,283,0,0,1
BAE,2,304,304,0,0,1
BAE,2,306,306,0,0,1
BAE,2,317,317,0,0,1
BAE,2,333,333,0,0,1
BAE,2,349,349,0,0,1
BAE,2,351,351,0,0,1
BAE,2,355,355,0,0,1
BAE,2,364,364,0,0,1
BAE,2,380,380,0,1,0
BAE,2,423,423,0,0,1
BAE,2,424,424,0,0,1
BAE,2,429,429,0,0,1
BAE,2,441,441,0,0,1
BAE,2,450,450,0,0,1
BAE,2,456,456,0,0,1
BAE,2,461,461,0,0,1
BAE,2,463,463,0,0,1
BAE,2,466,466,0,0,1
BAE,2,467,467,0,0,1
BAE,2,489,489,0,0,1
BAE,2,494,494,0,0,1
BAE,2,504,504,0,0,1
BAE,2,510,510,0,0,1
BAE,2,518,518,0,0,1
BAE,2,526,526,0,0,1
BAE,2,545,545,0,0,1
BAE,2,567,567,0,0,1
BAE,2,571,571,0,0,1
BAE,2,577,577,0,0,1
BAE,2,587,587,0,0,1
BAE,2,592,592,0,0,1
BAE,2,593,593,0,0,1
BAE,2,599,599,0,0,1
BAE,2,601,601,0,1,0
BAE,2,660,660,0,0,1
BAE,2,668,668,0,0,1
BAE,2,669,669,0,0,1
BAE,2,694,694,0,0,1
BAE,2,695,695,0,0,1
BAE,2,701,701,0,0,1
BAE,2,709,709,0,0,1
BAE,2,712,712,0,0,1
BAE,2,720,720,0,0,1
BAE,2,731,731,0,0,1
BAE,2,732,732,0,0,1
BAE,2,749,749,0,0,1
BAE,2,754,754,0,0,1
BAE,3,9,9,1,1,1
BAE,3,23,23,1,1,1
BAE,3,30,30,1,1,1
BAE,3,42,42,1,0,0
BAE,3,49,49,1,1,1
BAE,3,58,58,1,1,1
BAE,3,65,65,1,1,1
BAE,3,68,68,1,1,1
BAE,3,79,79,1,1,1
BAE,3,81,81,1,1,1
BAE,3,83,83,1,1,1
BAE,3,87,87,1,1,1
BAE,3,97,97,1,0,0
BAE,3,103,103,1,1,1
BAE,3,109,109,1,1,1
BAE,3,113,113,1,1,1
BAE,3,154,154,1,1,1
BAE,3,183,183,1,1,1
BAE,3,197,197,1,0,0
BAE,3,210,210,1,1,1
BAE,3,217,217,1,1,1
BAE,3,224,224,1,1,1
BAE,3,233,233,1,1,1
BAE,3,234,234,1,1,1
BAE,3,238,238,0,0,1
BAE,3,239,239,0,0,1
BAE,3,243,243,0,1,0
BAE,3,248,248,0,0,1
BAE,3,260,260,0,1,0
BAE,3,271,271,0,0,1
BAE,3,281,281,0,0,1
BAE,3,289,289,0,0,1
BAE,3,293,293,0,0,1
BAE,3,294,294,0,0,1
BAE,3,300,300,0,0,1
BAE,3,310,310,0,0,1
BAE,3,322,322,0,0,1
BAE,3,328,328,0,0,1
BAE,3,337,337,0,0,1
BAE,3,338,338,0,0,1
BAE,3,344,344,0,0,1
BAE,3,361,361,0,0,1
BAE,3,367,367,0,0,1
BAE,3,392,392,0,0,1
BAE,3,403,403,0,0,1
BAE,3,414,414,0,0,1
BAE,3,431,431,0,0,1
BAE,3,440,440,0,0,1
BAE,3,448,448,0,0,1
BAE,3,454,454,0,0,1
BAE,3,455,455,0,0,1
BAE,3,464,464,0,1,0
BAE,3,468,468,0,0,1
BAE,3,477,477,0,0,1
BAE,3,487,487,0,0,1
BAE,3,493,493,0,0,1
BAE,3,495,495,0,0,1
BAE,3,540,540,0,0,1
BAE,3,541,541,0,0,1
BAE,3,564,564,0,0,1
BAE,3,574,574,0,1,0
BAE,3,583,583,0,0,1
BAE,3,610,610,0,0,1
BAE,3,621,621,0,0,1
BAE,3,625,625,0,0,1
BAE,3,629,629,0,0,1
BAE,3,632,632,0,0,1
BAE,3,635,635,0,0,1
BAE,3,654,654,0,0,1
BAE,3,683,683,0,0,1
BAE,3,689,689,0,0,1
BAE,3,707,707,0,0,1
BAE,3,711,711,0,0,1
BAE,3,722,722,0,0,1
BAE,3,743,743,0,0,1
BAE,3,756,756,0,0,1
BAE,3,762,762,0,0,1
BAE,4,6,6,1,1,1
BAE,4,8,8,1,1,1
BAE,4,10,10,1,1,1
BAE,4,14,14,1,1,1
BAE,4,27,27,1,1,1
BAE,4,63,63,1,1,1
BAE,4,74,74,1,1,1
BAE,4,84,84,1,1,1
BAE,4,94,94,1,1,1
BAE,4,116,116,1,1,1
BAE,4,119,119,1,1,1
BAE,4,128,128,1,1,1
BAE,4,137,137,1,1,1
BAE,4,146,146,1,1,1
BAE,4,153,153,1,0,0
BAE,4,162,162,1,1,1
BAE,4,186,186,1,1,1
BAE,4,203,203,1,1,1
BAE,4,207,207,1,1,1
BAE,4,216,216,1,1,1
BAE,4,231,231,1,1,1
BAE,4,232,232,1,1,1
BAE,4,235,235,1,1,1
BAE,4,237,237,1,1,1
BAE,4,244,244,0,0,1
BAE,4,251,251,0,0,1
BAE,4,258,258,0,0,1
BAE,4,279,279,0,0,1
BAE,4,285,285,0,0,1
BAE,4,286,286,0,0,1
BAE,4,299,299,0,0,1
BAE,4,316,316,0,0,1
BAE,4,320,320,0,1,0
BAE,4,332,332,0,0,1
BAE,4,339,339,0,1,0
BAE,4,371,371,0,0,1
BAE,4,399,399,0,0,1
BAE,4,408,408,0,0,1
BAE,4,419,419,0,0,1
BAE,4,426,426,0,0,1
BAE,4,434,434,0,0,1
BAE,4,435,435,0,0,1
BAE,4,462,462,0,0,1
BAE,4,465,465,0,0,1
BAE,4,475,475,0,0,1
BAE,4,481,481,0,0,1
BAE,4,485,485,0,0,1
BAE,4,496,496,0,0,1
BAE,4,513,513,0,0,1
BAE,4,533,533,0,0,1
BAE,4,542,542,0,0,1
BAE,4,557,557,0,0,1
BAE,4,558,558,0,0,1
BAE,4,563,563,0,0,1
BAE,4,578,578,0,0,1
BAE,4,580,580,0,0,1
BAE,4,586,586,0,0,1
BAE,4,595,595,0,0,1
BAE,4,597,597,0,0,1
BAE,4,605,605,0,1,0
BAE,4,611,611,0,1,0
BAE,4,613,613,0,0,1
BAE,4,636,636,0,0,1
BAE,4,638,638,0,0,1
BAE,4,643,643,0,0,1
BAE,4,651,651,0,0,1
BAE,4,666,666,0,0,1
BAE,4,671,671,0,0,1
BAE,4,672,672,0,0,1
BAE,4,686,686,0,0,1
BAE,4,687,687,0,0,1
BAE,4,697,697,0,0,1
BAE,4,716,716,0,0,1
BAE,4,718,718,0,1,0
BAE,4,730,730,0,0,1
BAE,4,744,744,0,0,1
BAE,5,3,3,1,1,1
BAE,5,5,5,1,1,1
BAE,5,17,17,1,1,1
BAE,5,20,20,1,1,1
BAE,5,34,34,1,1,1
BAE,5,48,48,1,1,1
BAE,5,57,57,1,1,1
BAE,5,62,62,1,1,1
BAE,5,78,78,1,1,1
BAE,5,102,102,1,1,1
BAE,5,115,115,1,1,1
BAE,5,127,127,1,1,1
BAE,5,138,138,1,1,1
BAE,5,150,150,1,1,1
BAE,5,174,174,1,1,1
BAE,5,177,177,1,1,1
BAE,5,178,178,1,1,1
BAE,5,188,188,1,1,1
BAE,5,195,195,1,0,0
BAE,5,199,199,1,1,1
BAE,5,202,202,1,1,1
BAE,5,213,213,1,1,1
BAE,5,215,215,1,1,1
BAE,5,221,221,1,1,1
BAE,5,246,246,0,0,1
BAE,5,254,254,0,0,1
BAE,5,256,256,0,0,1
BAE,5,259,259,0,0,1
BAE,5,275,275,0,0,1
BAE,5,292,292,0,0,1
BAE,5,308,308,0,0,1
BAE,5,318,318,0,0,1
BAE,5,319,319,0,0,1
BAE,5,325,325,0,0,1
BAE,5,372,372,0,0,1
BAE,5,398,398,0,0,1
BAE,5,416,416,0,0,1
BAE,5,420,420,0,0,1
BAE,5,421,421,0,0,1
BAE,5,433,433,0,0,1
BAE,5,442,442,0,0,1
BAE,5,444,444,0,0,1
BAE,5,447,447,0,0,1
BAE,5,451,451,0,0,1
BAE,5,457,457,0,0,1
BAE,5,458,458,0,0,1
BAE,5,460,460,0,0,1
BAE,5,491,491,0,0,1
BAE,5,498,498,0,0,1
BAE,5,499,499,0,0,1
BAE,5,506,506,0,0,1
BAE,5,508,508,0,0,1
BAE,5,514,514,0,0,1
BAE,5,515,515,0,0,1
BAE,5,523,523,0,0,1
BAE,5,525,525,0,0,1
BAE,5,579,579,0,0,1
BAE,5,604,604,0,0,1
BAE,5,612,612,0,0,1
BAE,5,616,616,0,0,1
BAE,5,630,630,0,0,1
BAE,5,639,639,0,0,1
BAE,5,641,641,0,0,1
BAE,5,645,645,0,0,1
BAE,5,647,647,0,0,1
BAE,5,650,650,0,0,1
BAE,5,655,655,0,0,1
BAE,5,676,676,0,0,1
BAE,5,677,677,0,0,1
BAE,5,696,696,0,0,1
BAE,5,699,699,0,0,1
BAE,5,717,717,0,0,1
BAE,5,733,733,0,0,1
BAE,5,742,742,0,0,1
BAE,5,757,757,0,0,1
BAE,5,761,761,0,0,1
BAE,6,0,0,1,1,1
BAE,6,16,16,1,1,1
BAE,6,29,29,1,1,1
BAE,6,36,36,1,1,1
BAE,6,53,53,1,1,1
BAE,6,75,75,1,1,1
BAE,6,99,99,1,1,1
BAE,6,104,104,1,1,1
BAE,6,111,111,1,1,1
BAE,6,129,129,1,1,1
BAE,6,135,135,1,1,1
BAE,6,143,143,1,1,1
BAE,6,152,152,1,1,1
BAE,6,156,156,1,1,1
BAE,6,161,161,1,1,1
BAE,6,171,171,1,1,1
BAE,6,181,181,1,1,1
BAE,6,200,200,1,1,1
BAE,6,204,204,1,1,1
BAE,6,205,205,1,1,1
BAE,6,214,214,1,1,1
BAE,6,219,219,1,1,1
BAE,6,227,227,1,1,1
BAE,6,230,230,1,1,1
BAE,6,241,241,0,0,1
BAE,6,250,250,0,1,0
BAE,6,253,253,0,0,1
BAE,6,257,257,0,0,1
BAE,6,270,270,0,0,1
BAE,6,276,276,0,0,1
BAE,6,277,277,0,1,0
BAE,6,287,287,0,1,0
BAE,6,288,288,0,0,1
BAE,6,291,291,0,0,1
BAE,6,297,297,0,0,1
BAE,6,312,312,0,0,1
BAE,6,335,335,0,0,1
BAE,6,341,341,0,0,1
BAE,6,350,350,0,1,0
BAE,6,365,365,0,0,1
BAE,6,368,368,0,0,1
BAE,6,378,378,0,0,1
BAE,6,379,379,0,0,1
BAE,6,382,382,0,0,1
BAE,6,390,390,0,0,1
BAE,6,393,393,0,0,1
BAE,6,401,401,0,1,0
BAE,6,415,415,0,0,1
BAE,6,418,418,0,0,1
BAE,6,438,438,0,0,1
BAE,6,439,439,0,0,1
BAE,6,505,505,0,0,1
BAE,6,522,522,0,0,1
BAE,6,530,530,0,0,1
BAE,6,531,531,0,0,1
BAE,6,547,547,0,0,1
BAE,6,551,551,0,0,1
BAE,6,556,556,0,0,1
BAE,6,560,560,0,0,1
BAE,6,582,582,0,0,1
BAE,6,584,584,0,0,1
BAE,6,590,590,0,0,1
BAE,6,591,591,0,0,1
BAE,6,603,603,0,0,1
BAE,6,617,617,0,0,1
BAE,6,619,619,0,0,1
BAE,6,627,627,0,0,1
BAE,6,642,642,0,0,1
BAE,6,653,653,0,0,1
BAE,6,685,685,0,0,1
BAE,6,688,688,0,0,1
BAE,6,691,691,0,1,0
BAE,6,710,710,0,0,1
BAE,6,726,726,0,0,1
BAE,6,740,740,0,0,1
BAE,6,748,748,0,0,1
BAE,7,18,18,1,1,1
BAE,7,25,25,1,1,1
BAE,7,56,56,1,0,0
BAE,7,66,66,1,1,1
BAE,7,67,67,1,1,1
BAE,7,70,70,1,1,1
BAE,7,77,77,1,1,1
BAE,7,82,82,1,1,1
BAE,7,98,98,1,1,1
BAE,7,107,107,1,1,1
BAE,7,110,110,1,1,1
BAE,7,112,112,1,1,1
BAE,7,114,114,1,0,0
BAE,7,125,125,1,1,1
BAE,7,132,132,1,1,1
BAE,7,141,141,1,1,1
BAE,7,145,145,1,1,1
BAE,7,164,164,1,1,1
BAE,7,169,169,1,1,1
BAE,7,173,173,1,1,1
BAE,7,184,184,1,1,1
BAE,7,196,196,1,0,0
BAE,7,209,209,1,1,1
BAE,7,212,212,1,1,1
BAE,7,255,255,0,0,1
BAE,7,272,272,0,0,1
BAE,7,278,278,0,0,1
BAE,7,280,280,0,0,1
BAE,7,282,282,0,0,1
BAE,7,296,296,0,0,1
BAE,7,307,307,0,0,1
BAE,7,315,315,0,0,1
BAE,7,321,321,0,0,1
BAE,7,347,347,0,0,1
BAE,7,357,357,0,0,1
BAE,7,359,359,0,0,1
BAE,7,369,369,0,0,1
BAE,7,376,376,0,0,1
BAE,7,383,383,0,0,1
BAE,7,385,385,0,0,1
BAE,7,395,395,0,0,1
BAE,7,397,397,0,0,1
BAE,7,406,406,0,0,1
BAE,7,410,410,0,0,1
BAE,7,412,412,0,0,1
BAE,7,432,432,0,0,1
BAE,7,449,449,0,0,1
BAE,7,472,472,0,0,1
BAE,7,488,488,0,0,1
BAE,7,500,500,0,0,1
BAE,7,519,519,0,0,1
BAE,7,521,521,0,0,1
BAE,7,527,527,0,0,1
BAE,7,535,535,0,0,1
BAE,7,543,543,0,1,0
BAE,7,548,548,0,1,0
BAE,7,566,566,0,1,0
BAE,7,568,568,0,0,1
BAE,7,569,569,0,0,1
BAE,7,570,570,0,0,1
BAE,7,589,589,0,0,1
BAE,7,615,615,0,0,1
BAE,7,626,626,0,0,1
BAE,7,628,628,0,0,1
BAE,7,637,637,0,0,1
BAE,7,648,648,0,0,1
BAE,7,659,659,0,1,0
BAE,7,665,665,0,0,1
BAE,7,670,670,0,0,1
BAE,7,673,673,0,0,1
BAE,7,684,684,0,1,0
BAE,7,690,690,0,0,1
BAE,7,692,692,0,1,0
BAE,7,704,704,0,0,1
BAE,7,723,723,0,0,1
BAE,7,750,750,0,0,1
BAE,8,11,11,1,1,1
BAE,8,12,12,1,1,1
BAE,8,15,15,1,1,1
BAE,8,19,19,1,1,1
BAE,8,22,22,1,1,1
BAE,8,28,28,1,1,1
BAE,8,33,33,1,1,1
BAE,8,38,38,1,1,1
BAE,8,41,41,1,1,1
BAE,8,44,44,1,1,1
BAE,8,52,52,1,1,1
BAE,8,59,59,1,1,1
BAE,8,76,76,1,1,1
BAE,8,90,90,1,1,1
BAE,8,126,126,1,1,1
BAE,8,139,139,1,1,1
BAE,8,151,151,1,1,1
BAE,8,155,155,1,1,1
BAE,8,166,166,1,0,0
BAE,8,182,182,1,1,1
BAE,8,185,185,1,1,1
BAE,8,189,189,1,1,1
BAE,8,190,190,1,1,1
BAE,8,225,225,1,1,1
BAE,8,266,266,0,0,1
BAE,8,269,269,0,0,1
BAE,8,290,290,0,0,1
BAE,8,295,295,0,0,1
BAE,8,301,301,0,0,1
BAE,8,302,302,0,0,1
BAE,8,305,305,0,0,1
BAE,8,326,326,0,0,1
BAE,8,330,330,0,0,1
BAE,8,340,340,0,0,1
BAE,8,342,342,0,0,1
BAE,8,352,352,0,0,1
BAE,8,353,353,0,0,1
BAE,8,363,363,0,0,1
BAE,8,409,409,0,0,1
BAE,8,427,427,0,0,1
BAE,8,437,437,0,0,1
BAE,8,469,469,0,0,1
BAE,8,473,473,0,0,1
BAE,8,474,474,0,1,0
BAE,8,480,480,0,0,1
BAE,8,501,501,0,0,1
BAE,8,517,517,0,0,1
BAE,8,529,529,0,0,1
BAE,8,536,536,0,0,1
BAE,8,538,538,0,1,0
BAE,8,554,554,0,0,1
BAE,8,555,555,0,0,1
BAE,8,562,562,0,0,1
BAE,8,573,573,0,1,0
BAE,8,588,588,0,0,1
BAE,8,614,614,0,0,1
BAE,8,633,633,0,0,1
BAE,8,646,646,0,0,1
BAE,8,649,649,0,0,1
BAE,8,661,661,0,0,1
BAE,8,674,674,0,0,1
BAE,8,680,680,0,0,1
BAE,8,681,681,0,0,1
BAE,8,682,682,0,0,1
BAE,8,698,698,0,0,1
BAE,8,703,703,0,0,1
BAE,8,706,706,0,0,1
BAE,8,708,708,0,0,1
BAE,8,714,714,0,0,1
BAE,8,715,715,0,0,1
BAE,8,727,727,0,0,1
BAE,8,729,729,0,0,1
BAE,8,747,747,0,0,1
BAE,8,751,751,0,0,1
BAE,8,759,759,0,0,1
BAE,8,760,760,0,0,1
BAE,9,1,1,1,1,1
BAE,9,21,21,1,1,1
BAE,9,43,43,1,1,1
BAE,9,54,54,1,1,1
BAE,9,64,64,1,1,1
BAE,9,69,69,1,1,1
BAE,9,88,88,1,1,1
BAE,9,92,92,1,1,1
BAE,9,100,100,1,1,1
BAE,9,117,117,1,1,1
BAE,9,118,118,1,1,1
BAE,9,120,120,1,1,1
BAE,9,134,134,1,1,1
BAE,9,149,149,1,1,1
BAE,9,159,159,1,1,1
BAE,9,163,163,1,1,1
BAE,9,170,170,1,1,1
BAE,9,172,172,1,1,1
BAE,9,180,180,1,1,1
BAE,9,191,191,1,1,1
BAE,9,211,211,1,0,0
BAE,9,222,222,1,1,1
BAE,9,229,229,1,0,0
BAE,9,240,240,0,0,1
BAE,9,252,252,0,0,1
BAE,9,263,263,0,0,1
BAE,9,267,267,0,0,1
BAE,9,268,268,0,0,1
BAE,9,311,311,0,0,1
BAE,9,314,314,0,0,1
BAE,9,324,324,0,0,1
BAE,9,336,336,0,0,1
BAE,9,343,343,0,0,1
BAE,9,346,346,0,1,0
BAE,9,362,362,0,0,1
BAE,9,366,366,0,0,1
BAE,9,373,373,0,1,0
BAE,9,374,374,0,0,1
BAE,9,387,387,0,0,1
BAE,9,402,402,0,0,1
BAE,9,413,413,0,0,1
BAE,9,459,459,0,0,1
BAE,9,470,470,0,0,1
BAE,9,478,478,0,0,1
BAE,9,486,486,0,0,1
BAE,9,490,490,0,0,1
BAE,9,497,497,0,0,1
BAE,9,511,511,0,0,1
BAE,9,520,520,0,0,1
BAE,9,532,532,0,0,1
BAE,9,539,539,0,0,1
BAE,9,546,546,0,0,1
BAE,9,549,549,0,1,0
BAE,9,550,550,0,0,1
BAE,9,552,552,0,0,1
BAE,9,553,553,0,0,1
BAE,9,561,561,0,0,1
BAE,9,575,575,0,0,1
BAE,9,596,596,0,0,1
BAE,9,608,608,0,0,1
BAE,9,609,609,0,0,1
BAE,9,623,623,0,0,1
BAE,9,624,624,0,0,1
BAE,9,631,631,0,0,1
BAE,9,662,662,0,0,1
BAE,9,667,667,0,0,1
BAE,9,679,679,0,0,1
BAE,9,713,713,0,0,1
BAE,9,719,719,0,0,1
BAE,9,721,721,0,0,1
BAE,9,735,735,0,0,1
BAE,9,736,736,0,0,1
BAE,9,741,741,0,0,1
BAE,9,746,746,0,0,1
BAE,9,755,755,0,0,1
BAE,9,758,758,0,0,1
BAE,10,24,24,1,1,1
BAE,10,26,26,1,1,1
BAE,10,40,40,1,1,1
BAE,10,45,45,1,1,1
BAE,10,47,47,1,1,1
BAE,10,71,71,1,1,1
BAE,10,72,72,1,1,1
BAE,10,95,95,1,1,1
BAE,10,96,96,1,1,1
BAE,10,101,101,1,1,1
BAE,10,106,106,1,1,1
BAE,10,121,121,1,1,1
BAE,10,122,122,1,1,1
BAE,10,123,123,1,1,1
BAE,10,140,140,1,1,1
BAE,10,147,147,1,1,1
BAE,10,157,157,1,1,1
BAE,10,176,176,1,1,1
BAE,10,193,193,1,0,0
BAE,10,201,201,1,1,1
BAE,10,218,218,1,1,1
BAE,10,223,223,1,1,1
BAE,10,226,226,1,1,1
BAE,10,247,247,0,0,1
BAE,10,264,264,0,0,1
BAE,10,284,284,0,0,1
BAE,10,298,298,0,0,1
BAE,10,303,303,0,0,1
BAE,10,309,309,0,0,1
BAE,10,313,313,0,0,1
BAE,10,345,345,0,0,1
BAE,10,348,348,0,1,0
BAE,10,354,354,0,0,1
BAE,10,358,358,0,0,1
BAE,10,370,370,0,0,1
BAE,10,375,375,0,0,1
BAE,10,381,381,0,0,1
BAE,10,384,384,0,0,1
BAE,10,389,389,0,0,1
BAE,10,405,405,0,0,1
BAE,10,407,407,0,0,1
BAE,10,411,411,0,0,1
BAE,10,422,422,0,0,1
BAE,10,425,425,0,0,1
BAE,10,428,428,0,0,1
BAE,10,430,430,0,0,1
BAE,10,446,446,0,1,0
BAE,10,452,452,0,0,1
BAE,10,453,453,0,0,1
BAE,10,476,476,0,0,1
BAE,10,479,479,0,1,0
BAE,10,482,482,0,0,1
BAE,10,483,483,0,0,1
BAE,10,484,484,0,0,1
BAE,10,492,492,0,0,1
BAE,10,502,502,0,0,1
BAE,10,503,503,0,0,1
BAE,10,528,528,0,0,1
BAE,10,544,544,0,0,1
BAE,10,559,559,0,0,1
BAE,10,565,565,0,0,1
BAE,10,576,576,0,0,1
BAE,10,585,585,0,0,1
BAE,10,594,594,0,0,1
BAE,10,600,600,0,0,1
BAE,10,606,606,0,0,1
BAE,10,618,618,0,0,1
BAE,10,640,640,0,0,1
BAE,10,656,656,0,0,1
BAE,10,675,675,0,1,0
BAE,10,700,700,0,0,1
BAE,10,724,724,0,0,1
BAE,10,725,725,0,0,1
BAE,10,738,738,0,1,0
BAE,10,752,752,0,0,1
BAE,10,753,753,0,0,1
BAT,1,779,779,1,0,0
BAT,1,780,780,1,0,0
BAT,1,820,820,1,1,1
BAT,1,828,828,1,1,1
BAT,1,831,831,1,1,1
BAT,1,833,833,1,1,1
BAT,1,840,840,1,1,1
BAT,1,842,842,1,1,1
BAT,1,862,862,1,1,1
BAT,1,865,865,1,1,1
BAT,1,874,874,1,1,1
BAT,1,875,875,1,1,1
BAT,1,882,882,1,1,1
BAT,1,887,887,1,1,1
BAT,1,904,904,1,1,1
BAT,1,916,916,1,1,1
BAT,1,926,926,0,0,1
BAT,1,934,934,0,0,1
BAT,1,947,947,0,0,1
BAT,1,948,948,0,0,1
BAT,1,953,953,0,0,1
BAT,1,970,970,0,0,1
BAT,1,983,983,0,0,1
BAT,1,984,984,0,0,1
BAT,1,994,994,0,0,1
BAT,1,1002,1002,0,0,1
BAT,1,1014,1014,0,0,1
BAT,1,1016,1016,0,0,1
BAT,1,1024,1024,0,1,0
BAT,1,1033,1033,0,0,1
BAT,1,1036,1036,0,0,1
BAT,1,1046,1046,0,0,1
BAT,1,1055,1055,0,0,1
BAT,1,1069,1069,0,0,1
BAT,1,1080,1080,0,0,1
BAT,1,1102,1102,0,0,1
BAT,1,1143,1143,0,0,1
BAT,1,1145,1145,0,0,1
BAT,1,1153,1153,0,0,1
BAT,1,1160,1160,0,1,0
BAT,1,1165,1165,0,0,1
BAT,1,1181,1181,0,0,1
BAT,1,1207,1207,0,0,1
BAT,1,1213,1213,0,0,1
BAT,1,1219,1219,0,0,1
BAT,1,1246,1246,0,0,1
BAT,1,1256,1256,0,0,1
BAT,1,1257,1257,0,0,1
BAT,1,1258,1258,0,1,0
BAT,1,1259,1259,0,0,1
BAT,1,1269,1269,0,0,1
BAT,1,1272,1272,0,0,1
BAT,1,1286,1286,0,0,1
BAT,1,1289,1289,0,0,1
BAT,1,1304,1304,0,0,1
BAT,1,1312,1312,0,0,1
BAT,2,775,775,1,1,1
BAT,2,788,788,1,1,1
BAT,2,800,800,1,1,1
BAT,2,813,813,1,1,1
BAT,2,814,814,1,1,1
BAT,2,815,815,1,1,1
BAT,2,827,827,1,1,1
BAT,2,846,846,1,1,1
BAT,2,848,848,1,1,1
BAT,2,849,849,1,1,1
BAT,2,852,852,1,1,1
BAT,2,857,857,1,1,1
BAT,2,861,861,1,1,1
BAT,2,867,867,1,1,1
BAT,2,877,877,1,0,0
BAT,2,893,893,1,0,0
BAT,2,933,933,0,0,1
BAT,2,935,935,0,0,1
BAT,2,938,938,0,0,1
BAT,2,1008,1008,0,0,1
BAT,2,1011,1011,0,0,1
BAT,2,1013,1013,0,1,0
BAT,2,1021,1021,0,0,1
BAT,2,1039,1039,0,1,0
BAT,2,1044,1044,0,0,1
BAT,2,1052,1052,0,0,1
BAT,2,1053,1053,0,0,1
BAT,2,1088,1088,0,0,1
BAT,2,1093,1093,0,0,1
BAT,2,1096,1096,0,0,1
BAT,2,1097,1097,0,0,1
BAT,2,1101,1101,0,0,1
BAT,2,1115,1115,0,0,1
BAT,2,1117,1117,0,0,1
BAT,2,1119,1119,0,0,1
BAT,2,1121,1121,0,0,1
BAT,2,1159,1159,0,0,1
BAT,2,1162,1162,0,1,0
BAT,2,1193,1193,0,0,1
BAT,2,1199,1199,0,0,1
BAT,2,1214,1214,0,0,1
BAT,2,1233,1233,0,0,1
BAT,2,1236,1236,0,0,1
BAT,2,1242,1242,0,0,1
BAT,2,1262,1262,0,0,1
BAT,2,1270,1270,0,0,1
BAT,2,1278,1278,0,0,1
BAT,2,1282,1282,0,0,1
BAT,2,1287,1287,0,0,1
BAT,2,1291,1291,0,0,1
BAT,2,1294,1294,0,0,1
BAT,2,1300,1300,0,0,1
BAT,2,1302,1302,0,0,1
BAT,2,1303,1303,0,0,1
BAT,2,1315,1315,0,0,1
BAT,2,1316,1316,0,0,1
BAT,3,767,767,1,1,1
BAT,3,769,769,1,1,1
BAT,3,773,773,1,1,1
BAT,3,778,778,1,0,0
BAT,3,794,794,1,1,1
BAT,3,809,809,1,1,1
BAT,3,816,816,1,1,1
BAT,3,824,824,1,0,0
BAT,3,841,841,1,1,1
BAT,3,844,844,1,1,1
BAT,3,845,845,1,1,1
BAT,3,853,853,1,1,1
BAT,3,870,870,1,1,1
BAT,3,880,880,1,1,1
BAT,3,895,895,1,1,1
BAT,3,909,909,1,0,0
BAT,3,918,918,0,1,0
BAT,3,920,920,0,0,1
BAT,3,930,930,0,0,1
BAT,3,937,937,0,1,0
BAT,3,951,951,0,0,1
BAT,3,962,962,0,0,1
BAT,3,963,963,0,0,1
BAT,3,974,974,0,0,1
BAT,3,985,985,0,0,1
BAT,3,1005,1005,0,1,0
BAT,3,1038,1038,0,0,1
BAT,3,1054,1054,0,0,1
BAT,3,1068,1068,0,0,1
BAT,3,1074,1074,0,0,1
BAT,3,1084,1084,0,0,1
BAT,3,1090,1090,0,0,1
BAT,3,1092,1092,0,1,0
BAT,3,1161,1161,0,0,1
BAT,3,1163,1163,0,0,1
BAT,3,1168,1168,0,0,1
BAT,3,1174,1174,0,0,1
BAT,3,1195,1195,0,0,1
BAT,3,1196,1196,0,1,0
BAT,3,1209,1209,0,0,1
BAT,3,1228,1228,0,0,1
BAT,3,1229,1229,0,0,1
BAT,3,1235,1235,0,0,1
BAT,3,1243,1243,0,0,1
BAT,3,1247,1247,0,0,1
BAT,3,1251,1251,0,0,1
BAT,3,1254,1254,0,0,1
BAT,3,1263,1263,0,0,1
BAT,3,1274,1274,0,0,1
BAT,3,1283,1283,0,1,0
BAT,3,1284,1284,0,0,1
BAT,3,1292,1292,0,0,1
BAT,3,1295,1295,0,0,1
BAT,3,1309,1309,0,0,1
BAT,3,1313,1313,0,0,1
BAT,3,1317,1317,0,1,0
BAT,4,774,774,1,1,1
BAT,4,786,786,1,1,1
BAT,4,790,790,1,1,1
BAT,4,797,797,1,0,0
BAT,4,812,812,1,1,1
BAT,4,821,821,1,1,1
BAT,4,829,829,1,1,1
BAT,4,838,838,1,1,1
BAT,4,843,843,1,1,1
BAT,4,872,872,1,1,1
BAT,4,873,873,1,1,1
BAT,4,881,881,1,1,1
BAT,4,896,896,1,1,1
BAT,4,901,901,1,1,1
BAT,4,906,906,1,1,1
BAT,4,913,913,1,1,1
BAT,4,924,924,0,0,1
BAT,4,925,925,0,0,1
BAT,4,927,927,0,0,1
BAT,4,949,949,0,0,1
BAT,4,958,958,0,0,1
BAT,4,960,960,0,0,1
BAT,4,969,969,0,0,1
BAT,4,981,981,0,0,1
BAT,4,990,990,0,0,1
BAT,4,1012,1012,0,1,0
BAT,4,1023,1023,0,0,1
BAT,4,1060,1060,0,0,1
BAT,4,1062,1062,0,0,1
BAT,4,1076,1076,0,0,1
BAT,4,1077,1077,0,0,1
BAT,4,1079,1079,0,0,1
BAT,4,1081,1081,0,0,1
BAT,4,1087,1087,0,1,0
BAT,4,1109,1109,0,0,1
BAT,4,1120,1120,0,0,1
BAT,4,1122,1122,0,0,1
BAT,4,1124,1124,0,0,1
BAT,4,1130,1130,0,0,1
BAT,4,1131,1131,0,0,1
BAT,4,1135,1135,0,0,1
BAT,4,1141,1141,0,0,1
BAT,4,1147,1147,0,0,1
BAT,4,1156,1156,0,0,1
BAT,4,1185,1185,0,1,0
BAT,4,1198,1198,0,0,1
BAT,4,1204,1204,0,0,1
BAT,4,1217,1217,0,0,1
BAT,4,1224,1224,0,0,1
BAT,4,1234,1234,0,0,1
BAT,4,1249,1249,0,0,1
BAT,4,1264,1264,0,0,1
BAT,4,1299,1299,0,0,1
BAT,4,1305,1305,0,0,1
BAT,4,1308,1308,0,0,1
BAT,4,1314,1314,0,0,1
BAT,5,768,768,1,1,1
BAT,5,777,777,1,1,1
BAT,5,781,781,1,1,1
BAT,5,795,795,1,1,1
BAT,5,796,796,1,1,1
BAT,5,801,801,1,1,1
BAT,5,803,803,1,0,0
BAT,5,810,810,1,1,1
BAT,5,818,818,1,1,1
BAT,5,859,859,1,1,1
BAT,5,866,866,1,1,1
BAT,5,884,884,1,1,1
BAT,5,891,891,1,1,1
BAT,5,894,894,1,1,1
BAT,5,911,911,1,1,1
BAT,5,914,914,1,1,1
BAT,5,942,942,0,0,1
BAT,5,950,950,0,0,1
BAT,5,952,952,0,0,1
BAT,5,954,954,0,0,1
BAT,5,968,968,0,0,1
BAT,5,975,975,0,0,1
BAT,5,986,986,0,1,0
BAT,5,1001,1001,0,0,1
BAT,5,1009,1009,0,0,1
BAT,5,1015,1015,0,0,1
BAT,5,1025,1025,0,0,1
BAT,5,1030,1030,0,0,1
BAT,5,1037,1037,0,0,1
BAT,5,1045,1045,0,0,1
BAT,5,1059,1059,0,0,1
BAT,5,1066,1066,0,1,0
BAT,5,1089,1089,0,0,1
BAT,5,1107,1107,0,0,1
BAT,5,1111,1111,0,1,0
BAT,5,1116,1116,0,0,1
BAT,5,1136,1136,0,1,0
BAT,5,1139,1139,0,0,1
BAT,5,1144,1144,0,0,1
BAT,5,1146,1146,0,0,1
BAT,5,1152,1152,0,1,0
BAT,5,1164,1164,0,0,1
BAT,5,1167,1167,0,0,1
BAT,5,1169,1169,0,0,1
BAT,5,1170,1170,0,0,1
BAT,5,1184,1184,0,0,1
BAT,5,1190,1190,0,0,1
BAT,5,1200,1200,0,0,1
BAT,5,1241,1241,0,0,1
BAT,5,1250,1250,0,0,1
BAT,5,1253,1253,0,0,1
BAT,5,1273,1273,0,0,1
BAT,5,1279,1279,0,1,0
BAT,5,1298,1298,0,0,1
BAT,5,1306,1306,0,0,1
BAT,5,1311,1311,0,0,1
BAT,6,763,763,1,1,1
BAT,6,770,770,1,1,1
BAT,6,782,782,1,1,1
BAT,6,789,789,1,1,1
BAT,6,792,792,1,1,1
BAT,6,804,804,1,1,1
BAT,6,805,805,1,1,1
BAT,6,808,808,1,1,1
BAT,6,819,819,1,0,0
BAT,6,835,835,1,1,1
BAT,6,836,836,1,1,1
BAT,6,858,858,1,1,1
BAT,6,900,900,1,1,1
BAT,6,912,912,1,1,1
BAT,6,915,915,1,1,1
BAT,6,921,921,0,0,1
BAT,6,976,976,0,0,1
BAT,6,987,987,0,0,1
BAT,6,989,989,0,0,1
BAT,6,997,997,0,1,0
BAT,6,998,998,0,0,1
BAT,6,1004,1004,0,0,1
BAT,6,1032,1032,0,1,0
BAT,6,1041,1041,0,0,1
BAT,6,1047,1047,0,0,1
BAT,6,1064,1064,0,0,1
BAT,6,1065,1065,0,0,1
BAT,6,1072,1072,0,0,1
BAT,6,1078,1078,0,1,0
BAT,6,1085,1085,0,0,1
BAT,6,1086,1086,0,0,1
BAT,6,1100,1100,0,0,1
BAT,6,1103,1103,0,0,1
BAT,6,1104,1104,0,0,1
BAT,6,1108,1108,0,0,1
BAT,6,1113,1113,0,0,1
BAT,6,1132,1132,0,0,1
BAT,6,1133,1133,0,0,1
BAT,6,1140,1140,0,0,1
BAT,6,1142,1142,0,0,1
BAT,6,1157,1157,0,0,1
BAT,6,1173,1173,0,0,1
BAT,6,1180,1180,0,0,1
BAT,6,1189,1189,0,0,1
BAT,6,1201,1201,0,0,1
BAT,6,1211,1211,0,0,1
BAT,6,1218,1218,0,0,1
BAT,6,1222,1222,0,0,1
BAT,6,1265,1265,0,0,1
BAT,6,1267,1267,0,0,1
BAT,6,1271,1271,0,0,1
BAT,6,1280,1280,0,0,1
BAT,6,1281,1281,0,1,0
BAT,6,1301,1301,0,0,1
BAT,6,1307,1307,0,0,1
BAT,7,764,764,1,1,1
BAT,7,776,776,1,1,1
BAT,7,784,784,1,1,1
BAT,7,785,785,1,1,1
BAT,7,787,787,1,0,0
BAT,7,798,798,1,1,1
BAT,7,811,811,1,1,1
BAT,7,817,817,1,1,1
BAT,7,825,825,1,1,1
BAT,7,839,839,1,1,1
BAT,7,871,871,1,0,0
BAT,7,878,878,1,1,1
BAT,7,886,886,1,1,1
BAT,7,889,889,1,1,1
BAT,7,917,917,1,1,1
BAT,7,919,919,0,0,1
BAT,7,922,922,0,0,1
BAT,7,929,929,0,0,1
BAT,7,939,939,0,0,1
BAT,7,943,943,0,0,1
BAT,7,946,946,0,0,1
BAT,7,964,964,0,0,1
BAT,7,973,973,0,0,1
BAT,7,977,977,0,0,1
BAT,7,979,979,0,0,1
BAT,7,982,982,0,0,1
BAT,7,991,991,0,0,1
BAT,7,1000,1000,0,0,1
BAT,7,1007,1007,0,0,1
BAT,7,1018,1018,0,0,1
BAT,7,1027,1027,0,1,0
BAT,7,1028,1028,0,1,0
BAT,7,1031,1031,0,0,1
BAT,7,1043,1043,0,0,1
BAT,7,1050,1050,0,0,1
BAT,7,1067,1067,0,0,1
BAT,7,1070,1070,0,0,1
BAT,7,1073,1073,0,0,1
BAT,7,1082,1082,0,0,1
BAT,7,1118,1118,0,0,1
BAT,7,1129,1129,0,0,1
BAT,7,1149,1149,0,0,1
BAT,7,1151,1151,0,0,1
BAT,7,1172,1172,0,0,1
BAT,7,1191,1191,0,0,1
BAT,7,1197,1197,0,0,1
BAT,7,1216,1216,0,0,1
BAT,7,1227,1227,0,0,1
BAT,7,1231,1231,0,0,1
BAT,7,1232,1232,0,0,1
BAT,7,1237,1237,0,0,1
BAT,7,1240,1240,0,0,1
BAT,7,1252,1252,0,0,1
BAT,7,1285,1285,0,0,1
BAT,7,1296,1296,0,0,1
BAT,8,765,765,1,1,1
BAT,8,791,791,1,1,1
BAT,8,793,793,1,1,1
BAT,8,806,806,1,0,0
BAT,8,834,834,1,1,1
BAT,8,847,847,1,1,1
BAT,8,851,851,1,1,1
BAT,8,855,855,1,1,1
BAT,8,856,856,1,1,1
BAT,8,863,863,1,1,1
BAT,8,869,869,1,1,1
BAT,8,885,885,1,1,1
BAT,8,898,898,1,1,1
BAT,8,899,899,1,1,1
BAT,8,905,905,1,1,1
BAT,8,923,923,0,0,1
BAT,8,931,931,0,0,1
BAT,8,932,932,0,1,0
BAT,8,944,944,0,0,1
BAT,8,956,956,0,0,1
BAT,8,959,959,0,0,1
BAT,8,967,967,0,0,1
BAT,8,971,971,0,0,1
BAT,8,972,972,0,0,1
BAT,8,978,978,0,0,1
BAT,8,980,980,0,0,1
BAT,8,988,988,0,0,1
BAT,8,995,995,0,0,1
BAT,8,1003,1003,0,0,1
BAT,8,1017,1017,0,0,1
BAT,8,1022,1022,0,0,1
BAT,8,1026,1026,0,0,1
BAT,8,1040,1040,0,0,1
BAT,8,1056,1056,0,0,1
BAT,8,1057,1057,0,0,1
BAT,8,1061,1061,0,0,1
BAT,8,1063,1063,0,0,1
BAT,8,1071,1071,0,0,1
BAT,8,1094,1094,0,0,1
BAT,8,1112,1112,0,1,0
BAT,8,1125,1125,0,0,1
BAT,8,1137,1137,0,0,1
BAT,8,1155,1155,0,0,1
BAT,8,1158,1158,0,0,1
BAT,8,1175,1175,0,0,1
BAT,8,1178,1178,0,1,0
BAT,8,1205,1205,0,0,1
BAT,8,1206,1206,0,0,1
BAT,8,1212,1212,0,0,1
BAT,8,1215,1215,0,0,1
BAT,8,1220,1220,0,0,1
BAT,8,1245,1245,0,0,1
BAT,8,1255,1255,0,0,1
BAT,8,1266,1266,0,0,1
BAT,8,1275,1275,0,0,1
BAT,9,766,766,1,1,1
BAT,9,771,771,1,1,1
BAT,9,772,772,1,1,1
BAT,9,783,783,1,1,1
BAT,9,799,799,1,1,1
BAT,9,807,807,1,1,1
BAT,9,822,822,1,1,1
BAT,9,826,826,1,1,1
BAT,9,830,830,1,1,1
BAT,9,854,854,1,1,1
BAT,9,883,883,1,1,1
BAT,9,892,892,1,1,1
BAT,9,897,897,1,1,1
BAT,9,908,908,1,1,1
BAT,9,910,910,1,1,1
BAT,9,928,928,0,0,1
BAT,9,941,941,0,0,1
BAT,9,955,955,0,0,1
BAT,9,961,961,0,0,1
BAT,9,965,965,0,0,1
BAT,9,993,993,0,0,1
BAT,9,996,996,0,0,1
BAT,9,999,999,0,0,1
BAT,9,1010,1010,0,1,0
BAT,9,1029,1029,0,0,1
BAT,9,1048,1048,0,0,1
BAT,9,1049,1049,0,0,1
BAT,9,1058,1058,0,0,1
BAT,9,1075,1075,0,0,1
BAT,9,1091,1091,0,0,1
BAT,9,1098,1098,0,0,1
BAT,9,1105,1105,0,0,1
BAT,9,1110,1110,0,0,1
BAT,9,1123,1123,0,0,1
BAT,9,1128,1128,0,0,1
BAT,9,1150,1150,0,0,1
BAT,9,1154,1154,0,0,1
BAT,9,1171,1171,0,0,1
BAT,9,1179,1179,0,0,1
BAT,9,1182,1182,0,0,1
BAT,9,1183,1183,0,0,1
BAT,9,1188,1188,0,0,1
BAT,9,1194,1194,0,0,1
BAT,9,1202,1202,0,0,1
BAT,9,1210,1210,0,0,1
BAT,9,1221,1221,0,0,1
BAT,9,1223,1223,0,0,1
BAT,9,1225,1225,0,0,1
BAT,9,1226,1226,0,0,1
BAT,9,1238,1238,0,0,1
BAT,9,1268,1268,0,1,0
BAT,9,1277,1277,0,0,1
BAT,9,1288,1288,0,0,1
BAT,9,1290,1290,0,0,1
BAT,9,1293,1293,0,0,1
BAT,10,802,802,1,1,1
BAT,10,823,823,1,1,1
BAT,10,832,832,1,1,1
BAT,10,837,837,1,1,1
BAT,10,850,850,1,1,1
BAT,10,860,860,1,1,1
BAT,10,864,864,1,1,1
BAT,10,868,868,1,1,1
BAT,10,876,876,1,1,1
BAT,10,879,879,1,1,1
BAT,10,888,888,1,1,1
BAT,10,890,890,1,1,1
BAT,10,902,902,1,1,1
BAT,10,903,903,1,0,0
BAT,10,907,907,1,1,1
BAT,10,936,936,0,0,1
BAT,10,940,940,0,0,1
BAT,10,945,945,0,0,1
BAT,10,957,957,0,0,1
BAT,10,966,966,0,0,1
BAT,10,992,992,0,0,1
BAT,10,1006,1006,0,0,1
BAT,10,1019,1019,0,0,1
BAT,10,1020,1020,0,0,1
BAT,10,1034,1034,0,0,1
BAT,10,1035,1035,0,0,1
BAT,10,1042,1042,0,0,1
BAT,10,1051,1051,0,0,1
BAT,10,1083,1083,0,0,1
BAT,10,1095,1095,0,0,1
BAT,10,1099,1099,0,0,1
BAT,10,1106,1106,0,0,1
BAT,10,1114,1114,0,0,1
BAT,10,1126,1126,0,0,1
BAT,10,1127,1127,0,1,0
BAT,10,1134,1134,0,0,1
BAT,10,1138,1138,0,0,1
BAT,10,1148,1148,0,0,1
BAT,10,1166,1166,0,0,1
BAT,10,1176,1176,0,0,1
BAT,10,1177,1177,0,0,1
BAT,10,1186,1186,0,0,1
BAT,10,1187,1187,0,0,1
BAT,10,1192,1192,0,0,1
BAT,10,1203,1203,0,0,1
BAT,10,1208,1208,0,0,1
BAT,10,1230,1230,0,1,0
BAT,10,1239,1239,0,0,1
BAT,10,1244,1244,0,0,1
BAT,10,1248,1248,0,0,1
BAT,10,1260,1260,0,0,1
BAT,10,1261,1261,0,0,1
BAT,10,1276,1276,0,0,1
BAT,10,1297,1297,0,0,1
BAT,10,1310,1310,0,0,1
FID,1,1324,6299,1,1,1
FID,1,1327,6302,1,1,1
FID,1,1332,6307,1,0,0
FID,1,1336,6311,1,1,1
FID,1,1347,6322,1,1,1
FID,1,1348,6323,1,1,1
FID,1,1351,6326,1,1,1
FID,1,1358,6333,1,1,1
FID,1,1393,6368,1,1,1
FID,1,1401,6376,1,1,1
FID,1,1419,6394,1,1,1
FID,1,1423,6398,1,0,0
FID,1,1436,6411,1,1,1
FID,1,1449,6424,1,1,1
FID,1,1459,6434,1,1,1
FID,1,1461,6436,1,1,1
FID,1,1500,6475,1,1,1
FID,1,1513,6488,1,1,1
FID,1,1514,6489,1,1,1
FID,1,1520,6495,1,1,1
FID,1,1521,6496,1,1,1
FID,1,1541,6516,1,1,1
FID,1,1546,6521,1,1,1
FID,1,1548,6523,1,1,1
FID,1,1549,6524,1,1,1
FID,1,1550,6525,1,1,1
FID,1,1596,6571,1,1,1
FID,1,1610,6585,1,1,1
FID,1,1628,6603,1,1,1
FID,1,1630,6605,1,1,1
FID,1,1637,6612,1,1,1
FID,1,1638,6613,1,1,1
FID,1,1644,6619,1,1,1
FID,1,1647,6622,1,1,1
FID,1,1649,6624,1,1,1
FID,1,1651,6626,1,1,1
FID,1,1677,6652,1,1,1
FID,1,1680,6655,1,1,1
FID,1,1683,6658,1,1,1
FID,1,1688,6663,1,1,1
FID,1,1694,6669,1,1,1
FID,1,1701,6676,1,1,1
FID,1,1705,6680,1,1,1
FID,1,1713,6688,1,1,1
FID,1,1721,6696,1,1,1
FID,1,1723,6698,1,1,1
FID,1,1731,6706,1,1,1
FID,1,1744,6719,1,1,1
FID,1,1752,6727,1,1,1
FID,1,1766,6741,1,1,1
FID,1,1779,6754,1,1,1
FID,1,1782,6757,1,1,1
FID,1,1787,6762,1,1,1
FID,1,1793,6768,1,1,1
FID,1,1799,6774,1,1,1
FID,1,1800,6775,1,1,1
FID,1,1802,6777,1,1,1
FID,1,1810,6785,1,1,1
FID,1,1828,6803,1,1,1
FID,1,1831,6806,1,1,1
FID,1,1853,6828,1,1,1
FID,1,1868,6843,1,0,0
FID,1,1870,6845,1,1,1
FID,1,1873,6848,1,1,1
FID,1,1880,6855,1,1,1
FID,1,1884,6859,1,1,1
FID,1,1891,6866,1,0,0
FID,1,1896,6871,1,1,1
FID,1,1898,6873,1,1,1
FID,1,1915,6890,1,1,1
FID,1,1937,6912,1,1,1
FID,1,1943,6918,1,1,1
FID,1,1944,6919,1,1,1
FID,1,1966,6941,1,1,1
FID,1,1973,6948,1,1,1
FID,1,1986,6961,1,1,1
FID,1,1988,6963,1,1,1
FID,1,2007,6982,1,1,1
FID,1,2009,6984,1,1,1
FID,1,2012,6987,1,1,1
FID,1,2013,6988,1,1,1
FID,1,2014,6989,1,1,1
FID,1,2015,6990,1,1,1
FID,1,2017,6992,1,1,1
FID,1,2036,7011,1,1,1
FID,1,2055,7030,1,1,1
FID,1,2081,7056,1,1,1
FID,1,2097,7072,1,1,1
FID,1,2102,7077,1,1,1
FID,1,2138,7113,1,1,1
FID,1,2157,7132,1,1,1
FID,1,2163,7138,1,0,0
FID,1,2188,7163,1,1,1
FID,1,2220,7195,1,1,1
FID,1,2226,7201,1,1,1
FID,1,2244,7219,1,1,1
FID,1,2245,7220,1,1,1
FID,1,2247,7222,1,1,1
FID,1,2250,7225,1,1,1
FID,1,2251,7226,1,1,1
FID,1,2255,7230,1,1,1
FID,1,2261,7236,1,1,1
FID,1,2263,7238,1,1,1
FID,1,2284,7259,1,1,1
FID,1,2294,7269,1,1,1
FID,1,2328,7303,1,1,1
FID,1,2335,7310,1,1,1
FID,1,2340,7315,1,1,1
FID,1,2341,7316,1,1,1
FID,1,2358,7333,1,1,1
FID,1,2362,7337,1,1,1
FID,1,2370,7345,1,1,1
FID,1,2403,7378,1,1,1
FID,1,2421,7396,1,1,1
FID,1,2428,7403,1,1,1
FID,1,2437,7412,1,1,1
FID,1,2438,7413,1,1,1
FID,1,2442,7417,1,0,0
FID,1,2453,7428,1,1,1
FID,1,2485,7460,1,1,1
FID,1,2490,7465,1,1,1
FID,1,2495,7470,1,1,1
FID,1,2500,7475,1,0,0
FID,1,2507,7482,1,1,1
FID,1,2516,7491,1,1,1
FID,1,2533,7508,1,1,1
FID,1,2538,7513,1,1,1
FID,1,2555,7530,1,1,1
FID,1,2567,7542,1,0,0
FID,1,2583,7558,1,0,0
FID,1,2590,7565,1,1,1
FID,1,2593,7568,1,1,1
FID,1,2598,7573,1,1,1
FID,1,2599,7574,1,1,1
FID,1,2605,7580,1,1,1
FID,1,2630,7605,1,0,0
FID,1,2632,7607,1,1,1
FID,1,2637,7612,1,1,1
FID,1,2663,7638,1,1,1
FID,1,2684,7659,1,0,0
FID,1,2690,7665,1,1,1
FID,1,2692,7667,1,1,1
FID,1,2704,7679,1,0,0
FID,1,2713,7688,1,1,1
FID,1,2747,7722,1,1,1
FID,1,2779,7754,1,1,1
FID,1,2780,7755,1,1,1
FID,1,2782,7757,1,1,1
FID,1,2784,7759,1,1,1
FID,1,2794,7769,1,1,1
FID,1,2795,7770,1,1,1
FID,1,2819,7794,1,1,1
FID,1,2825,7800,1,1,1
FID,1,2826,7801,1,1,1
FID,1,2854,7829,1,1,1
FID,1,2879,7854,1,1,1
FID,1,2893,7868,1,1,1
FID,1,2899,7874,1,1,1
FID,1,2907,7882,1,1,1
FID,1,2912,7887,1,1,1
FID,1,2917,7892,1,1,1
FID,1,2932,7907,1,1,1
FID,1,2933,7908,1,1,1
FID,1,2937,7912,1,1,1
FID,1,2943,7918,1,1,1
FID,1,2962,7937,1,1,1
FID,1,2964,7939,1,1,1
FID,1,2968,7943,1,1,1
FID,1,2979,7954,1,1,1
FID,1,2980,7955,1,1,1
FID,1,2982,7957,1,1,1
FID,1,3002,7977,1,1,1
FID,1,3012,7987,1,1,1
FID,1,3017,7992,1,1,1
FID,1,3028,8003,1,1,1
FID,1,3036,8011,1,1,1
FID,1,3045,8020,1,1,1
FID,1,3060,8035,1,1,1
FID,1,3068,8043,1,1,1
FID,1,3079,8054,1,1,1
FID,1,3130,8105,1,1,1
FID,1,3141,8116,1,1,1
FID,1,3144,8119,1,1,1
FID,1,3147,8122,1,1,1
FID,1,3148,8123,1,1,1
FID,1,3163,8138,1,1,1
FID,1,3170,8145,0,0,1
FID,1,3172,8147,0,0,1
FID,1,3175,8150,0,0,1
FID,1,3186,8161,0,0,1
FID,1,3192,8167,0,0,1
FID,1,3198,8173,0,0,1
FID,1,3199,8174,0,1,0
FID,1,3203,8178,0,0,1
FID,1,3207,8182,0,0,1
FID,1,3217,8192,0,0,1
FID,1,3220,8195,0,0,1
FID,1,3223,8198,0,0,1
FID,1,3224,8199,0,0,1
FID,1,3228,8203,0,0,1
FID,1,3236,8211,0,0,1
FID,1,3250,8225,0,0,1
FID,1,3251,8226,0,0,1
FID,1,3263,8238,0,0,1
FID,1,3266,8241,0,0,1
FID,1,3268,8243,0,0,1
FID,1,3301,8276,0,0,1
FID,1,3315,8290,0,0,1
FID,1,3360,8335,0,0,1
FID,1,3364,8339,0,0,1
FID,1,3366,8341,0,0,1
FID,1,3368,8343,0,0,1
FID,1,3370,8345,0,0,1
FID,1,3379,8354,0,0,1
FID,1,3385,8360,0,0,1
FID,1,3397,8372,0,0,1
FID,1,3399,8374,0,0,1
FID,1,3421,8396,0,0,1
FID,1,3424,8399,0,0,1
FID,1,3440,8415,0,0,1
FID,1,3444,8419,0,0,1
FID,1,3446,8421,0,0,1
FID,1,3450,8425,0,0,1
FID,1,3486,8461,0,0,1
FID,1,3491,8466,0,0,1
FID,1,3494,8469,0,0,1
FID,1,3511,8486,0,0,1
FID,1,3512,8487,0,0,1
FID,1,3522,8497,0,0,1
FID,1,3527,8502,0,0,1
FID,1,3530,8505,0,1,0
FID,1,3543,8518,0,0,1
FID,1,3544,8519,0,0,1
FID,1,3567,8542,0,0,1
FID,1,3570,8545,0,0,1
FID,1,3591,8566,0,0,1
FID,1,3600,8575,0,0,1
FID,1,3608,8583,0,0,1
FID,1,3637,8612,0,0,1
FID,1,3638,8613,0,0,1
FID,1,3645,8620,0,0,1
FID,1,3650,8625,0,0,1
FID,1,3668,8643,0,0,1
FID,1,3671,8646,0,0,1
FID,1,3682,8657,0,0,1
FID,1,3705,8680,0,1,0
FID,1,3725,8700,0,0,1
FID,1,3728,8703,0,0,1
FID,1,3736,8711,0,0,1
FID,1,3739,8714,0,0,1
FID,1,3758,8733,0,0,1
FID,1,3763,8738,0,0,1
FID,1,3769,8744,0,0,1
FID,1,3772,8747,0,0,1
FID,1,3776,8751,0,1,0
FID,1,3777,8752,0,0,1
FID,1,3778,8753,0,0,1
FID,1,3826,8801,0,0,1
FID,1,3835,8810,0,0,1
FID,1,3844,8819,0,0,1
FID,1,3866,8841,0,0,1
FID,1,3868,8843,0,0,1
FID,1,3871,8846,0,0,1
FID,1,3878,8853,0,0,1
FID,1,3882,8857,0,0,1
FID,1,3897,8872,0,0,1
FID,1,3902,8877,0,0,1
FID,1,3903,8878,0,0,1
FID,1,3909,8884,0,1,0
FID,1,3931,8906,0,0,1
FID,1,3953,8928,0,0,1
FID,1,3969,8944,0,0,1
FID,1,3973,8948,0,0,1
FID,1,3974,8949,0,0,1
FID,1,3979,8954,0,0,1
FID,1,3980,8955,0,0,1
FID,1,3982,8957,0,0,1
FID,1,3986,8961,0,0,1
FID,1,4000,8975,0,0,1
FID,1,4001,8976,0,0,1
FID,1,4036,9011,0,0,1
FID,1,4070,9045,0,0,1
FID,1,4071,9046,0,0,1
FID,1,4087,9062,0,0,1
FID,1,4090,9065,0,0,1
FID,1,4098,9073,0,0,1
FID,1,4102,9077,0,0,1
FID,1,4105,9080,0,0,1
FID,1,4107,9082,0,0,1
FID,1,4142,9117,0,0,1
FID,1,4154,9129,0,0,1
FID,1,4184,9159,0,0,1
FID,1,4206,9181,0,0,1
FID,1,4211,9186,0,0,1
FID,1,4238,9213,0,0,1
FID,1,4255,9230,0,0,1
FID,1,4259,9234,0,0,1
FID,1,4270,9245,0,0,1
FID,1,4280,9255,0,0,1
FID,1,4302,9277,0,0,1
FID,1,4305,9280,0,0,1
FID,1,4311,9286,0,0,1
FID,1,4326,9301,0,0,1
FID,1,4345,9320,0,0,1
FID,1,4375,9350,0,0,1
FID,1,4380,9355,0,0,1
FID,1,4402,9377,0,0,1
FID,1,4407,9382,0,0,1
FID,1,4412,9387,0,0,1
FID,1,4428,9403,0,0,1
FID,1,4437,9412,0,0,1
FID,1,4446,9421,0,0,1
FID,1,4448,9423,0,0,1
FID,1,4455,9430,0,0,1
FID,1,4467,9442,0,0,1
FID,1,4476,9451,0,0,1
FID,1,4477,9452,0,0,1
FID,1,4481,9456,0,0,1
FID,1,4501,9476,0,0,1
FID,1,4503,9478,0,0,1
FID,1,4511,9486,0,0,1
FID,1,4516,9491,0,0,1
FID,1,4518,9493,0,0,1
FID,1,4525,9500,0,0,1
FID,1,4535,9510,0,0,1
FID,1,4544,9519,0,0,1
FID,1,4569,9544,0,0,1
FID,1,4571,9546,0,0,1
FID,1,4581,9556,0,0,1
FID,1,4594,9569,0,0,1
FID,1,4596,9571,0,0,1
FID,1,4615,9590,0,0,1
FID,1,4616,9591,0,0,1
FID,1,4638,9613,0,0,1
FID,2,1335,6310,1,1,1
FID,2,1337,6312,1,1,1
FID,2,1370,6345,1,1,1
FID,2,1374,6349,1,1,1
FID,2,1386,6361,1,1,1
FID,2,1392,6367,1,1,1
FID,2,1397,6372,1,1,1
FID,2,1399,6374,1,1,1
FID,2,1402,6377,1,1,1
FID,2,1406,6381,1,1,1
FID,2,1417,6392,1,1,1
FID,2,1429,6404,1,1,1
FID,2,1434,6409,1,1,1
FID,2,1460,6435,1,1,1
FID,2,1497,6472,1,1,1
FID,2,1501,6476,1,1,1
FID,2,1503,6478,1,1,1
FID,2,1509,6484,1,1,1
FID,2,1517,6492,1,1,1
FID,2,1529,6504,1,1,1
FID,2,1539,6514,1,1,1
FID,2,1547,6522,1,1,1
FID,2,1556,6531,1,1,1
FID,2,1560,6535,1,1,1
FID,2,1562,6537,1,1,1
FID,2,1575,6550,1,1,1
FID,2,1584,6559,1,1,1
FID,2,1590,6565,1,1,1
FID,2,1600,6575,1,1,1
FID,2,1604,6579,1,1,1
FID,2,1619,6594,1,1,1
FID,2,1629,6604,1,1,1
FID,2,1636,6611,1,1,1
FID,2,1642,6617,1,1,1
FID,2,1664,6639,1,1,1
FID,2,1669,6644,1,1,1
FID,2,1676,6651,1,1,1
FID,2,1692,6667,1,1,1
FID,2,1693,6668,1,1,1
FID,2,1697,6672,1,1,1
FID,2,1712,6687,1,1,1
FID,2,1741,6716,1,1,1
FID,2,1774,6749,1,1,1
FID,2,1791,6766,1,1,1
FID,2,1794,6769,1,1,1
FID,2,1809,6784,1,1,1
FID,2,1820,6795,1,1,1
FID,2,1821,6796,1,1,1
FID,2,1824,6799,1,1,1
FID,2,1838,6813,1,1,1
FID,2,1847,6822,1,1,1
FID,2,1848,6823,1,1,1
FID,2,1852,6827,1,1,1
FID,2,1863,6838,1,1,1
FID,2,1865,6840,1,1,1
FID,2,1866,6841,1,1,1
FID,2,1911,6886,1,1,1
FID,2,1913,6888,1,1,1
FID,2,1917,6892,1,1,1
FID,2,1942,6917,1,1,1
FID,2,1955,6930,1,1,1
FID,2,1970,6945,1,1,1
FID,2,1978,6953,1,1,1
FID,2,1989,6964,1,1,1
FID,2,1991,6966,1,1,1
FID,2,2016,6991,1,1,1
FID,2,2057,7032,1,1,1
FID,2,2064,7039,1,1,1
FID,2,2074,7049,1,1,1
FID,2,2076,7051,1,1,1
FID,2,2080,7055,1,1,1
FID,2,2082,7057,1,1,1
FID,2,2094,7069,1,1,1
FID,2,2100,7075,1,1,1
FID,2,2104,7079,1,1,1
FID,2,2121,7096,1,1,1
FID,2,2147,7122,1,1,1
FID,2,2148,7123,1,1,1
FID,2,2152,7127,1,1,1
FID,2,2165,7140,1,1,1
FID,2,2166,7141,1,1,1
FID,2,2175,7150,1,1,1
FID,2,2179,7154,1,1,1
FID,2,2182,7157,1,1,1
FID,2,2189,7164,1,1,1
FID,2,2192,7167,1,1,1
FID,2,2204,7179,1,1,1
FID,2,2212,7187,1,1,1
FID,2,2214,7189,1,1,1
FID,2,2219,7194,1,1,1
FID,2,2221,7196,1,1,1
FID,2,2229,7204,1,1,1
FID,2,2256,7231,1,1,1
FID,2,2278,7253,1,1,1
FID,2,2279,7254,1,1,1
FID,2,2293,7268,1,1,1
FID,2,2300,7275,1,1,1
FID,2,2329,7304,1,1,1
FID,2,2348,7323,1,1,1
FID,2,2368,7343,1,1,1
FID,2,2372,7347,1,1,1
FID,2,2377,7352,1,1,1
FID,2,2385,7360,1,1,1
FID,2,2436,7411,1,1,1
FID,2,2440,7415,1,0,0
FID,2,2461,7436,1,1,1
FID,2,2464,7439,1,1,1
FID,2,2467,7442,1,0,0
FID,2,2471,7446,1,1,1
FID,2,2474,7449,1,1,1
FID,2,2483,7458,1,1,1
FID,2,2486,7461,1,1,1
FID,2,2501,7476,1,1,1
FID,2,2506,7481,1,1,1
FID,2,2517,7492,1,1,1
FID,2,2523,7498,1,1,1
FID,2,2539,7514,1,1,1
FID,2,2549,7524,1,1,1
FID,2,2586,7561,1,1,1
FID,2,2592,7567,1,1,1
FID,2,2601,7576,1,1,1
FID,2,2606,7581,1,1,1
FID,2,2608,7583,1,1,1
FID,2,2616,7591,1,1,1
FID,2,2622,7597,1,1,1
FID,2,2636,7611,1,1,1
FID,2,2642,7617,1,1,1
FID,2,2645,7620,1,1,1
FID,2,2667,7642,1,1,1
FID,2,2669,7644,1,1,1
FID,2,2670,7645,1,1,1
FID,2,2680,7655,1,1,1
FID,2,2686,7661,1,1,1
FID,2,2687,7662,1,1,1
FID,2,2689,7664,1,1,1
FID,2,2702,7677,1,1,1
FID,2,2719,7694,1,1,1
FID,2,2724,7699,1,1,1
FID,2,2734,7709,1,1,1
FID,2,2738,7713,1,1,1
FID,2,2743,7718,1,1,1
FID,2,2753,7728,1,1,1
FID,2,2757,7732,1,1,1
FID,2,2761,7736,1,1,1
FID,2,2799,7774,1,1,1
FID,2,2800,7775,1,1,1
FID,2,2810,7785,1,1,1
FID,2,2847,7822,1,1,1
FID,2,2856,7831,1,1,1
FID,2,2871,7846,1,1,1
FID,2,2878,7853,1,1,1
FID,2,2887,7862,1,1,1
FID,2,2888,7863,1,1,1
FID,2,2906,7881,1,1,1
FID,2,2911,7886,1,1,1
FID,2,2923,7898,1,1,1
FID,2,2926,7901,1,1,1
FID,2,2928,7903,1,1,1
FID,2,2935,7910,1,1,1
FID,2,2939,7914,1,1,1
FID,2,2949,7924,1,1,1
FID,2,2959,7934,1,1,1
FID,2,2963,7938,1,1,1
FID,2,2973,7948,1,1,1
FID,2,2989,7964,1,1,1
FID,2,2992,7967,1,1,1
FID,2,2999,7974,1,1,1
FID,2,3001,7976,1,1,1
FID,2,3014,7989,1,1,1
FID,2,3016,7991,1,1,1
FID,2,3021,7996,1,1,1
FID,2,3040,8015,1,1,1
FID,2,3044,8019,1,1,1
FID,2,3047,8022,1,1,1
FID,2,3049,8024,1,1,1
FID,2,3052,8027,1,1,1
FID,2,3058,8033,1,1,1
FID,2,3076,8051,1,1,1
FID,2,3098,8073,1,1,1
FID,2,3100,8075,1,1,1
FID,2,3102,8077,1,1,1
FID,2,3127,8102,1,1,1
FID,2,3132,8107,1,1,1
FID,2,3137,8112,1,1,1
FID,2,3155,8130,1,1,1
FID,2,3177,8152,0,0,1
FID,2,3187,8162,0,0,1
FID,2,3188,8163,0,0,1
FID,2,3191,8166,0,0,1
FID,2,3193,8168,0,0,1
FID,2,3230,8205,0,0,1
FID,2,3233,8208,0,0,1
FID,2,3237,8212,0,0,1
FID,2,3246,8221,0,0,1
FID,2,3260,8235,0,0,1
FID,2,3264,8239,0,0,1
FID,2,3271,8246,0,1,0
FID,2,3285,8260,0,0,1
FID,2,3319,8294,0,0,1
FID,2,3322,8297,0,0,1
FID,2,3344,8319,0,0,1
FID,2,3347,8322,0,0,1
FID,2,3352,8327,0,0,1
FID,2,3355,8330,0,0,1
FID,2,3375,8350,0,0,1
FID,2,3384,8359,0,0,1
FID,2,3395,8370,0,0,1
FID,2,3415,8390,0,0,1
FID,2,3432,8407,0,0,1
FID,2,3436,8411,0,0,1
FID,2,3449,8424,0,0,1
FID,2,3456,8431,0,0,1
FID,2,3497,8472,0,0,1
FID,2,3505,8480,0,0,1
FID,2,3508,8483,0,0,1
FID,2,3509,8484,0,0,1
FID,2,3514,8489,0,0,1
FID,2,3516,8491,0,0,1
FID,2,3521,8496,0,0,1
FID,2,3534,8509,0,0,1
FID,2,3540,8515,0,0,1
FID,2,3547,8522,0,0,1
FID,2,3561,8536,0,0,1
FID,2,3577,8552,0,1,0
FID,2,3579,8554,0,1,0
FID,2,3593,8568,0,1,0
FID,2,3594,8569,0,0,1
FID,2,3614,8589,0,0,1
FID,2,3615,8590,0,0,1
FID,2,3636,8611,0,0,1
FID,2,3641,8616,0,0,1
FID,2,3648,8623,0,0,1
FID,2,3696,8671,0,0,1
FID,2,3697,8672,0,0,1
FID,2,3706,8681,0,0,1
FID,2,3708,8683,0,0,1
FID,2,3714,8689,0,0,1
FID,2,3720,8695,0,0,1
FID,2,3722,8697,0,0,1
FID,2,3723,8698,0,0,1
FID,2,3733,8708,0,0,1
FID,2,3750,8725,0,0,1
FID,2,3760,8735,0,0,1
FID,2,3762,8737,0,0,1
FID,2,3773,8748,0,0,1
FID,2,3779,8754,0,0,1
FID,2,3810,8785,0,0,1
FID,2,3822,8797,0,1,0
FID,2,3838,8813,0,0,1
FID,2,3848,8823,0,0,1
FID,2,3853,8828,0,0,1
FID,2,3859,8834,0,0,1
FID,2,3885,8860,0,0,1
FID,2,3886,8861,0,0,1
FID,2,3913,8888,0,0,1
FID,2,3928,8903,0,0,1
FID,2,3934,8909,0,0,1
FID,2,3943,8918,0,0,1
FID,2,3946,8921,0,0,1
FID,2,3947,8922,0,0,1
FID,2,3948,8923,0,0,1
FID,2,3962,8937,0,0,1
FID,2,3968,8943,0,0,1
FID,2,3987,8962,0,0,1
FID,2,3998,8973,0,0,1
FID,2,4008,8983,0,0,1
FID,2,4023,8998,0,0,1
FID,2,4054,9029,0,0,1
FID,2,4063,9038,0,0,1
FID,2,4088,9063,0,0,1
FID,2,4111,9086,0,0,1
FID,2,4113,9088,0,0,1
FID,2,4117,9092,0,0,1
FID,2,4118,9093,0,0,1
FID,2,4125,9100,0,0,1
FID,2,4140,9115,0,0,1
FID,2,4152,9127,0,0,1
FID,2,4157,9132,0,0,1
FID,2,4159,9134,0,0,1
FID,2,4174,9149,0,0,1
FID,2,4175,9150,0,0,1
FID,2,4181,9156,0,0,1
FID,2,4219,9194,0,0,1
FID,2,4241,9216,0,0,1
FID,2,4248,9223,0,0,1
FID,2,4251,9226,0,0,1
FID,2,4258,9233,0,0,1
FID,2,4260,9235,0,1,0
FID,2,4262,9237,0,0,1
FID,2,4269,9244,0,0,1
FID,2,4283,9258,0,0,1
FID,2,4284,9259,0,0,1
FID,2,4289,9264,0,0,1
FID,2,4300,9275,0,0,1
FID,2,4304,9279,0,0,1
FID,2,4307,9282,0,0,1
FID,2,4322,9297,0,0,1
FID,2,4329,9304,0,0,1
FID,2,4333,9308,0,0,1
FID,2,4350,9325,0,0,1
FID,2,4362,9337,0,0,1
FID,2,4373,9348,0,0,1
FID,2,4378,9353,0,0,1
FID,2,4385,9360,0,0,1
FID,2,4397,9372,0,0,1
FID,2,4400,9375,0,0,1
FID,2,4411,9386,0,0,1
FID,2,4425,9400,0,0,1
FID,2,4426,9401,0,0,1
FID,2,4430,9405,0,0,1
FID,2,4434,9409,0,0,1
FID,2,4440,9415,0,0,1
FID,2,4445,9420,0,0,1
FID,2,4447,9422,0,0,1
FID,2,4459,9434,0,0,1
FID,2,4465,9440,0,0,1
FID,2,4466,9441,0,0,1
FID,2,4488,9463,0,0,1
FID,2,4509,9484,0,0,1
FID,2,4517,9492,0,0,1
FID,2,4524,9499,0,0,1
FID,2,4551,9526,0,0,1
FID,2,4562,9537,0,0,1
FID,2,4572,9547,0,0,1
FID,2,4573,9548,0,0,1
FID,2,4584,9559,0,0,1
FID,2,4585,9560,0,0,1
FID,2,4603,9578,0,0,1
FID,2,4609,9584,0,0,1
FID,2,4634,9609,0,0,1
FID,2,4635,9610,0,0,1
FID,2,4636,9611,0,1,0
FID,2,4641,9616,0,0,1
FID,2,4651,9626,0,0,1
FID,3,1333,6308,1,1,1
FID,3,1334,6309,1,1,1
FID,3,1341,6316,1,1,1
FID,3,1342,6317,1,1,1
FID,3,1356,6331,1,1,1
FID,3,1375,6350,1,1,1
FID,3,1378,6353,1,1,1
FID,3,1381,6356,1,1,1
FID,3,1383,6358,1,1,1
FID,3,1384,6359,1,1,1
FID,3,1395,6370,1,1,1
FID,3,1400,6375,1,1,1
FID,3,1404,6379,1,1,1
FID,3,1405,6380,1,1,1
FID,3,1407,6382,1,1,1
FID,3,1413,6388,1,1,1
FID,3,1424,6399,1,1,1
FID,3,1437,6412,1,1,1
FID,3,1444,6419,1,1,1
FID,3,1455,6430,1,1,1
FID,3,1457,6432,1,1,1
FID,3,1464,6439,1,1,1
FID,3,1476,6451,1,1,1
FID,3,1535,6510,1,1,1
FID,3,1537,6512,1,1,1
FID,3,1542,6517,1,1,1
FID,3,1552,6527,1,1,1
FID,3,1571,6546,1,1,1
FID,3,1577,6552,1,1,1
FID,3,1580,6555,1,1,1
FID,3,1588,6563,1,1,1
FID,3,1595,6570,1,1,1
FID,3,1613,6588,1,1,1
FID,3,1617,6592,1,1,1
FID,3,1618,6593,1,1,1
FID,3,1631,6606,1,1,1
FID,3,1663,6638,1,1,1
FID,3,1687,6662,1,1,1
FID,3,1691,6666,1,1,1
FID,3,1709,6684,1,1,1
FID,3,1777,6752,1,1,1
FID,3,1786,6761,1,1,1
FID,3,1801,6776,1,1,1
FID,3,1806,6781,1,1,1
FID,3,1825,6800,1,1,1
FID,3,1833,6808,1,1,1
FID,3,1837,6812,1,1,1
FID,3,1874,6849,1,1,1
FID,3,1883,6858,1,1,1
FID,3,1885,6860,1,1,1
FID,3,1894,6869,1,1,1
FID,3,1901,6876,1,1,1
FID,3,1908,6883,1,1,1
FID,3,1922,6897,1,0,0
FID,3,1927,6902,1,1,1
FID,3,1932,6907,1,1,1
FID,3,1941,6916,1,0,0
FID,3,1945,6920,1,0,0
FID,3,1949,6924,1,1,1
FID,3,1951,6926,1,1,1
FID,3,1964,6939,1,1,1
FID,3,2005,6980,1,1,1
FID,3,2019,6994,1,1,1
FID,3,2029,7004,1,1,1
FID,3,2031,7006,1,1,1
FID,3,2051,7026,1,1,1
FID,3,2065,7040,1,1,1
FID,3,2093,7068,1,1,1
FID,3,2106,7081,1,1,1
FID,3,2109,7084,1,1,1
FID,3,2110,7085,1,1,1
FID,3,2120,7095,1,1,1
FID,3,2124,7099,1,1,1
FID,3,2144,7119,1,1,1
FID,3,2159,7134,1,1,1
FID,3,2162,7137,1,1,1
FID,3,2169,7144,1,1,1
FID,3,2177,7152,1,1,1
FID,3,2195,7170,1,1,1
FID,3,2202,7177,1,1,1
FID,3,2206,7181,1,1,1
FID,3,2222,7197,1,1,1
FID,3,2234,7209,1,1,1
FID,3,2241,7216,1,1,1
FID,3,2248,7223,1,1,1
FID,3,2253,7228,1,1,1
FID,3,2262,7237,1,1,1
FID,3,2266,7241,1,1,1
FID,3,2286,7261,1,1,1
FID,3,2298,7273,1,1,1
FID,3,2302,7277,1,1,1
FID,3,2316,7291,1,1,1
FID,3,2337,7312,1,1,1
FID,3,2338,7313,1,1,1
FID,3,2350,7325,1,0,0
FID,3,2355,7330,1,0,0
FID,3,2374,7349,1,1,1
FID,3,2382,7357,1,1,1
FID,3,2394,7369,1,1,1
FID,3,2404,7379,1,1,1
FID,3,2408,7383,1,1,1
FID,3,2416,7391,1,1,1
FID,3,2427,7402,1,1,1
FID,3,2429,7404,1,1,1
FID,3,2439,7414,1,1,1
FID,3,2446,7421,1,1,1
FID,3,2460,7435,1,1,1
FID,3,2463,7438,1,1,1
FID,3,2478,7453,1,0,0
FID,3,2487,7462,1,1,1
FID,3,2494,7469,1,1,1
FID,3,2498,7473,1,1,1
FID,3,2514,7489,1,1,1
FID,3,2530,7505,1,1,1
FID,3,2548,7523,1,1,1
FID,3,2558,7533,1,1,1
FID,3,2560,7535,1,1,1
FID,3,2566,7541,1,1,1
FID,3,2577,7552,1,1,1
FID,3,2610,7585,1,1,1
FID,3,2611,7586,1,1,1
FID,3,2613,7588,1,1,1
FID,3,2618,7593,1,1,1
FID,3,2624,7599,1,1,1
FID,3,2625,7600,1,1,1
FID,3,2627,7602,1,1,1
FID,3,2628,7603,1,1,1
FID,3,2644,7619,1,1,1
FID,3,2653,7628,1,0,0
FID,3,2676,7651,1,1,1
FID,3,2682,7657,1,1,1
FID,3,2688,7663,1,1,1
FID,3,2694,7669,1,1,1
FID,3,2699,7674,1,1,1
FID,3,2712,7687,1,1,1
FID,3,2725,7700,1,1,1
FID,3,2736,7711,1,1,1
FID,3,2737,7712,1,1,1
FID,3,2750,7725,1,1,1
FID,3,2760,7735,1,1,1
FID,3,2764,7739,1,1,1
FID,3,2801,7776,1,1,1
FID,3,2802,7777,1,1,1
FID,3,2803,7778,1,1,1
FID,3,2804,7779,1,1,1
FID,3,2807,7782,1,1,1
FID,3,2815,7790,1,1,1
FID,3,2823,7798,1,1,1
FID,3,2827,7802,1,1,1
FID,3,2830,7805,1,1,1
FID,3,2833,7808,1,1,1
FID,3,2835,7810,1,1,1
FID,3,2842,7817,1,1,1
FID,3,2853,7828,1,1,1
FID,3,2860,7835,1,1,1
FID,3,2861,7836,1,1,1
FID,3,2874,7849,1,1,1
FID,3,2875,7850,1,1,1
FID,3,2886,7861,1,1,1
FID,3,2902,7877,1,1,1
FID,3,2913,7888,1,1,1
FID,3,2938,7913,1,1,1
FID,3,2953,7928,1,1,1
FID,3,2957,7932,1,1,1
FID,3,2977,7952,1,1,1
FID,3,2998,7973,1,1,1
FID,3,3018,7993,1,1,1
FID,3,3026,8001,1,1,1
FID,3,3027,8002,1,1,1
FID,3,3033,8008,1,1,1
FID,3,3039,8014,1,1,1
FID,3,3053,8028,1,1,1
FID,3,3061,8036,1,1,1
FID,3,3065,8040,1,1,1
FID,3,3066,8041,1,1,1
FID,3,3082,8057,1,1,1
FID,3,3086,8061,1,1,1
FID,3,3088,8063,1,1,1
FID,3,3089,8064,1,1,1
FID,3,3090,8065,1,1,1
FID,3,3104,8079,1,1,1
FID,3,3117,8092,1,1,1
FID,3,3119,8094,1,1,1
FID,3,3143,8118,1,1,1
FID,3,3149,8124,1,1,1
FID,3,3169,8144,0,0,1
FID,3,3200,8175,0,0,1
FID,3,3226,8201,0,0,1
FID,3,3227,8202,0,0,1
FID,3,3235,8210,0,0,1
FID,3,3265,8240,0,0,1
FID,3,3275,8250,0,0,1
FID,3,3277,8252,0,0,1
FID,3,3306,8281,0,0,1
FID,3,3313,8288,0,0,1
FID,3,3328,8303,0,0,1
FID,3,3337,8312,0,0,1
FID,3,3353,8328,0,0,1
FID,3,3356,8331,0,0,1
FID,3,3357,8332,0,0,1
FID,3,3377,8352,0,0,1
FID,3,3386,8361,0,0,1
FID,3,3388,8363,0,0,1
FID,3,3398,8373,0,0,1
FID,3,3404,8379,0,0,1
FID,3,3439,8414,0,0,1
FID,3,3448,8423,0,0,1
FID,3,3453,8428,0,0,1
FID,3,3463,8438,0,0,1
FID,3,3465,8440,0,0,1
FID,3,3470,8445,0,0,1
FID,3,3479,8454,0,0,1
FID,3,3481,8456,0,0,1
FID,3,3482,8457,0,0,1
FID,3,3493,8468,0,0,1
FID,3,3498,8473,0,0,1
FID,3,3502,8477,0,0,1
FID,3,3503,8478,0,0,1
FID,3,3513,8488,0,0,1
FID,3,3520,8495,0,0,1
FID,3,3531,8506,0,0,1
FID,3,3545,8520,0,0,1
FID,3,3572,8547,0,0,1
FID,3,3576,8551,0,0,1
FID,3,3580,8555,0,0,1
FID,3,3590,8565,0,0,1
FID,3,3609,8584,0,0,1
FID,3,3611,8586,0,0,1
FID,3,3621,8596,0,0,1
FID,3,3627,8602,0,0,1
FID,3,3630,8605,0,0,1
FID,3,3639,8614,0,0,1
FID,3,3652,8627,0,0,1
FID,3,3653,8628,0,0,1
FID,3,3654,8629,0,0,1
FID,3,3657,8632,0,0,1
FID,3,3664,8639,0,0,1
FID,3,3687,8662,0,0,1
FID,3,3699,8674,0,0,1
FID,3,3703,8678,0,0,1
FID,3,3721,8696,0,0,1
FID,3,3726,8701,0,0,1
FID,3,3727,8702,0,0,1
FID,3,3740,8715,0,0,1
FID,3,3747,8722,0,0,1
FID,3,3749,8724,0,0,1
FID,3,3753,8728,0,0,1
FID,3,3771,8746,0,0,1
FID,3,3786,8761,0,0,1
FID,3,3801,8776,0,0,1
FID,3,3808,8783,0,0,1
FID,3,3815,8790,0,0,1
FID,3,3816,8791,0,0,1
FID,3,3828,8803,0,0,1
FID,3,3836,8811,0,0,1
FID,3,3845,8820,0,0,1
FID,3,3857,8832,0,0,1
FID,3,3864,8839,0,0,1
FID,3,3872,8847,0,1,0
FID,3,3876,8851,0,1,0
FID,3,3895,8870,0,0,1
FID,3,3898,8873,0,0,1
FID,3,3963,8938,0,0,1
FID,3,3990,8965,0,0,1
FID,3,3991,8966,0,0,1
FID,3,3995,8970,0,0,1
FID,3,3996,8971,0,0,1
FID,3,4010,8985,0,0,1
FID,3,4020,8995,0,0,1
FID,3,4021,8996,0,0,1
FID,3,4049,9024,0,0,1
FID,3,4056,9031,0,0,1
FID,3,4057,9032,0,0,1
FID,3,4060,9035,0,0,1
FID,3,4082,9057,0,0,1
FID,3,4091,9066,0,0,1
FID,3,4096,9071,0,0,1
FID,3,4112,9087,0,0,1
FID,3,4116,9091,0,0,1
FID,3,4121,9096,0,0,1
FID,3,4135,9110,0,0,1
FID,3,4137,9112,0,0,1
FID,3,4144,9119,0,0,1
FID,3,4155,9130,0,0,1
FID,3,4161,9136,0,0,1
FID,3,4173,9148,0,0,1
FID,3,4177,9152,0,0,1
FID,3,4179,9154,0,0,1
FID,3,4197,9172,0,0,1
FID,3,4208,9183,0,0,1
FID,3,4213,9188,0,0,1
FID,3,4220,9195,0,0,1
FID,3,4231,9206,0,0,1
FID,3,4234,9209,0,0,1
FID,3,4236,9211,0,0,1
FID,3,4237,9212,0,0,1
FID,3,4245,9220,0,0,1
FID,3,4250,9225,0,0,1
FID,3,4273,9248,0,0,1
FID,3,4293,9268,0,0,1
FID,3,4312,9287,0,0,1
FID,3,4319,9294,0,0,1
FID,3,4323,9298,0,0,1
FID,3,4355,9330,0,0,1
FID,3,4366,9341,0,0,1
FID,3,4382,9357,0,0,1
FID,3,4386,9361,0,0,1
FID,3,4415,9390,0,0,1
FID,3,4423,9398,0,0,1
FID,3,4452,9427,0,0,1
FID,3,4460,9435,0,0,1
FID,3,4461,9436,0,0,1
FID,3,4463,9438,0,0,1
FID,3,4464,9439,0,0,1
FID,3,4468,9443,0,0,1
FID,3,4480,9455,0,0,1
FID,3,4493,9468,0,0,1
FID,3,4500,9475,0,0,1
FID,3,4502,9477,0,0,1
FID,3,4506,9481,0,0,1
FID,3,4508,9483,0,0,1
FID,3,4510,9485,0,0,1
FID,3,4527,9502,0,0,1
FID,3,4528,9503,0,0,1
FID,3,4532,9507,0,0,1
FID,3,4534,9509,0,0,1
FID,3,4536,9511,0,0,1
FID,3,4563,9538,0,0,1
FID,3,4600,9575,0,0,1
FID,3,4604,9579,0,0,1
FID,3,4605,9580,0,0,1
FID,3,4607,9582,0,0,1
FID,3,4626,9601,0,0,1
FID,3,4637,9612,0,0,1
FID,4,1329,6304,1,1,1
FID,4,1345,6320,1,1,1
FID,4,1349,6324,1,1,1
FID,4,1361,6336,1,1,1
FID,4,1364,6339,1,1,1
FID,4,1365,6340,1,1,1
FID,4,1411,6386,1,1,1
FID,4,1427,6402,1,1,1
FID,4,1428,6403,1,1,1
FID,4,1439,6414,1,1,1
FID,4,1470,6445,1,1,1
FID,4,1480,6455,1,1,1
FID,4,1481,6456,1,1,1
FID,4,1483,6458,1,1,1
FID,4,1494,6469,1,1,1
FID,4,1495,6470,1,1,1
FID,4,1511,6486,1,1,1
FID,4,1516,6491,1,1,1
FID,4,1532,6507,1,1,1
FID,4,1543,6518,1,1,1
FID,4,1563,6538,1,1,1
FID,4,1589,6564,1,1,1
FID,4,1612,6587,1,1,1
FID,4,1646,6621,1,1,1
FID,4,1648,6623,1,1,1
FID,4,1660,6635,1,1,1
FID,4,1667,6642,1,1,1
FID,4,1674,6649,1,1,1
FID,4,1711,6686,1,1,1
FID,4,1715,6690,1,1,1
FID,4,1716,6691,1,1,1
FID,4,1719,6694,1,1,1
FID,4,1720,6695,1,1,1
FID,4,1729,6704,1,1,1
FID,4,1740,6715,1,1,1
FID,4,1746,6721,1,1,1
FID,4,1747,6722,1,1,1
FID,4,1756,6731,1,1,1
FID,4,1761,6736,1,0,0
FID,4,1795,6770,1,1,1
FID,4,1797,6772,1,1,1
FID,4,1807,6782,1,1,1
FID,4,1811,6786,1,1,1
FID,4,1812,6787,1,1,1
FID,4,1819,6794,1,1,1
FID,4,1829,6804,1,1,1
FID,4,1846,6821,1,0,0
FID,4,1862,6837,1,1,1
FID,4,1875,6850,1,1,1
FID,4,1897,6872,1,1,1
FID,4,1914,6889,1,1,1
FID,4,1919,6894,1,1,1
FID,4,1921,6896,1,1,1
FID,4,1948,6923,1,1,1
FID,4,1975,6950,1,1,1
FID,4,1980,6955,1,1,1
FID,4,1981,6956,1,1,1
FID,4,1984,6959,1,1,1
FID,4,2025,7000,1,1,1
FID,4,2034,7009,1,1,1
FID,4,2037,7012,1,1,1
FID,4,2043,7018,1,1,1
FID,4,2047,7022,1,1,1
FID,4,2052,7027,1,1,1
FID,4,2056,7031,1,0,0
FID,4,2062,7037,1,1,1
FID,4,2075,7050,1,0,0
FID,4,2084,7059,1,1,1
FID,4,2087,7062,1,1,1
FID,4,2089,7064,1,1,1
FID,4,2115,7090,1,1,1
FID,4,2117,7092,1,0,0
FID,4,2135,7110,1,1,1
FID,4,2139,7114,1,1,1
FID,4,2149,7124,1,1,1
FID,4,2155,7130,1,1,1
FID,4,2164,7139,1,1,1
FID,4,2173,7148,1,1,1
FID,4,2191,7166,1,1,1
FID,4,2194,7169,1,1,1
FID,4,2196,7171,1,1,1
FID,4,2198,7173,1,1,1
FID,4,2207,7182,1,1,1
FID,4,2208,7183,1,1,1
FID,4,2228,7203,1,1,1
FID,4,2231,7206,1,1,1
FID,4,2240,7215,1,1,1
FID,4,2269,7244,1,1,1
FID,4,2271,7246,1,1,1
FID,4,2272,7247,1,1,1
FID,4,2273,7248,1,1,1
FID,4,2292,7267,1,1,1
FID,4,2305,7280,1,1,1
FID,4,2308,7283,1,1,1
FID,4,2310,7285,1,1,1
FID,4,2322,7297,1,1,1
FID,4,2332,7307,1,1,1
FID,4,2360,7335,1,1,1
FID,4,2364,7339,1,1,1
FID,4,2375,7350,1,1,1
FID,4,2379,7354,1,1,1
FID,4,2381,7356,1,1,1
FID,4,2395,7370,1,1,1
FID,4,2397,7372,1,1,1
FID,4,2399,7374,1,1,1
FID,4,2400,7375,1,1,1
FID,4,2405,7380,1,0,0
FID,4,2415,7390,1,1,1
FID,4,2424,7399,1,1,1
FID,4,2431,7406,1,1,1
FID,4,2450,7425,1,1,1
FID,4,2457,7432,1,1,1
FID,4,2458,7433,1,1,1
FID,4,2465,7440,1,1,1
FID,4,2493,7468,1,1,1
FID,4,2503,7478,1,1,1
FID,4,2520,7495,1,1,1
FID,4,2521,7496,1,1,1
FID,4,2526,7501,1,1,1
FID,4,2545,7520,1,1,1
FID,4,2551,7526,1,1,1
FID,4,2554,7529,1,1,1
FID,4,2562,7537,1,1,1
FID,4,2564,7539,1,1,1
FID,4,2568,7543,1,1,1
FID,4,2578,7553,1,1,1
FID,4,2585,7560,1,1,1
FID,4,2597,7572,1,0,0
FID,4,2607,7582,1,1,1
FID,4,2619,7594,1,1,1
FID,4,2643,7618,1,1,1
FID,4,2652,7627,1,1,1
FID,4,2656,7631,1,1,1
FID,4,2662,7637,1,1,1
FID,4,2671,7646,1,1,1
FID,4,2703,7678,1,1,1
FID,4,2705,7680,1,1,1
FID,4,2708,7683,1,1,1
FID,4,2710,7685,1,1,1
FID,4,2720,7695,1,1,1
FID,4,2722,7697,1,1,1
FID,4,2729,7704,1,1,1
FID,4,2740,7715,1,1,1
FID,4,2748,7723,1,1,1
FID,4,2756,7731,1,1,1
FID,4,2763,7738,1,1,1
FID,4,2777,7752,1,1,1
FID,4,2829,7804,1,1,1
FID,4,2831,7806,1,1,1
FID,4,2844,7819,1,1,1
FID,4,2858,7833,1,1,1
FID,4,2869,7844,1,0,0
FID,4,2870,7845,1,1,1
FID,4,2872,7847,1,1,1
FID,4,2877,7852,1,1,1
FID,4,2885,7860,1,1,1
FID,4,2892,7867,1,1,1
FID,4,2896,7871,1,1,1
FID,4,2904,7879,1,1,1
FID,4,2908,7883,1,1,1
FID,4,2927,7902,1,1,1
FID,4,2942,7917,1,1,1
FID,4,2945,7920,1,1,1
FID,4,2946,7921,1,1,1
FID,4,2947,7922,1,1,1
FID,4,2948,7923,1,1,1
FID,4,2955,7930,1,1,1
FID,4,2970,7945,1,1,1
FID,4,2975,7950,1,1,1
FID,4,2985,7960,1,1,1
FID,4,2987,7962,1,1,1
FID,4,3004,7979,1,1,1
FID,4,3006,7981,1,1,1
FID,4,3008,7983,1,1,1
FID,4,3011,7986,1,1,1
FID,4,3013,7988,1,1,1
FID,4,3020,7995,1,1,1
FID,4,3051,8026,1,1,1
FID,4,3054,8029,1,1,1
FID,4,3094,8069,1,1,1
FID,4,3107,8082,1,1,1
FID,4,3146,8121,1,1,1
FID,4,3154,8129,1,1,1
FID,4,3158,8133,1,1,1
FID,4,3164,8139,1,1,1
FID,4,3171,8146,0,0,1
FID,4,3201,8176,0,0,1
FID,4,3202,8177,0,0,1
FID,4,3206,8181,0,0,1
FID,4,3229,8204,0,0,1
FID,4,3245,8220,0,0,1
FID,4,3247,8222,0,0,1
FID,4,3248,8223,0,0,1
FID,4,3255,8230,0,0,1
FID,4,3256,8231,0,0,1
FID,4,3269,8244,0,0,1
FID,4,3276,8251,0,0,1
FID,4,3278,8253,0,0,1
FID,4,3281,8256,0,1,0
FID,4,3284,8259,0,0,1
FID,4,3293,8268,0,0,1
FID,4,3294,8269,0,0,1
FID,4,3295,8270,0,0,1
FID,4,3296,8271,0,0,1
FID,4,3298,8273,0,0,1
FID,4,3310,8285,0,0,1
FID,4,3316,8291,0,0,1
FID,4,3323,8298,0,0,1
FID,4,3334,8309,0,0,1
FID,4,3342,8317,0,0,1
FID,4,3359,8334,0,0,1
FID,4,3372,8347,0,0,1
FID,4,3373,8348,0,0,1
FID,4,3374,8349,0,0,1
FID,4,3387,8362,0,0,1
FID,4,3389,8364,0,0,1
FID,4,3402,8377,0,0,1
FID,4,3414,8389,0,0,1
FID,4,3430,8405,0,0,1
FID,4,3431,8406,0,0,1
FID,4,3441,8416,0,0,1
FID,4,3451,8426,0,0,1
FID,4,3452,8427,0,0,1
FID,4,3454,8429,0,0,1
FID,4,3457,8432,0,0,1
FID,4,3476,8451,0,0,1
FID,4,3500,8475,0,0,1
FID,4,3501,8476,0,0,1
FID,4,3504,8479,0,0,1
FID,4,3523,8498,0,0,1
FID,4,3529,8504,0,0,1
FID,4,3533,8508,0,0,1
FID,4,3536,8511,0,0,1
FID,4,3538,8513,0,0,1
FID,4,3553,8528,0,0,1
FID,4,3554,8529,0,0,1
FID,4,3573,8548,0,0,1
FID,4,3582,8557,0,0,1
FID,4,3587,8562,0,0,1
FID,4,3607,8582,0,0,1
FID,4,3620,8595,0,1,0
FID,4,3622,8597,0,0,1
FID,4,3632,8607,0,0,1
FID,4,3640,8615,0,0,1
FID,4,3663,8638,0,0,1
FID,4,3665,8640,0,0,1
FID,4,3679,8654,0,0,1
FID,4,3686,8661,0,0,1
FID,4,3710,8685,0,0,1
FID,4,3712,8687,0,0,1
FID,4,3715,8690,0,0,1
FID,4,3716,8691,0,0,1
FID,4,3729,8704,0,0,1
FID,4,3744,8719,0,0,1
FID,4,3748,8723,0,0,1
FID,4,3754,8729,0,0,1
FID,4,3756,8731,0,0,1
FID,4,3788,8763,0,0,1
FID,4,3812,8787,0,0,1
FID,4,3813,8788,0,0,1
FID,4,3824,8799,0,0,1
FID,4,3831,8806,0,0,1
FID,4,3840,8815,0,0,1
FID,4,3863,8838,0,0,1
FID,4,3873,8848,0,0,1
FID,4,3875,8850,0,0,1
FID,4,3884,8859,0,0,1
FID,4,3890,8865,0,0,1
FID,4,3901,8876,0,0,1
FID,4,3907,8882,0,0,1
FID,4,3951,8926,0,0,1
FID,4,3965,8940,0,0,1
FID,4,4015,8990,0,0,1
FID,4,4041,9016,0,0,1
FID,4,4047,9022,0,0,1
FID,4,4064,9039,0,0,1
FID,4,4067,9042,0,0,1
FID,4,4094,9069,0,0,1
FID,4,4123,9098,0,0,1
FID,4,4132,9107,0,0,1
FID,4,4134,9109,0,0,1
FID,4,4136,9111,0,0,1
FID,4,4163,9138,0,0,1
FID,4,4169,9144,0,0,1
FID,4,4180,9155,0,0,1
FID,4,4200,9175,0,0,1
FID,4,4205,9180,0,0,1
FID,4,4225,9200,0,0,1
FID,4,4240,9215,0,0,1
FID,4,4252,9227,0,0,1
FID,4,4254,9229,0,0,1
FID,4,4265,9240,0,1,0
FID,4,4275,9250,0,0,1
FID,4,4281,9256,0,0,1
FID,4,4286,9261,0,0,1
FID,4,4296,9271,0,0,1
FID,4,4299,9274,0,0,1
FID,4,4301,9276,0,0,1
FID,4,4309,9284,0,0,1
FID,4,4310,9285,0,0,1
FID,4,4314,9289,0,0,1
FID,4,4315,9290,0,0,1
FID,4,4320,9295,0,0,1
FID,4,4331,9306,0,0,1
FID,4,4344,9319,0,0,1
FID,4,4351,9326,0,0,1
FID,4,4358,9333,0,0,1
FID,4,4363,9338,0,0,1
FID,4,4390,9365,0,0,1
FID,4,4394,9369,0,0,1
FID,4,4396,9371,0,0,1
FID,4,4404,9379,0,0,1
FID,4,4410,9385,0,0,1
FID,4,4414,9389,0,0,1
FID,4,4431,9406,0,0,1
FID,4,4433,9408,0,0,1
FID,4,4438,9413,0,0,1
FID,4,4458,9433,0,0,1
FID,4,4473,9448,0,0,1
FID,4,4475,9450,0,0,1
FID,4,4491,9466,0,0,1
FID,4,4512,9487,0,0,1
FID,4,4538,9513,0,0,1
FID,4,4545,9520,0,0,1
FID,4,4555,9530,0,0,1
FID,4,4557,9532,0,0,1
FID,4,4564,9539,0,0,1
FID,4,4567,9542,0,0,1
FID,4,4578,9553,0,0,1
FID,4,4587,9562,0,0,1
FID,4,4597,9572,0,0,1
FID,4,4612,9587,0,0,1
FID,4,4614,9589,0,0,1
FID,4,4633,9608,0,0,1
FID,5,1318,6293,1,0,0
FID,5,1325,6300,1,1,1
FID,5,1344,6319,1,1,1
FID,5,1368,6343,1,1,1
FID,5,1369,6344,1,1,1
FID,5,1377,6352,1,1,1
FID,5,1380,6355,1,1,1
FID,5,1390,6365,1,1,1
FID,5,1418,6393,1,1,1
FID,5,1438,6413,1,1,1
FID,5,1441,6416,1,1,1
FID,5,1447,6422,1,1,1
FID,5,1472,6447,1,1,1
FID,5,1473,6448,1,1,1
FID,5,1510,6485,1,1,1
FID,5,1524,6499,1,1,1
FID,5,1533,6508,1,1,1
FID,5,1538,6513,1,1,1
FID,5,1564,6539,1,1,1
FID,5,1574,6549,1,1,1
FID,5,1576,6551,1,1,1
FID,5,1579,6554,1,1,1
FID,5,1581,6556,1,1,1
FID,5,1583,6558,1,1,1
FID,5,1586,6561,1,1,1
FID,5,1587,6562,1,1,1
FID,5,1601,6576,1,1,1
FID,5,1614,6589,1,1,1
FID,5,1620,6595,1,1,1
FID,5,1621,6596,1,1,1
FID,5,1623,6598,1,1,1
FID,5,1627,6602,1,1,1
FID,5,1634,6609,1,1,1
FID,5,1635,6610,1,1,1
FID,5,1657,6632,1,1,1
FID,5,1684,6659,1,1,1
FID,5,1695,6670,1,1,1
FID,5,1698,6673,1,1,1
FID,5,1733,6708,1,1,1
FID,5,1742,6717,1,1,1
FID,5,1759,6734,1,1,1
FID,5,1765,6740,1,1,1
FID,5,1770,6745,1,1,1
FID,5,1776,6751,1,1,1
FID,5,1780,6755,1,0,0
FID,5,1788,6763,1,1,1
FID,5,1789,6764,1,1,1
FID,5,1790,6765,1,1,1
FID,5,1792,6767,1,1,1
FID,5,1805,6780,1,1,1
FID,5,1808,6783,1,1,1
FID,5,1813,6788,1,1,1
FID,5,1814,6789,1,1,1
FID,5,1815,6790,1,1,1
FID,5,1827,6802,1,1,1
FID,5,1830,6805,1,1,1
FID,5,1842,6817,1,1,1
FID,5,1849,6824,1,1,1
FID,5,1858,6833,1,1,1
FID,5,1869,6844,1,1,1
FID,5,1871,6846,1,1,1
FID,5,1887,6862,1,1,1
FID,5,1892,6867,1,1,1
FID,5,1904,6879,1,1,1
FID,5,1909,6884,1,1,1
FID,5,1925,6900,1,1,1
FID,5,1928,6903,1,0,0
FID,5,1938,6913,1,1,1
FID,5,1946,6921,1,1,1
FID,5,1947,6922,1,1,1
FID,5,1957,6932,1,1,1
FID,5,1960,6935,1,1,1
FID,5,1987,6962,1,1,1
FID,5,1992,6967,1,0,0
FID,5,1993,6968,1,1,1
FID,5,2008,6983,1,1,1
FID,5,2010,6985,1,1,1
FID,5,2041,7016,1,1,1
FID,5,2042,7017,1,1,1
FID,5,2044,7019,1,0,0
FID,5,2068,7043,1,1,1
FID,5,2072,7047,1,0,0
FID,5,2077,7052,1,1,1
FID,5,2078,7053,1,1,1
FID,5,2092,7067,1,1,1
FID,5,2101,7076,1,1,1
FID,5,2107,7082,1,1,1
FID,5,2108,7083,1,0,0
FID,5,2113,7088,1,1,1
FID,5,2119,7094,1,1,1
FID,5,2126,7101,1,1,1
FID,5,2132,7107,1,1,1
FID,5,2140,7115,1,0,0
FID,5,2143,7118,1,1,1
FID,5,2145,7120,1,1,1
FID,5,2187,7162,1,1,1
FID,5,2193,7168,1,1,1
FID,5,2201,7176,1,0,0
FID,5,2209,7184,1,1,1
FID,5,2225,7200,1,1,1
FID,5,2227,7202,1,1,1
FID,5,2237,7212,1,1,1
FID,5,2243,7218,1,1,1
FID,5,2265,7240,1,1,1
FID,5,2319,7294,1,1,1
FID,5,2324,7299,1,1,1
FID,5,2334,7309,1,1,1
FID,5,2349,7324,1,1,1
FID,5,2359,7334,1,1,1
FID,5,2376,7351,1,1,1
FID,5,2393,7368,1,1,1
FID,5,2410,7385,1,1,1
FID,5,2412,7387,1,1,1
FID,5,2414,7389,1,1,1
FID,5,2419,7394,1,1,1
FID,5,2433,7408,1,1,1
FID,5,2441,7416,1,1,1
FID,5,2451,7426,1,1,1
FID,5,2455,7430,1,1,1
FID,5,2456,7431,1,1,1
FID,5,2473,7448,1,1,1
FID,5,2479,7454,1,1,1
FID,5,2482,7457,1,1,1
FID,5,2515,7490,1,1,1
FID,5,2524,7499,1,1,1
FID,5,2542,7517,1,1,1
FID,5,2553,7528,1,1,1
FID,5,2556,7531,1,1,1
FID,5,2565,7540,1,1,1
FID,5,2579,7554,1,1,1
FID,5,2595,7570,1,0,0
FID,5,2614,7589,1,1,1
FID,5,2629,7604,1,1,1
FID,5,2634,7609,1,1,1
FID,5,2640,7615,1,1,1
FID,5,2647,7622,1,1,1
FID,5,2650,7625,1,1,1
FID,5,2658,7633,1,1,1
FID,5,2664,7639,1,1,1
FID,5,2666,7641,1,1,1
FID,5,2675,7650,1,1,1
FID,5,2679,7654,1,1,1
FID,5,2697,7672,1,1,1
FID,5,2706,7681,1,1,1
FID,5,2716,7691,1,1,1
FID,5,2717,7692,1,1,1
FID,5,2741,7716,1,1,1
FID,5,2745,7720,1,1,1
FID,5,2754,7729,1,1,1
FID,5,2755,7730,1,1,1
FID,5,2774,7749,1,1,1
FID,5,2783,7758,1,1,1
FID,5,2785,7760,1,1,1
FID,5,2798,7773,1,1,1
FID,5,2812,7787,1,1,1
FID,5,2818,7793,1,1,1
FID,5,2824,7799,1,1,1
FID,5,2881,7856,1,1,1
FID,5,2898,7873,1,1,1
FID,5,2909,7884,1,1,1
FID,5,2918,7893,1,1,1
FID,5,2934,7909,1,1,1
FID,5,2974,7949,1,1,1
FID,5,2981,7956,1,1,1
FID,5,2988,7963,1,1,1
FID,5,2995,7970,1,1,1
FID,5,2996,7971,1,1,1
FID,5,3003,7978,1,1,1
FID,5,3007,7982,1,1,1
FID,5,3019,7994,1,1,1
FID,5,3032,8007,1,1,1
FID,5,3059,8034,1,1,1
FID,5,3067,8042,1,1,1
FID,5,3077,8052,1,1,1
FID,5,3083,8058,1,1,1
FID,5,3093,8068,1,1,1
FID,5,3099,8074,1,1,1
FID,5,3106,8081,1,1,1
FID,5,3113,8088,1,1,1
FID,5,3118,8093,1,1,1
FID,5,3120,8095,1,1,1
FID,5,3131,8106,1,1,1
FID,5,3142,8117,1,1,1
FID,5,3150,8125,1,1,1
FID,5,3168,8143,1,1,1
FID,5,3176,8151,0,0,1
FID,5,3181,8156,0,0,1
FID,5,3182,8157,0,0,1
FID,5,3184,8159,0,0,1
FID,5,3185,8160,0,0,1
FID,5,3189,8164,0,1,0
FID,5,3195,8170,0,0,1
FID,5,3197,8172,0,0,1
FID,5,3208,8183,0,0,1
FID,5,3231,8206,0,0,1
FID,5,3270,8245,0,0,1
FID,5,3283,8258,0,0,1
FID,5,3291,8266,0,0,1
FID,5,3303,8278,0,0,1
FID,5,3304,8279,0,0,1
FID,5,3320,8295,0,0,1
FID,5,3321,8296,0,0,1
FID,5,3329,8304,0,0,1
FID,5,3343,8318,0,1,0
FID,5,3354,8329,0,0,1
FID,5,3369,8344,0,0,1
FID,5,3412,8387,0,0,1
FID,5,3420,8395,0,0,1
FID,5,3422,8397,0,0,1
FID,5,3447,8422,0,0,1
FID,5,3455,8430,0,0,1
FID,5,3459,8434,0,0,1
FID,5,3478,8453,0,0,1
FID,5,3492,8467,0,0,1
FID,5,3495,8470,0,0,1
FID,5,3524,8499,0,0,1
FID,5,3528,8503,0,0,1
FID,5,3557,8532,0,0,1
FID,5,3563,8538,0,0,1
FID,5,3569,8544,0,0,1
FID,5,3574,8549,0,0,1
FID,5,3581,8556,0,0,1
FID,5,3595,8570,0,0,1
FID,5,3597,8572,0,0,1
FID,5,3598,8573,0,0,1
FID,5,3601,8576,0,0,1
FID,5,3602,8577,0,0,1
FID,5,3605,8580,0,0,1
FID,5,3613,8588,0,0,1
FID,5,3624,8599,0,0,1
FID,5,3647,8622,0,0,1
FID,5,3666,8641,0,0,1
FID,5,3667,8642,0,0,1
FID,5,3672,8647,0,0,1
FID,5,3676,8651,0,0,1
FID,5,3688,8663,0,0,1
FID,5,3690,8665,0,0,1
FID,5,3691,8666,0,0,1
FID,5,3719,8694,0,0,1
FID,5,3752,8727,0,0,1
FID,5,3755,8730,0,0,1
FID,5,3759,8734,0,0,1
FID,5,3764,8739,0,0,1
FID,5,3770,8745,0,0,1
FID,5,3780,8755,0,0,1
FID,5,3785,8760,0,0,1
FID,5,3796,8771,0,0,1
FID,5,3803,8778,0,0,1
FID,5,3806,8781,0,0,1
FID,5,3817,8792,0,0,1
FID,5,3819,8794,0,0,1
FID,5,3832,8807,0,0,1
FID,5,3839,8814,0,0,1
FID,5,3841,8816,0,0,1
FID,5,3862,8837,0,0,1
FID,5,3889,8864,0,0,1
FID,5,3892,8867,0,0,1
FID,5,3896,8871,0,0,1
FID,5,3904,8879,0,0,1
FID,5,3908,8883,0,0,1
FID,5,3919,8894,0,0,1
FID,5,3922,8897,0,0,1
FID,5,3924,8899,0,0,1
FID,5,3944,8919,0,0,1
FID,5,3949,8924,0,0,1
FID,5,3971,8946,0,0,1
FID,5,3983,8958,0,0,1
FID,5,4005,8980,0,0,1
FID,5,4022,8997,0,1,0
FID,5,4024,8999,0,0,1
FID,5,4027,9002,0,0,1
FID,5,4030,9005,0,0,1
FID,5,4040,9015,0,0,1
FID,5,4045,9020,0,0,1
FID,5,4066,9041,0,0,1
FID,5,4077,9052,0,0,1
FID,5,4124,9099,0,0,1
FID,5,4127,9102,0,0,1
FID,5,4129,9104,0,0,1
FID,5,4138,9113,0,0,1
FID,5,4172,9147,0,0,1
FID,5,4192,9167,0,0,1
FID,5,4198,9173,0,0,1
FID,5,4203,9178,0,0,1
FID,5,4212,9187,0,0,1
FID,5,4215,9190,0,0,1
FID,5,4246,9221,0,0,1
FID,5,4271,9246,0,0,1
FID,5,4272,9247,0,0,1
FID,5,4278,9253,0,0,1
FID,5,4279,9254,0,0,1
FID,5,4287,9262,0,0,1
FID,5,4298,9273,0,0,1
FID,5,4318,9293,0,0,1
FID,5,4335,9310,0,0,1
FID,5,4336,9311,0,0,1
FID,5,4338,9313,0,0,1
FID,5,4347,9322,0,0,1
FID,5,4348,9323,0,0,1
FID,5,4361,9336,0,0,1
FID,5,4365,9340,0,0,1
FID,5,4372,9347,0,0,1
FID,5,4374,9349,0,0,1
FID,5,4395,9370,0,0,1
FID,5,4398,9373,0,0,1
FID,5,4399,9374,0,0,1
FID,5,4401,9376,0,0,1
FID,5,4416,9391,0,0,1
FID,5,4418,9393,0,0,1
FID,5,4420,9395,0,0,1
FID,5,4442,9417,0,0,1
FID,5,4444,9419,0,0,1
FID,5,4471,9446,0,0,1
FID,5,4482,9457,0,1,0
FID,5,4514,9489,0,0,1
FID,5,4519,9494,0,0,1
FID,5,4533,9508,0,0,1
FID,5,4542,9517,0,0,1
FID,5,4546,9521,0,0,1
FID,5,4552,9527,0,0,1
FID,5,4560,9535,0,0,1
FID,5,4561,9536,0,0,1
FID,5,4566,9541,0,0,1
FID,5,4582,9557,0,0,1
FID,5,4590,9565,0,0,1
FID,5,4621,9596,0,0,1
FID,5,4628,9603,0,0,1
FID,5,4629,9604,0,0,1
FID,5,4639,9614,0,0,1
FID,5,4642,9617,0,1,0
FID,5,4643,9618,0,0,1
FID,5,4646,9621,0,0,1
FID,5,4650,9625,0,0,1
FID,5,4652,9627,0,0,1
FID,6,1321,6296,1,1,1
FID,6,1330,6305,1,1,1
FID,6,1338,6313,1,1,1
FID,6,1354,6329,1,1,1
FID,6,1363,6338,1,1,1
FID,6,1367,6342,1,1,1
FID,6,1371,6346,1,1,1
FID,6,1376,6351,1,1,1
FID,6,1385,6360,1,1,1
FID,6,1388,6363,1,1,1
FID,6,1389,6364,1,1,1
FID,6,1394,6369,1,1,1
FID,6,1408,6383,1,1,1
FID,6,1415,6390,1,1,1
FID,6,1430,6405,1,1,1
FID,6,1433,6408,1,1,1
FID,6,1440,6415,1,1,1
FID,6,1471,6446,1,1,1
FID,6,1478,6453,1,1,1
FID,6,1488,6463,1,1,1
FID,6,1492,6467,1,1,1
FID,6,1498,6473,1,1,1
FID,6,1506,6481,1,1,1
FID,6,1519,6494,1,1,1
FID,6,1526,6501,1,1,1
FID,6,1530,6505,1,1,1
FID,6,1557,6532,1,1,1
FID,6,1568,6543,1,1,1
FID,6,1578,6553,1,1,1
FID,6,1591,6566,1,1,1
FID,6,1605,6580,1,1,1
FID,6,1606,6581,1,1,1
FID,6,1609,6584,1,1,1
FID,6,1622,6597,1,1,1
FID,6,1624,6599,1,1,1
FID,6,1639,6614,1,1,1
FID,6,1641,6616,1,1,1
FID,6,1665,6640,1,1,1
FID,6,1666,6641,1,1,1
FID,6,1668,6643,1,1,1
FID,6,1678,6653,1,1,1
FID,6,1685,6660,1,1,1
FID,6,1700,6675,1,1,1
FID,6,1710,6685,1,1,1
FID,6,1734,6709,1,1,1
FID,6,1737,6712,1,1,1
FID,6,1749,6724,1,1,1
FID,6,1758,6733,1,1,1
FID,6,1769,6744,1,1,1
FID,6,1781,6756,1,1,1
FID,6,1785,6760,1,1,1
FID,6,1796,6771,1,1,1
FID,6,1798,6773,1,1,1
FID,6,1818,6793,1,1,1
FID,6,1895,6870,1,1,1
FID,6,1924,6899,1,1,1
FID,6,1933,6908,1,1,1
FID,6,1939,6914,1,1,1
FID,6,1940,6915,1,1,1
FID,6,1953,6928,1,1,1
FID,6,1956,6931,1,1,1
FID,6,1959,6934,1,1,1
FID,6,1962,6937,1,1,1
FID,6,1963,6938,1,1,1
FID,6,1971,6946,1,1,1
FID,6,1974,6949,1,1,1
FID,6,1985,6960,1,1,1
FID,6,1994,6969,1,1,1
FID,6,1997,6972,1,1,1
FID,6,2000,6975,1,1,1
FID,6,2002,6977,1,1,1
FID,6,2011,6986,1,1,1
FID,6,2018,6993,1,1,1
FID,6,2035,7010,1,1,1
FID,6,2058,7033,1,1,1
FID,6,2063,7038,1,1,1
FID,6,2070,7045,1,1,1
FID,6,2086,7061,1,1,1
FID,6,2122,7097,1,1,1
FID,6,2123,7098,1,1,1
FID,6,2133,7108,1,1,1
FID,6,2137,7112,1,1,1
FID,6,2141,7116,1,1,1
FID,6,2153,7128,1,1,1
FID,6,2215,7190,1,1,1
FID,6,2218,7193,1,1,1
FID,6,2223,7198,1,1,1
FID,6,2230,7205,1,1,1
FID,6,2239,7214,1,1,1
FID,6,2264,7239,1,1,1
FID,6,2268,7243,1,0,0
FID,6,2280,7255,1,0,0
FID,6,2289,7264,1,1,1
FID,6,2299,7274,1,1,1
FID,6,2303,7278,1,1,1
FID,6,2307,7282,1,1,1
FID,6,2318,7293,1,1,1
FID,6,2323,7298,1,1,1
FID,6,2325,7300,1,1,1
FID,6,2333,7308,1,0,0
FID,6,2339,7314,1,1,1
FID,6,2344,7319,1,1,1
FID,6,2352,7327,1,1,1
FID,6,2353,7328,1,1,1
FID,6,2356,7331,1,1,1
FID,6,2363,7338,1,1,1
FID,6,2387,7362,1,1,1
FID,6,2411,7386,1,1,1
FID,6,2426,7401,1,0,0
FID,6,2435,7410,1,1,1
FID,6,2449,7424,1,1,1
FID,6,2459,7434,1,0,0
FID,6,2462,7437,1,1,1
FID,6,2466,7441,1,1,1
FID,6,2476,7451,1,0,0
FID,6,2488,7463,1,1,1
FID,6,2492,7467,1,1,1
FID,6,2497,7472,1,1,1
FID,6,2502,7477,1,1,1
FID,6,2513,7488,1,1,1
FID,6,2519,7494,1,1,1
FID,6,2529,7504,1,1,1
FID,6,2534,7509,1,1,1
FID,6,2540,7515,1,1,1
FID,6,2541,7516,1,0,0
FID,6,2543,7518,1,1,1
FID,6,2559,7534,1,1,1
FID,6,2561,7536,1,1,1
FID,6,2574,7549,1,1,1
FID,6,2576,7551,1,1,1
FID,6,2588,7563,1,1,1
FID,6,2594,7569,1,1,1
FID,6,2604,7579,1,1,1
FID,6,2609,7584,1,1,1
FID,6,2626,7601,1,1,1
FID,6,2654,7629,1,1,1
FID,6,2655,7630,1,0,0
FID,6,2723,7698,1,1,1
FID,6,2726,7701,1,1,1
FID,6,2727,7702,1,1,1
FID,6,2730,7705,1,1,1
FID,6,2733,7708,1,1,1
FID,6,2749,7724,1,1,1
FID,6,2762,7737,1,1,1
FID,6,2765,7740,1,1,1
FID,6,2767,7742,1,1,1
FID,6,2772,7747,1,1,1
FID,6,2778,7753,1,1,1
FID,6,2791,7766,1,1,1
FID,6,2822,7797,1,1,1
FID,6,2832,7807,1,1,1
FID,6,2839,7814,1,1,1
FID,6,2848,7823,1,1,1
FID,6,2849,7824,1,1,1
FID,6,2850,7825,1,1,1
FID,6,2852,7827,1,1,1
FID,6,2855,7830,1,1,1
FID,6,2864,7839,1,1,1
FID,6,2868,7843,1,1,1
FID,6,2883,7858,1,1,1
FID,6,2884,7859,1,1,1
FID,6,2890,7865,1,1,1
FID,6,2903,7878,1,1,1
FID,6,2944,7919,1,1,1
FID,6,2952,7927,1,1,1
FID,6,2956,7931,1,1,1
FID,6,2958,7933,1,1,1
FID,6,2961,7936,1,1,1
FID,6,2967,7942,1,1,1
FID,6,2969,7944,1,1,1
FID,6,2976,7951,1,1,1
FID,6,2986,7961,1,1,1
FID,6,2997,7972,1,1,1
FID,6,3015,7990,1,1,1
FID,6,3038,8013,1,1,1
FID,6,3050,8025,1,1,1
FID,6,3074,8049,1,1,1
FID,6,3078,8053,1,1,1
FID,6,3087,8062,1,1,1
FID,6,3097,8072,1,1,1
FID,6,3123,8098,1,1,1
FID,6,3135,8110,1,1,1
FID,6,3151,8126,1,1,1
FID,6,3157,8132,1,1,1
FID,6,3161,8136,1,1,1
FID,6,3204,8179,0,0,1
FID,6,3205,8180,0,0,1
FID,6,3214,8189,0,0,1
FID,6,3238,8213,0,0,1
FID,6,3241,8216,0,0,1
FID,6,3274,8249,0,0,1
FID,6,3289,8264,0,0,1
FID,6,3297,8272,0,0,1
FID,6,3300,8275,0,0,1
FID,6,3305,8280,0,0,1
FID,6,3309,8284,0,0,1
FID,6,3330,8305,0,0,1
FID,6,3331,8306,0,0,1
FID,6,3345,8320,0,0,1
FID,6,3367,8342,0,0,1
FID,6,3378,8353,0,0,1
FID,6,3380,8355,0,0,1
FID,6,3382,8357,0,0,1
FID,6,3383,8358,0,0,1
FID,6,3390,8365,0,0,1
FID,6,3391,8366,0,0,1
FID,6,3400,8375,0,0,1
FID,6,3401,8376,0,0,1
FID,6,3406,8381,0,0,1
FID,6,3423,8398,0,0,1
FID,6,3428,8403,0,0,1
FID,6,3429,8404,0,0,1
FID,6,3433,8408,0,0,1
FID,6,3434,8409,0,0,1
FID,6,3435,8410,0,0,1
FID,6,3442,8417,0,0,1
FID,6,3458,8433,0,0,1
FID,6,3460,8435,0,0,1
FID,6,3471,8446,0,0,1
FID,6,3499,8474,0,0,1
FID,6,3507,8482,0,0,1
FID,6,3517,8492,0,0,1
FID,6,3519,8494,0,0,1
FID,6,3539,8514,0,0,1
FID,6,3549,8524,0,0,1
FID,6,3578,8553,0,0,1
FID,6,3588,8563,0,0,1
FID,6,3606,8581,0,0,1
FID,6,3617,8592,0,0,1
FID,6,3619,8594,0,0,1
FID,6,3629,8604,0,0,1
FID,6,3635,8610,0,0,1
FID,6,3642,8617,0,0,1
FID,6,3646,8621,0,0,1
FID,6,3651,8626,0,0,1
FID,6,3659,8634,0,0,1
FID,6,3660,8635,0,0,1
FID,6,3662,8637,0,0,1
FID,6,3669,8644,0,0,1
FID,6,3673,8648,0,0,1
FID,6,3677,8652,0,0,1
FID,6,3683,8658,0,0,1
FID,6,3684,8659,0,0,1
FID,6,3695,8670,0,0,1
FID,6,3698,8673,0,0,1
FID,6,3704,8679,0,0,1
FID,6,3734,8709,0,0,1
FID,6,3746,8721,0,0,1
FID,6,3775,8750,0,0,1
FID,6,3809,8784,0,0,1
FID,6,3829,8804,0,0,1
FID,6,3833,8808,0,0,1
FID,6,3834,8809,0,0,1
FID,6,3837,8812,0,0,1
FID,6,3846,8821,0,0,1
FID,6,3865,8840,0,0,1
FID,6,3879,8854,0,0,1
FID,6,3881,8856,0,0,1
FID,6,3891,8866,0,0,1
FID,6,3900,8875,0,0,1
FID,6,3910,8885,0,0,1
FID,6,3911,8886,0,0,1
FID,6,3914,8889,0,0,1
FID,6,3917,8892,0,0,1
FID,6,3921,8896,0,0,1
FID,6,3938,8913,0,0,1
FID,6,3942,8917,0,0,1
FID,6,3956,8931,0,0,1
FID,6,3960,8935,0,0,1
FID,6,3961,8936,0,0,1
FID,6,3964,8939,0,0,1
FID,6,3984,8959,0,0,1
FID,6,4002,8977,0,1,0
FID,6,4003,8978,0,1,0
FID,6,4007,8982,0,1,0
FID,6,4016,8991,0,0,1
FID,6,4017,8992,0,0,1
FID,6,4026,9001,0,0,1
FID,6,4032,9007,0,0,1
FID,6,4034,9009,0,0,1
FID,6,4044,9019,0,0,1
FID,6,4059,9034,0,0,1
FID,6,4061,9036,0,0,1
FID,6,4074,9049,0,0,1
FID,6,4075,9050,0,0,1
FID,6,4076,9051,0,0,1
FID,6,4083,9058,0,0,1
FID,6,4158,9133,0,0,1
FID,6,4168,9143,0,0,1
FID,6,4182,9157,0,0,1
FID,6,4190,9165,0,0,1
FID,6,4199,9174,0,0,1
FID,6,4207,9182,0,0,1
FID,6,4218,9193,0,0,1
FID,6,4242,9217,0,0,1
FID,6,4244,9219,0,0,1
FID,6,4247,9222,0,0,1
FID,6,4257,9232,0,0,1
FID,6,4266,9241,0,0,1
FID,6,4282,9257,0,0,1
FID,6,4291,9266,0,0,1
FID,6,4292,9267,0,1,0
FID,6,4297,9272,0,0,1
FID,6,4306,9281,0,0,1
FID,6,4308,9283,0,0,1
FID,6,4330,9305,0,1,0
FID,6,4356,9331,0,0,1
FID,6,4359,9334,0,0,1
FID,6,4369,9344,0,0,1
FID,6,4377,9352,0,0,1
FID,6,4384,9359,0,0,1
FID,6,4421,9396,0,0,1
FID,6,4432,9407,0,0,1
FID,6,4453,9428,0,0,1
FID,6,4487,9462,0,0,1
FID,6,4489,9464,0,0,1
FID,6,4497,9472,0,0,1
FID,6,4515,9490,0,0,1
FID,6,4537,9512,0,0,1
FID,6,4550,9525,0,0,1
FID,6,4553,9528,0,1,0
FID,6,4559,9534,0,0,1
FID,6,4570,9545,0,0,1
FID,6,4576,9551,0,0,1
FID,6,4577,9552,0,0,1
FID,6,4589,9564,0,0,1
FID,6,4591,9566,0,0,1
FID,6,4593,9568,0,0,1
FID,6,4619,9594,0,0,1
FID,6,4623,9598,0,0,1
FID,6,4630,9605,0,0,1
FID,6,4632,9607,0,0,1
FID,6,4640,9615,0,0,1
FID,7,1322,6297,1,1,1
FID,7,1323,6298,1,1,1
FID,7,1326,6301,1,1,1
FID,7,1328,6303,1,1,1
FID,7,1331,6306,1,1,1
FID,7,1340,6315,1,1,1
FID,7,1343,6318,1,1,1
FID,7,1355,6330,1,1,1
FID,7,1360,6335,1,0,0
FID,7,1373,6348,1,1,1
FID,7,1391,6366,1,1,1
FID,7,1398,6373,1,1,1
FID,7,1410,6385,1,1,1
FID,7,1420,6395,1,1,1
FID,7,1426,6401,1,1,1
FID,7,1435,6410,1,1,1
FID,7,1442,6417,1,1,1
FID,7,1454,6429,1,1,1
FID,7,1469,6444,1,1,1
FID,7,1474,6449,1,1,1
FID,7,1477,6452,1,1,1
FID,7,1479,6454,1,1,1
FID,7,1505,6480,1,1,1
FID,7,1512,6487,1,1,1
FID,7,1515,6490,1,1,1
FID,7,1518,6493,1,1,1
FID,7,1525,6500,1,1,1
FID,7,1527,6502,1,1,1
FID,7,1534,6509,1,1,1
FID,7,1540,6515,1,1,1
FID,7,1554,6529,1,1,1
FID,7,1555,6530,1,1,1
FID,7,1566,6541,1,1,1
FID,7,1569,6544,1,1,1
FID,7,1572,6547,1,1,1
FID,7,1573,6548,1,1,1
FID,7,1598,6573,1,1,1
FID,7,1603,6578,1,1,1
FID,7,1608,6583,1,1,1
FID,7,1611,6586,1,1,1
FID,7,1615,6590,1,1,1
FID,7,1625,6600,1,1,1
FID,7,1633,6608,1,1,1
FID,7,1650,6625,1,1,1
FID,7,1652,6627,1,1,1
FID,7,1653,6628,1,1,1
FID,7,1656,6631,1,1,1
FID,7,1659,6634,1,1,1
FID,7,1703,6678,1,1,1
FID,7,1707,6682,1,1,1
FID,7,1714,6689,1,1,1
FID,7,1725,6700,1,1,1
FID,7,1728,6703,1,1,1
FID,7,1732,6707,1,1,1
FID,7,1735,6710,1,1,1
FID,7,1743,6718,1,1,1
FID,7,1750,6725,1,1,1
FID,7,1763,6738,1,1,1
FID,7,1775,6750,1,1,1
FID,7,1778,6753,1,1,1
FID,7,1823,6798,1,1,1
FID,7,1835,6810,1,1,1
FID,7,1841,6816,1,1,1
FID,7,1850,6825,1,0,0
FID,7,1861,6836,1,1,1
FID,7,1879,6854,1,1,1
FID,7,1881,6856,1,1,1
FID,7,1900,6875,1,1,1
FID,7,1910,6885,1,1,1
FID,7,1930,6905,1,1,1
FID,7,1958,6933,1,0,0
FID,7,1965,6940,1,1,1
FID,7,1968,6943,1,1,1
FID,7,1977,6952,1,1,1
FID,7,1982,6957,1,1,1
FID,7,1996,6971,1,1,1
FID,7,1999,6974,1,1,1
FID,7,2004,6979,1,1,1
FID,7,2024,6999,1,1,1
FID,7,2033,7008,1,1,1
FID,7,2039,7014,1,1,1
FID,7,2045,7020,1,1,1
FID,7,2046,7021,1,1,1
FID,7,2079,7054,1,1,1
FID,7,2085,7060,1,1,1
FID,7,2088,7063,1,1,1
FID,7,2090,7065,1,1,1
FID,7,2096,7071,1,1,1
FID,7,2098,7073,1,1,1
FID,7,2103,7078,1,1,1
FID,7,2112,7087,1,1,1
FID,7,2116,7091,1,1,1
FID,7,2127,7102,1,1,1
FID,7,2128,7103,1,1,1
FID,7,2134,7109,1,1,1
FID,7,2142,7117,1,1,1
FID,7,2154,7129,1,1,1
FID,7,2158,7133,1,1,1
FID,7,2160,7135,1,1,1
FID,7,2168,7143,1,1,1
FID,7,2171,7146,1,1,1
FID,7,2174,7149,1,1,1
FID,7,2197,7172,1,1,1
FID,7,2210,7185,1,1,1
FID,7,2213,7188,1,1,1
FID,7,2232,7207,1,1,1
FID,7,2235,7210,1,1,1
FID,7,2257,7232,1,1,1
FID,7,2258,7233,1,1,1
FID,7,2287,7262,1,1,1
FID,7,2290,7265,1,1,1
FID,7,2309,7284,1,1,1
FID,7,2321,7296,1,1,1
FID,7,2330,7305,1,1,1
FID,7,2336,7311,1,1,1
FID,7,2343,7318,1,1,1
FID,7,2345,7320,1,1,1
FID,7,2354,7329,1,1,1
FID,7,2383,7358,1,1,1
FID,7,2384,7359,1,1,1
FID,7,2391,7366,1,1,1
FID,7,2396,7371,1,1,1
FID,7,2401,7376,1,1,1
FID,7,2402,7377,1,1,1
FID,7,2409,7384,1,0,0
FID,7,2413,7388,1,1,1
FID,7,2418,7393,1,1,1
FID,7,2420,7395,1,0,0
FID,7,2422,7397,1,1,1
FID,7,2432,7407,1,1,1
FID,7,2444,7419,1,1,1
FID,7,2452,7427,1,1,1
FID,7,2468,7443,1,1,1
FID,7,2480,7455,1,0,0
FID,7,2481,7456,1,1,1
FID,7,2491,7466,1,1,1
FID,7,2504,7479,1,1,1
FID,7,2528,7503,1,1,1
FID,7,2532,7507,1,1,1
FID,7,2535,7510,1,1,1
FID,7,2544,7519,1,1,1
FID,7,2547,7522,1,1,1
FID,7,2569,7544,1,1,1
FID,7,2572,7547,1,1,1
FID,7,2623,7598,1,1,1
FID,7,2651,7626,1,1,1
FID,7,2674,7649,1,1,1
FID,7,2678,7653,1,1,1
FID,7,2693,7668,1,1,1
FID,7,2700,7675,1,1,1
FID,7,2711,7686,1,1,1
FID,7,2739,7714,1,1,1
FID,7,2742,7717,1,1,1
FID,7,2766,7741,1,1,1
FID,7,2768,7743,1,1,1
FID,7,2770,7745,1,1,1
FID,7,2771,7746,1,1,1
FID,7,2776,7751,1,1,1
FID,7,2805,7780,1,1,1
FID,7,2811,7786,1,1,1
FID,7,2836,7811,1,1,1
FID,7,2845,7820,1,1,1
FID,7,2867,7842,1,1,1
FID,7,2894,7869,1,1,1
FID,7,2895,7870,1,1,1
FID,7,2897,7872,1,1,1
FID,7,2915,7890,1,1,1
FID,7,2922,7897,1,1,1
FID,7,2960,7935,1,1,1
FID,7,2971,7946,1,1,1
FID,7,2984,7959,1,1,1
FID,7,3022,7997,1,1,1
FID,7,3024,7999,1,1,1
FID,7,3025,8000,1,1,1
FID,7,3030,8005,1,1,1
FID,7,3041,8016,1,1,1
FID,7,3043,8018,1,1,1
FID,7,3048,8023,1,1,1
FID,7,3055,8030,1,1,1
FID,7,3075,8050,1,1,1
FID,7,3101,8076,1,1,1
FID,7,3122,8097,1,1,1
FID,7,3126,8101,1,0,0
FID,7,3138,8113,1,1,1
FID,7,3152,8127,1,1,1
FID,7,3178,8153,0,0,1
FID,7,3194,8169,0,0,1
FID,7,3196,8171,0,0,1
FID,7,3209,8184,0,0,1
FID,7,3212,8187,0,1,0
FID,7,3221,8196,0,0,1
FID,7,3244,8219,0,0,1
FID,7,3279,8254,0,0,1
FID,7,3288,8263,0,0,1
FID,7,3290,8265,0,0,1
FID,7,3317,8292,0,0,1
FID,7,3324,8299,0,0,1
FID,7,3327,8302,0,0,1
FID,7,3335,8310,0,0,1
FID,7,3339,8314,0,0,1
FID,7,3341,8316,0,0,1
FID,7,3348,8323,0,0,1
FID,7,3349,8324,0,0,1
FID,7,3350,8325,0,0,1
FID,7,3392,8367,0,0,1
FID,7,3396,8371,0,0,1
FID,7,3405,8380,0,0,1
FID,7,3407,8382,0,0,1
FID,7,3413,8388,0,0,1
FID,7,3416,8391,0,0,1
FID,7,3425,8400,0,0,1
FID,7,3426,8401,0,0,1
FID,7,3445,8420,0,0,1
FID,7,3462,8437,0,0,1
FID,7,3466,8441,0,0,1
FID,7,3469,8444,0,0,1
FID,7,3477,8452,0,0,1
FID,7,3485,8460,0,0,1
FID,7,3510,8485,0,0,1
FID,7,3535,8510,0,0,1
FID,7,3559,8534,0,0,1
FID,7,3565,8540,0,0,1
FID,7,3575,8550,0,0,1
FID,7,3583,8558,0,0,1
FID,7,3585,8560,0,0,1
FID,7,3596,8571,0,0,1
FID,7,3610,8585,0,0,1
FID,7,3628,8603,0,0,1
FID,7,3633,8608,0,0,1
FID,7,3656,8631,0,0,1
FID,7,3658,8633,0,0,1
FID,7,3661,8636,0,0,1
FID,7,3692,8667,0,0,1
FID,7,3732,8707,0,0,1
FID,7,3741,8716,0,0,1
FID,7,3743,8718,0,0,1
FID,7,3761,8736,0,0,1
FID,7,3765,8740,0,0,1
FID,7,3787,8762,0,1,0
FID,7,3790,8765,0,0,1
FID,7,3791,8766,0,0,1
FID,7,3792,8767,0,0,1
FID,7,3805,8780,0,0,1
FID,7,3807,8782,0,0,1
FID,7,3825,8800,0,0,1
FID,7,3842,8817,0,0,1
FID,7,3849,8824,0,0,1
FID,7,3855,8830,0,0,1
FID,7,3856,8831,0,0,1
FID,7,3860,8835,0,0,1
FID,7,3867,8842,0,0,1
FID,7,3870,8845,0,0,1
FID,7,3888,8863,0,0,1
FID,7,3893,8868,0,0,1
FID,7,3894,8869,0,0,1
FID,7,3925,8900,0,0,1
FID,7,3926,8901,0,0,1
FID,7,3929,8904,0,0,1
FID,7,3930,8905,0,0,1
FID,7,3933,8908,0,1,0
FID,7,3941,8916,0,0,1
FID,7,3955,8930,0,0,1
FID,7,3957,8932,0,0,1
FID,7,3966,8941,0,0,1
FID,7,3970,8945,0,0,1
FID,7,3978,8953,0,0,1
FID,7,3981,8956,0,0,1
FID,7,3992,8967,0,0,1
FID,7,3993,8968,0,0,1
FID,7,3999,8974,0,0,1
FID,7,4004,8979,0,0,1
FID,7,4009,8984,0,0,1
FID,7,4012,8987,0,0,1
FID,7,4018,8993,0,0,1
FID,7,4039,9014,0,0,1
FID,7,4069,9044,0,0,1
FID,7,4079,9054,0,0,1
FID,7,4080,9055,0,0,1
FID,7,4084,9059,0,0,1
FID,7,4085,9060,0,0,1
FID,7,4103,9078,0,0,1
FID,7,4106,9081,0,0,1
FID,7,4108,9083,0,0,1
FID,7,4150,9125,0,0,1
FID,7,4151,9126,0,0,1
FID,7,4160,9135,0,0,1
FID,7,4167,9142,0,0,1
FID,7,4171,9146,0,0,1
FID,7,4188,9163,0,0,1
FID,7,4189,9164,0,0,1
FID,7,4193,9168,0,0,1
FID,7,4194,9169,0,0,1
FID,7,4195,9170,0,0,1
FID,7,4202,9177,0,0,1
FID,7,4228,9203,0,0,1
FID,7,4239,9214,0,0,1
FID,7,4249,9224,0,0,1
FID,7,4253,9228,0,0,1
FID,7,4264,9239,0,0,1
FID,7,4267,9242,0,0,1
FID,7,4276,9251,0,0,1
FID,7,4288,9263,0,0,1
FID,7,4294,9269,0,0,1
FID,7,4295,9270,0,0,1
FID,7,4316,9291,0,0,1
FID,7,4324,9299,0,0,1
FID,7,4332,9307,0,0,1
FID,7,4337,9312,0,0,1
FID,7,4340,9315,0,0,1
FID,7,4343,9318,0,0,1
FID,7,4367,9342,0,0,1
FID,7,4368,9343,0,0,1
FID,7,4381,9356,0,0,1
FID,7,4392,9367,0,0,1
FID,7,4422,9397,0,0,1
FID,7,4424,9399,0,0,1
FID,7,4457,9432,0,0,1
FID,7,4470,9445,0,0,1
FID,7,4472,9447,0,0,1
FID,7,4478,9453,0,0,1
FID,7,4486,9461,0,0,1
FID,7,4494,9469,0,0,1
FID,7,4498,9473,0,0,1
FID,7,4499,9474,0,0,1
FID,7,4507,9482,0,0,1
FID,7,4513,9488,0,0,1
FID,7,4520,9495,0,0,1
FID,7,4523,9498,0,1,0
FID,7,4539,9514,0,0,1
FID,7,4599,9574,0,0,1
FID,7,4611,9586,0,0,1
FID,7,4644,9619,0,0,1
FID,7,4645,9620,0,0,1
FID,8,1346,6321,1,1,1
FID,8,1353,6328,1,1,1
FID,8,1382,6357,1,1,1
FID,8,1396,6371,1,1,1
FID,8,1412,6387,1,1,1
FID,8,1421,6396,1,1,1
FID,8,1431,6406,1,1,1
FID,8,1432,6407,1,1,1
FID,8,1443,6418,1,1,1
FID,8,1446,6421,1,1,1
FID,8,1448,6423,1,1,1
FID,8,1450,6425,1,1,1
FID,8,1452,6427,1,1,1
FID,8,1458,6433,1,1,1
FID,8,1465,6440,1,1,1
FID,8,1466,6441,1,1,1
FID,8,1475,6450,1,1,1
FID,8,1485,6460,1,1,1
FID,8,1486,6461,1,1,1
FID,8,1490,6465,1,1,1
FID,8,1504,6479,1,1,1
FID,8,1507,6482,1,1,1
FID,8,1531,6506,1,1,1
FID,8,1536,6511,1,1,1
FID,8,1545,6520,1,1,1
FID,8,1553,6528,1,1,1
FID,8,1558,6533,1,1,1
FID,8,1559,6534,1,1,1
FID,8,1561,6536,1,1,1
FID,8,1567,6542,1,1,1
FID,8,1592,6567,1,1,1
FID,8,1602,6577,1,1,1
FID,8,1616,6591,1,1,1
FID,8,1632,6607,1,1,1
FID,8,1645,6620,1,1,1
FID,8,1654,6629,1,1,1
FID,8,1655,6630,1,1,1
FID,8,1658,6633,1,1,1
FID,8,1662,6637,1,1,1
FID,8,1679,6654,1,1,1
FID,8,1681,6656,1,1,1
FID,8,1689,6664,1,1,1
FID,8,1696,6671,1,1,1
FID,8,1699,6674,1,1,1
FID,8,1718,6693,1,1,1
FID,8,1738,6713,1,1,1
FID,8,1745,6720,1,1,1
FID,8,1764,6739,1,1,1
FID,8,1773,6748,1,1,1
FID,8,1783,6758,1,1,1
FID,8,1803,6778,1,1,1
FID,8,1804,6779,1,1,1
FID,8,1816,6791,1,1,1
FID,8,1822,6797,1,1,1
FID,8,1826,6801,1,1,1
FID,8,1834,6809,1,1,1
FID,8,1839,6814,1,1,1
FID,8,1843,6818,1,1,1
FID,8,1844,6819,1,1,1
FID,8,1855,6830,1,1,1
FID,8,1857,6832,1,0,0
FID,8,1859,6834,1,1,1
FID,8,1877,6852,1,1,1
FID,8,1878,6853,1,1,1
FID,8,1886,6861,1,1,1
FID,8,1912,6887,1,1,1
FID,8,1918,6893,1,1,1
FID,8,1923,6898,1,1,1
FID,8,1926,6901,1,1,1
FID,8,1929,6904,1,0,0
FID,8,1934,6909,1,1,1
FID,8,1935,6910,1,1,1
FID,8,1972,6947,1,1,1
FID,8,1976,6951,1,1,1
FID,8,1979,6954,1,1,1
FID,8,1995,6970,1,1,1
FID,8,2006,6981,1,1,1
FID,8,2021,6996,1,1,1
FID,8,2028,7003,1,1,1
FID,8,2040,7015,1,1,1
FID,8,2049,7024,1,1,1
FID,8,2067,7042,1,1,1
FID,8,2071,7046,1,1,1
FID,8,2091,7066,1,1,1
FID,8,2105,7080,1,1,1
FID,8,2118,7093,1,1,1
FID,8,2136,7111,1,1,1
FID,8,2146,7121,1,0,0
FID,8,2150,7125,1,1,1
FID,8,2151,7126,1,1,1
FID,8,2156,7131,1,1,1
FID,8,2167,7142,1,1,1
FID,8,2172,7147,1,1,1
FID,8,2184,7159,1,0,0
FID,8,2249,7224,1,1,1
FID,8,2267,7242,1,1,1
FID,8,2276,7251,1,1,1
FID,8,2291,7266,1,1,1
FID,8,2296,7271,1,1,1
FID,8,2313,7288,1,1,1
FID,8,2314,7289,1,1,1
FID,8,2326,7301,1,1,1
FID,8,2331,7306,1,1,1
FID,8,2346,7321,1,1,1
FID,8,2351,7326,1,1,1
FID,8,2365,7340,1,1,1
FID,8,2367,7342,1,1,1
FID,8,2369,7344,1,1,1
FID,8,2371,7346,1,1,1
FID,8,2373,7348,1,1,1
FID,8,2380,7355,1,1,1
FID,8,2388,7363,1,1,1
FID,8,2392,7367,1,1,1
FID,8,2434,7409,1,1,1
FID,8,2447,7422,1,1,1
FID,8,2472,7447,1,1,1
FID,8,2477,7452,1,1,1
FID,8,2509,7484,1,1,1
FID,8,2522,7497,1,1,1
FID,8,2525,7500,1,1,1
FID,8,2527,7502,1,1,1
FID,8,2550,7525,1,1,1
FID,8,2552,7527,1,1,1
FID,8,2581,7556,1,1,1
FID,8,2582,7557,1,1,1
FID,8,2587,7562,1,1,1
FID,8,2602,7577,1,1,1
FID,8,2603,7578,1,1,1
FID,8,2617,7592,1,1,1
FID,8,2635,7610,1,1,1
FID,8,2639,7614,1,1,1
FID,8,2641,7616,1,1,1
FID,8,2648,7623,1,1,1
FID,8,2649,7624,1,1,1
FID,8,2665,7640,1,1,1
FID,8,2673,7648,1,1,1
FID,8,2696,7671,1,1,1
FID,8,2698,7673,1,1,1
FID,8,2715,7690,1,1,1
FID,8,2731,7706,1,1,1
FID,8,2732,7707,1,1,1
FID,8,2773,7748,1,1,1
FID,8,2789,7764,1,1,1
FID,8,2796,7771,1,1,1
FID,8,2806,7781,1,1,1
FID,8,2813,7788,1,1,1
FID,8,2820,7795,1,1,1
FID,8,2828,7803,1,1,1
FID,8,2840,7815,1,1,1
FID,8,2841,7816,1,1,1
FID,8,2843,7818,1,1,1
FID,8,2857,7832,1,1,1
FID,8,2859,7834,1,1,1
FID,8,2865,7840,1,1,1
FID,8,2876,7851,1,1,1
FID,8,2882,7857,1,1,1
FID,8,2900,7875,1,1,1
FID,8,2910,7885,1,1,1
FID,8,2919,7894,1,1,1
FID,8,2921,7896,1,1,1
FID,8,2936,7911,1,1,1
FID,8,2966,7941,1,1,1
FID,8,2972,7947,1,1,1
FID,8,2991,7966,1,1,1
FID,8,2993,7968,1,1,1
FID,8,2994,7969,1,1,1
FID,8,3000,7975,1,1,1
FID,8,3010,7985,1,1,1
FID,8,3023,7998,1,1,1
FID,8,3046,8021,1,1,1
FID,8,3057,8032,1,1,1
FID,8,3072,8047,1,1,1
FID,8,3084,8059,1,1,1
FID,8,3091,8066,1,1,1
FID,8,3105,8080,1,1,1
FID,8,3108,8083,1,1,1
FID,8,3110,8085,1,0,0
FID,8,3111,8086,1,1,1
FID,8,3112,8087,1,1,1
FID,8,3114,8089,1,1,1
FID,8,3116,8091,1,1,1
FID,8,3121,8096,1,1,1
FID,8,3140,8115,1,1,1
FID,8,3162,8137,1,1,1
FID,8,3166,8141,1,1,1
FID,8,3183,8158,0,0,1
FID,8,3240,8215,0,0,1
FID,8,3257,8232,0,0,1
FID,8,3259,8234,0,0,1
FID,8,3261,8236,0,0,1
FID,8,3272,8247,0,0,1
FID,8,3273,8248,0,0,1
FID,8,3282,8257,0,0,1
FID,8,3287,8262,0,0,1
FID,8,3326,8301,0,0,1
FID,8,3340,8315,0,0,1
FID,8,3351,8326,0,0,1
FID,8,3358,8333,0,1,0
FID,8,3361,8336,0,0,1
FID,8,3376,8351,0,0,1
FID,8,3408,8383,0,0,1
FID,8,3410,8385,0,0,1
FID,8,3418,8393,0,0,1
FID,8,3437,8412,0,0,1
FID,8,3461,8436,0,0,1
FID,8,3467,8442,0,0,1
FID,8,3472,8447,0,0,1
FID,8,3473,8448,0,0,1
FID,8,3483,8458,0,0,1
FID,8,3496,8471,0,0,1
FID,8,3526,8501,0,0,1
FID,8,3546,8521,0,0,1
FID,8,3548,8523,0,0,1
FID,8,3550,8525,0,0,1
FID,8,3556,8531,0,0,1
FID,8,3558,8533,0,0,1
FID,8,3564,8539,0,0,1
FID,8,3584,8559,0,0,1
FID,8,3586,8561,0,0,1
FID,8,3612,8587,0,1,0
FID,8,3623,8598,0,0,1
FID,8,3626,8601,0,0,1
FID,8,3649,8624,0,0,1
FID,8,3678,8653,0,1,0
FID,8,3685,8660,0,0,1
FID,8,3694,8669,0,0,1
FID,8,3700,8675,0,0,1
FID,8,3701,8676,0,0,1
FID,8,3711,8686,0,0,1
FID,8,3730,8705,0,0,1
FID,8,3731,8706,0,0,1
FID,8,3735,8710,0,0,1
FID,8,3737,8712,0,1,0
FID,8,3742,8717,0,0,1
FID,8,3745,8720,0,0,1
FID,8,3751,8726,0,0,1
FID,8,3757,8732,0,0,1
FID,8,3768,8743,0,0,1
FID,8,3774,8749,0,0,1
FID,8,3794,8769,0,0,1
FID,8,3798,8773,0,0,1
FID,8,3818,8793,0,0,1
FID,8,3820,8795,0,0,1
FID,8,3850,8825,0,0,1
FID,8,3852,8827,0,0,1
FID,8,3854,8829,0,0,1
FID,8,3869,8844,0,0,1
FID,8,3874,8849,0,0,1
FID,8,3880,8855,0,0,1
FID,8,3899,8874,0,0,1
FID,8,3906,8881,0,0,1
FID,8,3920,8895,0,0,1
FID,8,3927,8902,0,0,1
FID,8,3935,8910,0,0,1
FID,8,3939,8914,0,0,1
FID,8,3950,8925,0,0,1
FID,8,3958,8933,0,0,1
FID,8,3967,8942,0,0,1
FID,8,3972,8947,0,0,1
FID,8,3975,8950,0,0,1
FID,8,3976,8951,0,0,1
FID,8,3985,8960,0,0,1
FID,8,3989,8964,0,0,1
FID,8,4006,8981,0,1,0
FID,8,4014,8989,0,0,1
FID,8,4029,9004,0,0,1
FID,8,4043,9018,0,0,1
FID,8,4062,9037,0,0,1
FID,8,4065,9040,0,0,1
FID,8,4086,9061,0,0,1
FID,8,4092,9067,0,0,1
FID,8,4100,9075,0,0,1
FID,8,4109,9084,0,0,1
FID,8,4122,9097,0,0,1
FID,8,4128,9103,0,0,1
FID,8,4139,9114,0,0,1
FID,8,4141,9116,0,0,1
FID,8,4146,9121,0,0,1
FID,8,4148,9123,0,0,1
FID,8,4162,9137,0,0,1
FID,8,4166,9141,0,0,1
FID,8,4176,9151,0,0,1
FID,8,4178,9153,0,0,1
FID,8,4196,9171,0,0,1
FID,8,4214,9189,0,0,1
FID,8,4222,9197,0,0,1
FID,8,4224,9199,0,0,1
FID,8,4232,9207,0,0,1
FID,8,4243,9218,0,0,1
FID,8,4268,9243,0,0,1
FID,8,4274,9249,0,0,1
FID,8,4277,9252,0,0,1
FID,8,4317,9292,0,0,1
FID,8,4334,9309,0,0,1
FID,8,4342,9317,0,0,1
FID,8,4346,9321,0,0,1
FID,8,4364,9339,0,0,1
FID,8,4379,9354,0,0,1
FID,8,4387,9362,0,0,1
FID,8,4388,9363,0,0,1
FID,8,4393,9368,0,0,1
FID,8,4403,9378,0,0,1
FID,8,4417,9392,0,0,1
FID,8,4419,9394,0,0,1
FID,8,4441,9416,0,0,1
FID,8,4443,9418,0,0,1
FID,8,4450,9425,0,1,0
FID,8,4451,9426,0,0,1
FID,8,4454,9429,0,0,1
FID,8,4462,9437,0,0,1
FID,8,4474,9449,0,0,1
FID,8,4483,9458,0,0,1
FID,8,4492,9467,0,1,0
FID,8,4521,9496,0,0,1
FID,8,4522,9497,0,0,1
FID,8,4529,9504,0,0,1
FID,8,4530,9505,0,0,1
FID,8,4547,9522,0,0,1
FID,8,4548,9523,0,0,1
FID,8,4549,9524,0,0,1
FID,8,4554,9529,0,0,1
FID,8,4579,9554,0,0,1
FID,8,4580,9555,0,0,1
FID,8,4583,9558,0,0,1
FID,8,4602,9577,0,0,1
FID,8,4606,9581,0,0,1
FID,8,4608,9583,0,0,1
FID,8,4610,9585,0,0,1
FID,8,4613,9588,0,0,1
FID,8,4618,9593,0,0,1
FID,8,4622,9597,0,0,1
FID,8,4627,9602,0,0,1
FID,8,4649,9624,0,0,1
FID,9,1319,6294,1,0,0
FID,9,1320,6295,1,1,1
FID,9,1350,6325,1,1,1
FID,9,1359,6334,1,1,1
FID,9,1366,6341,1,1,1
FID,9,1372,6347,1,1,1
FID,9,1387,6362,1,1,1
FID,9,1403,6378,1,1,1
FID,9,1414,6389,1,1,1
FID,9,1416,6391,1,1,1
FID,9,1422,6397,1,1,1
FID,9,1463,6438,1,1,1
FID,9,1484,6459,1,1,1
FID,9,1487,6462,1,1,1
FID,9,1489,6464,1,1,1
FID,9,1491,6466,1,1,1
FID,9,1493,6468,1,1,1
FID,9,1496,6471,1,1,1
FID,9,1502,6477,1,1,1
FID,9,1508,6483,1,1,1
FID,9,1522,6497,1,1,1
FID,9,1523,6498,1,1,1
FID,9,1551,6526,1,1,1
FID,9,1582,6557,1,1,1
FID,9,1585,6560,1,1,1
FID,9,1594,6569,1,1,1
FID,9,1599,6574,1,1,1
FID,9,1607,6582,1,1,1
FID,9,1661,6636,1,1,1
FID,9,1671,6646,1,1,1
FID,9,1675,6650,1,1,1
FID,9,1690,6665,1,1,1
FID,9,1704,6679,1,1,1
FID,9,1717,6692,1,1,1
FID,9,1726,6701,1,1,1
FID,9,1730,6705,1,1,1
FID,9,1736,6711,1,1,1
FID,9,1739,6714,1,1,1
FID,9,1748,6723,1,1,1
FID,9,1767,6742,1,1,1
FID,9,1771,6746,1,0,0
FID,9,1832,6807,1,1,1
FID,9,1836,6811,1,1,1
FID,9,1851,6826,1,1,1
FID,9,1854,6829,1,1,1
FID,9,1860,6835,1,1,1
FID,9,1864,6839,1,1,1
FID,9,1867,6842,1,1,1
FID,9,1876,6851,1,1,1
FID,9,1882,6857,1,1,1
FID,9,1899,6874,1,1,1
FID,9,1903,6878,1,1,1
FID,9,1905,6880,1,1,1
FID,9,1916,6891,1,1,1
FID,9,1920,6895,1,1,1
FID,9,1950,6925,1,1,1
FID,9,1952,6927,1,1,1
FID,9,1967,6942,1,1,1
FID,9,1969,6944,1,1,1
FID,9,2022,6997,1,1,1
FID,9,2032,7007,1,1,1
FID,9,2038,7013,1,1,1
FID,9,2050,7025,1,1,1
FID,9,2053,7028,1,1,1
FID,9,2054,7029,1,1,1
FID,9,2060,7035,1,1,1
FID,9,2066,7041,1,0,0
FID,9,2083,7058,1,1,1
FID,9,2099,7074,1,1,1
FID,9,2111,7086,1,1,1
FID,9,2114,7089,1,1,1
FID,9,2161,7136,1,1,1
FID,9,2170,7145,1,1,1
FID,9,2178,7153,1,1,1
FID,9,2181,7156,1,0,0
FID,9,2183,7158,1,1,1
FID,9,2185,7160,1,1,1
FID,9,2186,7161,1,1,1
FID,9,2190,7165,1,1,1
FID,9,2203,7178,1,0,0
FID,9,2205,7180,1,1,1
FID,9,2217,7192,1,1,1
FID,9,2233,7208,1,1,1
FID,9,2236,7211,1,1,1
FID,9,2259,7234,1,1,1
FID,9,2260,7235,1,1,1
FID,9,2274,7249,1,1,1
FID,9,2275,7250,1,1,1
FID,9,2277,7252,1,1,1
FID,9,2282,7257,1,1,1
FID,9,2283,7258,1,1,1
FID,9,2285,7260,1,1,1
FID,9,2288,7263,1,1,1
FID,9,2295,7270,1,1,1
FID,9,2301,7276,1,1,1
FID,9,2306,7281,1,1,1
FID,9,2311,7286,1,1,1
FID,9,2312,7287,1,1,1
FID,9,2315,7290,1,1,1
FID,9,2317,7292,1,1,1
FID,9,2320,7295,1,1,1
FID,9,2347,7322,1,1,1
FID,9,2361,7336,1,1,1
FID,9,2389,7364,1,0,0
FID,9,2390,7365,1,0,0
FID,9,2398,7373,1,1,1
FID,9,2417,7392,1,1,1
FID,9,2423,7398,1,1,1
FID,9,2430,7405,1,0,0
FID,9,2443,7418,1,1,1
FID,9,2445,7420,1,1,1
FID,9,2448,7423,1,1,1
FID,9,2469,7444,1,1,1
FID,9,2489,7464,1,1,1
FID,9,2496,7471,1,1,1
FID,9,2499,7474,1,1,1
FID,9,2510,7485,1,1,1
FID,9,2512,7487,1,1,1
FID,9,2518,7493,1,1,1
FID,9,2531,7506,1,1,1
FID,9,2536,7511,1,0,0
FID,9,2546,7521,1,1,1
FID,9,2563,7538,1,1,1
FID,9,2570,7545,1,0,0
FID,9,2580,7555,1,1,1
FID,9,2584,7559,1,1,1
FID,9,2589,7564,1,1,1
FID,9,2591,7566,1,1,1
FID,9,2596,7571,1,1,1
FID,9,2612,7587,1,1,1
FID,9,2620,7595,1,1,1
FID,9,2659,7634,1,1,1
FID,9,2668,7643,1,1,1
FID,9,2672,7647,1,1,1
FID,9,2685,7660,1,1,1
FID,9,2707,7682,1,1,1
FID,9,2714,7689,1,1,1
FID,9,2721,7696,1,1,1
FID,9,2735,7710,1,1,1
FID,9,2744,7719,1,1,1
FID,9,2751,7726,1,1,1
FID,9,2769,7744,1,1,1
FID,9,2788,7763,1,1,1
FID,9,2790,7765,1,1,1
FID,9,2797,7772,1,1,1
FID,9,2808,7783,1,1,1
FID,9,2814,7789,1,1,1
FID,9,2816,7791,1,1,1
FID,9,2817,7792,1,1,1
FID,9,2834,7809,1,1,1
FID,9,2846,7821,1,1,1
FID,9,2862,7837,1,1,1
FID,9,2889,7864,1,1,1
FID,9,2891,7866,1,1,1
FID,9,2901,7876,1,1,1
FID,9,2905,7880,1,1,1
FID,9,2916,7891,1,1,1
FID,9,2924,7899,1,1,1
FID,9,2929,7904,1,1,1
FID,9,2940,7915,1,1,1
FID,9,2950,7925,1,1,1
FID,9,2965,7940,1,1,1
FID,9,2978,7953,1,1,1
FID,9,2983,7958,1,1,1
FID,9,3031,8006,1,1,1
FID,9,3034,8009,1,1,1
FID,9,3037,8012,1,1,1
FID,9,3056,8031,1,1,1
FID,9,3063,8038,1,1,1
FID,9,3064,8039,1,1,1
FID,9,3070,8045,1,1,1
FID,9,3081,8056,1,1,1
FID,9,3096,8071,1,1,1
FID,9,3103,8078,1,1,1
FID,9,3115,8090,1,1,1
FID,9,3125,8100,1,1,1
FID,9,3128,8103,1,1,1
FID,9,3129,8104,1,1,1
FID,9,3133,8108,1,1,1
FID,9,3136,8111,1,1,1
FID,9,3139,8114,1,1,1
FID,9,3145,8120,1,0,0
FID,9,3160,8135,1,1,1
FID,9,3165,8140,1,1,1
FID,9,3167,8142,1,0,0
FID,9,3174,8149,0,0,1
FID,9,3179,8154,0,0,1
FID,9,3180,8155,0,0,1
FID,9,3210,8185,0,1,0
FID,9,3216,8191,0,0,1
FID,9,3232,8207,0,0,1
FID,9,3239,8214,0,0,1
FID,9,3249,8224,0,0,1
FID,9,3253,8228,0,0,1
FID,9,3280,8255,0,0,1
FID,9,3286,8261,0,0,1
FID,9,3299,8274,0,0,1
FID,9,3307,8282,0,0,1
FID,9,3308,8283,0,0,1
FID,9,3312,8287,0,0,1
FID,9,3318,8293,0,0,1
FID,9,3325,8300,0,0,1
FID,9,3332,8307,0,0,1
FID,9,3333,8308,0,0,1
FID,9,3336,8311,0,0,1
FID,9,3338,8313,0,0,1
FID,9,3346,8321,0,0,1
FID,9,3365,8340,0,0,1
FID,9,3371,8346,0,0,1
FID,9,3394,8369,0,0,1
FID,9,3409,8384,0,0,1
FID,9,3438,8413,0,0,1
FID,9,3474,8449,0,0,1
FID,9,3475,8450,0,0,1
FID,9,3480,8455,0,0,1
FID,9,3487,8462,0,0,1
FID,9,3506,8481,0,0,1
FID,9,3515,8490,0,0,1
FID,9,3542,8517,0,1,0
FID,9,3551,8526,0,0,1
FID,9,3555,8530,0,0,1
FID,9,3568,8543,0,0,1
FID,9,3571,8546,0,0,1
FID,9,3589,8564,0,0,1
FID,9,3592,8567,0,0,1
FID,9,3599,8574,0,0,1
FID,9,3616,8591,0,0,1
FID,9,3625,8600,0,0,1
FID,9,3643,8618,0,0,1
FID,9,3644,8619,0,0,1
FID,9,3670,8645,0,0,1
FID,9,3675,8650,0,0,1
FID,9,3680,8655,0,0,1
FID,9,3693,8668,0,0,1
FID,9,3707,8682,0,0,1
FID,9,3709,8684,0,0,1
FID,9,3713,8688,0,0,1
FID,9,3718,8693,0,0,1
FID,9,3724,8699,0,0,1
FID,9,3738,8713,0,0,1
FID,9,3766,8741,0,0,1
FID,9,3767,8742,0,0,1
FID,9,3781,8756,0,0,1
FID,9,3784,8759,0,0,1
FID,9,3789,8764,0,0,1
FID,9,3797,8772,0,1,0
FID,9,3811,8786,0,0,1
FID,9,3821,8796,0,0,1
FID,9,3830,8805,0,0,1
FID,9,3858,8833,0,0,1
FID,9,3877,8852,0,0,1
FID,9,3883,8858,0,0,1
FID,9,3887,8862,0,0,1
FID,9,3905,8880,0,0,1
FID,9,3915,8890,0,0,1
FID,9,3916,8891,0,0,1
FID,9,3923,8898,0,0,1
FID,9,3932,8907,0,0,1
FID,9,3936,8911,0,0,1
FID,9,3945,8920,0,0,1
FID,9,3952,8927,0,0,1
FID,9,3959,8934,0,0,1
FID,9,3977,8952,0,0,1
FID,9,3988,8963,0,0,1
FID,9,3997,8972,0,0,1
FID,9,4011,8986,0,0,1
FID,9,4019,8994,0,0,1
FID,9,4031,9006,0,0,1
FID,9,4035,9010,0,0,1
FID,9,4037,9012,0,0,1
FID,9,4046,9021,0,0,1
FID,9,4048,9023,0,0,1
FID,9,4050,9025,0,0,1
FID,9,4051,9026,0,0,1
FID,9,4053,9028,0,0,1
FID,9,4058,9033,0,0,1
FID,9,4081,9056,0,0,1
FID,9,4095,9070,0,0,1
FID,9,4099,9074,0,0,1
FID,9,4114,9089,0,0,1
FID,9,4115,9090,0,0,1
FID,9,4119,9094,0,0,1
FID,9,4130,9105,0,0,1
FID,9,4145,9120,0,0,1
FID,9,4149,9124,0,0,1
FID,9,4153,9128,0,0,1
FID,9,4170,9145,0,0,1
FID,9,4183,9158,0,0,1
FID,9,4185,9160,0,0,1
FID,9,4186,9161,0,0,1
FID,9,4187,9162,0,0,1
FID,9,4191,9166,0,0,1
FID,9,4209,9184,0,0,1
FID,9,4216,9191,0,0,1
FID,9,4221,9196,0,0,1
FID,9,4223,9198,0,0,1
FID,9,4235,9210,0,0,1
FID,9,4256,9231,0,0,1
FID,9,4285,9260,0,0,1
FID,9,4290,9265,0,0,1
FID,9,4321,9296,0,0,1
FID,9,4328,9303,0,0,1
FID,9,4341,9316,0,0,1
FID,9,4353,9328,0,0,1
FID,9,4357,9332,0,0,1
FID,9,4370,9345,0,0,1
FID,9,4371,9346,0,0,1
FID,9,4383,9358,0,0,1
FID,9,4389,9364,0,0,1
FID,9,4391,9366,0,0,1
FID,9,4405,9380,0,0,1
FID,9,4406,9381,0,0,1
FID,9,4408,9383,0,0,1
FID,9,4427,9402,0,0,1
FID,9,4435,9410,0,0,1
FID,9,4484,9459,0,0,1
FID,9,4490,9465,0,0,1
FID,9,4496,9471,0,0,1
FID,9,4505,9480,0,0,1
FID,9,4531,9506,0,0,1
FID,9,4541,9516,0,0,1
FID,9,4543,9518,0,1,0
FID,9,4556,9531,0,0,1
FID,9,4558,9533,0,0,1
FID,9,4565,9540,0,0,1
FID,9,4575,9550,0,0,1
FID,9,4586,9561,0,0,1
FID,9,4588,9563,0,0,1
FID,9,4598,9573,0,0,1
FID,9,4601,9576,0,0,1
FID,9,4625,9600,0,0,1
FID,9,4647,9622,0,0,1
FID,9,4648,9623,0,0,1
FID,10,1339,6314,1,1,1
FID,10,1352,6327,1,1,1
FID,10,1357,6332,1,1,1
FID,10,1362,6337,1,1,1
FID,10,1379,6354,1,1,1
FID,10,1409,6384,1,1,1
FID,10,1425,6400,1,1,1
FID,10,1445,6420,1,1,1
FID,10,1451,6426,1,1,1
FID,10,1453,6428,1,1,1
FID,10,1456,6431,1,1,1
FID,10,1462,6437,1,1,1
FID,10,1467,6442,1,1,1
FID,10,1468,6443,1,1,1
FID,10,1482,6457,1,1,1
FID,10,1499,6474,1,1,1
FID,10,1528,6503,1,1,1
FID,10,1544,6519,1,1,1
FID,10,1565,6540,1,1,1
FID,10,1570,6545,1,1,1
FID,10,1593,6568,1,1,1
FID,10,1597,6572,1,1,1
FID,10,1626,6601,1,1,1
FID,10,1640,6615,1,1,1
FID,10,1643,6618,1,1,1
FID,10,1670,6645,1,1,1
FID,10,1672,6647,1,1,1
FID,10,1673,6648,1,1,1
FID,10,1682,6657,1,1,1
FID,10,1686,6661,1,1,1
FID,10,1702,6677,1,1,1
FID,10,1706,6681,1,1,1
FID,10,1708,6683,1,1,1
FID,10,1722,6697,1,1,1
FID,10,1724,6699,1,1,1
FID,10,1727,6702,1,1,1
FID,10,1751,6726,1,1,1
FID,10,1753,6728,1,1,1
FID,10,1754,6729,1,1,1
FID,10,1755,6730,1,1,1
FID,10,1757,6732,1,1,1
FID,10,1760,6735,1,1,1
FID,10,1762,6737,1,1,1
FID,10,1768,6743,1,1,1
FID,10,1772,6747,1,1,1
FID,10,1784,6759,1,1,1
FID,10,1817,6792,1,1,1
FID,10,1840,6815,1,1,1
FID,10,1845,6820,1,1,1
FID,10,1856,6831,1,1,1
FID,10,1872,6847,1,1,1
FID,10,1888,6863,1,1,1
FID,10,1889,6864,1,1,1
FID,10,1890,6865,1,1,1
FID,10,1893,6868,1,1,1
FID,10,1902,6877,1,1,1
FID,10,1906,6881,1,1,1
FID,10,1907,6882,1,1,1
FID,10,1931,6906,1,1,1
FID,10,1936,6911,1,1,1
FID,10,1954,6929,1,1,1
FID,10,1961,6936,1,1,1
FID,10,1983,6958,1,1,1
FID,10,1990,6965,1,1,1
FID,10,1998,6973,1,1,1
FID,10,2001,6976,1,1,1
FID,10,2003,6978,1,1,1
FID,10,2020,6995,1,1,1
FID,10,2023,6998,1,1,1
FID,10,2026,7001,1,1,1
FID,10,2027,7002,1,1,1
FID,10,2030,7005,1,1,1
FID,10,2048,7023,1,1,1
FID,10,2059,7034,1,1,1
FID,10,2061,7036,1,1,1
FID,10,2069,7044,1,1,1
FID,10,2073,7048,1,1,1
FID,10,2095,7070,1,1,1
FID,10,2125,7100,1,1,1
FID,10,2129,7104,1,1,1
FID,10,2130,7105,1,1,1
FID,10,2131,7106,1,1,1
FID,10,2176,7151,1,1,1
FID,10,2180,7155,1,1,1
FID,10,2199,7174,1,1,1
FID,10,2200,7175,1,1,1
FID,10,2211,7186,1,1,1
FID,10,2216,7191,1,1,1
FID,10,2224,7199,1,1,1
FID,10,2238,7213,1,1,1
FID,10,2242,7217,1,1,1
FID,10,2246,7221,1,1,1
FID,10,2252,7227,1,1,1
FID,10,2254,7229,1,1,1
FID,10,2270,7245,1,1,1
FID,10,2281,7256,1,1,1
FID,10,2297,7272,1,1,1
FID,10,2304,7279,1,1,1
FID,10,2327,7302,1,1,1
FID,10,2342,7317,1,1,1
FID,10,2357,7332,1,0,0
FID,10,2366,7341,1,1,1
FID,10,2378,7353,1,1,1
FID,10,2386,7361,1,1,1
FID,10,2406,7381,1,1,1
FID,10,2407,7382,1,0,0
FID,10,2425,7400,1,1,1
FID,10,2454,7429,1,1,1
FID,10,2470,7445,1,1,1
FID,10,2475,7450,1,0,0
FID,10,2484,7459,1,1,1
FID,10,2505,7480,1,1,1
FID,10,2508,7483,1,1,1
FID,10,2511,7486,1,1,1
FID,10,2537,7512,1,1,1
FID,10,2557,7532,1,1,1
FID,10,2571,7546,1,1,1
FID,10,2573,7548,1,1,1
FID,10,2575,7550,1,1,1
FID,10,2600,7575,1,1,1
FID,10,2615,7590,1,1,1
FID,10,2621,7596,1,1,1
FID,10,2631,7606,1,1,1
FID,10,2633,7608,1,1,1
FID,10,2638,7613,1,1,1
FID,10,2646,7621,1,1,1
FID,10,2657,7632,1,1,1
FID,10,2660,7635,1,1,1
FID,10,2661,7636,1,1,1
FID,10,2677,7652,1,1,1
FID,10,2681,7656,1,0,0
FID,10,2683,7658,1,1,1
FID,10,2691,7666,1,1,1
FID,10,2695,7670,1,1,1
FID,10,2701,7676,1,1,1
FID,10,2709,7684,1,1,1
FID,10,2718,7693,1,1,1
FID,10,2728,7703,1,1,1
FID,10,2746,7721,1,1,1
FID,10,2752,7727,1,1,1
FID,10,2758,7733,1,1,1
FID,10,2759,7734,1,1,1
FID,10,2775,7750,1,1,1
FID,10,2781,7756,1,1,1
FID,10,2786,7761,1,1,1
FID,10,2787,7762,1,1,1
FID,10,2792,7767,1,1,1
FID,10,2793,7768,1,1,1
FID,10,2809,7784,1,1,1
FID,10,2821,7796,1,1,1
FID,10,2837,7812,1,1,1
FID,10,2838,7813,1,1,1
FID,10,2851,7826,1,1,1
FID,10,2863,7838,1,1,1
FID,10,2866,7841,1,1,1
FID,10,2873,7848,1,1,1
FID,10,2880,7855,1,1,1
FID,10,2914,7889,1,1,1
FID,10,2920,7895,1,0,0
FID,10,2925,7900,1,1,1
FID,10,2930,7905,1,1,1
FID,10,2931,7906,1,1,1
FID,10,2941,7916,1,1,1
FID,10,2951,7926,1,1,1
FID,10,2954,7929,1,1,1
FID,10,2990,7965,1,1,1
FID,10,3005,7980,1,1,1
FID,10,3009,7984,1,1,1
FID,10,3029,8004,1,1,1
FID,10,3035,8010,1,1,1
FID,10,3042,8017,1,1,1
FID,10,3062,8037,1,1,1
FID,10,3069,8044,1,1,1
FID,10,3071,8046,1,1,1
FID,10,3073,8048,1,1,1
FID,10,3080,8055,1,1,1
FID,10,3085,8060,1,1,1
FID,10,3092,8067,1,1,1
FID,10,3095,8070,1,1,1
FID,10,3109,8084,1,1,1
FID,10,3124,8099,1,1,1
FID,10,3134,8109,1,1,1
FID,10,3153,8128,1,1,1
FID,10,3156,8131,1,1,1
FID,10,3159,8134,1,1,1
FID,10,3173,8148,0,0,1
FID,10,3190,8165,0,0,1
FID,10,3211,8186,0,0,1
FID,10,3213,8188,0,0,1
FID,10,3215,8190,0,0,1
FID,10,3218,8193,0,0,1
FID,10,3219,8194,0,0,1
FID,10,3222,8197,0,0,1
FID,10,3225,8200,0,0,1
FID,10,3234,8209,0,0,1
FID,10,3242,8217,0,0,1
FID,10,3243,8218,0,0,1
FID,10,3252,8227,0,0,1
FID,10,3254,8229,0,0,1
FID,10,3258,8233,0,0,1
FID,10,3262,8237,0,0,1
FID,10,3267,8242,0,0,1
FID,10,3292,8267,0,0,1
FID,10,3302,8277,0,0,1
FID,10,3311,8286,0,0,1
FID,10,3314,8289,0,0,1
FID,10,3362,8337,0,0,1
FID,10,3363,8338,0,0,1
FID,10,3381,8356,0,0,1
FID,10,3393,8368,0,0,1
FID,10,3403,8378,0,0,1
FID,10,3411,8386,0,0,1
FID,10,3417,8392,0,0,1
FID,10,3419,8394,0,0,1
FID,10,3427,8402,0,0,1
FID,10,3443,8418,0,0,1
FID,10,3464,8439,0,0,1
FID,10,3468,8443,0,0,1
FID,10,3484,8459,0,0,1
FID,10,3488,8463,0,0,1
FID,10,3489,8464,0,0,1
FID,10,3490,8465,0,0,1
FID,10,3518,8493,0,0,1
FID,10,3525,8500,0,0,1
FID,10,3532,8507,0,0,1
FID,10,3537,8512,0,0,1
FID,10,3541,8516,0,0,1
FID,10,3552,8527,0,0,1
FID,10,3560,8535,0,0,1
FID,10,3562,8537,0,0,1
FID,10,3566,8541,0,0,1
FID,10,3603,8578,0,0,1
FID,10,3604,8579,0,0,1
FID,10,3618,8593,0,0,1
FID,10,3631,8606,0,0,1
FID,10,3634,8609,0,0,1
FID,10,3655,8630,0,0,1
FID,10,3674,8649,0,0,1
FID,10,3681,8656,0,0,1
FID,10,3689,8664,0,1,0
FID,10,3702,8677,0,0,1
FID,10,3717,8692,0,0,1
FID,10,3782,8757,0,0,1
FID,10,3783,8758,0,0,1
FID,10,3793,8768,0,0,1
FID,10,3795,8770,0,0,1
FID,10,3799,8774,0,0,1
FID,10,3800,8775,0,0,1
FID,10,3802,8777,0,0,1
FID,10,3804,8779,0,0,1
FID,10,3814,8789,0,0,1
FID,10,3823,8798,0,0,1
FID,10,3827,8802,0,0,1
FID,10,3843,8818,0,0,1
FID,10,3847,8822,0,0,1
FID,10,3851,8826,0,0,1
FID,10,3861,8836,0,0,1
FID,10,3912,8887,0,0,1
FID,10,3918,8893,0,0,1
FID,10,3937,8912,0,1,0
FID,10,3940,8915,0,0,1
FID,10,3954,8929,0,0,1
FID,10,3994,8969,0,0,1
FID,10,4013,8988,0,0,1
FID,10,4025,9000,0,0,1
FID,10,4028,9003,0,0,1
FID,10,4033,9008,0,0,1
FID,10,4038,9013,0,0,1
FID,10,4042,9017,0,0,1
FID,10,4052,9027,0,0,1
FID,10,4055,9030,0,0,1
FID,10,4068,9043,0,1,0
FID,10,4072,9047,0,0,1
FID,10,4073,9048,0,0,1
FID,10,4078,9053,0,0,1
FID,10,4089,9064,0,0,1
FID,10,4093,9068,0,0,1
FID,10,4097,9072,0,0,1
FID,10,4101,9076,0,0,1
FID,10,4104,9079,0,0,1
FID,10,4110,9085,0,0,1
FID,10,4120,9095,0,0,1
FID,10,4126,9101,0,0,1
FID,10,4131,9106,0,0,1
FID,10,4133,9108,0,0,1
FID,10,4143,9118,0,1,0
FID,10,4147,9122,0,0,1
FID,10,4156,9131,0,0,1
FID,10,4164,9139,0,0,1
FID,10,4165,9140,0,0,1
FID,10,4201,9176,0,0,1
FID,10,4204,9179,0,0,1
FID,10,4210,9185,0,0,1
FID,10,4217,9192,0,0,1
FID,10,4226,9201,0,0,1
FID,10,4227,9202,0,0,1
FID,10,4229,9204,0,0,1
FID,10,4230,9205,0,0,1
FID,10,4233,9208,0,0,1
FID,10,4261,9236,0,0,1
FID,10,4263,9238,0,0,1
FID,10,4303,9278,0,0,1
FID,10,4313,9288,0,0,1
FID,10,4325,9300,0,0,1
FID,10,4327,9302,0,0,1
FID,10,4339,9314,0,0,1
FID,10,4349,9324,0,0,1
FID,10,4352,9327,0,0,1
FID,10,4354,9329,0,0,1
FID,10,4360,9335,0,0,1
FID,10,4376,9351,0,0,1
FID,10,4409,9384,0,0,1
FID,10,4413,9388,0,0,1
FID,10,4429,9404,0,0,1
FID,10,4436,9411,0,0,1
FID,10,4439,9414,0,0,1
FID,10,4449,9424,0,0,1
FID,10,4456,9431,0,0,1
FID,10,4469,9444,0,0,1
FID,10,4479,9454,0,0,1
FID,10,4485,9460,0,0,1
FID,10,4495,9470,0,0,1
FID,10,4504,9479,0,0,1
FID,10,4526,9501,0,0,1
FID,10,4540,9515,0,0,1
FID,10,4568,9543,0,0,1
FID,10,4574,9549,0,0,1
FID,10,4592,9567,0,0,1
FID,10,4595,9570,0,0,1
FID,10,4617,9592,0,0,1
FID,10,4620,9595,0,0,1
FID,10,4624,9599,0,0,1
FID,10,4631,9606,0,0,1
GLI,1,4660,9635,1,1,1
GLI,1,4661,9636,1,1,1
GLI,1,4684,9659,1,0,0
GLI,1,4689,9664,1,1,1
GLI,1,4692,9667,1,1,1
GLI,1,4693,9668,1,1,1
GLI,1,4700,9675,1,0,0
GLI,1,4702,9677,1,1,1
GLI,1,4706,9681,1,1,1
GLI,1,4719,9694,1,1,1
GLI,1,4723,9698,1,1,1
GLI,1,4728,9703,1,1,1
GLI,1,4767,9742,1,1,1
GLI,1,4773,9748,1,1,1
GLI,1,4779,9754,1,1,1
GLI,1,4785,9760,1,1,1
GLI,1,4811,9786,1,1,1
GLI,1,4821,9796,1,1,1
GLI,1,4823,9798,1,1,1
GLI,1,4824,9799,1,0,0
GLI,1,4827,9802,1,1,1
GLI,1,4833,9808,1,1,1
GLI,1,4837,9812,1,0,0
GLI,1,4853,9828,1,1,1
GLI,1,4873,9848,1,1,1
GLI,1,4883,9858,1,1,1
GLI,1,4887,9862,1,1,1
GLI,1,4888,9863,1,0,0
GLI,1,4903,9878,1,1,1
GLI,1,4906,9881,1,1,1
GLI,1,4915,9890,1,1,1
GLI,1,4934,9909,1,1,1
GLI,1,4938,9913,1,1,1
GLI,1,4942,9917,1,1,1
GLI,1,4951,9926,1,1,1
GLI,1,4965,9940,1,1,1
GLI,1,4967,9942,1,1,1
GLI,1,5017,9992,1,1,1
GLI,1,5025,10000,1,1,1
GLI,1,5029,10004,1,1,1
GLI,1,5053,10028,1,1,1
GLI,1,5060,10035,1,1,1
GLI,1,5062,10037,1,1,1
GLI,1,5081,10056,1,1,1
GLI,1,5084,10059,1,1,1
GLI,1,5127,10102,1,1,1
GLI,1,5138,10113,1,1,1
GLI,1,5143,10118,1,1,1
GLI,1,5155,10130,1,1,1
GLI,1,5171,10146,1,1,1
GLI,1,5174,10149,1,1,1
GLI,1,5183,10158,1,1,1
GLI,1,5184,10159,1,1,1
GLI,1,5193,10168,1,1,1
GLI,1,5199,10174,1,1,1
GLI,1,5201,10176,1,1,1
GLI,1,5205,10180,1,1,1
GLI,1,5215,10190,1,1,1
GLI,1,5220,10195,1,1,1
GLI,1,5239,10214,1,1,1
GLI,1,5243,10218,1,0,0
GLI,1,5244,10219,1,1,1
GLI,1,5251,10226,1,1,1
GLI,1,5252,10227,1,1,1
GLI,1,5260,10235,1,1,1
GLI,1,5262,10237,1,1,1
GLI,1,5273,10248,1,1,1
GLI,1,5275,10250,1,1,1
GLI,1,5286,10261,1,1,1
GLI,1,5295,10270,1,1,1
GLI,1,5303,10278,1,1,1
GLI,1,5305,10280,1,1,1
GLI,1,5310,10285,1,1,1
GLI,1,5323,10298,1,1,1
GLI,1,5326,10301,1,1,1
GLI,1,5328,10303,1,1,1
GLI,1,5344,10319,1,1,1
GLI,1,5347,10322,1,1,1
GLI,1,5364,10339,1,1,1
GLI,1,5376,10351,1,1,1
GLI,1,5377,10352,1,1,1
GLI,1,5380,10355,1,1,1
GLI,1,5384,10359,1,0,0
GLI,1,5390,10365,1,1,1
GLI,1,5405,10380,1,0,0
GLI,1,5407,10382,1,1,1
GLI,1,5413,10388,1,1,1
GLI,1,5452,10427,1,1,1
GLI,1,5453,10428,1,1,1
GLI,1,5470,10445,1,1,1
GLI,1,5476,10451,1,1,1
GLI,1,5480,10455,1,1,1
GLI,1,5484,10459,1,1,1
GLI,1,5489,10464,1,1,1
GLI,1,5497,10472,1,1,1
GLI,1,5501,10476,1,1,1
GLI,1,5507,10482,1,1,1
GLI,1,5511,10486,1,1,1
GLI,1,5519,10494,1,1,1
GLI,1,5521,10496,1,1,1
GLI,1,5530,10505,1,1,1
GLI,1,5536,10511,1,1,1
GLI,1,5541,10516,1,1,1
GLI,1,5570,10545,1,1,1
GLI,1,5575,10550,1,1,1
GLI,1,5581,10556,1,1,1
GLI,1,5582,10557,1,1,1
GLI,1,5599,10574,1,1,1
GLI,1,5613,10588,1,0,0
GLI,1,5626,10601,1,1,1
GLI,1,5645,10620,1,1,1
GLI,1,5647,10622,1,1,1
GLI,1,5670,10645,1,1,1
GLI,1,5674,10649,1,1,1
GLI,1,5676,10651,1,1,1
GLI,1,5682,10657,1,1,1
GLI,1,5699,10674,1,1,1
GLI,1,5710,10685,1,1,1
GLI,1,5726,10701,1,1,1
GLI,1,5741,10716,1,1,1
GLI,1,5743,10718,1,1,1
GLI,1,5775,10750,1,1,1
GLI,1,5784,10759,1,1,1
GLI,1,5811,10786,1,1,1
GLI,1,5842,10817,1,1,1
GLI,1,5844,10819,1,1,1
GLI,1,5845,10820,1,1,1
GLI,1,5847,10822,1,1,1
GLI,1,5858,10833,1,0,0
GLI,1,5870,10845,1,1,1
GLI,1,5901,10876,1,1,1
GLI,1,5904,10879,1,1,1
GLI,1,5914,10889,1,1,1
GLI,1,5924,10899,1,1,1
GLI,1,5929,10904,1,1,1
GLI,1,5937,10912,1,1,1
GLI,1,5956,10931,1,1,1
GLI,1,5978,10953,1,1,1
GLI,1,6005,10980,1,1,1
GLI,1,6014,10989,1,1,1
GLI,1,6024,10999,1,1,1
GLI,1,6025,11000,1,1,1
GLI,1,6026,11001,1,1,1
GLI,1,6030,11005,1,0,0
GLI,1,6041,11016,1,0,0
GLI,1,6078,11053,1,1,1
GLI,1,6085,11060,1,1,1
GLI,1,6092,11067,1,1,1
GLI,1,6100,11075,1,0,0
GLI,1,6109,11084,1,1,1
GLI,1,6110,11085,1,1,1
GLI,1,6122,11097,1,1,1
GLI,1,6130,11105,1,1,1
GLI,1,6141,11116,1,1,1
GLI,1,6147,11122,1,1,1
GLI,1,6173,11148,1,1,1
GLI,1,6187,11162,1,1,1
GLI,1,6204,11179,1,1,1
GLI,1,6212,11187,1,1,1
GLI,1,6215,11190,1,1,1
GLI,1,6222,11197,1,1,1
GLI,1,6223,11198,1,1,1
GLI,1,6230,11205,1,1,1
GLI,1,6257,11232,1,1,1
GLI,1,6260,11235,1,1,1
GLI,1,6267,11242,1,1,1
GLI,1,6298,11273,1,1,1
GLI,1,6323,11298,1,1,1
GLI,1,6329,11304,1,1,1
GLI,1,6331,11306,1,0,0
GLI,1,6345,11320,1,1,1
GLI,1,6356,11331,1,1,1
GLI,1,6368,11343,1,1,1
GLI,1,6379,11354,1,1,1
GLI,1,6394,11369,1,1,1
GLI,1,6409,11384,1,1,1
GLI,1,6432,11407,1,1,1
GLI,1,6433,11408,1,1,1
GLI,1,6437,11412,1,1,1
GLI,1,6439,11414,1,1,1
GLI,1,6450,11425,1,1,1
GLI,1,6451,11426,1,1,1
GLI,1,6459,11434,1,1,1
GLI,1,6481,11456,1,1,1
GLI,1,6488,11463,1,1,1
GLI,1,6489,11464,1,1,1
GLI,1,6524,11499,1,0,0
GLI,1,6537,11512,1,1,1
GLI,1,6558,11533,1,0,0
GLI,1,6575,11550,1,1,1
GLI,1,6582,11557,1,1,1
GLI,1,6592,11567,1,1,1
GLI,1,6598,11573,1,1,1
GLI,1,6600,11575,1,0,0
GLI,1,6605,11580,1,1,1
GLI,1,6616,11591,1,1,1
GLI,1,6618,11593,1,1,1
GLI,1,6620,11595,1,0,0
GLI,1,6622,11597,1,1,1
GLI,1,6623,11598,1,1,1
GLI,1,6630,11605,1,1,1
GLI,1,6637,11612,1,1,1
GLI,1,6660,11635,1,1,1
GLI,1,6662,11637,1,1,1
GLI,1,6663,11638,1,1,1
GLI,1,6667,11642,1,1,1
GLI,1,6680,11655,1,1,1
GLI,1,6681,11656,1,1,1
GLI,1,6683,11658,1,1,1
GLI,1,6694,11669,1,1,1
GLI,1,6712,11687,1,1,1
GLI,1,6725,11700,1,1,1
GLI,1,6738,11713,1,1,1
GLI,1,6749,11724,1,1,1
GLI,1,6787,11762,1,1,1
GLI,1,6797,11772,1,1,1
GLI,1,6809,11784,0,0,1
GLI,1,6818,11793,0,0,1
GLI,1,6822,11797,0,0,1
GLI,1,6833,11808,0,0,1
GLI,1,6846,11821,0,0,1
GLI,1,6866,11841,0,0,1
GLI,1,6872,11847,0,0,1
GLI,1,6887,11862,0,0,1
GLI,1,6909,11884,0,0,1
GLI,1,6913,11888,0,0,1
GLI,1,6917,11892,0,0,1
GLI,1,6930,11905,0,0,1
GLI,1,6933,11908,0,0,1
GLI,1,6934,11909,0,0,1
GLI,1,6937,11912,0,0,1
GLI,1,6957,11932,0,0,1
GLI,1,6962,11937,0,0,1
GLI,1,6980,11955,0,0,1
GLI,1,6984,11959,0,0,1
GLI,1,6987,11962,0,0,1
GLI,1,7008,11983,0,0,1
GLI,1,7010,11985,0,0,1
GLI,1,7012,11987,0,0,1
GLI,1,7014,11989,0,0,1
GLI,1,7018,11993,0,0,1
GLI,1,7027,12002,0,0,1
GLI,1,7035,12010,0,0,1
GLI,1,7039,12014,0,0,1
GLI,1,7047,12022,0,0,1
GLI,1,7055,12030,0,0,1
GLI,1,7082,12057,0,0,1
GLI,1,7083,12058,0,0,1
GLI,1,7090,12065,0,0,1
GLI,1,7094,12069,0,0,1
GLI,1,7095,12070,0,0,1
GLI,1,7101,12076,0,0,1
GLI,1,7120,12095,0,0,1
GLI,1,7132,12107,0,0,1
GLI,1,7135,12110,0,0,1
GLI,1,7145,12120,0,0,1
GLI,1,7149,12124,0,0,1
GLI,1,7176,12151,0,0,1
GLI,1,7180,12155,0,0,1
GLI,1,7189,12164,0,0,1
GLI,1,7234,12209,0,0,1
GLI,1,7246,12221,0,0,1
GLI,1,7251,12226,0,0,1
GLI,1,7275,12250,0,0,1
GLI,1,7276,12251,0,0,1
GLI,1,7277,12252,0,0,1
GLI,1,7303,12278,0,0,1
GLI,1,7332,12307,0,0,1
GLI,1,7341,12316,0,0,1
GLI,1,7343,12318,0,0,1
GLI,1,7348,12323,0,0,1
GLI,1,7358,12333,0,0,1
GLI,1,7376,12351,0,0,1
GLI,1,7392,12367,0,0,1
GLI,1,7396,12371,0,0,1
GLI,1,7412,12387,0,0,1
GLI,1,7414,12389,0,1,0
GLI,1,7415,12390,0,0,1
GLI,1,7426,12401,0,0,1
GLI,1,7434,12409,0,0,1
GLI,1,7444,12419,0,0,1
GLI,1,7470,12445,0,0,1
GLI,1,7472,12447,0,0,1
GLI,1,7476,12451,0,0,1
GLI,1,7484,12459,0,0,1
GLI,1,7485,12460,0,0,1
GLI,1,7495,12470,0,0,1
GLI,1,7500,12475,0,0,1
GLI,1,7503,12478,0,0,1
GLI,1,7509,12484,0,0,1
GLI,1,7516,12491,0,0,1
GLI,1,7527,12502,0,0,1
GLI,1,7541,12516,0,0,1
GLI,1,7547,12522,0,0,1
GLI,1,7556,12531,0,0,1
GLI,1,7575,12550,0,0,1
GLI,1,7586,12561,0,0,1
GLI,1,7603,12578,0,0,1
GLI,1,7633,12608,0,1,0
GLI,1,7635,12610,0,0,1
GLI,1,7640,12615,0,0,1
GLI,1,7646,12621,0,0,1
GLI,1,7660,12635,0,0,1
GLI,1,7666,12641,0,0,1
GLI,1,7671,12646,0,0,1
GLI,1,7685,12660,0,0,1
GLI,1,7688,12663,0,0,1
GLI,1,7693,12668,0,0,1
GLI,1,7708,12683,0,0,1
GLI,1,7709,12684,0,0,1
GLI,1,7732,12707,0,0,1
GLI,1,7737,12712,0,0,1
GLI,1,7746,12721,0,0,1
GLI,1,7750,12725,0,0,1
GLI,1,7752,12727,0,0,1
GLI,1,7754,12729,0,0,1
GLI,1,7770,12745,0,0,1
GLI,1,7788,12763,0,0,1
GLI,1,7799,12774,0,0,1
GLI,1,7800,12775,0,0,1
GLI,1,7802,12777,0,0,1
GLI,1,7803,12778,0,0,1
GLI,1,7804,12779,0,0,1
GLI,1,7820,12795,0,0,1
GLI,1,7833,12808,0,0,1
GLI,1,7836,12811,0,0,1
GLI,1,7844,12819,0,0,1
GLI,1,7845,12820,0,0,1
GLI,1,7846,12821,0,0,1
GLI,1,7857,12832,0,0,1
GLI,1,7861,12836,0,0,1
GLI,1,7864,12839,0,0,1
GLI,1,7878,12853,0,0,1
GLI,1,7890,12865,0,0,1
GLI,1,7909,12884,0,0,1
GLI,1,7914,12889,0,0,1
GLI,1,7918,12893,0,0,1
GLI,1,7929,12904,0,0,1
GLI,1,7935,12910,0,0,1
GLI,1,7940,12915,0,0,1
GLI,1,7955,12930,0,0,1
GLI,1,7959,12934,0,0,1
GLI,1,7962,12937,0,0,1
GLI,1,7991,12966,0,0,1
GLI,1,8006,12981,0,1,0
GLI,1,8016,12991,0,0,1
GLI,1,8052,13027,0,0,1
GLI,1,8063,13038,0,0,1
GLI,1,8098,13073,0,0,1
GLI,1,8116,13091,0,0,1
GLI,1,8122,13097,0,0,1
GLI,1,8123,13098,0,0,1
GLI,1,8133,13108,0,0,1
GLI,1,8140,13115,0,0,1
GLI,1,8143,13118,0,0,1
GLI,1,8145,13120,0,0,1
GLI,1,8156,13131,0,0,1
GLI,1,8159,13134,0,0,1
GLI,1,8172,13147,0,0,1
GLI,1,8182,13157,0,0,1
GLI,1,8188,13163,0,0,1
GLI,1,8200,13175,0,0,1
GLI,1,8204,13179,0,0,1
GLI,1,8219,13194,0,0,1
GLI,1,8236,13211,0,0,1
GLI,1,8238,13213,0,0,1
GLI,1,8239,13214,0,0,1
GLI,1,8245,13220,0,0,1
GLI,1,8246,13221,0,0,1
GLI,1,8250,13225,0,0,1
GLI,1,8270,13245,0,0,1
GLI,1,8276,13251,0,0,1
GLI,1,8294,13269,0,0,1
GLI,1,8319,13294,0,0,1
GLI,1,8321,13296,0,0,1
GLI,1,8327,13302,0,0,1
GLI,1,8334,13309,0,0,1
GLI,1,8336,13311,0,1,0
GLI,1,8343,13318,0,0,1
GLI,1,8350,13325,0,0,1
GLI,1,8365,13340,0,0,1
GLI,1,8396,13371,0,0,1
GLI,1,8414,13389,0,0,1
GLI,1,8421,13396,0,0,1
GLI,1,8423,13398,0,1,0
GLI,1,8437,13412,0,0,1
GLI,1,8450,13425,0,0,1
GLI,1,8471,13446,0,0,1
GLI,1,8492,13467,0,0,1
GLI,1,8519,13494,0,0,1
GLI,1,8547,13522,0,0,1
GLI,1,8558,13533,0,0,1
GLI,1,8571,13546,0,0,1
GLI,1,8577,13552,0,0,1
GLI,1,8578,13553,0,0,1
GLI,1,8589,13564,0,0,1
GLI,1,8598,13573,0,0,1
GLI,1,8607,13582,0,0,1
GLI,1,8611,13586,0,0,1
GLI,1,8620,13595,0,0,1
GLI,1,8622,13597,0,0,1
GLI,1,8626,13601,0,0,1
GLI,1,8630,13605,0,0,1
GLI,1,8641,13616,0,0,1
GLI,1,8656,13631,0,0,1
GLI,1,8667,13642,0,0,1
GLI,1,8687,13662,0,0,1
GLI,1,8692,13667,0,0,1
GLI,1,8697,13672,0,0,1
GLI,1,8709,13684,0,0,1
GLI,1,8744,13719,0,0,1
GLI,1,8748,13723,0,0,1
GLI,1,8749,13724,0,0,1
GLI,1,8757,13732,0,0,1
GLI,1,8774,13749,0,0,1
GLI,1,8785,13760,0,0,1
GLI,1,8803,13778,0,0,1
GLI,1,8824,13799,0,0,1
GLI,1,8831,13806,0,0,1
GLI,1,8838,13813,0,0,1
GLI,2,4662,9637,1,1,1
GLI,2,4663,9638,1,1,1
GLI,2,4679,9654,1,1,1
GLI,2,4687,9662,1,1,1
GLI,2,4705,9680,1,1,1
GLI,2,4707,9682,1,1,1
GLI,2,4712,9687,1,1,1
GLI,2,4720,9695,1,1,1
GLI,2,4739,9714,1,1,1
GLI,2,4748,9723,1,1,1
GLI,2,4752,9727,1,1,1
GLI,2,4757,9732,1,1,1
GLI,2,4762,9737,1,1,1
GLI,2,4764,9739,1,1,1
GLI,2,4778,9753,1,1,1
GLI,2,4782,9757,1,1,1
GLI,2,4786,9761,1,1,1
GLI,2,4804,9779,1,1,1
GLI,2,4816,9791,1,1,1
GLI,2,4829,9804,1,1,1
GLI,2,4831,9806,1,1,1
GLI,2,4835,9810,1,1,1
GLI,2,4841,9816,1,1,1
GLI,2,4858,9833,1,1,1
GLI,2,4863,9838,1,1,1
GLI,2,4875,9850,1,1,1
GLI,2,4907,9882,1,1,1
GLI,2,4919,9894,1,1,1
GLI,2,4922,9897,1,1,1
GLI,2,4936,9911,1,1,1
GLI,2,4948,9923,1,1,1
GLI,2,4964,9939,1,1,1
GLI,2,4983,9958,1,1,1
GLI,2,5009,9984,1,1,1
GLI,2,5015,9990,1,1,1
GLI,2,5021,9996,1,1,1
GLI,2,5055,10030,1,1,1
GLI,2,5063,10038,1,1,1
GLI,2,5070,10045,1,1,1
GLI,2,5072,10047,1,1,1
GLI,2,5085,10060,1,1,1
GLI,2,5086,10061,1,1,1
GLI,2,5111,10086,1,1,1
GLI,2,5115,10090,1,1,1
GLI,2,5116,10091,1,1,1
GLI,2,5118,10093,1,1,1
GLI,2,5121,10096,1,1,1
GLI,2,5130,10105,1,1,1
GLI,2,5133,10108,1,0,0
GLI,2,5157,10132,1,1,1
GLI,2,5158,10133,1,1,1
GLI,2,5168,10143,1,1,1
GLI,2,5176,10151,1,1,1
GLI,2,5178,10153,1,1,1
GLI,2,5190,10165,1,1,1
GLI,2,5191,10166,1,0,0
GLI,2,5202,10177,1,1,1
GLI,2,5209,10184,1,0,0
GLI,2,5214,10189,1,1,1
GLI,2,5255,10230,1,1,1
GLI,2,5265,10240,1,1,1
GLI,2,5281,10256,1,1,1
GLI,2,5292,10267,1,1,1
GLI,2,5302,10277,1,1,1
GLI,2,5324,10299,1,1,1
GLI,2,5362,10337,1,1,1
GLI,2,5381,10356,1,1,1
GLI,2,5382,10357,1,1,1
GLI,2,5385,10360,1,1,1
GLI,2,5404,10379,1,1,1
GLI,2,5423,10398,1,1,1
GLI,2,5425,10400,1,1,1
GLI,2,5439,10414,1,0,0
GLI,2,5444,10419,1,1,1
GLI,2,5450,10425,1,1,1
GLI,2,5469,10444,1,1,1
GLI,2,5471,10446,1,1,1
GLI,2,5473,10448,1,1,1
GLI,2,5486,10461,1,1,1
GLI,2,5503,10478,1,1,1
GLI,2,5506,10481,1,1,1
GLI,2,5538,10513,1,1,1
GLI,2,5545,10520,1,1,1
GLI,2,5557,10532,1,1,1
GLI,2,5567,10542,1,1,1
GLI,2,5580,10555,1,1,1
GLI,2,5591,10566,1,1,1
GLI,2,5601,10576,1,1,1
GLI,2,5604,10579,1,1,1
GLI,2,5623,10598,1,1,1
GLI,2,5633,10608,1,1,1
GLI,2,5641,10616,1,1,1
GLI,2,5649,10624,1,1,1
GLI,2,5653,10628,1,1,1
GLI,2,5655,10630,1,1,1
GLI,2,5656,10631,1,1,1
GLI,2,5660,10635,1,1,1
GLI,2,5694,10669,1,1,1
GLI,2,5714,10689,1,1,1
GLI,2,5722,10697,1,1,1
GLI,2,5725,10700,1,1,1
GLI,2,5727,10702,1,1,1
GLI,2,5739,10714,1,1,1
GLI,2,5746,10721,1,1,1
GLI,2,5750,10725,1,1,1
GLI,2,5751,10726,1,1,1
GLI,2,5753,10728,1,1,1
GLI,2,5762,10737,1,1,1
GLI,2,5781,10756,1,1,1
GLI,2,5783,10758,1,1,1
GLI,2,5793,10768,1,1,1
GLI,2,5801,10776,1,1,1
GLI,2,5803,10778,1,1,1
GLI,2,5824,10799,1,1,1
GLI,2,5826,10801,1,1,1
GLI,2,5829,10804,1,1,1
GLI,2,5831,10806,1,0,0
GLI,2,5848,10823,1,1,1
GLI,2,5853,10828,1,1,1
GLI,2,5866,10841,1,1,1
GLI,2,5871,10846,1,1,1
GLI,2,5935,10910,1,1,1
GLI,2,5940,10915,1,1,1
GLI,2,5945,10920,1,1,1
GLI,2,5981,10956,1,1,1
GLI,2,6015,10990,1,1,1
GLI,2,6028,11003,1,1,1
GLI,2,6049,11024,1,0,0
GLI,2,6050,11025,1,1,1
GLI,2,6053,11028,1,1,1
GLI,2,6057,11032,1,1,1
GLI,2,6062,11037,1,1,1
GLI,2,6066,11041,1,1,1
GLI,2,6075,11050,1,1,1
GLI,2,6077,11052,1,1,1
GLI,2,6080,11055,1,1,1
GLI,2,6096,11071,1,1,1
GLI,2,6101,11076,1,1,1
GLI,2,6111,11086,1,1,1
GLI,2,6114,11089,1,1,1
GLI,2,6123,11098,1,0,0
GLI,2,6137,11112,1,1,1
GLI,2,6148,11123,1,1,1
GLI,2,6165,11140,1,1,1
GLI,2,6176,11151,1,1,1
GLI,2,6191,11166,1,1,1
GLI,2,6198,11173,1,1,1
GLI,2,6208,11183,1,1,1
GLI,2,6214,11189,1,1,1
GLI,2,6225,11200,1,1,1
GLI,2,6231,11206,1,1,1
GLI,2,6233,11208,1,1,1
GLI,2,6236,11211,1,1,1
GLI,2,6238,11213,1,1,1
GLI,2,6243,11218,1,1,1
GLI,2,6249,11224,1,1,1
GLI,2,6251,11226,1,1,1
GLI,2,6255,11230,1,1,1
GLI,2,6265,11240,1,1,1
GLI,2,6273,11248,1,1,1
GLI,2,6276,11251,1,1,1
GLI,2,6285,11260,1,1,1
GLI,2,6302,11277,1,1,1
GLI,2,6305,11280,1,1,1
GLI,2,6306,11281,1,1,1
GLI,2,6317,11292,1,1,1
GLI,2,6325,11300,1,1,1
GLI,2,6326,11301,1,1,1
GLI,2,6328,11303,1,1,1
GLI,2,6333,11308,1,1,1
GLI,2,6339,11314,1,1,1
GLI,2,6342,11317,1,1,1
GLI,2,6362,11337,1,1,1
GLI,2,6382,11357,1,1,1
GLI,2,6383,11358,1,1,1
GLI,2,6390,11365,1,1,1
GLI,2,6393,11368,1,1,1
GLI,2,6397,11372,1,1,1
GLI,2,6400,11375,1,1,1
GLI,2,6404,11379,1,1,1
GLI,2,6406,11381,1,1,1
GLI,2,6408,11383,1,1,1
GLI,2,6457,11432,1,1,1
GLI,2,6461,11436,1,1,1
GLI,2,6462,11437,1,1,1
GLI,2,6470,11445,1,1,1
GLI,2,6486,11461,1,1,1
GLI,2,6490,11465,1,0,0
GLI,2,6497,11472,1,1,1
GLI,2,6514,11489,1,1,1
GLI,2,6522,11497,1,1,1
GLI,2,6527,11502,1,1,1
GLI,2,6546,11521,1,1,1
GLI,2,6553,11528,1,1,1
GLI,2,6557,11532,1,1,1
GLI,2,6568,11543,1,1,1
GLI,2,6570,11545,1,1,1
GLI,2,6589,11564,1,1,1
GLI,2,6612,11587,1,1,1
GLI,2,6628,11603,1,1,1
GLI,2,6632,11607,1,1,1
GLI,2,6646,11621,1,1,1
GLI,2,6657,11632,1,1,1
GLI,2,6673,11648,1,1,1
GLI,2,6693,11668,1,1,1
GLI,2,6696,11671,1,1,1
GLI,2,6706,11681,1,1,1
GLI,2,6719,11694,1,1,1
GLI,2,6731,11706,1,1,1
GLI,2,6741,11716,1,1,1
GLI,2,6743,11718,1,1,1
GLI,2,6757,11732,1,1,1
GLI,2,6764,11739,1,1,1
GLI,2,6775,11750,1,1,1
GLI,2,6783,11758,1,1,1
GLI,2,6805,11780,0,0,1
GLI,2,6812,11787,0,1,0
GLI,2,6823,11798,0,0,1
GLI,2,6827,11802,0,0,1
GLI,2,6854,11829,0,0,1
GLI,2,6863,11838,0,0,1
GLI,2,6881,11856,0,0,1
GLI,2,6884,11859,0,0,1
GLI,2,6893,11868,0,0,1
GLI,2,6924,11899,0,0,1
GLI,2,6942,11917,0,0,1
GLI,2,6946,11921,0,0,1
GLI,2,6948,11923,0,0,1
GLI,2,6952,11927,0,0,1
GLI,2,6959,11934,0,1,0
GLI,2,6966,11941,0,0,1
GLI,2,6970,11945,0,1,0
GLI,2,6993,11968,0,0,1
GLI,2,7068,12043,0,0,1
GLI,2,7073,12048,0,0,1
GLI,2,7076,12051,0,0,1
GLI,2,7085,12060,0,0,1
GLI,2,7096,12071,0,0,1
GLI,2,7122,12097,0,0,1
GLI,2,7141,12116,0,0,1
GLI,2,7143,12118,0,0,1
GLI,2,7161,12136,0,0,1
GLI,2,7162,12137,0,0,1
GLI,2,7168,12143,0,0,1
GLI,2,7179,12154,0,0,1
GLI,2,7184,12159,0,0,1
GLI,2,7190,12165,0,0,1
GLI,2,7202,12177,0,0,1
GLI,2,7213,12188,0,0,1
GLI,2,7215,12190,0,0,1
GLI,2,7239,12214,0,0,1
GLI,2,7247,12222,0,0,1
GLI,2,7263,12238,0,0,1
GLI,2,7267,12242,0,0,1
GLI,2,7270,12245,0,0,1
GLI,2,7281,12256,0,0,1
GLI,2,7305,12280,0,0,1
GLI,2,7310,12285,0,0,1
GLI,2,7324,12299,0,0,1
GLI,2,7349,12324,0,1,0
GLI,2,7351,12326,0,0,1
GLI,2,7360,12335,0,0,1
GLI,2,7364,12339,0,0,1
GLI,2,7370,12345,0,0,1
GLI,2,7379,12354,0,0,1
GLI,2,7380,12355,0,0,1
GLI,2,7395,12370,0,0,1
GLI,2,7400,12375,0,0,1
GLI,2,7403,12378,0,0,1
GLI,2,7418,12393,0,0,1
GLI,2,7429,12404,0,0,1
GLI,2,7479,12454,0,0,1
GLI,2,7496,12471,0,0,1
GLI,2,7499,12474,0,0,1
GLI,2,7514,12489,0,0,1
GLI,2,7517,12492,0,0,1
GLI,2,7543,12518,0,0,1
GLI,2,7544,12519,0,0,1
GLI,2,7548,12523,0,0,1
GLI,2,7550,12525,0,0,1
GLI,2,7553,12528,0,0,1
GLI,2,7571,12546,0,0,1
GLI,2,7573,12548,0,0,1
GLI,2,7577,12552,0,0,1
GLI,2,7598,12573,0,0,1
GLI,2,7604,12579,0,0,1
GLI,2,7605,12580,0,0,1
GLI,2,7618,12593,0,0,1
GLI,2,7622,12597,0,0,1
GLI,2,7634,12609,0,0,1
GLI,2,7636,12611,0,0,1
GLI,2,7648,12623,0,0,1
GLI,2,7652,12627,0,0,1
GLI,2,7653,12628,0,0,1
GLI,2,7656,12631,0,0,1
GLI,2,7690,12665,0,0,1
GLI,2,7695,12670,0,0,1
GLI,2,7700,12675,0,0,1
GLI,2,7705,12680,0,0,1
GLI,2,7710,12685,0,0,1
GLI,2,7725,12700,0,0,1
GLI,2,7753,12728,0,0,1
GLI,2,7755,12730,0,0,1
GLI,2,7757,12732,0,1,0
GLI,2,7763,12738,0,0,1
GLI,2,7772,12747,0,0,1
GLI,2,7777,12752,0,0,1
GLI,2,7796,12771,0,0,1
GLI,2,7801,12776,0,0,1
GLI,2,7827,12802,0,0,1
GLI,2,7832,12807,0,0,1
GLI,2,7840,12815,0,0,1
GLI,2,7852,12827,0,0,1
GLI,2,7865,12840,0,0,1
GLI,2,7867,12842,0,0,1
GLI,2,7871,12846,0,0,1
GLI,2,7877,12852,0,0,1
GLI,2,7880,12855,0,0,1
GLI,2,7886,12861,0,0,1
GLI,2,7895,12870,0,0,1
GLI,2,7896,12871,0,0,1
GLI,2,7900,12875,0,0,1
GLI,2,7904,12879,0,0,1
GLI,2,7928,12903,0,0,1
GLI,2,7938,12913,0,0,1
GLI,2,7951,12926,0,0,1
GLI,2,7970,12945,0,0,1
GLI,2,7976,12951,0,0,1
GLI,2,7977,12952,0,0,1
GLI,2,7981,12956,0,0,1
GLI,2,7983,12958,0,0,1
GLI,2,7986,12961,0,0,1
GLI,2,7992,12967,0,0,1
GLI,2,8022,12997,0,0,1
GLI,2,8027,13002,0,0,1
GLI,2,8040,13015,0,0,1
GLI,2,8051,13026,0,0,1
GLI,2,8056,13031,0,0,1
GLI,2,8057,13032,0,0,1
GLI,2,8067,13042,0,0,1
GLI,2,8068,13043,0,0,1
GLI,2,8073,13048,0,0,1
GLI,2,8081,13056,0,0,1
GLI,2,8082,13057,0,0,1
GLI,2,8083,13058,0,0,1
GLI,2,8085,13060,0,0,1
GLI,2,8112,13087,0,0,1
GLI,2,8113,13088,0,0,1
GLI,2,8114,13089,0,1,0
GLI,2,8117,13092,0,0,1
GLI,2,8152,13127,0,0,1
GLI,2,8160,13135,0,0,1
GLI,2,8165,13140,0,0,1
GLI,2,8166,13141,0,0,1
GLI,2,8177,13152,0,0,1
GLI,2,8192,13167,0,0,1
GLI,2,8199,13174,0,0,1
GLI,2,8207,13182,0,0,1
GLI,2,8209,13184,0,0,1
GLI,2,8213,13188,0,0,1
GLI,2,8220,13195,0,0,1
GLI,2,8231,13206,0,0,1
GLI,2,8240,13215,0,0,1
GLI,2,8243,13218,0,0,1
GLI,2,8252,13227,0,0,1
GLI,2,8254,13229,0,0,1
GLI,2,8260,13235,0,0,1
GLI,2,8263,13238,0,0,1
GLI,2,8272,13247,0,0,1
GLI,2,8325,13300,0,0,1
GLI,2,8353,13328,0,0,1
GLI,2,8358,13333,0,0,1
GLI,2,8362,13337,0,0,1
GLI,2,8379,13354,0,0,1
GLI,2,8409,13384,0,0,1
GLI,2,8412,13387,0,0,1
GLI,2,8433,13408,0,0,1
GLI,2,8446,13421,0,0,1
GLI,2,8455,13430,0,0,1
GLI,2,8466,13441,0,0,1
GLI,2,8473,13448,0,0,1
GLI,2,8475,13450,0,0,1
GLI,2,8479,13454,0,0,1
GLI,2,8483,13458,0,0,1
GLI,2,8493,13468,0,0,1
GLI,2,8498,13473,0,0,1
GLI,2,8508,13483,0,0,1
GLI,2,8521,13496,0,0,1
GLI,2,8522,13497,0,0,1
GLI,2,8534,13509,0,0,1
GLI,2,8550,13525,0,0,1
GLI,2,8560,13535,0,0,1
GLI,2,8567,13542,0,0,1
GLI,2,8568,13543,0,0,1
GLI,2,8587,13562,0,0,1
GLI,2,8588,13563,0,0,1
GLI,2,8602,13577,0,0,1
GLI,2,8609,13584,0,0,1
GLI,2,8625,13600,0,0,1
GLI,2,8627,13602,0,0,1
GLI,2,8640,13615,0,0,1
GLI,2,8644,13619,0,0,1
GLI,2,8659,13634,0,0,1
GLI,2,8660,13635,0,0,1
GLI,2,8673,13648,0,0,1
GLI,2,8696,13671,0,0,1
GLI,2,8704,13679,0,0,1
GLI,2,8711,13686,0,0,1
GLI,2,8734,13709,0,0,1
GLI,2,8736,13711,0,0,1
GLI,2,8737,13712,0,0,1
GLI,2,8739,13714,0,0,1
GLI,2,8778,13753,0,0,1
GLI,2,8781,13756,0,0,1
GLI,2,8786,13761,0,0,1
GLI,2,8801,13776,0,0,1
GLI,2,8818,13793,0,0,1
GLI,2,8827,13802,0,0,1
GLI,2,8839,13814,0,0,1
GLI,2,8850,13825,0,0,1
GLI,3,4655,9630,1,1,1
GLI,3,4659,9634,1,1,1
GLI,3,4682,9657,1,1,1
GLI,3,4686,9661,1,1,1
GLI,3,4704,9679,1,1,1
GLI,3,4738,9713,1,0,0
GLI,3,4753,9728,1,1,1
GLI,3,4787,9762,1,1,1
GLI,3,4791,9766,1,1,1
GLI,3,4806,9781,1,1,1
GLI,3,4808,9783,1,1,1
GLI,3,4825,9800,1,1,1
GLI,3,4830,9805,1,1,1
GLI,3,4849,9824,1,1,1
GLI,3,4851,9826,1,1,1
GLI,3,4862,9837,1,1,1
GLI,3,4864,9839,1,1,1
GLI,3,4865,9840,1,1,1
GLI,3,4868,9843,1,1,1
GLI,3,4874,9849,1,1,1
GLI,3,4877,9852,1,1,1
GLI,3,4879,9854,1,1,1
GLI,3,4889,9864,1,1,1
GLI,3,4896,9871,1,1,1
GLI,3,4899,9874,1,1,1
GLI,3,4905,9880,1,1,1
GLI,3,4912,9887,1,1,1
GLI,3,4923,9898,1,1,1
GLI,3,4932,9907,1,1,1
GLI,3,4956,9931,1,1,1
GLI,3,4975,9950,1,1,1
GLI,3,4985,9960,1,1,1
GLI,3,4998,9973,1,1,1
GLI,3,5020,9995,1,1,1
GLI,3,5031,10006,1,1,1
GLI,3,5046,10021,1,1,1
GLI,3,5056,10031,1,1,1
GLI,3,5087,10062,1,1,1
GLI,3,5089,10064,1,1,1
GLI,3,5096,10071,1,1,1
GLI,3,5112,10087,1,1,1
GLI,3,5120,10095,1,1,1
GLI,3,5125,10100,1,1,1
GLI,3,5140,10115,1,1,1
GLI,3,5144,10119,1,1,1
GLI,3,5156,10131,1,1,1
GLI,3,5173,10148,1,1,1
GLI,3,5179,10154,1,1,1
GLI,3,5181,10156,1,1,1
GLI,3,5182,10157,1,1,1
GLI,3,5207,10182,1,1,1
GLI,3,5208,10183,1,0,0
GLI,3,5216,10191,1,0,0
GLI,3,5219,10194,1,1,1
GLI,3,5226,10201,1,1,1
GLI,3,5254,10229,1,1,1
GLI,3,5263,10238,1,1,1
GLI,3,5264,10239,1,1,1
GLI,3,5296,10271,1,1,1
GLI,3,5297,10272,1,1,1
GLI,3,5306,10281,1,1,1
GLI,3,5316,10291,1,1,1
GLI,3,5331,10306,1,1,1
GLI,3,5332,10307,1,1,1
GLI,3,5336,10311,1,1,1
GLI,3,5339,10314,1,1,1
GLI,3,5361,10336,1,1,1
GLI,3,5367,10342,1,1,1
GLI,3,5389,10364,1,1,1
GLI,3,5391,10366,1,1,1
GLI,3,5392,10367,1,1,1
GLI,3,5411,10386,1,0,0
GLI,3,5416,10391,1,0,0
GLI,3,5420,10395,1,1,1
GLI,3,5426,10401,1,1,1
GLI,3,5437,10412,1,1,1
GLI,3,5478,10453,1,1,1
GLI,3,5500,10475,1,1,1
GLI,3,5516,10491,1,1,1
GLI,3,5518,10493,1,1,1
GLI,3,5525,10500,1,1,1
GLI,3,5533,10508,1,1,1
GLI,3,5550,10525,1,1,1
GLI,3,5576,10551,1,1,1
GLI,3,5579,10554,1,1,1
GLI,3,5583,10558,1,1,1
GLI,3,5586,10561,1,1,1
GLI,3,5590,10565,1,1,1
GLI,3,5594,10569,1,1,1
GLI,3,5597,10572,1,1,1
GLI,3,5610,10585,1,1,1
GLI,3,5629,10604,1,1,1
GLI,3,5663,10638,1,1,1
GLI,3,5671,10646,1,1,1
GLI,3,5705,10680,1,1,1
GLI,3,5708,10683,1,1,1
GLI,3,5728,10703,1,1,1
GLI,3,5737,10712,1,1,1
GLI,3,5747,10722,1,1,1
GLI,3,5755,10730,1,1,1
GLI,3,5760,10735,1,1,1
GLI,3,5761,10736,1,1,1
GLI,3,5764,10739,1,1,1
GLI,3,5785,10760,1,1,1
GLI,3,5789,10764,1,1,1
GLI,3,5792,10767,1,1,1
GLI,3,5799,10774,1,0,0
GLI,3,5812,10787,1,1,1
GLI,3,5818,10793,1,1,1
GLI,3,5821,10796,1,1,1
GLI,3,5861,10836,1,0,0
GLI,3,5864,10839,1,0,0
GLI,3,5883,10858,1,1,1
GLI,3,5886,10861,1,0,0
GLI,3,5893,10868,1,1,1
GLI,3,5916,10891,1,1,1
GLI,3,5921,10896,1,1,1
GLI,3,5931,10906,1,1,1
GLI,3,5933,10908,1,1,1
GLI,3,5942,10917,1,1,1
GLI,3,5951,10926,1,1,1
GLI,3,5968,10943,1,1,1
GLI,3,5975,10950,1,1,1
GLI,3,5982,10957,1,1,1
GLI,3,5986,10961,1,1,1
GLI,3,5998,10973,1,1,1
GLI,3,6010,10985,1,1,1
GLI,3,6013,10988,1,1,1
GLI,3,6027,11002,1,1,1
GLI,3,6034,11009,1,1,1
GLI,3,6038,11013,1,1,1
GLI,3,6043,11018,1,1,1
GLI,3,6047,11022,1,1,1
GLI,3,6052,11027,1,1,1
GLI,3,6070,11045,1,1,1
GLI,3,6082,11057,1,1,1
GLI,3,6089,11064,1,1,1
GLI,3,6090,11065,1,1,1
GLI,3,6106,11081,1,1,1
GLI,3,6119,11094,1,1,1
GLI,3,6128,11103,1,1,1
GLI,3,6133,11108,1,1,1
GLI,3,6161,11136,1,0,0
GLI,3,6167,11142,1,1,1
GLI,3,6179,11154,1,1,1
GLI,3,6181,11156,1,1,1
GLI,3,6186,11161,1,1,1
GLI,3,6188,11163,1,1,1
GLI,3,6235,11210,1,1,1
GLI,3,6245,11220,1,1,1
GLI,3,6246,11221,1,1,1
GLI,3,6248,11223,1,1,1
GLI,3,6252,11227,1,1,1
GLI,3,6254,11229,1,1,1
GLI,3,6275,11250,1,1,1
GLI,3,6313,11288,1,1,1
GLI,3,6319,11294,1,1,1
GLI,3,6327,11302,1,1,1
GLI,3,6344,11319,1,1,1
GLI,3,6349,11324,1,1,1
GLI,3,6353,11328,1,1,1
GLI,3,6363,11338,1,1,1
GLI,3,6366,11341,1,1,1
GLI,3,6370,11345,1,1,1
GLI,3,6374,11349,1,1,1
GLI,3,6381,11356,1,1,1
GLI,3,6395,11370,1,1,1
GLI,3,6403,11378,1,1,1
GLI,3,6411,11386,1,1,1
GLI,3,6412,11387,1,1,1
GLI,3,6442,11417,1,1,1
GLI,3,6460,11435,1,1,1
GLI,3,6463,11438,1,1,1
GLI,3,6466,11441,1,1,1
GLI,3,6476,11451,1,1,1
GLI,3,6493,11468,1,1,1
GLI,3,6494,11469,1,1,1
GLI,3,6495,11470,1,1,1
GLI,3,6501,11476,1,1,1
GLI,3,6509,11484,1,1,1
GLI,3,6518,11493,1,1,1
GLI,3,6534,11509,1,1,1
GLI,3,6535,11510,1,1,1
GLI,3,6544,11519,1,1,1
GLI,3,6545,11520,1,1,1
GLI,3,6550,11525,1,1,1
GLI,3,6552,11527,1,1,1
GLI,3,6555,11530,1,1,1
GLI,3,6566,11541,1,0,0
GLI,3,6567,11542,1,1,1
GLI,3,6585,11560,1,0,0
GLI,3,6587,11562,1,1,1
GLI,3,6601,11576,1,1,1
GLI,3,6614,11589,1,1,1
GLI,3,6631,11606,1,1,1
GLI,3,6635,11610,1,1,1
GLI,3,6636,11611,1,1,1
GLI,3,6640,11615,1,1,1
GLI,3,6645,11620,1,0,0
GLI,3,6650,11625,1,1,1
GLI,3,6655,11630,1,1,1
GLI,3,6669,11644,1,1,1
GLI,3,6677,11652,1,1,1
GLI,3,6691,11666,1,1,1
GLI,3,6708,11683,1,1,1
GLI,3,6718,11693,1,1,1
GLI,3,6728,11703,1,1,1
GLI,3,6734,11709,1,1,1
GLI,3,6739,11714,1,1,1
GLI,3,6756,11731,1,1,1
GLI,3,6765,11740,1,1,1
GLI,3,6769,11744,1,1,1
GLI,3,6785,11760,1,1,1
GLI,3,6789,11764,1,1,1
GLI,3,6799,11774,1,1,1
GLI,3,6826,11801,0,0,1
GLI,3,6830,11805,0,0,1
GLI,3,6831,11806,0,0,1
GLI,3,6836,11811,0,0,1
GLI,3,6841,11816,0,0,1
GLI,3,6859,11834,0,0,1
GLI,3,6869,11844,0,0,1
GLI,3,6870,11845,0,0,1
GLI,3,6886,11861,0,0,1
GLI,3,6894,11869,0,0,1
GLI,3,6897,11872,0,0,1
GLI,3,6906,11881,0,0,1
GLI,3,6918,11893,0,0,1
GLI,3,6921,11896,0,0,1
GLI,3,6923,11898,0,0,1
GLI,3,6943,11918,0,0,1
GLI,3,6944,11919,0,0,1
GLI,3,6950,11925,0,0,1
GLI,3,6954,11929,0,0,1
GLI,3,6972,11947,0,0,1
GLI,3,6975,11950,0,0,1
GLI,3,6991,11966,0,0,1
GLI,3,7004,11979,0,0,1
GLI,3,7013,11988,0,0,1
GLI,3,7016,11991,0,0,1
GLI,3,7036,12011,0,0,1
GLI,3,7045,12020,0,0,1
GLI,3,7057,12032,0,0,1
GLI,3,7059,12034,0,0,1
GLI,3,7060,12035,0,0,1
GLI,3,7067,12042,0,0,1
GLI,3,7071,12046,0,0,1
GLI,3,7080,12055,0,0,1
GLI,3,7104,12079,0,0,1
GLI,3,7112,12087,0,0,1
GLI,3,7115,12090,0,0,1
GLI,3,7134,12109,0,0,1
GLI,3,7147,12122,0,0,1
GLI,3,7150,12125,0,0,1
GLI,3,7159,12134,0,1,0
GLI,3,7172,12147,0,0,1
GLI,3,7177,12152,0,0,1
GLI,3,7195,12170,0,0,1
GLI,3,7199,12174,0,0,1
GLI,3,7201,12176,0,0,1
GLI,3,7206,12181,0,0,1
GLI,3,7208,12183,0,0,1
GLI,3,7211,12186,0,0,1
GLI,3,7225,12200,0,0,1
GLI,3,7240,12215,0,0,1
GLI,3,7241,12216,0,0,1
GLI,3,7243,12218,0,0,1
GLI,3,7259,12234,0,1,0
GLI,3,7260,12235,0,0,1
GLI,3,7264,12239,0,0,1
GLI,3,7278,12253,0,0,1
GLI,3,7291,12266,0,0,1
GLI,3,7296,12271,0,0,1
GLI,3,7311,12286,0,0,1
GLI,3,7313,12288,0,0,1
GLI,3,7315,12290,0,0,1
GLI,3,7320,12295,0,0,1
GLI,3,7325,12300,0,0,1
GLI,3,7327,12302,0,0,1
GLI,3,7333,12308,0,0,1
GLI,3,7339,12314,0,0,1
GLI,3,7346,12321,0,0,1
GLI,3,7354,12329,0,0,1
GLI,3,7361,12336,0,0,1
GLI,3,7363,12338,0,1,0
GLI,3,7369,12344,0,0,1
GLI,3,7384,12359,0,0,1
GLI,3,7394,12369,0,0,1
GLI,3,7435,12410,0,0,1
GLI,3,7436,12411,0,0,1
GLI,3,7440,12415,0,0,1
GLI,3,7441,12416,0,0,1
GLI,3,7447,12422,0,0,1
GLI,3,7448,12423,0,1,0
GLI,3,7449,12424,0,0,1
GLI,3,7450,12425,0,0,1
GLI,3,7455,12430,0,0,1
GLI,3,7461,12436,0,0,1
GLI,3,7469,12444,0,0,1
GLI,3,7482,12457,0,0,1
GLI,3,7489,12464,0,0,1
GLI,3,7491,12466,0,0,1
GLI,3,7506,12481,0,0,1
GLI,3,7510,12485,0,0,1
GLI,3,7511,12486,0,0,1
GLI,3,7546,12521,0,0,1
GLI,3,7557,12532,0,0,1
GLI,3,7561,12536,0,0,1
GLI,3,7567,12542,0,0,1
GLI,3,7591,12566,0,0,1
GLI,3,7611,12586,0,0,1
GLI,3,7613,12588,0,0,1
GLI,3,7614,12589,0,0,1
GLI,3,7624,12599,0,0,1
GLI,3,7628,12603,0,0,1
GLI,3,7630,12605,0,0,1
GLI,3,7650,12625,0,0,1
GLI,3,7673,12648,0,0,1
GLI,3,7702,12677,0,0,1
GLI,3,7703,12678,0,0,1
GLI,3,7713,12688,0,0,1
GLI,3,7724,12699,0,0,1
GLI,3,7756,12731,0,0,1
GLI,3,7760,12735,0,0,1
GLI,3,7761,12736,0,0,1
GLI,3,7764,12739,0,0,1
GLI,3,7782,12757,0,1,0
GLI,3,7785,12760,0,0,1
GLI,3,7795,12770,0,0,1
GLI,3,7811,12786,0,0,1
GLI,3,7818,12793,0,0,1
GLI,3,7822,12797,0,0,1
GLI,3,7825,12800,0,0,1
GLI,3,7835,12810,0,0,1
GLI,3,7841,12816,0,0,1
GLI,3,7842,12817,0,0,1
GLI,3,7869,12844,0,0,1
GLI,3,7887,12862,0,1,0
GLI,3,7891,12866,0,0,1
GLI,3,7894,12869,0,0,1
GLI,3,7903,12878,0,0,1
GLI,3,7911,12886,0,0,1
GLI,3,7915,12890,0,0,1
GLI,3,7916,12891,0,0,1
GLI,3,7922,12897,0,0,1
GLI,3,7923,12898,0,0,1
GLI,3,7927,12902,0,0,1
GLI,3,7937,12912,0,1,0
GLI,3,7949,12924,0,0,1
GLI,3,7965,12940,0,0,1
GLI,3,7984,12959,0,0,1
GLI,3,8003,12978,0,0,1
GLI,3,8018,12993,0,0,1
GLI,3,8021,12996,0,0,1
GLI,3,8033,13008,0,0,1
GLI,3,8041,13016,0,0,1
GLI,3,8050,13025,0,0,1
GLI,3,8070,13045,0,0,1
GLI,3,8078,13053,0,0,1
GLI,3,8099,13074,0,0,1
GLI,3,8111,13086,0,0,1
GLI,3,8136,13111,0,0,1
GLI,3,8175,13150,0,0,1
GLI,3,8186,13161,0,0,1
GLI,3,8189,13164,0,0,1
GLI,3,8194,13169,0,0,1
GLI,3,8217,13192,0,0,1
GLI,3,8228,13203,0,0,1
GLI,3,8230,13205,0,0,1
GLI,3,8251,13226,0,0,1
GLI,3,8255,13230,0,0,1
GLI,3,8268,13243,0,0,1
GLI,3,8274,13249,0,0,1
GLI,3,8317,13292,0,0,1
GLI,3,8326,13301,0,0,1
GLI,3,8355,13330,0,1,0
GLI,3,8373,13348,0,0,1
GLI,3,8395,13370,0,1,0
GLI,3,8399,13374,0,0,1
GLI,3,8408,13383,0,0,1
GLI,3,8415,13390,0,0,1
GLI,3,8431,13406,0,0,1
GLI,3,8462,13437,0,0,1
GLI,3,8463,13438,0,0,1
GLI,3,8472,13447,0,0,1
GLI,3,8500,13475,0,0,1
GLI,3,8538,13513,0,0,1
GLI,3,8545,13520,0,0,1
GLI,3,8573,13548,0,0,1
GLI,3,8579,13554,0,0,1
GLI,3,8582,13557,0,0,1
GLI,3,8596,13571,0,1,0
GLI,3,8613,13588,0,0,1
GLI,3,8616,13591,0,0,1
GLI,3,8629,13604,0,0,1
GLI,3,8633,13608,0,0,1
GLI,3,8650,13625,0,0,1
GLI,3,8657,13632,0,0,1
GLI,3,8662,13637,0,0,1
GLI,3,8664,13639,0,0,1
GLI,3,8678,13653,0,0,1
GLI,3,8686,13661,0,0,1
GLI,3,8690,13665,0,0,1
GLI,3,8707,13682,0,0,1
GLI,3,8708,13683,0,0,1
GLI,3,8724,13699,0,0,1
GLI,3,8729,13704,0,0,1
GLI,3,8735,13710,0,0,1
GLI,3,8751,13726,0,0,1
GLI,3,8764,13739,0,0,1
GLI,3,8773,13748,0,0,1
GLI,3,8782,13757,0,0,1
GLI,3,8783,13758,0,0,1
GLI,3,8797,13772,0,0,1
GLI,3,8804,13779,0,0,1
GLI,3,8807,13782,0,0,1
GLI,3,8811,13786,0,0,1
GLI,3,8812,13787,0,0,1
GLI,3,8833,13808,0,0,1
GLI,3,8834,13809,0,0,1
GLI,4,4658,9633,1,1,1
GLI,4,4672,9647,1,1,1
GLI,4,4678,9653,1,1,1
GLI,4,4708,9683,1,1,1
GLI,4,4713,9688,1,1,1
GLI,4,4714,9689,1,1,1
GLI,4,4725,9700,1,1,1
GLI,4,4726,9701,1,1,1
GLI,4,4743,9718,1,1,1
GLI,4,4765,9740,1,1,1
GLI,4,4783,9758,1,1,1
GLI,4,4796,9771,1,1,1
GLI,4,4814,9789,1,1,1
GLI,4,4840,9815,1,1,1
GLI,4,4855,9830,1,1,1
GLI,4,4856,9831,1,1,1
GLI,4,4890,9865,1,1,1
GLI,4,4893,9868,1,1,1
GLI,4,4897,9872,1,1,1
GLI,4,4898,9873,1,1,1
GLI,4,4913,9888,1,1,1
GLI,4,4927,9902,1,1,1
GLI,4,4949,9924,1,1,1
GLI,4,4952,9927,1,1,1
GLI,4,4954,9929,1,1,1
GLI,4,4958,9933,1,1,1
GLI,4,4959,9934,1,1,1
GLI,4,4971,9946,1,1,1
GLI,4,4986,9961,1,1,1
GLI,4,4988,9963,1,1,1
GLI,4,4992,9967,1,1,1
GLI,4,4997,9972,1,1,1
GLI,4,5006,9981,1,1,1
GLI,4,5011,9986,1,1,1
GLI,4,5012,9987,1,1,1
GLI,4,5027,10002,1,1,1
GLI,4,5037,10012,1,1,1
GLI,4,5040,10015,1,1,1
GLI,4,5047,10022,1,1,1
GLI,4,5051,10026,1,1,1
GLI,4,5061,10036,1,1,1
GLI,4,5064,10039,1,1,1
GLI,4,5066,10041,1,1,1
GLI,4,5071,10046,1,1,1
GLI,4,5076,10051,1,1,1
GLI,4,5079,10054,1,1,1
GLI,4,5080,10055,1,1,1
GLI,4,5082,10057,1,1,1
GLI,4,5091,10066,1,1,1
GLI,4,5095,10070,1,1,1
GLI,4,5103,10078,1,1,1
GLI,4,5105,10080,1,1,1
GLI,4,5113,10088,1,1,1
GLI,4,5117,10092,1,1,1
GLI,4,5123,10098,1,1,1
GLI,4,5141,10116,1,1,1
GLI,4,5149,10124,1,1,1
GLI,4,5165,10140,1,1,1
GLI,4,5166,10141,1,1,1
GLI,4,5167,10142,1,1,1
GLI,4,5186,10161,1,1,1
GLI,4,5194,10169,1,1,1
GLI,4,5212,10187,1,1,1
GLI,4,5223,10198,1,1,1
GLI,4,5245,10220,1,1,1
GLI,4,5246,10221,1,1,1
GLI,4,5257,10232,1,0,0
GLI,4,5258,10233,1,1,1
GLI,4,5276,10251,1,1,1
GLI,4,5284,10259,1,1,1
GLI,4,5294,10269,1,1,1
GLI,4,5383,10358,1,1,1
GLI,4,5393,10368,1,1,1
GLI,4,5400,10375,1,1,1
GLI,4,5414,10389,1,1,1
GLI,4,5422,10397,1,1,1
GLI,4,5440,10415,1,1,1
GLI,4,5445,10420,1,0,0
GLI,4,5448,10423,1,1,1
GLI,4,5451,10426,1,1,1
GLI,4,5457,10432,1,1,1
GLI,4,5458,10433,1,1,1
GLI,4,5464,10439,1,1,1
GLI,4,5485,10460,1,1,1
GLI,4,5490,10465,1,1,1
GLI,4,5494,10469,1,1,1
GLI,4,5515,10490,1,1,1
GLI,4,5543,10518,1,1,1
GLI,4,5554,10529,1,1,1
GLI,4,5561,10536,1,1,1
GLI,4,5565,10540,1,1,1
GLI,4,5585,10560,1,1,1
GLI,4,5587,10562,1,1,1
GLI,4,5611,10586,1,1,1
GLI,4,5614,10589,1,1,1
GLI,4,5617,10592,1,0,0
GLI,4,5622,10597,1,1,1
GLI,4,5634,10609,1,1,1
GLI,4,5637,10612,1,1,1
GLI,4,5672,10647,1,1,1
GLI,4,5680,10655,1,0,0
GLI,4,5689,10664,1,1,1
GLI,4,5690,10665,1,1,1
GLI,4,5693,10668,1,0,0
GLI,4,5696,10671,1,1,1
GLI,4,5698,10673,1,1,1
GLI,4,5700,10675,1,1,1
GLI,4,5711,10686,1,1,1
GLI,4,5721,10696,1,0,0
GLI,4,5733,10708,1,1,1
GLI,4,5734,10709,1,1,1
GLI,4,5735,10710,1,1,1
GLI,4,5736,10711,1,1,1
GLI,4,5740,10715,1,1,1
GLI,4,5742,10717,1,1,1
GLI,4,5772,10747,1,1,1
GLI,4,5810,10785,1,1,1
GLI,4,5814,10789,1,1,1
GLI,4,5817,10792,1,1,1
GLI,4,5820,10795,1,1,1
GLI,4,5834,10809,1,1,1
GLI,4,5836,10811,1,1,1
GLI,4,5841,10816,1,1,1
GLI,4,5860,10835,1,1,1
GLI,4,5876,10851,1,0,0
GLI,4,5888,10863,1,1,1
GLI,4,5903,10878,1,1,1
GLI,4,5926,10901,1,1,1
GLI,4,5927,10902,1,1,1
GLI,4,5943,10918,1,1,1
GLI,4,5947,10922,1,1,1
GLI,4,5950,10925,1,1,1
GLI,4,5969,10944,1,1,1
GLI,4,5972,10947,1,1,1
GLI,4,5974,10949,1,1,1
GLI,4,5988,10963,1,1,1
GLI,4,5992,10967,1,1,1
GLI,4,5994,10969,1,1,1
GLI,4,5995,10970,1,1,1
GLI,4,6003,10978,1,1,1
GLI,4,6018,10993,1,1,1
GLI,4,6020,10995,1,1,1
GLI,4,6029,11004,1,1,1
GLI,4,6039,11014,1,1,1
GLI,4,6046,11021,1,0,0
GLI,4,6054,11029,1,1,1
GLI,4,6071,11046,1,1,1
GLI,4,6127,11102,1,1,1
GLI,4,6131,11106,1,1,1
GLI,4,6155,11130,1,1,1
GLI,4,6158,11133,1,1,1
GLI,4,6169,11144,1,0,0
GLI,4,6170,11145,1,1,1
GLI,4,6174,11149,1,1,1
GLI,4,6184,11159,1,1,1
GLI,4,6185,11160,1,1,1
GLI,4,6199,11174,1,1,1
GLI,4,6200,11175,1,1,1
GLI,4,6207,11182,1,1,1
GLI,4,6218,11193,1,1,1
GLI,4,6221,11196,1,1,1
GLI,4,6232,11207,1,1,1
GLI,4,6240,11215,1,0,0
GLI,4,6256,11231,1,1,1
GLI,4,6274,11249,1,1,1
GLI,4,6278,11253,1,1,1
GLI,4,6281,11256,1,1,1
GLI,4,6284,11259,1,1,1
GLI,4,6290,11265,1,1,1
GLI,4,6297,11272,1,1,1
GLI,4,6299,11274,1,1,1
GLI,4,6301,11276,1,1,1
GLI,4,6307,11282,1,1,1
GLI,4,6316,11291,1,1,1
GLI,4,6337,11312,1,1,1
GLI,4,6346,11321,1,1,1
GLI,4,6351,11326,1,1,1
GLI,4,6360,11335,1,1,1
GLI,4,6385,11360,1,1,1
GLI,4,6387,11362,1,1,1
GLI,4,6392,11367,1,1,1
GLI,4,6401,11376,1,1,1
GLI,4,6402,11377,1,1,1
GLI,4,6430,11405,1,1,1
GLI,4,6438,11413,1,1,1
GLI,4,6469,11444,1,1,1
GLI,4,6472,11447,1,1,1
GLI,4,6480,11455,1,1,1
GLI,4,6487,11462,1,1,1
GLI,4,6511,11486,1,1,1
GLI,4,6530,11505,1,1,1
GLI,4,6574,11549,1,1,1
GLI,4,6578,11553,1,1,1
GLI,4,6581,11556,1,1,1
GLI,4,6593,11568,1,1,1
GLI,4,6617,11592,1,1,1
GLI,4,6643,11618,1,1,1
GLI,4,6644,11619,1,1,1
GLI,4,6652,11627,1,1,1
GLI,4,6674,11649,1,1,1
GLI,4,6675,11650,1,1,1
GLI,4,6682,11657,1,1,1
GLI,4,6686,11661,1,1,1
GLI,4,6692,11667,1,1,1
GLI,4,6700,11675,1,1,1
GLI,4,6701,11676,1,1,1
GLI,4,6707,11682,1,1,1
GLI,4,6709,11684,1,1,1
GLI,4,6714,11689,1,1,1
GLI,4,6715,11690,1,1,1
GLI,4,6720,11695,1,1,1
GLI,4,6737,11712,1,1,1
GLI,4,6762,11737,1,1,1
GLI,4,6771,11746,1,1,1
GLI,4,6792,11767,1,1,1
GLI,4,6824,11799,0,0,1
GLI,4,6838,11813,0,0,1
GLI,4,6868,11843,0,0,1
GLI,4,6873,11848,0,0,1
GLI,4,6875,11850,0,0,1
GLI,4,6879,11854,0,0,1
GLI,4,6885,11860,0,1,0
GLI,4,6888,11863,0,0,1
GLI,4,6900,11875,0,0,1
GLI,4,6915,11890,0,0,1
GLI,4,6931,11906,0,0,1
GLI,4,6936,11911,0,0,1
GLI,4,6940,11915,0,0,1
GLI,4,6953,11928,0,0,1
GLI,4,6955,11930,0,0,1
GLI,4,6963,11938,0,1,0
GLI,4,6971,11946,0,0,1
GLI,4,6983,11958,0,0,1
GLI,4,7007,11982,0,0,1
GLI,4,7011,11986,0,0,1
GLI,4,7019,11994,0,0,1
GLI,4,7021,11996,0,0,1
GLI,4,7023,11998,0,0,1
GLI,4,7026,12001,0,0,1
GLI,4,7029,12004,0,0,1
GLI,4,7040,12015,0,0,1
GLI,4,7042,12017,0,0,1
GLI,4,7052,12027,0,0,1
GLI,4,7064,12039,0,0,1
GLI,4,7077,12052,0,0,1
GLI,4,7081,12056,0,0,1
GLI,4,7102,12077,0,0,1
GLI,4,7107,12082,0,0,1
GLI,4,7130,12105,0,0,1
GLI,4,7136,12111,0,0,1
GLI,4,7139,12114,0,0,1
GLI,4,7142,12117,0,0,1
GLI,4,7165,12140,0,0,1
GLI,4,7167,12142,0,0,1
GLI,4,7192,12167,0,0,1
GLI,4,7193,12168,0,0,1
GLI,4,7194,12169,0,0,1
GLI,4,7214,12189,0,0,1
GLI,4,7222,12197,0,0,1
GLI,4,7228,12203,0,0,1
GLI,4,7238,12213,0,0,1
GLI,4,7245,12220,0,0,1
GLI,4,7253,12228,0,0,1
GLI,4,7256,12231,0,0,1
GLI,4,7265,12240,0,0,1
GLI,4,7273,12248,0,0,1
GLI,4,7274,12249,0,0,1
GLI,4,7293,12268,0,0,1
GLI,4,7312,12287,0,0,1
GLI,4,7317,12292,0,0,1
GLI,4,7318,12293,0,0,1
GLI,4,7326,12301,0,0,1
GLI,4,7347,12322,0,0,1
GLI,4,7350,12325,0,0,1
GLI,4,7359,12334,0,0,1
GLI,4,7365,12340,0,0,1
GLI,4,7382,12357,0,0,1
GLI,4,7419,12394,0,0,1
GLI,4,7428,12403,0,0,1
GLI,4,7462,12437,0,0,1
GLI,4,7480,12455,0,0,1
GLI,4,7494,12469,0,0,1
GLI,4,7507,12482,0,0,1
GLI,4,7525,12500,0,0,1
GLI,4,7531,12506,0,0,1
GLI,4,7535,12510,0,0,1
GLI,4,7542,12517,0,0,1
GLI,4,7564,12539,0,0,1
GLI,4,7572,12547,0,0,1
GLI,4,7581,12556,0,0,1
GLI,4,7588,12563,0,1,0
GLI,4,7592,12567,0,0,1
GLI,4,7597,12572,0,0,1
GLI,4,7602,12577,0,0,1
GLI,4,7609,12584,0,0,1
GLI,4,7649,12624,0,0,1
GLI,4,7661,12636,0,0,1
GLI,4,7664,12639,0,0,1
GLI,4,7678,12653,0,0,1
GLI,4,7681,12656,0,0,1
GLI,4,7694,12669,0,0,1
GLI,4,7715,12690,0,0,1
GLI,4,7727,12702,0,0,1
GLI,4,7736,12711,0,0,1
GLI,4,7740,12715,0,0,1
GLI,4,7745,12720,0,0,1
GLI,4,7749,12724,0,0,1
GLI,4,7776,12751,0,0,1
GLI,4,7790,12765,0,0,1
GLI,4,7794,12769,0,0,1
GLI,4,7797,12772,0,0,1
GLI,4,7838,12813,0,0,1
GLI,4,7853,12828,0,0,1
GLI,4,7879,12854,0,0,1
GLI,4,7881,12856,0,0,1
GLI,4,7883,12858,0,0,1
GLI,4,7892,12867,0,1,0
GLI,4,7898,12873,0,0,1
GLI,4,7907,12882,0,0,1
GLI,4,7912,12887,0,0,1
GLI,4,7924,12899,0,0,1
GLI,4,7925,12900,0,0,1
GLI,4,7926,12901,0,0,1
GLI,4,7933,12908,0,0,1
GLI,4,7939,12914,0,0,1
GLI,4,7948,12923,0,0,1
GLI,4,7952,12927,0,0,1
GLI,4,7953,12928,0,0,1
GLI,4,7982,12957,0,0,1
GLI,4,7988,12963,0,0,1
GLI,4,7989,12964,0,0,1
GLI,4,7997,12972,0,0,1
GLI,4,8010,12985,0,0,1
GLI,4,8015,12990,0,0,1
GLI,4,8038,13013,0,0,1
GLI,4,8048,13023,0,0,1
GLI,4,8049,13024,0,0,1
GLI,4,8055,13030,0,0,1
GLI,4,8066,13041,0,0,1
GLI,4,8069,13044,0,0,1
GLI,4,8097,13072,0,0,1
GLI,4,8101,13076,0,0,1
GLI,4,8104,13079,0,0,1
GLI,4,8107,13082,0,0,1
GLI,4,8115,13090,0,0,1
GLI,4,8118,13093,0,0,1
GLI,4,8125,13100,0,0,1
GLI,4,8144,13119,0,0,1
GLI,4,8169,13144,0,0,1
GLI,4,8185,13160,0,0,1
GLI,4,8190,13165,0,0,1
GLI,4,8197,13172,0,0,1
GLI,4,8205,13180,0,0,1
GLI,4,8229,13204,0,0,1
GLI,4,8257,13232,0,0,1
GLI,4,8261,13236,0,0,1
GLI,4,8266,13241,0,0,1
GLI,4,8271,13246,0,0,1
GLI,4,8280,13255,0,0,1
GLI,4,8283,13258,0,1,0
GLI,4,8285,13260,0,0,1
GLI,4,8295,13270,0,0,1
GLI,4,8305,13280,0,0,1
GLI,4,8311,13286,0,0,1
GLI,4,8315,13290,0,0,1
GLI,4,8322,13297,0,0,1
GLI,4,8329,13304,0,0,1
GLI,4,8335,13310,0,0,1
GLI,4,8347,13322,0,0,1
GLI,4,8366,13341,0,0,1
GLI,4,8369,13344,0,0,1
GLI,4,8376,13351,0,0,1
GLI,4,8383,13358,0,0,1
GLI,4,8384,13359,0,0,1
GLI,4,8386,13361,0,0,1
GLI,4,8389,13364,0,0,1
GLI,4,8404,13379,0,0,1
GLI,4,8406,13381,0,0,1
GLI,4,8417,13392,0,0,1
GLI,4,8419,13394,0,0,1
GLI,4,8426,13401,0,0,1
GLI,4,8458,13433,0,0,1
GLI,4,8468,13443,0,0,1
GLI,4,8469,13444,0,0,1
GLI,4,8487,13462,0,0,1
GLI,4,8503,13478,0,0,1
GLI,4,8507,13482,0,0,1
GLI,4,8535,13510,0,0,1
GLI,4,8539,13514,0,0,1
GLI,4,8543,13518,0,0,1
GLI,4,8544,13519,0,0,1
GLI,4,8554,13529,0,0,1
GLI,4,8559,13534,0,0,1
GLI,4,8562,13537,0,0,1
GLI,4,8599,13574,0,0,1
GLI,4,8603,13578,0,0,1
GLI,4,8606,13581,0,0,1
GLI,4,8631,13606,0,0,1
GLI,4,8642,13617,0,0,1
GLI,4,8643,13618,0,1,0
GLI,4,8653,13628,0,0,1
GLI,4,8654,13629,0,0,1
GLI,4,8658,13633,0,0,1
GLI,4,8680,13655,0,0,1
GLI,4,8684,13659,0,0,1
GLI,4,8733,13708,0,0,1
GLI,4,8746,13721,0,0,1
GLI,4,8750,13725,0,0,1
GLI,4,8759,13734,0,0,1
GLI,4,8760,13735,0,1,0
GLI,4,8763,13738,0,1,0
GLI,4,8776,13751,0,0,1
GLI,4,8777,13752,0,0,1
GLI,4,8787,13762,0,0,1
GLI,4,8799,13774,0,0,1
GLI,4,8802,13777,0,0,1
GLI,4,8806,13781,0,0,1
GLI,4,8816,13791,0,0,1
GLI,4,8821,13796,0,0,1
GLI,4,8826,13801,0,0,1
GLI,5,4667,9642,1,1,1
GLI,5,4674,9649,1,1,1
GLI,5,4699,9674,1,1,1
GLI,5,4727,9702,1,1,1
GLI,5,4729,9704,1,1,1
GLI,5,4732,9707,1,1,1
GLI,5,4733,9708,1,1,1
GLI,5,4737,9712,1,1,1
GLI,5,4750,9725,1,1,1
GLI,5,4770,9745,1,1,1
GLI,5,4775,9750,1,1,1
GLI,5,4788,9763,1,1,1
GLI,5,4795,9770,1,1,1
GLI,5,4797,9772,1,1,1
GLI,5,4803,9778,1,1,1
GLI,5,4817,9792,1,1,1
GLI,5,4828,9803,1,1,1
GLI,5,4842,9817,1,1,1
GLI,5,4844,9819,1,1,1
GLI,5,4870,9845,1,1,1
GLI,5,4880,9855,1,1,1
GLI,5,4891,9866,1,1,1
GLI,5,4902,9877,1,1,1
GLI,5,4904,9879,1,1,1
GLI,5,4914,9889,1,1,1
GLI,5,4917,9892,1,1,1
GLI,5,4935,9910,1,1,1
GLI,5,4945,9920,1,1,1
GLI,5,4950,9925,1,1,1
GLI,5,4953,9928,1,1,1
GLI,5,4957,9932,1,1,1
GLI,5,4960,9935,1,1,1
GLI,5,4977,9952,1,1,1
GLI,5,4995,9970,1,1,1
GLI,5,5041,10016,1,1,1
GLI,5,5044,10019,1,1,1
GLI,5,5057,10032,1,1,1
GLI,5,5059,10034,1,1,1
GLI,5,5067,10042,1,1,1
GLI,5,5069,10044,1,1,1
GLI,5,5097,10072,1,1,1
GLI,5,5099,10074,1,1,1
GLI,5,5110,10085,1,1,1
GLI,5,5114,10089,1,1,1
GLI,5,5128,10103,1,1,1
GLI,5,5137,10112,1,1,1
GLI,5,5197,10172,1,1,1
GLI,5,5200,10175,1,1,1
GLI,5,5218,10193,1,0,0
GLI,5,5222,10197,1,1,1
GLI,5,5224,10199,1,1,1
GLI,5,5228,10203,1,1,1
GLI,5,5231,10206,1,1,1
GLI,5,5236,10211,1,1,1
GLI,5,5238,10213,1,1,1
GLI,5,5241,10216,1,1,1
GLI,5,5247,10222,1,1,1
GLI,5,5266,10241,1,1,1
GLI,5,5270,10245,1,1,1
GLI,5,5274,10249,1,1,1
GLI,5,5277,10252,1,0,0
GLI,5,5278,10253,1,1,1
GLI,5,5282,10257,1,1,1
GLI,5,5290,10265,1,1,1
GLI,5,5293,10268,1,1,1
GLI,5,5300,10275,1,1,1
GLI,5,5309,10284,1,1,1
GLI,5,5311,10286,1,1,1
GLI,5,5329,10304,1,1,1
GLI,5,5335,10310,1,1,1
GLI,5,5353,10328,1,1,1
GLI,5,5355,10330,1,1,1
GLI,5,5359,10334,1,1,1
GLI,5,5394,10369,1,1,1
GLI,5,5398,10373,1,1,1
GLI,5,5401,10376,1,1,1
GLI,5,5403,10378,1,1,1
GLI,5,5409,10384,1,1,1
GLI,5,5424,10399,1,1,1
GLI,5,5436,10411,1,1,1
GLI,5,5438,10413,1,1,1
GLI,5,5441,10416,1,1,1
GLI,5,5459,10434,1,1,1
GLI,5,5460,10435,1,1,1
GLI,5,5487,10462,1,1,1
GLI,5,5496,10471,1,1,1
GLI,5,5499,10474,1,1,1
GLI,5,5528,10503,1,1,1
GLI,5,5563,10538,1,1,1
GLI,5,5568,10543,1,1,1
GLI,5,5571,10546,1,1,1
GLI,5,5572,10547,1,1,1
GLI,5,5589,10564,1,1,1
GLI,5,5595,10570,1,1,1
GLI,5,5621,10596,1,1,1
GLI,5,5635,10610,1,1,1
GLI,5,5640,10615,1,1,1
GLI,5,5648,10623,1,1,1
GLI,5,5650,10625,1,1,1
GLI,5,5652,10627,1,1,1
GLI,5,5658,10633,1,1,1
GLI,5,5661,10636,1,1,1
GLI,5,5685,10660,1,1,1
GLI,5,5692,10667,1,1,1
GLI,5,5704,10679,1,1,1
GLI,5,5713,10688,1,1,1
GLI,5,5716,10691,1,1,1
GLI,5,5749,10724,1,1,1
GLI,5,5769,10744,1,1,1
GLI,5,5770,10745,1,1,1
GLI,5,5778,10753,1,1,1
GLI,5,5779,10754,1,1,1
GLI,5,5787,10762,1,1,1
GLI,5,5795,10770,1,1,1
GLI,5,5807,10782,1,1,1
GLI,5,5813,10788,1,1,1
GLI,5,5838,10813,1,1,1
GLI,5,5839,10814,1,1,1
GLI,5,5843,10818,1,1,1
GLI,5,5850,10825,1,1,1
GLI,5,5855,10830,1,1,1
GLI,5,5899,10874,1,1,1
GLI,5,5905,10880,1,1,1
GLI,5,5909,10884,1,1,1
GLI,5,5915,10890,1,1,1
GLI,5,5922,10897,1,1,1
GLI,5,5944,10919,1,1,1
GLI,5,5959,10934,1,1,1
GLI,5,5967,10942,1,1,1
GLI,5,5991,10966,1,1,1
GLI,5,6012,10987,1,1,1
GLI,5,6023,10998,1,1,1
GLI,5,6037,11012,1,1,1
GLI,5,6044,11019,1,1,1
GLI,5,6045,11020,1,1,1
GLI,5,6048,11023,1,1,1
GLI,5,6051,11026,1,1,1
GLI,5,6055,11030,1,1,1
GLI,5,6065,11040,1,1,1
GLI,5,6074,11049,1,1,1
GLI,5,6083,11058,1,1,1
GLI,5,6087,11062,1,1,1
GLI,5,6108,11083,1,1,1
GLI,5,6120,11095,1,1,1
GLI,5,6136,11111,1,1,1
GLI,5,6142,11117,1,1,1
GLI,5,6151,11126,1,1,1
GLI,5,6156,11131,1,1,1
GLI,5,6180,11155,1,1,1
GLI,5,6195,11170,1,1,1
GLI,5,6197,11172,1,1,1
GLI,5,6210,11185,1,1,1
GLI,5,6229,11204,1,1,1
GLI,5,6234,11209,1,1,1
GLI,5,6253,11228,1,1,1
GLI,5,6263,11238,1,1,1
GLI,5,6270,11245,1,1,1
GLI,5,6286,11261,1,1,1
GLI,5,6287,11262,1,1,1
GLI,5,6293,11268,1,1,1
GLI,5,6312,11287,1,1,1
GLI,5,6347,11322,1,1,1
GLI,5,6359,11334,1,1,1
GLI,5,6361,11336,1,1,1
GLI,5,6372,11347,1,1,1
GLI,5,6373,11348,1,1,1
GLI,5,6375,11350,1,0,0
GLI,5,6378,11353,1,1,1
GLI,5,6396,11371,1,1,1
GLI,5,6410,11385,1,1,1
GLI,5,6414,11389,1,1,1
GLI,5,6416,11391,1,1,1
GLI,5,6422,11397,1,1,1
GLI,5,6427,11402,1,1,1
GLI,5,6431,11406,1,1,1
GLI,5,6440,11415,1,1,1
GLI,5,6447,11422,1,1,1
GLI,5,6455,11430,1,1,1
GLI,5,6485,11460,1,1,1
GLI,5,6496,11471,1,1,1
GLI,5,6506,11481,1,1,1
GLI,5,6515,11490,1,1,1
GLI,5,6516,11491,1,1,1
GLI,5,6517,11492,1,1,1
GLI,5,6519,11494,1,1,1
GLI,5,6526,11501,1,1,1
GLI,5,6539,11514,1,1,1
GLI,5,6543,11518,1,1,1
GLI,5,6560,11535,1,1,1
GLI,5,6561,11536,1,1,1
GLI,5,6563,11538,1,0,0
GLI,5,6565,11540,1,1,1
GLI,5,6586,11561,1,1,1
GLI,5,6596,11571,1,1,1
GLI,5,6606,11581,1,0,0
GLI,5,6621,11596,1,1,1
GLI,5,6625,11600,1,1,1
GLI,5,6639,11614,1,1,1
GLI,5,6649,11624,1,1,1
GLI,5,6654,11629,1,1,1
GLI,5,6656,11631,1,1,1
GLI,5,6659,11634,1,1,1
GLI,5,6666,11641,1,1,1
GLI,5,6688,11663,1,1,1
GLI,5,6703,11678,1,0,0
GLI,5,6733,11708,1,1,1
GLI,5,6742,11717,1,1,1
GLI,5,6747,11722,1,1,1
GLI,5,6761,11736,1,1,1
GLI,5,6770,11745,1,1,1
GLI,5,6772,11747,1,1,1
GLI,5,6790,11765,1,1,1
GLI,5,6793,11768,1,1,1
GLI,5,6796,11771,1,1,1
GLI,5,6803,11778,1,1,1
GLI,5,6842,11817,0,0,1
GLI,5,6848,11823,0,0,1
GLI,5,6865,11840,0,0,1
GLI,5,6877,11852,0,0,1
GLI,5,6895,11870,0,0,1
GLI,5,6903,11878,0,0,1
GLI,5,6905,11880,0,0,1
GLI,5,6911,11886,0,0,1
GLI,5,6916,11891,0,0,1
GLI,5,6935,11910,0,0,1
GLI,5,6939,11914,0,0,1
GLI,5,6941,11916,0,0,1
GLI,5,6945,11920,0,0,1
GLI,5,6947,11922,0,1,0
GLI,5,6961,11936,0,0,1
GLI,5,6976,11951,0,0,1
GLI,5,6995,11970,0,0,1
GLI,5,7001,11976,0,1,0
GLI,5,7015,11990,0,0,1
GLI,5,7017,11992,0,0,1
GLI,5,7030,12005,0,0,1
GLI,5,7032,12007,0,0,1
GLI,5,7044,12019,0,0,1
GLI,5,7046,12021,0,0,1
GLI,5,7053,12028,0,0,1
GLI,5,7070,12045,0,0,1
GLI,5,7089,12064,0,0,1
GLI,5,7097,12072,0,0,1
GLI,5,7106,12081,0,0,1
GLI,5,7108,12083,0,0,1
GLI,5,7110,12085,0,0,1
GLI,5,7113,12088,0,0,1
GLI,5,7114,12089,0,0,1
GLI,5,7127,12102,0,0,1
GLI,5,7156,12131,0,0,1
GLI,5,7196,12171,0,0,1
GLI,5,7197,12172,0,0,1
GLI,5,7209,12184,0,0,1
GLI,5,7212,12187,0,0,1
GLI,5,7226,12201,0,1,0
GLI,5,7230,12205,0,0,1
GLI,5,7231,12206,0,0,1
GLI,5,7232,12207,0,1,0
GLI,5,7233,12208,0,0,1
GLI,5,7236,12211,0,0,1
GLI,5,7262,12237,0,0,1
GLI,5,7301,12276,0,0,1
GLI,5,7334,12309,0,0,1
GLI,5,7344,12319,0,0,1
GLI,5,7366,12341,0,0,1
GLI,5,7381,12356,0,0,1
GLI,5,7385,12360,0,0,1
GLI,5,7388,12363,0,0,1
GLI,5,7397,12372,0,0,1
GLI,5,7398,12373,0,0,1
GLI,5,7399,12374,0,0,1
GLI,5,7402,12377,0,0,1
GLI,5,7410,12385,0,0,1
GLI,5,7411,12386,0,0,1
GLI,5,7421,12396,0,0,1
GLI,5,7423,12398,0,0,1
GLI,5,7431,12406,0,0,1
GLI,5,7439,12414,0,0,1
GLI,5,7445,12420,0,0,1
GLI,5,7446,12421,0,0,1
GLI,5,7459,12434,0,0,1
GLI,5,7471,12446,0,0,1
GLI,5,7483,12458,0,0,1
GLI,5,7498,12473,0,0,1
GLI,5,7508,12483,0,0,1
GLI,5,7520,12495,0,0,1
GLI,5,7522,12497,0,0,1
GLI,5,7539,12514,0,0,1
GLI,5,7563,12538,0,0,1
GLI,5,7566,12541,0,0,1
GLI,5,7568,12543,0,0,1
GLI,5,7570,12545,0,0,1
GLI,5,7589,12564,0,0,1
GLI,5,7599,12574,0,0,1
GLI,5,7607,12582,0,0,1
GLI,5,7616,12591,0,0,1
GLI,5,7626,12601,0,0,1
GLI,5,7637,12612,0,0,1
GLI,5,7639,12614,0,0,1
GLI,5,7642,12617,0,0,1
GLI,5,7647,12622,0,0,1
GLI,5,7658,12633,0,0,1
GLI,5,7670,12645,0,0,1
GLI,5,7676,12651,0,0,1
GLI,5,7684,12659,0,0,1
GLI,5,7687,12662,0,0,1
GLI,5,7689,12664,0,0,1
GLI,5,7696,12671,0,0,1
GLI,5,7712,12687,0,0,1
GLI,5,7734,12709,0,0,1
GLI,5,7738,12713,0,0,1
GLI,5,7766,12741,0,0,1
GLI,5,7774,12749,0,1,0
GLI,5,7781,12756,0,0,1
GLI,5,7793,12768,0,0,1
GLI,5,7807,12782,0,0,1
GLI,5,7808,12783,0,0,1
GLI,5,7814,12789,0,0,1
GLI,5,7817,12792,0,0,1
GLI,5,7850,12825,0,1,0
GLI,5,7851,12826,0,0,1
GLI,5,7860,12835,0,0,1
GLI,5,7873,12848,0,0,1
GLI,5,7876,12851,0,0,1
GLI,5,7897,12872,0,0,1
GLI,5,7913,12888,0,0,1
GLI,5,7932,12907,0,0,1
GLI,5,7957,12932,0,0,1
GLI,5,7963,12938,0,0,1
GLI,5,7966,12941,0,0,1
GLI,5,7969,12944,0,0,1
GLI,5,7978,12953,0,0,1
GLI,5,7985,12960,0,0,1
GLI,5,7987,12962,0,0,1
GLI,5,7996,12971,0,0,1
GLI,5,8004,12979,0,0,1
GLI,5,8023,12998,0,0,1
GLI,5,8042,13017,0,0,1
GLI,5,8044,13019,0,0,1
GLI,5,8053,13028,0,0,1
GLI,5,8059,13034,0,0,1
GLI,5,8060,13035,0,0,1
GLI,5,8061,13036,0,0,1
GLI,5,8062,13037,0,0,1
GLI,5,8064,13039,0,0,1
GLI,5,8089,13064,0,0,1
GLI,5,8092,13067,0,0,1
GLI,5,8094,13069,0,0,1
GLI,5,8105,13080,0,0,1
GLI,5,8108,13083,0,1,0
GLI,5,8110,13085,0,0,1
GLI,5,8130,13105,0,0,1
GLI,5,8158,13133,0,0,1
GLI,5,8162,13137,0,0,1
GLI,5,8171,13146,0,0,1
GLI,5,8191,13166,0,0,1
GLI,5,8215,13190,0,0,1
GLI,5,8234,13209,0,0,1
GLI,5,8241,13216,0,0,1
GLI,5,8244,13219,0,0,1
GLI,5,8288,13263,0,0,1
GLI,5,8290,13265,0,0,1
GLI,5,8304,13279,0,0,1
GLI,5,8354,13329,0,0,1
GLI,5,8356,13331,0,0,1
GLI,5,8367,13342,0,0,1
GLI,5,8374,13349,0,0,1
GLI,5,8377,13352,0,1,0
GLI,5,8381,13356,0,0,1
GLI,5,8388,13363,0,0,1
GLI,5,8390,13365,0,0,1
GLI,5,8420,13395,0,0,1
GLI,5,8425,13400,0,0,1
GLI,5,8429,13404,0,0,1
GLI,5,8430,13405,0,0,1
GLI,5,8432,13407,0,0,1
GLI,5,8440,13415,0,1,0
GLI,5,8486,13461,0,0,1
GLI,5,8489,13464,0,0,1
GLI,5,8495,13470,0,0,1
GLI,5,8497,13472,0,0,1
GLI,5,8506,13481,0,0,1
GLI,5,8517,13492,0,0,1
GLI,5,8523,13498,0,0,1
GLI,5,8524,13499,0,0,1
GLI,5,8528,13503,0,0,1
GLI,5,8529,13504,0,0,1
GLI,5,8537,13512,0,0,1
GLI,5,8542,13517,0,0,1
GLI,5,8548,13523,0,0,1
GLI,5,8566,13541,0,0,1
GLI,5,8574,13549,0,0,1
GLI,5,8591,13566,0,0,1
GLI,5,8601,13576,0,0,1
GLI,5,8608,13583,0,0,1
GLI,5,8614,13589,0,0,1
GLI,5,8623,13598,0,0,1
GLI,5,8632,13607,0,0,1
GLI,5,8634,13609,0,0,1
GLI,5,8638,13613,0,0,1
GLI,5,8651,13626,0,0,1
GLI,5,8665,13640,0,0,1
GLI,5,8668,13643,0,0,1
GLI,5,8669,13644,0,0,1
GLI,5,8672,13647,0,0,1
GLI,5,8674,13649,0,0,1
GLI,5,8676,13651,0,0,1
GLI,5,8694,13669,0,0,1
GLI,5,8698,13673,0,0,1
GLI,5,8706,13681,0,0,1
GLI,5,8731,13706,0,0,1
GLI,5,8755,13730,0,0,1
GLI,5,8762,13737,0,0,1
GLI,5,8766,13741,0,0,1
GLI,5,8769,13744,0,0,1
GLI,5,8808,13783,0,0,1
GLI,5,8809,13784,0,0,1
GLI,5,8810,13785,0,0,1
GLI,5,8832,13807,0,0,1
GLI,5,8835,13810,0,0,1
GLI,6,4654,9629,1,0,0
GLI,6,4666,9641,1,1,1
GLI,6,4668,9643,1,1,1
GLI,6,4670,9645,1,1,1
GLI,6,4676,9651,1,1,1
GLI,6,4696,9671,1,1,1
GLI,6,4698,9673,1,1,1
GLI,6,4717,9692,1,1,1
GLI,6,4718,9693,1,1,1
GLI,6,4722,9697,1,1,1
GLI,6,4730,9705,1,1,1
GLI,6,4731,9706,1,1,1
GLI,6,4740,9715,1,1,1
GLI,6,4742,9717,1,1,1
GLI,6,4745,9720,1,1,1
GLI,6,4746,9721,1,1,1
GLI,6,4756,9731,1,1,1
GLI,6,4758,9733,1,1,1
GLI,6,4807,9782,1,1,1
GLI,6,4812,9787,1,1,1
GLI,6,4843,9818,1,1,1
GLI,6,4846,9821,1,1,1
GLI,6,4850,9825,1,1,1
GLI,6,4852,9827,1,1,1
GLI,6,4872,9847,1,1,1
GLI,6,4886,9861,1,1,1
GLI,6,4909,9884,1,1,1
GLI,6,4916,9891,1,1,1
GLI,6,4918,9893,1,1,1
GLI,6,4920,9895,1,1,1
GLI,6,4924,9899,1,1,1
GLI,6,4925,9900,1,1,1
GLI,6,4926,9901,1,1,1
GLI,6,4929,9904,1,1,1
GLI,6,4937,9912,1,1,1
GLI,6,4943,9918,1,1,1
GLI,6,4947,9922,1,1,1
GLI,6,4973,9948,1,1,1
GLI,6,5002,9977,1,1,1
GLI,6,5003,9978,1,1,1
GLI,6,5013,9988,1,1,1
GLI,6,5014,9989,1,1,1
GLI,6,5019,9994,1,1,1
GLI,6,5022,9997,1,1,1
GLI,6,5026,10001,1,1,1
GLI,6,5045,10020,1,1,1
GLI,6,5092,10067,1,1,1
GLI,6,5093,10068,1,1,1
GLI,6,5098,10073,1,1,1
GLI,6,5104,10079,1,1,1
GLI,6,5107,10082,1,1,1
GLI,6,5134,10109,1,1,1
GLI,6,5139,10114,1,1,1
GLI,6,5154,10129,1,1,1
GLI,6,5159,10134,1,1,1
GLI,6,5160,10135,1,1,1
GLI,6,5162,10137,1,1,1
GLI,6,5187,10162,1,1,1
GLI,6,5196,10171,1,1,1
GLI,6,5203,10178,1,1,1
GLI,6,5213,10188,1,1,1
GLI,6,5225,10200,1,1,1
GLI,6,5234,10209,1,1,1
GLI,6,5268,10243,1,1,1
GLI,6,5283,10258,1,1,1
GLI,6,5289,10264,1,1,1
GLI,6,5298,10273,1,1,1
GLI,6,5308,10283,1,1,1
GLI,6,5319,10294,1,1,1
GLI,6,5330,10305,1,0,0
GLI,6,5333,10308,1,1,1
GLI,6,5346,10321,1,0,0
GLI,6,5349,10324,1,1,1
GLI,6,5371,10346,1,1,1
GLI,6,5372,10347,1,1,1
GLI,6,5374,10349,1,1,1
GLI,6,5375,10350,1,1,1
GLI,6,5386,10361,1,1,1
GLI,6,5397,10372,1,1,1
GLI,6,5412,10387,1,0,0
GLI,6,5419,10394,1,1,1
GLI,6,5429,10404,1,1,1
GLI,6,5433,10408,1,1,1
GLI,6,5474,10449,1,1,1
GLI,6,5477,10452,1,1,1
GLI,6,5481,10456,1,1,1
GLI,6,5491,10466,1,1,1
GLI,6,5502,10477,1,1,1
GLI,6,5509,10484,1,0,0
GLI,6,5510,10485,1,1,1
GLI,6,5520,10495,1,1,1
GLI,6,5523,10498,1,1,1
GLI,6,5531,10506,1,1,1
GLI,6,5553,10528,1,1,1
GLI,6,5577,10552,1,1,1
GLI,6,5607,10582,1,1,1
GLI,6,5609,10584,1,1,1
GLI,6,5624,10599,1,1,1
GLI,6,5642,10617,1,1,1
GLI,6,5646,10621,1,1,1
GLI,6,5654,10629,1,0,0
GLI,6,5659,10634,1,1,1
GLI,6,5667,10642,1,1,1
GLI,6,5668,10643,1,1,1
GLI,6,5675,10650,1,1,1
GLI,6,5681,10656,1,1,1
GLI,6,5683,10658,1,0,0
GLI,6,5686,10661,1,1,1
GLI,6,5695,10670,1,1,1
GLI,6,5701,10676,1,1,1
GLI,6,5703,10678,1,1,1
GLI,6,5712,10687,1,1,1
GLI,6,5717,10692,1,1,1
GLI,6,5718,10693,1,1,1
GLI,6,5720,10695,1,1,1
GLI,6,5723,10698,1,0,0
GLI,6,5752,10727,1,1,1
GLI,6,5754,10729,1,1,1
GLI,6,5768,10743,1,1,1
GLI,6,5776,10751,1,1,1
GLI,6,5788,10763,1,1,1
GLI,6,5796,10771,1,1,1
GLI,6,5804,10779,1,1,1
GLI,6,5805,10780,1,0,0
GLI,6,5830,10805,1,1,1
GLI,6,5835,10810,1,1,1
GLI,6,5837,10812,1,1,1
GLI,6,5840,10815,1,1,1
GLI,6,5851,10826,1,1,1
GLI,6,5877,10852,1,1,1
GLI,6,5884,10859,1,1,1
GLI,6,5894,10869,1,1,1
GLI,6,5900,10875,1,1,1
GLI,6,5906,10881,1,1,1
GLI,6,5913,10888,1,1,1
GLI,6,5919,10894,1,1,1
GLI,6,5938,10913,1,0,0
GLI,6,5949,10924,1,1,1
GLI,6,5952,10927,1,1,1
GLI,6,5953,10928,1,1,1
GLI,6,5957,10932,1,1,1
GLI,6,5980,10955,1,1,1
GLI,6,5983,10958,1,1,1
GLI,6,5990,10965,1,1,1
GLI,6,5997,10972,1,1,1
GLI,6,6008,10983,1,1,1
GLI,6,6016,10991,1,1,1
GLI,6,6021,10996,1,1,1
GLI,6,6068,11043,1,1,1
GLI,6,6072,11047,1,1,1
GLI,6,6073,11048,1,1,1
GLI,6,6076,11051,1,1,1
GLI,6,6079,11054,1,1,1
GLI,6,6094,11069,1,1,1
GLI,6,6102,11077,1,1,1
GLI,6,6103,11078,1,1,1
GLI,6,6105,11080,1,1,1
GLI,6,6118,11093,1,0,0
GLI,6,6126,11101,1,1,1
GLI,6,6135,11110,1,1,1
GLI,6,6140,11115,1,1,1
GLI,6,6145,11120,1,1,1
GLI,6,6149,11124,1,1,1
GLI,6,6150,11125,1,1,1
GLI,6,6152,11127,1,1,1
GLI,6,6154,11129,1,1,1
GLI,6,6163,11138,1,0,0
GLI,6,6172,11147,1,1,1
GLI,6,6178,11153,1,1,1
GLI,6,6189,11164,1,1,1
GLI,6,6193,11168,1,1,1
GLI,6,6216,11191,1,0,0
GLI,6,6228,11203,1,1,1
GLI,6,6250,11225,1,1,1
GLI,6,6282,11257,1,1,1
GLI,6,6310,11285,1,0,0
GLI,6,6315,11290,1,1,1
GLI,6,6318,11293,1,1,1
GLI,6,6332,11307,1,1,1
GLI,6,6340,11315,1,1,1
GLI,6,6352,11327,1,1,1
GLI,6,6367,11342,1,0,0
GLI,6,6371,11346,1,1,1
GLI,6,6384,11359,1,0,0
GLI,6,6389,11364,1,1,1
GLI,6,6415,11390,1,1,1
GLI,6,6417,11392,1,1,1
GLI,6,6419,11394,1,1,1
GLI,6,6429,11404,1,1,1
GLI,6,6464,11439,1,1,1
GLI,6,6471,11446,1,1,1
GLI,6,6502,11477,1,1,1
GLI,6,6512,11487,1,1,1
GLI,6,6542,11517,1,1,1
GLI,6,6572,11547,1,1,1
GLI,6,6576,11551,1,1,1
GLI,6,6577,11552,1,1,1
GLI,6,6580,11555,1,1,1
GLI,6,6603,11578,1,1,1
GLI,6,6611,11586,1,1,1
GLI,6,6648,11623,1,1,1
GLI,6,6658,11633,1,1,1
GLI,6,6668,11643,1,1,1
GLI,6,6670,11645,1,1,1
GLI,6,6676,11651,1,1,1
GLI,6,6685,11660,1,1,1
GLI,6,6716,11691,1,1,1
GLI,6,6717,11692,1,1,1
GLI,6,6730,11705,1,1,1
GLI,6,6732,11707,1,1,1
GLI,6,6735,11710,1,1,1
GLI,6,6748,11723,1,1,1
GLI,6,6763,11738,1,1,1
GLI,6,6773,11748,1,1,1
GLI,6,6778,11753,1,1,1
GLI,6,6810,11785,0,0,1
GLI,6,6814,11789,0,0,1
GLI,6,6816,11791,0,0,1
GLI,6,6843,11818,0,0,1
GLI,6,6845,11820,0,0,1
GLI,6,6850,11825,0,0,1
GLI,6,6853,11828,0,0,1
GLI,6,6860,11835,0,0,1
GLI,6,6862,11837,0,0,1
GLI,6,6878,11853,0,0,1
GLI,6,6908,11883,0,0,1
GLI,6,6928,11903,0,0,1
GLI,6,6929,11904,0,0,1
GLI,6,6973,11948,0,0,1
GLI,6,6982,11957,0,0,1
GLI,6,6990,11965,0,0,1
GLI,6,6992,11967,0,0,1
GLI,6,6999,11974,0,0,1
GLI,6,7000,11975,0,0,1
GLI,6,7002,11977,0,0,1
GLI,6,7020,11995,0,0,1
GLI,6,7022,11997,0,0,1
GLI,6,7025,12000,0,0,1
GLI,6,7058,12033,0,0,1
GLI,6,7062,12037,0,0,1
GLI,6,7066,12041,0,0,1
GLI,6,7084,12059,0,0,1
GLI,6,7092,12067,0,0,1
GLI,6,7100,12075,0,0,1
GLI,6,7109,12084,0,0,1
GLI,6,7124,12099,0,0,1
GLI,6,7128,12103,0,0,1
GLI,6,7129,12104,0,0,1
GLI,6,7131,12106,0,0,1
GLI,6,7138,12113,0,0,1
GLI,6,7152,12127,0,0,1
GLI,6,7153,12128,0,0,1
GLI,6,7157,12132,0,0,1
GLI,6,7160,12135,0,0,1
GLI,6,7173,12148,0,0,1
GLI,6,7203,12178,0,0,1
GLI,6,7210,12185,0,0,1
GLI,6,7218,12193,0,0,1
GLI,6,7237,12212,0,0,1
GLI,6,7242,12217,0,0,1
GLI,6,7252,12227,0,0,1
GLI,6,7261,12236,0,0,1
GLI,6,7266,12241,0,0,1
GLI,6,7272,12247,0,0,1
GLI,6,7287,12262,0,0,1
GLI,6,7300,12275,0,0,1
GLI,6,7302,12277,0,1,0
GLI,6,7307,12282,0,0,1
GLI,6,7308,12283,0,0,1
GLI,6,7321,12296,0,0,1
GLI,6,7323,12298,0,0,1
GLI,6,7328,12303,0,0,1
GLI,6,7355,12330,0,0,1
GLI,6,7374,12349,0,0,1
GLI,6,7386,12361,0,0,1
GLI,6,7387,12362,0,0,1
GLI,6,7442,12417,0,0,1
GLI,6,7452,12427,0,0,1
GLI,6,7453,12428,0,0,1
GLI,6,7460,12435,0,0,1
GLI,6,7475,12450,0,0,1
GLI,6,7497,12472,0,0,1
GLI,6,7512,12487,0,0,1
GLI,6,7538,12513,0,0,1
GLI,6,7545,12520,0,0,1
GLI,6,7562,12537,0,0,1
GLI,6,7565,12540,0,0,1
GLI,6,7576,12551,0,0,1
GLI,6,7580,12555,0,0,1
GLI,6,7584,12559,0,0,1
GLI,6,7593,12568,0,0,1
GLI,6,7595,12570,0,0,1
GLI,6,7600,12575,0,1,0
GLI,6,7606,12581,0,0,1
GLI,6,7612,12587,0,0,1
GLI,6,7638,12613,0,0,1
GLI,6,7641,12616,0,0,1
GLI,6,7644,12619,0,0,1
GLI,6,7654,12629,0,0,1
GLI,6,7669,12644,0,0,1
GLI,6,7697,12672,0,0,1
GLI,6,7701,12676,0,0,1
GLI,6,7730,12705,0,0,1
GLI,6,7741,12716,0,0,1
GLI,6,7765,12740,0,0,1
GLI,6,7786,12761,0,0,1
GLI,6,7791,12766,0,0,1
GLI,6,7806,12781,0,0,1
GLI,6,7828,12803,0,0,1
GLI,6,7837,12812,0,0,1
GLI,6,7839,12814,0,0,1
GLI,6,7899,12874,0,0,1
GLI,6,7901,12876,0,0,1
GLI,6,7902,12877,0,0,1
GLI,6,7908,12883,0,0,1
GLI,6,7910,12885,0,0,1
GLI,6,7921,12896,0,0,1
GLI,6,7930,12905,0,0,1
GLI,6,7941,12916,0,0,1
GLI,6,7942,12917,0,0,1
GLI,6,7945,12920,0,0,1
GLI,6,7968,12943,0,0,1
GLI,6,7971,12946,0,0,1
GLI,6,7993,12968,0,0,1
GLI,6,8020,12995,0,0,1
GLI,6,8024,12999,0,0,1
GLI,6,8045,13020,0,0,1
GLI,6,8054,13029,0,0,1
GLI,6,8077,13052,0,0,1
GLI,6,8080,13055,0,0,1
GLI,6,8084,13059,0,0,1
GLI,6,8086,13061,0,0,1
GLI,6,8087,13062,0,0,1
GLI,6,8088,13063,0,0,1
GLI,6,8091,13066,0,0,1
GLI,6,8120,13095,0,0,1
GLI,6,8121,13096,0,0,1
GLI,6,8124,13099,0,0,1
GLI,6,8126,13101,0,0,1
GLI,6,8132,13107,0,0,1
GLI,6,8135,13110,0,0,1
GLI,6,8137,13112,0,0,1
GLI,6,8138,13113,0,0,1
GLI,6,8141,13116,0,0,1
GLI,6,8164,13139,0,0,1
GLI,6,8168,13143,0,0,1
GLI,6,8181,13156,0,0,1
GLI,6,8193,13168,0,0,1
GLI,6,8201,13176,0,0,1
GLI,6,8206,13181,0,0,1
GLI,6,8210,13185,0,0,1
GLI,6,8212,13187,0,0,1
GLI,6,8233,13208,0,0,1
GLI,6,8249,13224,0,0,1
GLI,6,8253,13228,0,0,1
GLI,6,8262,13237,0,0,1
GLI,6,8269,13244,0,0,1
GLI,6,8273,13248,0,0,1
GLI,6,8279,13254,0,0,1
GLI,6,8281,13256,0,0,1
GLI,6,8284,13259,0,0,1
GLI,6,8298,13273,0,0,1
GLI,6,8312,13287,0,0,1
GLI,6,8313,13288,0,0,1
GLI,6,8314,13289,0,0,1
GLI,6,8320,13295,0,0,1
GLI,6,8337,13312,0,0,1
GLI,6,8338,13313,0,0,1
GLI,6,8341,13316,0,0,1
GLI,6,8344,13319,0,0,1
GLI,6,8346,13321,0,0,1
GLI,6,8348,13323,0,0,1
GLI,6,8370,13345,0,0,1
GLI,6,8402,13377,0,0,1
GLI,6,8422,13397,0,0,1
GLI,6,8435,13410,0,0,1
GLI,6,8445,13420,0,0,1
GLI,6,8448,13423,0,0,1
GLI,6,8449,13424,0,0,1
GLI,6,8451,13426,0,0,1
GLI,6,8456,13431,0,0,1
GLI,6,8460,13435,0,0,1
GLI,6,8467,13442,0,0,1
GLI,6,8470,13445,0,1,0
GLI,6,8481,13456,0,0,1
GLI,6,8490,13465,0,0,1
GLI,6,8496,13471,0,0,1
GLI,6,8509,13484,0,0,1
GLI,6,8516,13491,0,0,1
GLI,6,8520,13495,0,0,1
GLI,6,8527,13502,0,0,1
GLI,6,8530,13505,0,0,1
GLI,6,8531,13506,0,0,1
GLI,6,8541,13516,0,0,1
GLI,6,8556,13531,0,0,1
GLI,6,8563,13538,0,0,1
GLI,6,8565,13540,0,0,1
GLI,6,8576,13551,0,0,1
GLI,6,8583,13558,0,0,1
GLI,6,8584,13559,0,0,1
GLI,6,8597,13572,0,0,1
GLI,6,8639,13614,0,0,1
GLI,6,8646,13621,0,0,1
GLI,6,8649,13624,0,0,1
GLI,6,8718,13693,0,0,1
GLI,6,8720,13695,0,0,1
GLI,6,8732,13707,0,0,1
GLI,6,8740,13715,0,0,1
GLI,6,8741,13716,0,0,1
GLI,6,8754,13729,0,0,1
GLI,6,8758,13733,0,0,1
GLI,6,8768,13743,0,1,0
GLI,6,8775,13750,0,0,1
GLI,6,8784,13759,0,0,1
GLI,6,8792,13767,0,0,1
GLI,6,8805,13780,0,0,1
GLI,6,8825,13800,0,0,1
GLI,6,8828,13803,0,0,1
GLI,6,8840,13815,0,0,1
GLI,6,8848,13823,0,0,1
GLI,7,4657,9632,1,1,1
GLI,7,4675,9650,1,1,1
GLI,7,4683,9658,1,1,1
GLI,7,4691,9666,1,1,1
GLI,7,4695,9670,1,1,1
GLI,7,4703,9678,1,1,1
GLI,7,4711,9686,1,1,1
GLI,7,4716,9691,1,1,1
GLI,7,4724,9699,1,1,1
GLI,7,4741,9716,1,1,1
GLI,7,4749,9724,1,1,1
GLI,7,4751,9726,1,1,1
GLI,7,4754,9729,1,1,1
GLI,7,4755,9730,1,1,1
GLI,7,4760,9735,1,1,1
GLI,7,4777,9752,1,1,1
GLI,7,4781,9756,1,1,1
GLI,7,4793,9768,1,0,0
GLI,7,4794,9769,1,1,1
GLI,7,4820,9795,1,1,1
GLI,7,4822,9797,1,1,1
GLI,7,4826,9801,1,1,1
GLI,7,4836,9811,1,1,1
GLI,7,4845,9820,1,1,1
GLI,7,4857,9832,1,1,1
GLI,7,4866,9841,1,1,1
GLI,7,4876,9851,1,1,1
GLI,7,4882,9857,1,1,1
GLI,7,4894,9869,1,1,1
GLI,7,4901,9876,1,1,1
GLI,7,4910,9885,1,1,1
GLI,7,4930,9905,1,1,1
GLI,7,4955,9930,1,1,1
GLI,7,4972,9947,1,1,1
GLI,7,4976,9951,1,1,1
GLI,7,4987,9962,1,1,1
GLI,7,4989,9964,1,1,1
GLI,7,4990,9965,1,1,1
GLI,7,5007,9982,1,0,0
GLI,7,5016,9991,1,1,1
GLI,7,5023,9998,1,1,1
GLI,7,5036,10011,1,1,1
GLI,7,5038,10013,1,1,1
GLI,7,5058,10033,1,1,1
GLI,7,5068,10043,1,1,1
GLI,7,5074,10049,1,1,1
GLI,7,5078,10053,1,1,1
GLI,7,5090,10065,1,0,0
GLI,7,5100,10075,1,1,1
GLI,7,5108,10083,1,1,1
GLI,7,5132,10107,1,1,1
GLI,7,5136,10111,1,1,1
GLI,7,5146,10121,1,1,1
GLI,7,5161,10136,1,1,1
GLI,7,5169,10144,1,1,1
GLI,7,5172,10147,1,1,1
GLI,7,5189,10164,1,1,1
GLI,7,5206,10181,1,1,1
GLI,7,5211,10186,1,1,1
GLI,7,5227,10202,1,1,1
GLI,7,5240,10215,1,1,1
GLI,7,5242,10217,1,0,0
GLI,7,5267,10242,1,1,1
GLI,7,5269,10244,1,1,1
GLI,7,5271,10246,1,1,1
GLI,7,5291,10266,1,0,0
GLI,7,5312,10287,1,1,1
GLI,7,5314,10289,1,1,1
GLI,7,5317,10292,1,1,1
GLI,7,5321,10296,1,1,1
GLI,7,5325,10300,1,1,1
GLI,7,5327,10302,1,1,1
GLI,7,5334,10309,1,1,1
GLI,7,5338,10313,1,1,1
GLI,7,5341,10316,1,1,1
GLI,7,5343,10318,1,1,1
GLI,7,5345,10320,1,1,1
GLI,7,5360,10335,1,1,1
GLI,7,5368,10343,1,1,1
GLI,7,5378,10353,1,1,1
GLI,7,5379,10354,1,1,1
GLI,7,5387,10362,1,1,1
GLI,7,5396,10371,1,1,1
GLI,7,5399,10374,1,1,1
GLI,7,5406,10381,1,1,1
GLI,7,5427,10402,1,1,1
GLI,7,5434,10409,1,1,1
GLI,7,5463,10438,1,1,1
GLI,7,5466,10441,1,1,1
GLI,7,5467,10442,1,1,1
GLI,7,5483,10458,1,1,1
GLI,7,5508,10483,1,0,0
GLI,7,5514,10489,1,1,1
GLI,7,5522,10497,1,1,1
GLI,7,5524,10499,1,1,1
GLI,7,5535,10510,1,1,1
GLI,7,5559,10534,1,1,1
GLI,7,5562,10537,1,1,1
GLI,7,5564,10539,1,1,1
GLI,7,5584,10559,1,1,1
GLI,7,5600,10575,1,1,1
GLI,7,5605,10580,1,1,1
GLI,7,5608,10583,1,1,1
GLI,7,5612,10587,1,1,1
GLI,7,5628,10603,1,1,1
GLI,7,5632,10607,1,1,1
GLI,7,5639,10614,1,1,1
GLI,7,5644,10619,1,1,1
GLI,7,5662,10637,1,1,1
GLI,7,5665,10640,1,1,1
GLI,7,5684,10659,1,1,1
GLI,7,5691,10666,1,1,1
GLI,7,5702,10677,1,1,1
GLI,7,5715,10690,1,1,1
GLI,7,5724,10699,1,0,0
GLI,7,5731,10706,1,1,1
GLI,7,5744,10719,1,1,1
GLI,7,5757,10732,1,1,1
GLI,7,5766,10741,1,1,1
GLI,7,5767,10742,1,1,1
GLI,7,5797,10772,1,1,1
GLI,7,5815,10790,1,1,1
GLI,7,5822,10797,1,1,1
GLI,7,5823,10798,1,1,1
GLI,7,5825,10800,1,1,1
GLI,7,5852,10827,1,1,1
GLI,7,5854,10829,1,0,0
GLI,7,5857,10832,1,1,1
GLI,7,5862,10837,1,1,1
GLI,7,5867,10842,1,1,1
GLI,7,5872,10847,1,0,0
GLI,7,5879,10854,1,1,1
GLI,7,5881,10856,1,1,1
GLI,7,5891,10866,1,1,1
GLI,7,5898,10873,1,1,1
GLI,7,5908,10883,1,1,1
GLI,7,5954,10929,1,1,1
GLI,7,5963,10938,1,0,0
GLI,7,5976,10951,1,1,1
GLI,7,5977,10952,1,1,1
GLI,7,5979,10954,1,1,1
GLI,7,5984,10959,1,1,1
GLI,7,5987,10962,1,1,1
GLI,7,6001,10976,1,1,1
GLI,7,6007,10982,1,0,0
GLI,7,6019,10994,1,1,1
GLI,7,6035,11010,1,1,1
GLI,7,6058,11033,1,1,1
GLI,7,6060,11035,1,1,1
GLI,7,6063,11038,1,1,1
GLI,7,6088,11063,1,1,1
GLI,7,6095,11070,1,1,1
GLI,7,6097,11072,1,1,1
GLI,7,6099,11074,1,1,1
GLI,7,6104,11079,1,1,1
GLI,7,6107,11082,1,0,0
GLI,7,6116,11091,1,0,0
GLI,7,6121,11096,1,1,1
GLI,7,6138,11113,1,1,1
GLI,7,6153,11128,1,1,1
GLI,7,6162,11137,1,1,1
GLI,7,6171,11146,1,1,1
GLI,7,6183,11158,1,1,1
GLI,7,6192,11167,1,1,1
GLI,7,6206,11181,1,1,1
GLI,7,6217,11192,1,1,1
GLI,7,6239,11214,1,1,1
GLI,7,6266,11241,1,1,1
GLI,7,6283,11258,1,1,1
GLI,7,6289,11264,1,1,1
GLI,7,6291,11266,1,1,1
GLI,7,6309,11284,1,1,1
GLI,7,6320,11295,1,0,0
GLI,7,6321,11296,1,1,1
GLI,7,6354,11329,1,1,1
GLI,7,6369,11344,1,1,1
GLI,7,6376,11351,1,1,1
GLI,7,6420,11395,1,1,1
GLI,7,6423,11398,1,1,1
GLI,7,6444,11419,1,1,1
GLI,7,6452,11427,1,1,1
GLI,7,6465,11440,1,1,1
GLI,7,6474,11449,1,1,1
GLI,7,6482,11457,1,1,1
GLI,7,6492,11467,1,1,1
GLI,7,6507,11482,1,1,1
GLI,7,6508,11483,1,0,0
GLI,7,6510,11485,1,1,1
GLI,7,6529,11504,1,1,1
GLI,7,6532,11507,1,1,1
GLI,7,6540,11515,1,1,1
GLI,7,6554,11529,1,1,1
GLI,7,6562,11537,1,1,1
GLI,7,6583,11558,1,1,1
GLI,7,6597,11572,1,1,1
GLI,7,6608,11583,1,1,1
GLI,7,6610,11585,1,1,1
GLI,7,6629,11604,1,1,1
GLI,7,6651,11626,1,1,1
GLI,7,6665,11640,1,1,1
GLI,7,6672,11647,1,1,1
GLI,7,6695,11670,1,0,0
GLI,7,6698,11673,1,1,1
GLI,7,6699,11674,1,1,1
GLI,7,6711,11686,1,1,1
GLI,7,6726,11701,1,1,1
GLI,7,6736,11711,1,1,1
GLI,7,6740,11715,1,1,1
GLI,7,6753,11728,1,1,1
GLI,7,6760,11735,1,1,1
GLI,7,6766,11741,1,1,1
GLI,7,6767,11742,1,1,1
GLI,7,6768,11743,1,1,1
GLI,7,6780,11755,1,1,1
GLI,7,6801,11776,1,0,0
GLI,7,6813,11788,0,1,0
GLI,7,6815,11790,0,0,1
GLI,7,6821,11796,0,0,1
GLI,7,6832,11807,0,0,1
GLI,7,6835,11810,0,0,1
GLI,7,6840,11815,0,0,1
GLI,7,6844,11819,0,0,1
GLI,7,6874,11849,0,0,1
GLI,7,6883,11858,0,0,1
GLI,7,6891,11866,0,0,1
GLI,7,6892,11867,0,0,1
GLI,7,6898,11873,0,0,1
GLI,7,6902,11877,0,0,1
GLI,7,6904,11879,0,0,1
GLI,7,6927,11902,0,0,1
GLI,7,6958,11933,0,0,1
GLI,7,6965,11940,0,0,1
GLI,7,6974,11949,0,0,1
GLI,7,6994,11969,0,0,1
GLI,7,7006,11981,0,0,1
GLI,7,7037,12012,0,0,1
GLI,7,7038,12013,0,0,1
GLI,7,7051,12026,0,0,1
GLI,7,7056,12031,0,0,1
GLI,7,7075,12050,0,0,1
GLI,7,7088,12063,0,0,1
GLI,7,7105,12080,0,0,1
GLI,7,7117,12092,0,0,1
GLI,7,7121,12096,0,0,1
GLI,7,7123,12098,0,0,1
GLI,7,7125,12100,0,0,1
GLI,7,7126,12101,0,0,1
GLI,7,7144,12119,0,0,1
GLI,7,7146,12121,0,0,1
GLI,7,7148,12123,0,0,1
GLI,7,7151,12126,0,0,1
GLI,7,7163,12138,0,0,1
GLI,7,7164,12139,0,0,1
GLI,7,7166,12141,0,0,1
GLI,7,7169,12144,0,0,1
GLI,7,7187,12162,0,0,1
GLI,7,7207,12182,0,0,1
GLI,7,7217,12192,0,0,1
GLI,7,7224,12199,0,0,1
GLI,7,7248,12223,0,0,1
GLI,7,7268,12243,0,0,1
GLI,7,7279,12254,0,0,1
GLI,7,7286,12261,0,0,1
GLI,7,7298,12273,0,0,1
GLI,7,7304,12279,0,1,0
GLI,7,7306,12281,0,0,1
GLI,7,7316,12291,0,0,1
GLI,7,7319,12294,0,0,1
GLI,7,7330,12305,0,0,1
GLI,7,7371,12346,0,0,1
GLI,7,7405,12380,0,0,1
GLI,7,7407,12382,0,0,1
GLI,7,7437,12412,0,0,1
GLI,7,7451,12426,0,0,1
GLI,7,7456,12431,0,0,1
GLI,7,7458,12433,0,0,1
GLI,7,7464,12439,0,0,1
GLI,7,7465,12440,0,1,0
GLI,7,7466,12441,0,0,1
GLI,7,7467,12442,0,1,0
GLI,7,7468,12443,0,0,1
GLI,7,7477,12452,0,0,1
GLI,7,7481,12456,0,0,1
GLI,7,7490,12465,0,0,1
GLI,7,7502,12477,0,0,1
GLI,7,7521,12496,0,0,1
GLI,7,7526,12501,0,0,1
GLI,7,7528,12503,0,0,1
GLI,7,7532,12507,0,0,1
GLI,7,7537,12512,0,0,1
GLI,7,7549,12524,0,0,1
GLI,7,7551,12526,0,0,1
GLI,7,7555,12530,0,0,1
GLI,7,7574,12549,0,0,1
GLI,7,7594,12569,0,0,1
GLI,7,7643,12618,0,0,1
GLI,7,7655,12630,0,0,1
GLI,7,7665,12640,0,0,1
GLI,7,7679,12654,0,0,1
GLI,7,7691,12666,0,0,1
GLI,7,7692,12667,0,0,1
GLI,7,7698,12673,0,0,1
GLI,7,7699,12674,0,0,1
GLI,7,7716,12691,0,0,1
GLI,7,7723,12698,0,0,1
GLI,7,7726,12701,0,0,1
GLI,7,7733,12708,0,0,1
GLI,7,7742,12717,0,0,1
GLI,7,7743,12718,0,1,0
GLI,7,7759,12734,0,0,1
GLI,7,7767,12742,0,0,1
GLI,7,7771,12746,0,0,1
GLI,7,7789,12764,0,0,1
GLI,7,7798,12773,0,0,1
GLI,7,7809,12784,0,0,1
GLI,7,7813,12788,0,0,1
GLI,7,7824,12799,0,0,1
GLI,7,7826,12801,0,0,1
GLI,7,7843,12818,0,0,1
GLI,7,7848,12823,0,0,1
GLI,7,7859,12834,0,0,1
GLI,7,7862,12837,0,0,1
GLI,7,7872,12847,0,0,1
GLI,7,7875,12850,0,0,1
GLI,7,7917,12892,0,0,1
GLI,7,7919,12894,0,0,1
GLI,7,7936,12911,0,0,1
GLI,7,7958,12933,0,0,1
GLI,7,7967,12942,0,0,1
GLI,7,7972,12947,0,0,1
GLI,7,7980,12955,0,0,1
GLI,7,7994,12969,0,0,1
GLI,7,7995,12970,0,0,1
GLI,7,7999,12974,0,0,1
GLI,7,8005,12980,0,0,1
GLI,7,8009,12984,0,0,1
GLI,7,8017,12992,0,0,1
GLI,7,8025,13000,0,0,1
GLI,7,8030,13005,0,0,1
GLI,7,8031,13006,0,0,1
GLI,7,8043,13018,0,0,1
GLI,7,8076,13051,0,0,1
GLI,7,8100,13075,0,0,1
GLI,7,8129,13104,0,0,1
GLI,7,8146,13121,0,0,1
GLI,7,8153,13128,0,0,1
GLI,7,8173,13148,0,0,1
GLI,7,8174,13149,0,0,1
GLI,7,8176,13151,0,0,1
GLI,7,8178,13153,0,0,1
GLI,7,8184,13159,0,0,1
GLI,7,8187,13162,0,0,1
GLI,7,8203,13178,0,0,1
GLI,7,8216,13191,0,0,1
GLI,7,8221,13196,0,0,1
GLI,7,8226,13201,0,0,1
GLI,7,8237,13212,0,0,1
GLI,7,8264,13239,0,0,1
GLI,7,8291,13266,0,0,1
GLI,7,8296,13271,0,0,1
GLI,7,8299,13274,0,0,1
GLI,7,8303,13278,0,0,1
GLI,7,8308,13283,0,0,1
GLI,7,8310,13285,0,0,1
GLI,7,8342,13317,0,0,1
GLI,7,8349,13324,0,0,1
GLI,7,8359,13334,0,0,1
GLI,7,8371,13346,0,0,1
GLI,7,8382,13357,0,1,0
GLI,7,8385,13360,0,0,1
GLI,7,8393,13368,0,0,1
GLI,7,8397,13372,0,0,1
GLI,7,8398,13373,0,0,1
GLI,7,8401,13376,0,0,1
GLI,7,8407,13382,0,0,1
GLI,7,8427,13402,0,0,1
GLI,7,8436,13411,0,0,1
GLI,7,8438,13413,0,0,1
GLI,7,8439,13414,0,0,1
GLI,7,8443,13418,0,0,1
GLI,7,8447,13422,0,0,1
GLI,7,8454,13429,0,0,1
GLI,7,8459,13434,0,0,1
GLI,7,8461,13436,0,0,1
GLI,7,8477,13452,0,0,1
GLI,7,8478,13453,0,0,1
GLI,7,8485,13460,0,0,1
GLI,7,8494,13469,0,0,1
GLI,7,8510,13485,0,0,1
GLI,7,8512,13487,0,0,1
GLI,7,8514,13489,0,0,1
GLI,7,8518,13493,0,0,1
GLI,7,8552,13527,0,0,1
GLI,7,8553,13528,0,0,1
GLI,7,8593,13568,0,0,1
GLI,7,8610,13585,0,0,1
GLI,7,8615,13590,0,0,1
GLI,7,8619,13594,0,0,1
GLI,7,8645,13620,0,0,1
GLI,7,8671,13646,0,0,1
GLI,7,8688,13663,0,0,1
GLI,7,8695,13670,0,0,1
GLI,7,8701,13676,0,0,1
GLI,7,8703,13678,0,0,1
GLI,7,8705,13680,0,0,1
GLI,7,8710,13685,0,0,1
GLI,7,8715,13690,0,0,1
GLI,7,8716,13691,0,0,1
GLI,7,8730,13705,0,0,1
GLI,7,8743,13718,0,0,1
GLI,7,8745,13720,0,0,1
GLI,7,8752,13727,0,0,1
GLI,7,8791,13766,0,0,1
GLI,7,8796,13771,0,0,1
GLI,7,8800,13775,0,0,1
GLI,7,8823,13798,0,0,1
GLI,7,8829,13804,0,0,1
GLI,7,8843,13818,0,1,0
GLI,7,8845,13820,0,0,1
GLI,7,8849,13824,0,0,1
GLI,8,4656,9631,1,0,0
GLI,8,4677,9652,1,1,1
GLI,8,4681,9656,1,1,1
GLI,8,4688,9663,1,1,1
GLI,8,4734,9709,1,1,1
GLI,8,4736,9711,1,1,1
GLI,8,4744,9719,1,1,1
GLI,8,4763,9738,1,1,1
GLI,8,4774,9749,1,1,1
GLI,8,4784,9759,1,1,1
GLI,8,4792,9767,1,1,1
GLI,8,4800,9775,1,1,1
GLI,8,4801,9776,1,1,1
GLI,8,4802,9777,1,1,1
GLI,8,4805,9780,1,1,1
GLI,8,4819,9794,1,1,1
GLI,8,4834,9809,1,1,1
GLI,8,4848,9823,1,1,1
GLI,8,4854,9829,1,1,1
GLI,8,4867,9842,1,1,1
GLI,8,4881,9856,1,1,1
GLI,8,4884,9859,1,1,1
GLI,8,4900,9875,1,1,1
GLI,8,4911,9886,1,1,1
GLI,8,4921,9896,1,1,1
GLI,8,4928,9903,1,1,1
GLI,8,4933,9908,1,1,1
GLI,8,4939,9914,1,1,1
GLI,8,4944,9919,1,1,1
GLI,8,4978,9953,1,1,1
GLI,8,4981,9956,1,1,1
GLI,8,4984,9959,1,1,1
GLI,8,4994,9969,1,1,1
GLI,8,5000,9975,1,1,1
GLI,8,5008,9983,1,1,1
GLI,8,5010,9985,1,1,1
GLI,8,5018,9993,1,1,1
GLI,8,5028,10003,1,1,1
GLI,8,5042,10017,1,1,1
GLI,8,5049,10024,1,1,1
GLI,8,5075,10050,1,1,1
GLI,8,5088,10063,1,1,1
GLI,8,5101,10076,1,1,1
GLI,8,5102,10077,1,1,1
GLI,8,5119,10094,1,1,1
GLI,8,5124,10099,1,1,1
GLI,8,5126,10101,1,1,1
GLI,8,5129,10104,1,1,1
GLI,8,5131,10106,1,1,1
GLI,8,5151,10126,1,1,1
GLI,8,5163,10138,1,1,1
GLI,8,5164,10139,1,1,1
GLI,8,5177,10152,1,1,1
GLI,8,5180,10155,1,1,1
GLI,8,5188,10163,1,1,1
GLI,8,5198,10173,1,0,0
GLI,8,5232,10207,1,1,1
GLI,8,5235,10210,1,1,1
GLI,8,5250,10225,1,1,1
GLI,8,5256,10231,1,0,0
GLI,8,5279,10254,1,1,1
GLI,8,5285,10260,1,1,1
GLI,8,5313,10288,1,1,1
GLI,8,5318,10293,1,1,1
GLI,8,5357,10332,1,1,1
GLI,8,5363,10338,1,1,1
GLI,8,5365,10340,1,1,1
GLI,8,5370,10345,1,1,1
GLI,8,5402,10377,1,0,0
GLI,8,5408,10383,1,1,1
GLI,8,5410,10385,1,1,1
GLI,8,5417,10392,1,1,1
GLI,8,5428,10403,1,1,1
GLI,8,5431,10406,1,1,1
GLI,8,5432,10407,1,1,1
GLI,8,5446,10421,1,1,1
GLI,8,5465,10440,1,1,1
GLI,8,5472,10447,1,1,1
GLI,8,5482,10457,1,1,1
GLI,8,5492,10467,1,1,1
GLI,8,5498,10473,1,1,1
GLI,8,5513,10488,1,1,1
GLI,8,5517,10492,1,1,1
GLI,8,5526,10501,1,1,1
GLI,8,5527,10502,1,1,1
GLI,8,5532,10507,1,1,1
GLI,8,5539,10514,1,1,1
GLI,8,5540,10515,1,1,1
GLI,8,5546,10521,1,1,1
GLI,8,5551,10526,1,1,1
GLI,8,5552,10527,1,1,1
GLI,8,5556,10531,1,1,1
GLI,8,5558,10533,1,1,1
GLI,8,5560,10535,1,1,1
GLI,8,5569,10544,1,1,1
GLI,8,5574,10549,1,1,1
GLI,8,5603,10578,1,1,1
GLI,8,5625,10600,1,1,1
GLI,8,5630,10605,1,1,1
GLI,8,5638,10613,1,1,1
GLI,8,5657,10632,1,1,1
GLI,8,5664,10639,1,1,1
GLI,8,5673,10648,1,1,1
GLI,8,5678,10653,1,1,1
GLI,8,5729,10704,1,1,1
GLI,8,5730,10705,1,1,1
GLI,8,5759,10734,1,1,1
GLI,8,5765,10740,1,1,1
GLI,8,5774,10749,1,1,1
GLI,8,5777,10752,1,1,1
GLI,8,5794,10769,1,1,1
GLI,8,5806,10781,1,1,1
GLI,8,5816,10791,1,1,1
GLI,8,5849,10824,1,1,1
GLI,8,5859,10834,1,1,1
GLI,8,5869,10844,1,1,1
GLI,8,5874,10849,1,0,0
GLI,8,5875,10850,1,0,0
GLI,8,5885,10860,1,1,1
GLI,8,5887,10862,1,1,1
GLI,8,5892,10867,1,1,1
GLI,8,5895,10870,1,1,1
GLI,8,5897,10872,1,1,1
GLI,8,5917,10892,1,1,1
GLI,8,5918,10893,1,1,1
GLI,8,5925,10900,1,1,1
GLI,8,5932,10907,1,1,1
GLI,8,5934,10909,1,1,1
GLI,8,5936,10911,1,1,1
GLI,8,5955,10930,1,0,0
GLI,8,5962,10937,1,1,1
GLI,8,5965,10940,1,1,1
GLI,8,5966,10941,1,1,1
GLI,8,5993,10968,1,1,1
GLI,8,5999,10974,1,1,1
GLI,8,6022,10997,1,1,1
GLI,8,6032,11007,1,1,1
GLI,8,6040,11015,1,1,1
GLI,8,6042,11017,1,0,0
GLI,8,6056,11031,1,1,1
GLI,8,6059,11034,1,1,1
GLI,8,6064,11039,1,1,1
GLI,8,6086,11061,1,1,1
GLI,8,6091,11066,1,1,1
GLI,8,6115,11090,1,1,1
GLI,8,6132,11107,1,1,1
GLI,8,6143,11118,1,1,1
GLI,8,6160,11135,1,1,1
GLI,8,6168,11143,1,1,1
GLI,8,6196,11171,1,1,1
GLI,8,6203,11178,1,1,1
GLI,8,6224,11199,1,1,1
GLI,8,6226,11201,1,1,1
GLI,8,6227,11202,1,1,1
GLI,8,6242,11217,1,1,1
GLI,8,6244,11219,1,1,1
GLI,8,6258,11233,1,1,1
GLI,8,6259,11234,1,1,1
GLI,8,6271,11246,1,1,1
GLI,8,6272,11247,1,0,0
GLI,8,6280,11255,1,1,1
GLI,8,6288,11263,1,1,1
GLI,8,6303,11278,1,1,1
GLI,8,6343,11318,1,1,1
GLI,8,6355,11330,1,1,1
GLI,8,6358,11333,1,1,1
GLI,8,6365,11340,1,1,1
GLI,8,6388,11363,1,1,1
GLI,8,6407,11382,1,1,1
GLI,8,6413,11388,1,1,1
GLI,8,6436,11411,1,1,1
GLI,8,6458,11433,1,1,1
GLI,8,6473,11448,1,1,1
GLI,8,6478,11453,1,1,1
GLI,8,6484,11459,1,1,1
GLI,8,6491,11466,1,1,1
GLI,8,6498,11473,1,1,1
GLI,8,6503,11478,1,1,1
GLI,8,6520,11495,1,0,0
GLI,8,6528,11503,1,1,1
GLI,8,6533,11508,1,1,1
GLI,8,6548,11523,1,1,1
GLI,8,6549,11524,1,1,1
GLI,8,6564,11539,1,1,1
GLI,8,6571,11546,1,1,1
GLI,8,6584,11559,1,1,1
GLI,8,6588,11563,1,1,1
GLI,8,6591,11566,1,1,1
GLI,8,6604,11579,1,1,1
GLI,8,6613,11588,1,1,1
GLI,8,6619,11594,1,1,1
GLI,8,6633,11608,1,1,1
GLI,8,6647,11622,1,1,1
GLI,8,6664,11639,1,1,1
GLI,8,6679,11654,1,1,1
GLI,8,6684,11659,1,1,1
GLI,8,6687,11662,1,1,1
GLI,8,6702,11677,1,1,1
GLI,8,6723,11698,1,1,1
GLI,8,6724,11699,1,1,1
GLI,8,6729,11704,1,1,1
GLI,8,6744,11719,1,1,1
GLI,8,6746,11721,1,1,1
GLI,8,6750,11725,1,1,1
GLI,8,6754,11729,1,1,1
GLI,8,6758,11733,1,1,1
GLI,8,6774,11749,1,1,1
GLI,8,6776,11751,1,1,1
GLI,8,6777,11752,1,1,1
GLI,8,6779,11754,1,1,1
GLI,8,6784,11759,1,1,1
GLI,8,6794,11769,1,1,1
GLI,8,6795,11770,1,1,1
GLI,8,6800,11775,1,1,1
GLI,8,6802,11777,1,1,1
GLI,8,6806,11781,0,0,1
GLI,8,6808,11783,0,0,1
GLI,8,6811,11786,0,0,1
GLI,8,6828,11803,0,0,1
GLI,8,6829,11804,0,0,1
GLI,8,6834,11809,0,0,1
GLI,8,6837,11812,0,0,1
GLI,8,6839,11814,0,0,1
GLI,8,6851,11826,0,0,1
GLI,8,6852,11827,0,0,1
GLI,8,6855,11830,0,0,1
GLI,8,6861,11836,0,0,1
GLI,8,6864,11839,0,0,1
GLI,8,6867,11842,0,0,1
GLI,8,6876,11851,0,0,1
GLI,8,6889,11864,0,0,1
GLI,8,6896,11871,0,0,1
GLI,8,6899,11874,0,0,1
GLI,8,6914,11889,0,0,1
GLI,8,6920,11895,0,0,1
GLI,8,6938,11913,0,0,1
GLI,8,6949,11924,0,0,1
GLI,8,6951,11926,0,0,1
GLI,8,6956,11931,0,0,1
GLI,8,6960,11935,0,0,1
GLI,8,6967,11942,0,0,1
GLI,8,6969,11944,0,0,1
GLI,8,6978,11953,0,0,1
GLI,8,6979,11954,0,0,1
GLI,8,6989,11964,0,0,1
GLI,8,6998,11973,0,0,1
GLI,8,7005,11980,0,0,1
GLI,8,7028,12003,0,0,1
GLI,8,7033,12008,0,0,1
GLI,8,7034,12009,0,0,1
GLI,8,7041,12016,0,0,1
GLI,8,7074,12049,0,0,1
GLI,8,7078,12053,0,0,1
GLI,8,7086,12061,0,0,1
GLI,8,7091,12066,0,0,1
GLI,8,7098,12073,0,0,1
GLI,8,7099,12074,0,0,1
GLI,8,7119,12094,0,0,1
GLI,8,7137,12112,0,0,1
GLI,8,7140,12115,0,0,1
GLI,8,7178,12153,0,0,1
GLI,8,7205,12180,0,0,1
GLI,8,7216,12191,0,0,1
GLI,8,7219,12194,0,0,1
GLI,8,7220,12195,0,0,1
GLI,8,7221,12196,0,0,1
GLI,8,7223,12198,0,0,1
GLI,8,7250,12225,0,0,1
GLI,8,7254,12229,0,0,1
GLI,8,7255,12230,0,0,1
GLI,8,7271,12246,0,0,1
GLI,8,7283,12258,0,0,1
GLI,8,7284,12259,0,0,1
GLI,8,7288,12263,0,0,1
GLI,8,7289,12264,0,0,1
GLI,8,7290,12265,0,0,1
GLI,8,7295,12270,0,0,1
GLI,8,7297,12272,0,0,1
GLI,8,7331,12306,0,0,1
GLI,8,7335,12310,0,0,1
GLI,8,7342,12317,0,1,0
GLI,8,7352,12327,0,0,1
GLI,8,7353,12328,0,0,1
GLI,8,7375,12350,0,0,1
GLI,8,7378,12353,0,0,1
GLI,8,7383,12358,0,0,1
GLI,8,7389,12364,0,0,1
GLI,8,7409,12384,0,0,1
GLI,8,7413,12388,0,1,0
GLI,8,7416,12391,0,0,1
GLI,8,7422,12397,0,0,1
GLI,8,7473,12448,0,0,1
GLI,8,7474,12449,0,0,1
GLI,8,7478,12453,0,0,1
GLI,8,7487,12462,0,0,1
GLI,8,7501,12476,0,0,1
GLI,8,7518,12493,0,0,1
GLI,8,7524,12499,0,0,1
GLI,8,7552,12527,0,0,1
GLI,8,7560,12535,0,0,1
GLI,8,7569,12544,0,0,1
GLI,8,7587,12562,0,0,1
GLI,8,7601,12576,0,0,1
GLI,8,7608,12583,0,0,1
GLI,8,7615,12590,0,0,1
GLI,8,7619,12594,0,0,1
GLI,8,7621,12596,0,0,1
GLI,8,7623,12598,0,0,1
GLI,8,7627,12602,0,0,1
GLI,8,7631,12606,0,0,1
GLI,8,7632,12607,0,0,1
GLI,8,7657,12632,0,0,1
GLI,8,7659,12634,0,0,1
GLI,8,7672,12647,0,0,1
GLI,8,7675,12650,0,0,1
GLI,8,7677,12652,0,0,1
GLI,8,7680,12655,0,0,1
GLI,8,7682,12657,0,0,1
GLI,8,7717,12692,0,0,1
GLI,8,7718,12693,0,0,1
GLI,8,7729,12704,0,0,1
GLI,8,7731,12706,0,0,1
GLI,8,7735,12710,0,0,1
GLI,8,7744,12719,0,0,1
GLI,8,7758,12733,0,0,1
GLI,8,7762,12737,0,0,1
GLI,8,7768,12743,0,0,1
GLI,8,7773,12748,0,0,1
GLI,8,7778,12753,0,0,1
GLI,8,7779,12754,0,0,1
GLI,8,7780,12755,0,0,1
GLI,8,7787,12762,0,0,1
GLI,8,7805,12780,0,0,1
GLI,8,7816,12791,0,0,1
GLI,8,7830,12805,0,0,1
GLI,8,7831,12806,0,0,1
GLI,8,7849,12824,0,0,1
GLI,8,7854,12829,0,0,1
GLI,8,7858,12833,0,0,1
GLI,8,7885,12860,0,0,1
GLI,8,7888,12863,0,1,0
GLI,8,7905,12880,0,1,0
GLI,8,7920,12895,0,0,1
GLI,8,7934,12909,0,0,1
GLI,8,7946,12921,0,0,1
GLI,8,7954,12929,0,0,1
GLI,8,7964,12939,0,0,1
GLI,8,7990,12965,0,0,1
GLI,8,7998,12973,0,0,1
GLI,8,8007,12982,0,0,1
GLI,8,8013,12988,0,0,1
GLI,8,8036,13011,0,0,1
GLI,8,8037,13012,0,0,1
GLI,8,8074,13049,0,1,0
GLI,8,8093,13068,0,0,1
GLI,8,8103,13078,0,0,1
GLI,8,8106,13081,0,0,1
GLI,8,8109,13084,0,0,1
GLI,8,8154,13129,0,0,1
GLI,8,8155,13130,0,0,1
GLI,8,8161,13136,0,0,1
GLI,8,8180,13155,0,0,1
GLI,8,8195,13170,0,0,1
GLI,8,8208,13183,0,0,1
GLI,8,8211,13186,0,0,1
GLI,8,8218,13193,0,0,1
GLI,8,8222,13197,0,0,1
GLI,8,8235,13210,0,0,1
GLI,8,8247,13222,0,0,1
GLI,8,8256,13231,0,0,1
GLI,8,8265,13240,0,0,1
GLI,8,8277,13252,0,0,1
GLI,8,8278,13253,0,0,1
GLI,8,8292,13267,0,0,1
GLI,8,8293,13268,0,0,1
GLI,8,8302,13277,0,0,1
GLI,8,8316,13291,0,0,1
GLI,8,8318,13293,0,0,1
GLI,8,8361,13336,0,1,0
GLI,8,8363,13338,0,0,1
GLI,8,8380,13355,0,0,1
GLI,8,8400,13375,0,0,1
GLI,8,8403,13378,0,0,1
GLI,8,8418,13393,0,0,1
GLI,8,8424,13399,0,0,1
GLI,8,8441,13416,0,0,1
GLI,8,8444,13419,0,0,1
GLI,8,8476,13451,0,1,0
GLI,8,8482,13457,0,0,1
GLI,8,8501,13476,0,0,1
GLI,8,8515,13490,0,0,1
GLI,8,8546,13521,0,0,1
GLI,8,8555,13530,0,0,1
GLI,8,8585,13560,0,0,1
GLI,8,8590,13565,0,0,1
GLI,8,8594,13569,0,0,1
GLI,8,8595,13570,0,0,1
GLI,8,8618,13593,0,0,1
GLI,8,8621,13596,0,1,0
GLI,8,8670,13645,0,0,1
GLI,8,8679,13654,0,0,1
GLI,8,8683,13658,0,0,1
GLI,8,8689,13664,0,0,1
GLI,8,8691,13666,0,0,1
GLI,8,8700,13675,0,0,1
GLI,8,8702,13677,0,1,0
GLI,8,8714,13689,0,0,1
GLI,8,8719,13694,0,0,1
GLI,8,8722,13697,0,0,1
GLI,8,8728,13703,0,0,1
GLI,8,8761,13736,0,0,1
GLI,8,8780,13755,0,0,1
GLI,8,8793,13768,0,0,1
GLI,8,8798,13773,0,0,1
GLI,8,8813,13788,0,0,1
GLI,8,8817,13792,0,0,1
GLI,8,8836,13811,0,0,1
GLI,8,8837,13812,0,0,1
GLI,8,8841,13816,0,0,1
GLI,8,8847,13822,0,0,1
GLI,9,4669,9644,1,1,1
GLI,9,4671,9646,1,1,1
GLI,9,4680,9655,1,1,1
GLI,9,4685,9660,1,1,1
GLI,9,4694,9669,1,1,1
GLI,9,4710,9685,1,1,1
GLI,9,4721,9696,1,1,1
GLI,9,4735,9710,1,1,1
GLI,9,4747,9722,1,1,1
GLI,9,4761,9736,1,1,1
GLI,9,4766,9741,1,1,1
GLI,9,4768,9743,1,1,1
GLI,9,4776,9751,1,1,1
GLI,9,4780,9755,1,1,1
GLI,9,4790,9765,1,0,0
GLI,9,4798,9773,1,1,1
GLI,9,4809,9784,1,1,1
GLI,9,4860,9835,1,1,1
GLI,9,4861,9836,1,1,1
GLI,9,4885,9860,1,1,1
GLI,9,4895,9870,1,1,1
GLI,9,4946,9921,1,1,1
GLI,9,4969,9944,1,1,1
GLI,9,4970,9945,1,1,1
GLI,9,4979,9954,1,1,1
GLI,9,4982,9957,1,1,1
GLI,9,4993,9968,1,1,1
GLI,9,4996,9971,1,1,1
GLI,9,5001,9976,1,1,1
GLI,9,5024,9999,1,1,1
GLI,9,5032,10007,1,1,1
GLI,9,5048,10023,1,1,1
GLI,9,5050,10025,1,1,1
GLI,9,5052,10027,1,1,1
GLI,9,5054,10029,1,1,1
GLI,9,5065,10040,1,1,1
GLI,9,5073,10048,1,1,1
GLI,9,5094,10069,1,1,1
GLI,9,5142,10117,1,1,1
GLI,9,5152,10127,1,1,1
GLI,9,5153,10128,1,1,1
GLI,9,5175,10150,1,1,1
GLI,9,5185,10160,1,1,1
GLI,9,5192,10167,1,1,1
GLI,9,5195,10170,1,1,1
GLI,9,5204,10179,1,1,1
GLI,9,5230,10205,1,1,1
GLI,9,5233,10208,1,1,1
GLI,9,5248,10223,1,1,1
GLI,9,5261,10236,1,1,1
GLI,9,5272,10247,1,1,1
GLI,9,5280,10255,1,1,1
GLI,9,5288,10263,1,1,1
GLI,9,5299,10274,1,1,1
GLI,9,5301,10276,1,1,1
GLI,9,5307,10282,1,1,1
GLI,9,5315,10290,1,1,1
GLI,9,5320,10295,1,1,1
GLI,9,5322,10297,1,0,0
GLI,9,5340,10315,1,1,1
GLI,9,5342,10317,1,1,1
GLI,9,5348,10323,1,1,1
GLI,9,5350,10325,1,1,1
GLI,9,5351,10326,1,0,0
GLI,9,5352,10327,1,1,1
GLI,9,5358,10333,1,1,1
GLI,9,5366,10341,1,1,1
GLI,9,5388,10363,1,0,0
GLI,9,5395,10370,1,1,1
GLI,9,5421,10396,1,1,1
GLI,9,5442,10417,1,1,1
GLI,9,5447,10422,1,1,1
GLI,9,5449,10424,1,1,1
GLI,9,5454,10429,1,1,1
GLI,9,5456,10431,1,1,1
GLI,9,5461,10436,1,1,1
GLI,9,5468,10443,1,1,1
GLI,9,5475,10450,1,1,1
GLI,9,5479,10454,1,1,1
GLI,9,5493,10468,1,1,1
GLI,9,5495,10470,1,1,1
GLI,9,5512,10487,1,1,1
GLI,9,5534,10509,1,1,1
GLI,9,5542,10517,1,1,1
GLI,9,5544,10519,1,1,1
GLI,9,5547,10522,1,1,1
GLI,9,5548,10523,1,1,1
GLI,9,5566,10541,1,1,1
GLI,9,5573,10548,1,1,1
GLI,9,5592,10567,1,1,1
GLI,9,5596,10571,1,1,1
GLI,9,5616,10591,1,1,1
GLI,9,5618,10593,1,1,1
GLI,9,5619,10594,1,1,1
GLI,9,5620,10595,1,1,1
GLI,9,5627,10602,1,1,1
GLI,9,5666,10641,1,1,1
GLI,9,5677,10652,1,1,1
GLI,9,5687,10662,1,1,1
GLI,9,5707,10682,1,1,1
GLI,9,5709,10684,1,1,1
GLI,9,5719,10694,1,1,1
GLI,9,5738,10713,1,1,1
GLI,9,5756,10731,1,1,1
GLI,9,5758,10733,1,1,1
GLI,9,5771,10746,1,1,1
GLI,9,5780,10755,1,1,1
GLI,9,5782,10757,1,1,1
GLI,9,5786,10761,1,0,0
GLI,9,5790,10765,1,1,1
GLI,9,5791,10766,1,1,1
GLI,9,5798,10773,1,1,1
GLI,9,5800,10775,1,1,1
GLI,9,5802,10777,1,1,1
GLI,9,5809,10784,1,1,1
GLI,9,5827,10802,1,1,1
GLI,9,5832,10807,1,1,1
GLI,9,5846,10821,1,1,1
GLI,9,5856,10831,1,0,0
GLI,9,5865,10840,1,1,1
GLI,9,5878,10853,1,1,1
GLI,9,5880,10855,1,1,1
GLI,9,5890,10865,1,1,1
GLI,9,5896,10871,1,1,1
GLI,9,5911,10886,1,1,1
GLI,9,5923,10898,1,1,1
GLI,9,5939,10914,1,1,1
GLI,9,5941,10916,1,0,0
GLI,9,5958,10933,1,0,0
GLI,9,5960,10935,1,1,1
GLI,9,5970,10945,1,1,1
GLI,9,5973,10948,1,1,1
GLI,9,5985,10960,1,1,1
GLI,9,5989,10964,1,1,1
GLI,9,5996,10971,1,1,1
GLI,9,6000,10975,1,1,1
GLI,9,6002,10977,1,1,1
GLI,9,6004,10979,1,1,1
GLI,9,6017,10992,1,0,0
GLI,9,6031,11006,1,1,1
GLI,9,6033,11008,1,1,1
GLI,9,6036,11011,1,1,1
GLI,9,6067,11042,1,1,1
GLI,9,6069,11044,1,1,1
GLI,9,6081,11056,1,1,1
GLI,9,6093,11068,1,1,1
GLI,9,6098,11073,1,1,1
GLI,9,6112,11087,1,1,1
GLI,9,6125,11100,1,1,1
GLI,9,6129,11104,1,1,1
GLI,9,6157,11132,1,1,1
GLI,9,6166,11141,1,1,1
GLI,9,6182,11157,1,1,1
GLI,9,6190,11165,1,1,1
GLI,9,6201,11176,1,1,1
GLI,9,6202,11177,1,1,1
GLI,9,6209,11184,1,1,1
GLI,9,6213,11188,1,1,1
GLI,9,6220,11195,1,1,1
GLI,9,6264,11239,1,1,1
GLI,9,6269,11244,1,1,1
GLI,9,6279,11254,1,1,1
GLI,9,6300,11275,1,1,1
GLI,9,6304,11279,1,0,0
GLI,9,6308,11283,1,1,1
GLI,9,6322,11297,1,1,1
GLI,9,6324,11299,1,1,1
GLI,9,6338,11313,1,1,1
GLI,9,6350,11325,1,1,1
GLI,9,6357,11332,1,1,1
GLI,9,6364,11339,1,1,1
GLI,9,6377,11352,1,1,1
GLI,9,6421,11396,1,1,1
GLI,9,6424,11399,1,1,1
GLI,9,6426,11401,1,1,1
GLI,9,6434,11409,1,1,1
GLI,9,6445,11420,1,1,1
GLI,9,6448,11423,1,1,1
GLI,9,6456,11431,1,1,1
GLI,9,6467,11442,1,1,1
GLI,9,6468,11443,1,1,1
GLI,9,6475,11450,1,1,1
GLI,9,6499,11474,1,1,1
GLI,9,6500,11475,1,1,1
GLI,9,6513,11488,1,1,1
GLI,9,6521,11496,1,0,0
GLI,9,6523,11498,1,1,1
GLI,9,6525,11500,1,1,1
GLI,9,6536,11511,1,1,1
GLI,9,6538,11513,1,1,1
GLI,9,6547,11522,1,1,1
GLI,9,6556,11531,1,1,1
GLI,9,6559,11534,1,1,1
GLI,9,6569,11544,1,1,1
GLI,9,6579,11554,1,1,1
GLI,9,6594,11569,1,1,1
GLI,9,6595,11570,1,1,1
GLI,9,6599,11574,1,1,1
GLI,9,6615,11590,1,1,1
GLI,9,6624,11599,1,1,1
GLI,9,6627,11602,1,1,1
GLI,9,6634,11609,1,1,1
GLI,9,6638,11613,1,1,1
GLI,9,6641,11616,1,1,1
GLI,9,6653,11628,1,1,1
GLI,9,6661,11636,1,1,1
GLI,9,6678,11653,1,1,1
GLI,9,6689,11664,1,1,1
GLI,9,6697,11672,1,1,1
GLI,9,6727,11702,1,0,0
GLI,9,6751,11726,1,1,1
GLI,9,6752,11727,1,1,1
GLI,9,6759,11734,1,1,1
GLI,9,6786,11761,1,1,1
GLI,9,6791,11766,1,1,1
GLI,9,6807,11782,0,0,1
GLI,9,6817,11792,0,0,1
GLI,9,6819,11794,0,1,0
GLI,9,6820,11795,0,0,1
GLI,9,6825,11800,0,0,1
GLI,9,6847,11822,0,0,1
GLI,9,6849,11824,0,0,1
GLI,9,6856,11831,0,0,1
GLI,9,6857,11832,0,0,1
GLI,9,6882,11857,0,0,1
GLI,9,6890,11865,0,0,1
GLI,9,6901,11876,0,0,1
GLI,9,6907,11882,0,0,1
GLI,9,6912,11887,0,0,1
GLI,9,6922,11897,0,0,1
GLI,9,6925,11900,0,0,1
GLI,9,6988,11963,0,0,1
GLI,9,7003,11978,0,0,1
GLI,9,7031,12006,0,0,1
GLI,9,7050,12025,0,0,1
GLI,9,7054,12029,0,0,1
GLI,9,7063,12038,0,0,1
GLI,9,7065,12040,0,0,1
GLI,9,7072,12047,0,0,1
GLI,9,7079,12054,0,0,1
GLI,9,7087,12062,0,1,0
GLI,9,7093,12068,0,0,1
GLI,9,7111,12086,0,0,1
GLI,9,7116,12091,0,0,1
GLI,9,7118,12093,0,0,1
GLI,9,7133,12108,0,0,1
GLI,9,7155,12130,0,0,1
GLI,9,7158,12133,0,1,0
GLI,9,7171,12146,0,1,0
GLI,9,7175,12150,0,0,1
GLI,9,7182,12157,0,0,1
GLI,9,7188,12163,0,0,1
GLI,9,7200,12175,0,0,1
GLI,9,7204,12179,0,0,1
GLI,9,7227,12202,0,0,1
GLI,9,7235,12210,0,0,1
GLI,9,7249,12224,0,0,1
GLI,9,7257,12232,0,1,0
GLI,9,7269,12244,0,0,1
GLI,9,7280,12255,0,0,1
GLI,9,7285,12260,0,0,1
GLI,9,7294,12269,0,0,1
GLI,9,7299,12274,0,0,1
GLI,9,7314,12289,0,0,1
GLI,9,7336,12311,0,0,1
GLI,9,7337,12312,0,0,1
GLI,9,7362,12337,0,0,1
GLI,9,7373,12348,0,0,1
GLI,9,7390,12365,0,0,1
GLI,9,7401,12376,0,0,1
GLI,9,7404,12379,0,0,1
GLI,9,7406,12381,0,0,1
GLI,9,7420,12395,0,0,1
GLI,9,7424,12399,0,0,1
GLI,9,7430,12405,0,0,1
GLI,9,7432,12407,0,0,1
GLI,9,7433,12408,0,0,1
GLI,9,7438,12413,0,0,1
GLI,9,7454,12429,0,0,1
GLI,9,7463,12438,0,0,1
GLI,9,7515,12490,0,0,1
GLI,9,7529,12504,0,0,1
GLI,9,7530,12505,0,0,1
GLI,9,7534,12509,0,0,1
GLI,9,7540,12515,0,0,1
GLI,9,7554,12529,0,0,1
GLI,9,7558,12533,0,0,1
GLI,9,7559,12534,0,0,1
GLI,9,7579,12554,0,0,1
GLI,9,7582,12557,0,0,1
GLI,9,7583,12558,0,0,1
GLI,9,7585,12560,0,0,1
GLI,9,7610,12585,0,0,1
GLI,9,7617,12592,0,0,1
GLI,9,7629,12604,0,0,1
GLI,9,7651,12626,0,0,1
GLI,9,7663,12638,0,0,1
GLI,9,7674,12649,0,0,1
GLI,9,7686,12661,0,0,1
GLI,9,7704,12679,0,0,1
GLI,9,7706,12681,0,0,1
GLI,9,7707,12682,0,0,1
GLI,9,7711,12686,0,0,1
GLI,9,7720,12695,0,0,1
GLI,9,7728,12703,0,0,1
GLI,9,7751,12726,0,0,1
GLI,9,7775,12750,0,0,1
GLI,9,7792,12767,0,0,1
GLI,9,7812,12787,0,0,1
GLI,9,7815,12790,0,0,1
GLI,9,7821,12796,0,0,1
GLI,9,7829,12804,0,1,0
GLI,9,7847,12822,0,0,1
GLI,9,7856,12831,0,0,1
GLI,9,7866,12841,0,1,0
GLI,9,7868,12843,0,0,1
GLI,9,7882,12857,0,0,1
GLI,9,7884,12859,0,0,1
GLI,9,7893,12868,0,0,1
GLI,9,7931,12906,0,0,1
GLI,9,7944,12919,0,0,1
GLI,9,7973,12948,0,0,1
GLI,9,7975,12950,0,0,1
GLI,9,7979,12954,0,0,1
GLI,9,8001,12976,0,0,1
GLI,9,8002,12977,0,0,1
GLI,9,8008,12983,0,0,1
GLI,9,8011,12986,0,1,0
GLI,9,8012,12987,0,0,1
GLI,9,8014,12989,0,0,1
GLI,9,8028,13003,0,0,1
GLI,9,8029,13004,0,0,1
GLI,9,8032,13007,0,0,1
GLI,9,8039,13014,0,0,1
GLI,9,8065,13040,0,0,1
GLI,9,8071,13046,0,0,1
GLI,9,8072,13047,0,0,1
GLI,9,8075,13050,0,0,1
GLI,9,8079,13054,0,0,1
GLI,9,8102,13077,0,0,1
GLI,9,8147,13122,0,0,1
GLI,9,8149,13124,0,0,1
GLI,9,8157,13132,0,0,1
GLI,9,8179,13154,0,0,1
GLI,9,8196,13171,0,0,1
GLI,9,8198,13173,0,0,1
GLI,9,8225,13200,0,0,1
GLI,9,8248,13223,0,0,1
GLI,9,8258,13233,0,0,1
GLI,9,8259,13234,0,0,1
GLI,9,8282,13257,0,0,1
GLI,9,8287,13262,0,0,1
GLI,9,8289,13264,0,0,1
GLI,9,8297,13272,0,0,1
GLI,9,8300,13275,0,0,1
GLI,9,8306,13281,0,0,1
GLI,9,8323,13298,0,0,1
GLI,9,8324,13299,0,0,1
GLI,9,8328,13303,0,0,1
GLI,9,8330,13305,0,0,1
GLI,9,8332,13307,0,0,1
GLI,9,8333,13308,0,0,1
GLI,9,8339,13314,0,0,1
GLI,9,8345,13320,0,0,1
GLI,9,8351,13326,0,0,1
GLI,9,8368,13343,0,0,1
GLI,9,8372,13347,0,0,1
GLI,9,8375,13350,0,0,1
GLI,9,8387,13362,0,1,0
GLI,9,8394,13369,0,0,1
GLI,9,8405,13380,0,1,0
GLI,9,8416,13391,0,0,1
GLI,9,8428,13403,0,0,1
GLI,9,8434,13409,0,0,1
GLI,9,8452,13427,0,0,1
GLI,9,8453,13428,0,0,1
GLI,9,8457,13432,0,0,1
GLI,9,8465,13440,0,0,1
GLI,9,8488,13463,0,0,1
GLI,9,8499,13474,0,0,1
GLI,9,8504,13479,0,0,1
GLI,9,8505,13480,0,0,1
GLI,9,8525,13500,0,0,1
GLI,9,8526,13501,0,0,1
GLI,9,8532,13507,0,0,1
GLI,9,8533,13508,0,0,1
GLI,9,8557,13532,0,0,1
GLI,9,8569,13544,0,0,1
GLI,9,8575,13550,0,1,0
GLI,9,8592,13567,0,0,1
GLI,9,8604,13579,0,0,1
GLI,9,8605,13580,0,0,1
GLI,9,8612,13587,0,0,1
GLI,9,8617,13592,0,0,1
GLI,9,8624,13599,0,0,1
GLI,9,8628,13603,0,0,1
GLI,9,8635,13610,0,0,1
GLI,9,8636,13611,0,0,1
GLI,9,8647,13622,0,0,1
GLI,9,8675,13650,0,0,1
GLI,9,8681,13656,0,1,0
GLI,9,8682,13657,0,0,1
GLI,9,8685,13660,0,0,1
GLI,9,8712,13687,0,0,1
GLI,9,8713,13688,0,0,1
GLI,9,8727,13702,0,0,1
GLI,9,8747,13722,0,0,1
GLI,9,8753,13728,0,0,1
GLI,9,8765,13740,0,0,1
GLI,9,8772,13747,0,1,0
GLI,9,8779,13754,0,0,1
GLI,9,8788,13763,0,0,1
GLI,9,8794,13769,0,0,1
GLI,9,8795,13770,0,0,1
GLI,9,8814,13789,0,0,1
GLI,9,8819,13794,0,0,1
GLI,9,8822,13797,0,0,1
GLI,9,8830,13805,0,0,1
GLI,9,8844,13819,0,0,1
GLI,10,4653,9628,1,0,0
GLI,10,4664,9639,1,1,1
GLI,10,4665,9640,1,1,1
GLI,10,4673,9648,1,1,1
GLI,10,4690,9665,1,1,1
GLI,10,4697,9672,1,1,1
GLI,10,4701,9676,1,1,1
GLI,10,4709,9684,1,1,1
GLI,10,4715,9690,1,1,1
GLI,10,4759,9734,1,1,1
GLI,10,4769,9744,1,1,1
GLI,10,4771,9746,1,1,1
GLI,10,4772,9747,1,1,1
GLI,10,4789,9764,1,1,1
GLI,10,4799,9774,1,1,1
GLI,10,4810,9785,1,1,1
GLI,10,4813,9788,1,1,1
GLI,10,4815,9790,1,1,1
GLI,10,4818,9793,1,1,1
GLI,10,4832,9807,1,1,1
GLI,10,4838,9813,1,1,1
GLI,10,4839,9814,1,1,1
GLI,10,4847,9822,1,1,1
GLI,10,4859,9834,1,1,1
GLI,10,4869,9844,1,1,1
GLI,10,4871,9846,1,1,1
GLI,10,4878,9853,1,1,1
GLI,10,4892,9867,1,1,1
GLI,10,4908,9883,1,1,1
GLI,10,4931,9906,1,1,1
GLI,10,4940,9915,1,1,1
GLI,10,4941,9916,1,1,1
GLI,10,4961,9936,1,1,1
GLI,10,4962,9937,1,1,1
GLI,10,4963,9938,1,1,1
GLI,10,4966,9941,1,1,1
GLI,10,4968,9943,1,1,1
GLI,10,4974,9949,1,1,1
GLI,10,4980,9955,1,1,1
GLI,10,4991,9966,1,1,1
GLI,10,4999,9974,1,1,1
GLI,10,5004,9979,1,1,1
GLI,10,5005,9980,1,1,1
GLI,10,5030,10005,1,1,1
GLI,10,5033,10008,1,1,1
GLI,10,5034,10009,1,1,1
GLI,10,5035,10010,1,1,1
GLI,10,5039,10014,1,1,1
GLI,10,5043,10018,1,1,1
GLI,10,5077,10052,1,1,1
GLI,10,5083,10058,1,1,1
GLI,10,5106,10081,1,1,1
GLI,10,5109,10084,1,1,1
GLI,10,5122,10097,1,1,1
GLI,10,5135,10110,1,1,1
GLI,10,5145,10120,1,1,1
GLI,10,5147,10122,1,1,1
GLI,10,5148,10123,1,1,1
GLI,10,5150,10125,1,1,1
GLI,10,5170,10145,1,1,1
GLI,10,5210,10185,1,1,1
GLI,10,5217,10192,1,1,1
GLI,10,5221,10196,1,1,1
GLI,10,5229,10204,1,1,1
GLI,10,5237,10212,1,0,0
GLI,10,5249,10224,1,1,1
GLI,10,5253,10228,1,1,1
GLI,10,5259,10234,1,0,0
GLI,10,5287,10262,1,1,1
GLI,10,5304,10279,1,1,1
GLI,10,5337,10312,1,1,1
GLI,10,5354,10329,1,1,1
GLI,10,5356,10331,1,1,1
GLI,10,5369,10344,1,1,1
GLI,10,5373,10348,1,1,1
GLI,10,5415,10390,1,1,1
GLI,10,5418,10393,1,1,1
GLI,10,5430,10405,1,1,1
GLI,10,5435,10410,1,1,1
GLI,10,5443,10418,1,1,1
GLI,10,5455,10430,1,1,1
GLI,10,5462,10437,1,1,1
GLI,10,5488,10463,1,1,1
GLI,10,5504,10479,1,1,1
GLI,10,5505,10480,1,1,1
GLI,10,5529,10504,1,1,1
GLI,10,5537,10512,1,1,1
GLI,10,5549,10524,1,0,0
GLI,10,5555,10530,1,1,1
GLI,10,5578,10553,1,1,1
GLI,10,5588,10563,1,1,1
GLI,10,5593,10568,1,1,1
GLI,10,5598,10573,1,1,1
GLI,10,5602,10577,1,1,1
GLI,10,5606,10581,1,1,1
GLI,10,5615,10590,1,1,1
GLI,10,5631,10606,1,1,1
GLI,10,5636,10611,1,1,1
GLI,10,5643,10618,1,1,1
GLI,10,5651,10626,1,0,0
GLI,10,5669,10644,1,1,1
GLI,10,5679,10654,1,1,1
GLI,10,5688,10663,1,1,1
GLI,10,5697,10672,1,1,1
GLI,10,5706,10681,1,1,1
GLI,10,5732,10707,1,1,1
GLI,10,5745,10720,1,1,1
GLI,10,5748,10723,1,1,1
GLI,10,5763,10738,1,1,1
GLI,10,5773,10748,1,1,1
GLI,10,5808,10783,1,1,1
GLI,10,5819,10794,1,1,1
GLI,10,5828,10803,1,1,1
GLI,10,5833,10808,1,1,1
GLI,10,5863,10838,1,1,1
GLI,10,5868,10843,1,1,1
GLI,10,5873,10848,1,1,1
GLI,10,5882,10857,1,1,1
GLI,10,5889,10864,1,1,1
GLI,10,5902,10877,1,1,1
GLI,10,5907,10882,1,1,1
GLI,10,5910,10885,1,1,1
GLI,10,5912,10887,1,1,1
GLI,10,5920,10895,1,1,1
GLI,10,5928,10903,1,1,1
GLI,10,5930,10905,1,1,1
GLI,10,5946,10921,1,1,1
GLI,10,5948,10923,1,1,1
GLI,10,5961,10936,1,1,1
GLI,10,5964,10939,1,1,1
GLI,10,5971,10946,1,1,1
GLI,10,6006,10981,1,1,1
GLI,10,6009,10984,1,1,1
GLI,10,6011,10986,1,1,1
GLI,10,6061,11036,1,1,1
GLI,10,6084,11059,1,1,1
GLI,10,6113,11088,1,1,1
GLI,10,6117,11092,1,1,1
GLI,10,6124,11099,1,0,0
GLI,10,6134,11109,1,1,1
GLI,10,6139,11114,1,1,1
GLI,10,6144,11119,1,1,1
GLI,10,6146,11121,1,1,1
GLI,10,6159,11134,1,1,1
GLI,10,6164,11139,1,1,1
GLI,10,6175,11150,1,1,1
GLI,10,6177,11152,1,1,1
GLI,10,6194,11169,1,1,1
GLI,10,6205,11180,1,1,1
GLI,10,6211,11186,1,1,1
GLI,10,6219,11194,1,1,1
GLI,10,6237,11212,1,1,1
GLI,10,6241,11216,1,0,0
GLI,10,6247,11222,1,1,1
GLI,10,6261,11236,1,1,1
GLI,10,6262,11237,1,1,1
GLI,10,6268,11243,1,1,1
GLI,10,6277,11252,1,1,1
GLI,10,6292,11267,1,1,1
GLI,10,6294,11269,1,1,1
GLI,10,6295,11270,1,1,1
GLI,10,6296,11271,1,1,1
GLI,10,6311,11286,1,1,1
GLI,10,6314,11289,1,1,1
GLI,10,6330,11305,1,1,1
GLI,10,6334,11309,1,1,1
GLI,10,6335,11310,1,1,1
GLI,10,6336,11311,1,1,1
GLI,10,6341,11316,1,1,1
GLI,10,6348,11323,1,1,1
GLI,10,6380,11355,1,1,1
GLI,10,6386,11361,1,1,1
GLI,10,6391,11366,1,1,1
GLI,10,6398,11373,1,1,1
GLI,10,6399,11374,1,1,1
GLI,10,6405,11380,1,1,1
GLI,10,6418,11393,1,1,1
GLI,10,6425,11400,1,0,0
GLI,10,6428,11403,1,1,1
GLI,10,6435,11410,1,1,1
GLI,10,6441,11416,1,1,1
GLI,10,6443,11418,1,1,1
GLI,10,6446,11421,1,1,1
GLI,10,6449,11424,1,1,1
GLI,10,6453,11428,1,1,1
GLI,10,6454,11429,1,1,1
GLI,10,6477,11452,1,1,1
GLI,10,6479,11454,1,1,1
GLI,10,6483,11458,1,1,1
GLI,10,6504,11479,1,1,1
GLI,10,6505,11480,1,1,1
GLI,10,6531,11506,1,1,1
GLI,10,6541,11516,1,1,1
GLI,10,6551,11526,1,1,1
GLI,10,6573,11548,1,1,1
GLI,10,6590,11565,1,1,1
GLI,10,6602,11577,1,1,1
GLI,10,6607,11582,1,1,1
GLI,10,6609,11584,1,1,1
GLI,10,6626,11601,1,1,1
GLI,10,6642,11617,1,1,1
GLI,10,6671,11646,1,1,1
GLI,10,6690,11665,1,1,1
GLI,10,6704,11679,1,1,1
GLI,10,6705,11680,1,1,1
GLI,10,6710,11685,1,1,1
GLI,10,6713,11688,1,1,1
GLI,10,6721,11696,1,1,1
GLI,10,6722,11697,1,1,1
GLI,10,6745,11720,1,1,1
GLI,10,6755,11730,1,1,1
GLI,10,6781,11756,1,1,1
GLI,10,6782,11757,1,1,1
GLI,10,6788,11763,1,1,1
GLI,10,6798,11773,1,1,1
GLI,10,6804,11779,0,0,1
GLI,10,6858,11833,0,0,1
GLI,10,6871,11846,0,0,1
GLI,10,6880,11855,0,0,1
GLI,10,6910,11885,0,0,1
GLI,10,6919,11894,0,0,1
GLI,10,6926,11901,0,0,1
GLI,10,6932,11907,0,0,1
GLI,10,6964,11939,0,0,1
GLI,10,6968,11943,0,0,1
GLI,10,6977,11952,0,0,1
GLI,10,6981,11956,0,0,1
GLI,10,6985,11960,0,0,1
GLI,10,6986,11961,0,0,1
GLI,10,6996,11971,0,0,1
GLI,10,6997,11972,0,0,1
GLI,10,7009,11984,0,0,1
GLI,10,7024,11999,0,0,1
GLI,10,7043,12018,0,0,1
GLI,10,7048,12023,0,0,1
GLI,10,7049,12024,0,0,1
GLI,10,7061,12036,0,0,1
GLI,10,7069,12044,0,0,1
GLI,10,7103,12078,0,0,1
GLI,10,7154,12129,0,0,1
GLI,10,7170,12145,0,0,1
GLI,10,7174,12149,0,0,1
GLI,10,7181,12156,0,0,1
GLI,10,7183,12158,0,0,1
GLI,10,7185,12160,0,0,1
GLI,10,7186,12161,0,0,1
GLI,10,7191,12166,0,0,1
GLI,10,7198,12173,0,1,0
GLI,10,7229,12204,0,0,1
GLI,10,7244,12219,0,0,1
GLI,10,7258,12233,0,0,1
GLI,10,7282,12257,0,0,1
GLI,10,7292,12267,0,0,1
GLI,10,7309,12284,0,0,1
GLI,10,7322,12297,0,1,0
GLI,10,7329,12304,0,0,1
GLI,10,7338,12313,0,0,1
GLI,10,7340,12315,0,0,1
GLI,10,7345,12320,0,0,1
GLI,10,7356,12331,0,0,1
GLI,10,7357,12332,0,0,1
GLI,10,7367,12342,0,0,1
GLI,10,7368,12343,0,0,1
GLI,10,7372,12347,0,0,1
GLI,10,7377,12352,0,0,1
GLI,10,7391,12366,0,0,1
GLI,10,7393,12368,0,0,1
GLI,10,7408,12383,0,0,1
GLI,10,7417,12392,0,0,1
GLI,10,7425,12400,0,0,1
GLI,10,7427,12402,0,0,1
GLI,10,7443,12418,0,1,0
GLI,10,7457,12432,0,0,1
GLI,10,7486,12461,0,0,1
GLI,10,7488,12463,0,0,1
GLI,10,7492,12467,0,0,1
GLI,10,7493,12468,0,0,1
GLI,10,7504,12479,0,0,1
GLI,10,7505,12480,0,0,1
GLI,10,7513,12488,0,0,1
GLI,10,7519,12494,0,0,1
GLI,10,7523,12498,0,0,1
GLI,10,7533,12508,0,0,1
GLI,10,7536,12511,0,0,1
GLI,10,7578,12553,0,0,1
GLI,10,7590,12565,0,0,1
GLI,10,7596,12571,0,0,1
GLI,10,7620,12595,0,0,1
GLI,10,7625,12600,0,0,1
GLI,10,7645,12620,0,0,1
GLI,10,7662,12637,0,0,1
GLI,10,7667,12642,0,0,1
GLI,10,7668,12643,0,0,1
GLI,10,7683,12658,0,0,1
GLI,10,7714,12689,0,0,1
GLI,10,7719,12694,0,0,1
GLI,10,7721,12696,0,0,1
GLI,10,7722,12697,0,0,1
GLI,10,7739,12714,0,0,1
GLI,10,7747,12722,0,0,1
GLI,10,7748,12723,0,0,1
GLI,10,7769,12744,0,0,1
GLI,10,7783,12758,0,0,1
GLI,10,7784,12759,0,0,1
GLI,10,7810,12785,0,0,1
GLI,10,7819,12794,0,0,1
GLI,10,7823,12798,0,0,1
GLI,10,7834,12809,0,0,1
GLI,10,7855,12830,0,0,1
GLI,10,7863,12838,0,0,1
GLI,10,7870,12845,0,0,1
GLI,10,7874,12849,0,0,1
GLI,10,7889,12864,0,0,1
GLI,10,7906,12881,0,0,1
GLI,10,7943,12918,0,0,1
GLI,10,7947,12922,0,0,1
GLI,10,7950,12925,0,0,1
GLI,10,7956,12931,0,0,1
GLI,10,7960,12935,0,0,1
GLI,10,7961,12936,0,0,1
GLI,10,7974,12949,0,0,1
GLI,10,8000,12975,0,0,1
GLI,10,8019,12994,0,0,1
GLI,10,8026,13001,0,0,1
GLI,10,8034,13009,0,0,1
GLI,10,8035,13010,0,0,1
GLI,10,8046,13021,0,0,1
GLI,10,8047,13022,0,0,1
GLI,10,8058,13033,0,0,1
GLI,10,8090,13065,0,0,1
GLI,10,8095,13070,0,0,1
GLI,10,8096,13071,0,0,1
GLI,10,8119,13094,0,0,1
GLI,10,8127,13102,0,0,1
GLI,10,8128,13103,0,0,1
GLI,10,8131,13106,0,0,1
GLI,10,8134,13109,0,0,1
GLI,10,8139,13114,0,0,1
GLI,10,8142,13117,0,0,1
GLI,10,8148,13123,0,0,1
GLI,10,8150,13125,0,0,1
GLI,10,8151,13126,0,0,1
GLI,10,8163,13138,0,0,1
GLI,10,8167,13142,0,0,1
GLI,10,8170,13145,0,0,1
GLI,10,8183,13158,0,0,1
GLI,10,8202,13177,0,0,1
GLI,10,8214,13189,0,0,1
GLI,10,8223,13198,0,0,1
GLI,10,8224,13199,0,0,1
GLI,10,8227,13202,0,0,1
GLI,10,8232,13207,0,0,1
GLI,10,8242,13217,0,0,1
GLI,10,8267,13242,0,0,1
GLI,10,8275,13250,0,0,1
GLI,10,8286,13261,0,0,1
GLI,10,8301,13276,0,0,1
GLI,10,8307,13282,0,0,1
GLI,10,8309,13284,0,0,1
GLI,10,8331,13306,0,0,1
GLI,10,8340,13315,0,0,1
GLI,10,8352,13327,0,0,1
GLI,10,8357,13332,0,0,1
GLI,10,8360,13335,0,0,1
GLI,10,8364,13339,0,0,1
GLI,10,8378,13353,0,1,0
GLI,10,8391,13366,0,0,1
GLI,10,8392,13367,0,0,1
GLI,10,8410,13385,0,0,1
GLI,10,8411,13386,0,0,1
GLI,10,8413,13388,0,0,1
GLI,10,8442,13417,0,0,1
GLI,10,8464,13439,0,0,1
GLI,10,8474,13449,0,0,1
GLI,10,8480,13455,0,0,1
GLI,10,8484,13459,0,0,1
GLI,10,8491,13466,0,0,1
GLI,10,8502,13477,0,0,1
GLI,10,8511,13486,0,0,1
GLI,10,8513,13488,0,0,1
GLI,10,8536,13511,0,0,1
GLI,10,8540,13515,0,0,1
GLI,10,8549,13524,0,0,1
GLI,10,8551,13526,0,0,1
GLI,10,8561,13536,0,0,1
GLI,10,8564,13539,0,0,1
GLI,10,8570,13545,0,0,1
GLI,10,8572,13547,0,0,1
GLI,10,8580,13555,0,1,0
GLI,10,8581,13556,0,0,1
GLI,10,8586,13561,0,0,1
GLI,10,8600,13575,0,0,1
GLI,10,8637,13612,0,0,1
GLI,10,8648,13623,0,0,1
GLI,10,8652,13627,0,0,1
GLI,10,8655,13630,0,0,1
GLI,10,8661,13636,0,0,1
GLI,10,8663,13638,0,0,1
GLI,10,8666,13641,0,0,1
GLI,10,8677,13652,0,0,1
GLI,10,8693,13668,0,1,0
GLI,10,8699,13674,0,0,1
GLI,10,8717,13692,0,0,1
GLI,10,8721,13696,0,0,1
GLI,10,8723,13698,0,0,1
GLI,10,8725,13700,0,0,1
GLI,10,8726,13701,0,0,1
GLI,10,8738,13713,0,1,0
GLI,10,8742,13717,0,1,0
GLI,10,8756,13731,0,0,1
GLI,10,8767,13742,0,0,1
GLI,10,8770,13745,0,0,1
GLI,10,8771,13746,0,0,1
GLI,10,8789,13764,0,0,1
GLI,10,8790,13765,0,0,1
GLI,10,8815,13790,0,0,1
GLI,10,8820,13795,0,0,1
GLI,10,8842,13817,0,0,1
GLI,10,8846,13821,0,0,1
KLU,1,8854,17904,1,1,1
KLU,1,8856,17906,1,1,1
KLU,1,8875,17925,1,1,1
KLU,1,8897,17947,1,1,1
KLU,1,8903,17953,1,1,1
KLU,1,8911,17961,1,1,1
KLU,1,8914,17964,1,1,1
KLU,1,8935,17985,1,1,1
KLU,1,8936,17986,1,1,1
KLU,1,8946,17996,1,1,1
KLU,1,8963,18013,1,1,1
KLU,1,8967,18017,1,1,1
KLU,1,8971,18021,1,1,1
KLU,1,8972,18022,1,1,1
KLU,1,8979,18029,1,1,1
KLU,1,8980,18030,1,1,1
KLU,1,9005,18055,1,1,1
KLU,1,9013,18063,1,0,0
KLU,1,9016,18066,1,1,1
KLU,1,9029,18079,1,0,0
KLU,1,9041,18091,1,0,0
KLU,1,9049,18099,1,1,1
KLU,1,9055,18105,1,1,1
KLU,1,9059,18109,1,1,1
KLU,1,9063,18113,1,0,0
KLU,1,9067,18117,1,1,1
KLU,1,9072,18122,1,1,1
KLU,1,9075,18125,1,1,1
KLU,1,9079,18129,1,1,1
KLU,1,9082,18132,1,1,1
KLU,1,9096,18146,1,1,1
KLU,1,9097,18147,1,1,1
KLU,1,9111,18161,1,1,1
KLU,1,9159,18209,1,1,1
KLU,1,9166,18216,1,1,1
KLU,1,9170,18220,1,1,1
KLU,1,9190,18240,1,1,1
KLU,1,9198,18248,1,1,1
KLU,1,9214,18264,1,1,1
KLU,1,9217,18267,1,1,1
KLU,1,9255,18305,1,1,1
KLU,1,9265,18315,1,1,1
KLU,1,9270,18320,1,1,1
KLU,1,9278,18328,1,1,1
KLU,1,9302,18352,1,1,1
KLU,1,9303,18353,1,1,1
KLU,1,9305,18355,1,1,1
KLU,1,9307,18357,1,1,1
KLU,1,9324,18374,1,1,1
KLU,1,9347,18397,1,1,1
KLU,1,9359,18409,1,1,1
KLU,1,9363,18413,1,1,1
KLU,1,9366,18416,1,1,1
KLU,1,9374,18424,1,1,1
KLU,1,9379,18429,1,1,1
KLU,1,9398,18448,1,1,1
KLU,1,9402,18452,1,1,1
KLU,1,9403,18453,1,1,1
KLU,1,9410,18460,1,1,1
KLU,1,9411,18461,1,1,1
KLU,1,9419,18469,1,1,1
KLU,1,9421,18471,1,1,1
KLU,1,9432,18482,1,1,1
KLU,1,9434,18484,1,1,1
KLU,1,9445,18495,1,1,1
KLU,1,9454,18504,1,0,0
KLU,1,9464,18514,1,1,1
KLU,1,9469,18519,1,1,1
KLU,1,9482,18532,1,1,1
KLU,1,9485,18535,1,1,1
KLU,1,9487,18537,1,1,1
KLU,1,9502,18552,1,1,1
KLU,1,9505,18555,1,1,1
KLU,1,9519,18569,1,1,1
KLU,1,9529,18579,1,1,1
KLU,1,9530,18580,1,1,1
KLU,1,9533,18583,1,1,1
KLU,1,9537,18587,1,1,1
KLU,1,9543,18593,1,1,1
KLU,1,9557,18607,1,0,0
KLU,1,9565,18615,1,1,1
KLU,1,9601,18651,1,1,1
KLU,1,9625,18675,1,1,1
KLU,1,9628,18678,1,1,1
KLU,1,9632,18682,1,1,1
KLU,1,9637,18687,1,1,1
KLU,1,9643,18693,1,1,1
KLU,1,9647,18697,1,1,1
KLU,1,9657,18707,1,1,1
KLU,1,9664,18714,1,1,1
KLU,1,9666,18716,1,1,1
KLU,1,9681,18731,1,1,1
KLU,1,9686,18736,1,1,1
KLU,1,9716,18766,1,1,1
KLU,1,9722,18772,1,1,1
KLU,1,9723,18773,1,1,1
KLU,1,9738,18788,1,1,1
KLU,1,9752,18802,1,1,1
KLU,1,9764,18814,1,1,1
KLU,1,9783,18833,1,1,1
KLU,1,9785,18835,1,1,1
KLU,1,9805,18855,1,1,1
KLU,1,9809,18859,1,1,1
KLU,1,9811,18861,1,1,1
KLU,1,9817,18867,1,1,1
KLU,1,9818,18868,1,1,1
KLU,1,9820,18870,1,1,1
KLU,1,9821,18871,1,1,1
KLU,1,9824,18874,1,1,1
KLU,1,9839,18889,1,1,1
KLU,1,9848,18898,1,1,1
KLU,1,9855,18905,1,1,1
KLU,1,9856,18906,1,1,1
KLU,1,9877,18927,1,1,1
KLU,1,9893,18943,1,1,1
KLU,1,9908,18958,1,1,1
KLU,1,9910,18960,1,1,1
KLU,1,9941,18991,1,1,1
KLU,1,9950,19000,1,1,1
KLU,1,9977,19027,1,1,1
KLU,1,10010,19060,1,1,1
KLU,1,10011,19061,1,1,1
KLU,1,10013,19063,1,1,1
KLU,1,10023,19073,1,1,1
KLU,1,10035,19085,1,1,1
KLU,1,10066,19116,1,1,1
KLU,1,10069,19119,1,1,1
KLU,1,10079,19129,1,1,1
KLU,1,10089,19139,1,0,0
KLU,1,10094,19144,1,0,0
KLU,1,10102,19152,1,1,1
KLU,1,10120,19170,1,0,0
KLU,1,10141,19191,1,1,1
KLU,1,10166,19216,1,1,1
KLU,1,10175,19225,1,1,1
KLU,1,10185,19235,1,1,1
KLU,1,10186,19236,1,1,1
KLU,1,10187,19237,1,1,1
KLU,1,10191,19241,1,1,1
KLU,1,10202,19252,1,1,1
KLU,1,10239,19289,1,1,1
KLU,1,10246,19296,1,1,1
KLU,1,10253,19303,1,1,1
KLU,1,10261,19311,1,1,1
KLU,1,10270,19320,1,0,0
KLU,1,10271,19321,1,1,1
KLU,1,10283,19333,1,1,1
KLU,1,10291,19341,1,1,1
KLU,1,10301,19351,1,1,1
KLU,1,10307,19357,1,1,1
KLU,1,10332,19382,1,1,1
KLU,1,10346,19396,1,0,0
KLU,1,10363,19413,1,1,1
KLU,1,10371,19421,1,1,1
KLU,1,10374,19424,1,1,1
KLU,1,10381,19431,1,1,1
KLU,1,10382,19432,1,1,1
KLU,1,10389,19439,1,1,1
KLU,1,10416,19466,1,1,1
KLU,1,10419,19469,1,1,1
KLU,1,10426,19476,1,1,1
KLU,1,10456,19506,1,1,1
KLU,1,10481,19531,1,1,1
KLU,1,10487,19537,1,1,1
KLU,1,10489,19539,1,1,1
KLU,1,10501,19551,1,1,1
KLU,1,10511,19561,1,0,0
KLU,1,10523,19573,1,1,1
KLU,1,10534,19584,1,1,1
KLU,1,10548,19598,1,0,0
KLU,1,10563,19613,1,1,1
KLU,1,10583,19633,1,1,1
KLU,1,10584,19634,1,1,1
KLU,1,10587,19637,1,1,1
KLU,1,10589,19639,1,1,1
KLU,1,10600,19650,1,1,1
KLU,1,10601,19651,1,1,1
KLU,1,10630,19680,1,1,1
KLU,1,10637,19687,1,1,1
KLU,1,10638,19688,1,1,1
KLU,1,10672,19722,1,1,1
KLU,1,10685,19735,1,1,1
KLU,1,10705,19755,1,1,1
KLU,1,10722,19772,1,1,1
KLU,1,10728,19778,1,1,1
KLU,1,10738,19788,1,1,1
KLU,1,10744,19794,1,1,1
KLU,1,10746,19796,1,1,1
KLU,1,10751,19801,1,1,1
KLU,1,10762,19812,1,1,1
KLU,1,10764,19814,1,0,0
KLU,1,10766,19816,1,1,1
KLU,1,10768,19818,1,1,1
KLU,1,10769,19819,1,1,1
KLU,1,10774,19824,1,0,0
KLU,1,10781,19831,1,1,1
KLU,1,10804,19854,1,1,1
KLU,1,10806,19856,1,1,1
KLU,1,10807,19857,1,1,1
KLU,1,10811,19861,1,1,1
KLU,1,10824,19874,1,1,1
KLU,1,10825,19875,1,1,1
KLU,1,10827,19877,1,1,1
KLU,1,10838,19888,1,1,1
KLU,1,10854,19904,1,1,1
KLU,1,10864,19914,1,0,0
KLU,1,10869,19919,1,1,1
KLU,1,10881,19931,1,1,1
KLU,1,10890,19940,1,1,1
KLU,1,10907,19957,1,0,0
KLU,1,10918,19968,1,1,1
KLU,1,10955,20005,1,1,1
KLU,1,10965,20015,1,1,1
KLU,1,10979,20029,0,1,0
KLU,1,10982,20032,0,0,1
KLU,1,10983,20033,0,1,0
KLU,1,10998,20048,0,0,1
KLU,1,11000,20050,0,0,1
KLU,1,11008,20058,0,0,1
KLU,1,11015,20065,0,0,1
KLU,1,11019,20069,0,0,1
KLU,1,11030,20080,0,0,1
KLU,1,11049,20099,0,0,1
KLU,1,11051,20101,0,0,1
KLU,1,11054,20104,0,0,1
KLU,1,11060,20110,0,1,0
KLU,1,11098,20148,0,0,1
KLU,1,11109,20159,0,0,1
KLU,1,11114,20164,0,0,1
KLU,1,11141,20191,0,0,1
KLU,1,11143,20193,0,0,1
KLU,1,11152,20202,0,0,1
KLU,1,11162,20212,0,0,1
KLU,1,11190,20240,0,0,1
KLU,1,11192,20242,0,0,1
KLU,1,11200,20250,0,0,1
KLU,1,11203,20253,0,0,1
KLU,1,11215,20265,0,0,1
KLU,1,11231,20281,0,0,1
KLU,1,11234,20284,0,0,1
KLU,1,11250,20300,0,0,1
KLU,1,11251,20301,0,0,1
KLU,1,11257,20307,0,0,1
KLU,1,11263,20313,0,0,1
KLU,1,11269,20319,0,0,1
KLU,1,11273,20323,0,1,0
KLU,1,11286,20336,0,0,1
KLU,1,11316,20366,0,0,1
KLU,1,11317,20367,0,0,1
KLU,1,11327,20377,0,0,1
KLU,1,11333,20383,0,0,1
KLU,1,11334,20384,0,0,1
KLU,1,11342,20392,0,0,1
KLU,1,11363,20413,0,0,1
KLU,1,11375,20425,0,1,0
KLU,1,11378,20428,0,0,1
KLU,1,11389,20439,0,1,0
KLU,1,11394,20444,0,0,1
KLU,1,11396,20446,0,1,0
KLU,1,11424,20474,0,0,1
KLU,1,11425,20475,0,0,1
KLU,1,11428,20478,0,0,1
KLU,1,11429,20479,0,0,1
KLU,1,11438,20488,0,0,1
KLU,1,11490,20540,0,0,1
KLU,1,11495,20545,0,0,1
KLU,1,11515,20565,0,1,0
KLU,1,11516,20566,0,1,0
KLU,1,11547,20597,0,1,0
KLU,1,11558,20608,0,0,1
KLU,1,11560,20610,0,0,1
KLU,1,11565,20615,0,0,1
KLU,1,11568,20618,0,1,0
KLU,1,11576,20626,0,0,1
KLU,1,11589,20639,0,0,1
KLU,1,11595,20645,0,0,1
KLU,1,11613,20663,0,0,1
KLU,1,11617,20667,0,0,1
KLU,1,11633,20683,0,1,0
KLU,1,11635,20685,0,0,1
KLU,1,11636,20686,0,0,1
KLU,1,11648,20698,0,0,1
KLU,1,11659,20709,0,0,1
KLU,1,11664,20714,0,0,1
KLU,1,11669,20719,0,0,1
KLU,1,11696,20746,0,0,1
KLU,1,11698,20748,0,0,1
KLU,1,11702,20752,0,0,1
KLU,1,11710,20760,0,0,1
KLU,1,11711,20761,0,0,1
KLU,1,11721,20771,0,0,1
KLU,1,11726,20776,0,0,1
KLU,1,11729,20779,0,0,1
KLU,1,11734,20784,0,0,1
KLU,1,11735,20785,0,0,1
KLU,1,11744,20794,0,0,1
KLU,1,11755,20805,0,0,1
KLU,1,11772,20822,0,0,1
KLU,1,11778,20828,0,0,1
KLU,1,11788,20838,0,0,1
KLU,1,11807,20857,0,0,1
KLU,1,11811,20861,0,0,1
KLU,1,11818,20868,0,0,1
KLU,1,11821,20871,0,0,1
KLU,1,11836,20886,0,0,1
KLU,1,11868,20918,0,0,1
KLU,1,11870,20920,0,0,1
KLU,1,11875,20925,0,0,1
KLU,1,11877,20927,0,0,1
KLU,1,11881,20931,0,0,1
KLU,1,11883,20933,0,0,1
KLU,1,11899,20949,0,0,1
KLU,1,11905,20955,0,0,1
KLU,1,11910,20960,0,0,1
KLU,1,11926,20976,0,0,1
KLU,1,11929,20979,0,0,1
KLU,1,11934,20984,0,0,1
KLU,1,11950,21000,0,0,1
KLU,1,11951,21001,0,1,0
KLU,1,11977,21027,0,0,1
KLU,1,11982,21032,0,0,1
KLU,1,11991,21041,0,1,0
KLU,1,11995,21045,0,0,1
KLU,1,12019,21069,0,0,1
KLU,1,12038,21088,0,0,1
KLU,1,12041,21091,0,1,0
KLU,1,12050,21100,0,0,1
KLU,1,12051,21101,0,0,1
KLU,1,12052,21102,0,1,0
KLU,1,12058,21108,0,0,1
KLU,1,12063,21113,0,0,1
KLU,1,12067,21117,0,0,1
KLU,1,12070,21120,0,0,1
KLU,1,12084,21134,0,1,0
KLU,1,12096,21146,0,0,1
KLU,1,12116,21166,0,0,1
KLU,1,12122,21172,0,0,1
KLU,1,12126,21176,0,0,1
KLU,1,12137,21187,0,0,1
KLU,1,12143,21193,0,0,1
KLU,1,12148,21198,0,0,1
KLU,1,12163,21213,0,0,1
KLU,1,12167,21217,0,0,1
KLU,1,12170,21220,0,0,1
KLU,1,12203,21253,0,0,1
KLU,1,12212,21262,0,0,1
KLU,1,12218,21268,0,0,1
KLU,1,12228,21278,0,0,1
KLU,1,12259,21309,0,0,1
KLU,1,12265,21315,0,1,0
KLU,1,12276,21326,0,0,1
KLU,1,12310,21360,0,0,1
KLU,1,12312,21362,0,0,1
KLU,1,12330,21380,0,0,1
KLU,1,12336,21386,0,1,0
KLU,1,12337,21387,0,0,1
KLU,1,12347,21397,0,1,0
KLU,1,12355,21405,0,0,1
KLU,1,12358,21408,0,0,1
KLU,1,12360,21410,0,0,1
KLU,1,12365,21415,0,0,1
KLU,1,12372,21422,0,0,1
KLU,1,12375,21425,0,0,1
KLU,1,12388,21438,0,0,1
KLU,1,12405,21455,0,0,1
KLU,1,12417,21467,0,0,1
KLU,1,12421,21471,0,0,1
KLU,1,12436,21486,0,0,1
KLU,1,12453,21503,0,0,1
KLU,1,12455,21505,0,0,1
KLU,1,12456,21506,0,0,1
KLU,1,12462,21512,0,0,1
KLU,1,12463,21513,0,0,1
KLU,1,12467,21517,0,0,1
KLU,1,12487,21537,0,0,1
KLU,1,12493,21543,0,0,1
KLU,1,12503,21553,0,0,1
KLU,1,12511,21561,0,0,1
KLU,1,12537,21587,0,0,1
KLU,1,12539,21589,0,0,1
KLU,1,12546,21596,0,0,1
KLU,1,12553,21603,0,0,1
KLU,1,12555,21605,0,0,1
KLU,1,12562,21612,0,0,1
KLU,1,12569,21619,0,0,1
KLU,1,12584,21634,0,0,1
KLU,1,12616,21666,0,0,1
KLU,1,12634,21684,0,0,1
KLU,1,12641,21691,0,0,1
KLU,1,12643,21693,0,1,0
KLU,1,12657,21707,0,0,1
KLU,1,12670,21720,0,0,1
KLU,1,12693,21743,0,0,1
KLU,1,12715,21765,0,0,1
KLU,1,12742,21792,0,0,1
KLU,1,12771,21821,0,0,1
KLU,1,12783,21833,0,0,1
KLU,1,12796,21846,0,0,1
KLU,1,12802,21852,0,0,1
KLU,1,12803,21853,0,0,1
KLU,1,12814,21864,0,0,1
KLU,1,12823,21873,0,0,1
KLU,1,12832,21882,0,0,1
KLU,1,12836,21886,0,0,1
KLU,1,12845,21895,0,1,0
KLU,1,12847,21897,0,0,1
KLU,1,12851,21901,0,0,1
KLU,1,12855,21905,0,0,1
KLU,1,12867,21917,0,0,1
KLU,1,12882,21932,0,0,1
KLU,1,12885,21935,0,0,1
KLU,1,12894,21944,0,0,1
KLU,1,12914,21964,0,0,1
KLU,1,12919,21969,0,0,1
KLU,1,12924,21974,0,0,1
KLU,1,12936,21986,0,0,1
KLU,1,12963,22013,0,0,1
KLU,1,12972,22022,0,0,1
KLU,1,12976,22026,0,1,0
KLU,1,12977,22027,0,0,1
KLU,1,12985,22035,0,0,1
KLU,1,13005,22055,0,1,0
KLU,1,13016,22066,0,0,1
KLU,1,13091,22141,0,0,1
KLU,1,13097,22147,0,0,1
KLU,1,13100,22150,0,0,1
KLU,2,8851,17901,1,1,1
KLU,2,8870,17920,1,1,1
KLU,2,8878,17928,1,1,1
KLU,2,8882,17932,1,1,1
KLU,2,8891,17941,1,1,1
KLU,2,8893,17943,1,1,1
KLU,2,8920,17970,1,1,1
KLU,2,8933,17983,1,1,1
KLU,2,8958,18008,1,1,1
KLU,2,8965,18015,1,1,1
KLU,2,8982,18032,1,1,1
KLU,2,8990,18040,1,1,1
KLU,2,8991,18041,1,1,1
KLU,2,9001,18051,1,1,1
KLU,2,9015,18065,1,1,1
KLU,2,9028,18078,1,1,1
KLU,2,9032,18082,1,1,1
KLU,2,9042,18092,1,1,1
KLU,2,9043,18093,1,1,1
KLU,2,9050,18100,1,1,1
KLU,2,9051,18101,1,1,1
KLU,2,9074,18124,1,1,1
KLU,2,9081,18131,1,1,1
KLU,2,9094,18144,1,1,1
KLU,2,9100,18150,1,1,1
KLU,2,9104,18154,1,1,1
KLU,2,9107,18157,1,1,1
KLU,2,9121,18171,1,1,1
KLU,2,9126,18176,1,1,1
KLU,2,9128,18178,1,1,1
KLU,2,9152,18202,1,1,1
KLU,2,9163,18213,1,1,1
KLU,2,9165,18215,1,1,1
KLU,2,9191,18241,1,1,1
KLU,2,9208,18258,1,1,1
KLU,2,9218,18268,1,1,1
KLU,2,9219,18269,1,1,1
KLU,2,9229,18279,1,1,1
KLU,2,9245,18295,1,1,1
KLU,2,9246,18296,1,1,1
KLU,2,9250,18300,1,1,1
KLU,2,9257,18307,1,1,1
KLU,2,9260,18310,1,1,1
KLU,2,9280,18330,1,1,1
KLU,2,9281,18331,1,1,1
KLU,2,9300,18350,1,1,1
KLU,2,9306,18356,1,1,1
KLU,2,9308,18358,1,1,1
KLU,2,9311,18361,1,1,1
KLU,2,9315,18365,1,0,0
KLU,2,9334,18384,1,1,1
KLU,2,9336,18386,1,1,1
KLU,2,9343,18393,1,1,1
KLU,2,9346,18396,1,1,1
KLU,2,9360,18410,1,1,1
KLU,2,9364,18414,1,1,1
KLU,2,9369,18419,1,1,1
KLU,2,9373,18423,1,1,1
KLU,2,9414,18464,1,0,0
KLU,2,9424,18474,1,1,1
KLU,2,9451,18501,1,1,1
KLU,2,9461,18511,1,1,1
KLU,2,9517,18567,1,1,1
KLU,2,9534,18584,1,1,1
KLU,2,9535,18585,1,1,1
KLU,2,9538,18588,1,1,1
KLU,2,9556,18606,1,1,1
KLU,2,9575,18625,1,1,1
KLU,2,9577,18627,1,1,1
KLU,2,9589,18639,1,0,0
KLU,2,9593,18643,1,1,1
KLU,2,9599,18649,1,1,1
KLU,2,9618,18668,1,1,1
KLU,2,9620,18670,1,1,1
KLU,2,9622,18672,1,1,1
KLU,2,9634,18684,1,1,1
KLU,2,9649,18699,1,1,1
KLU,2,9652,18702,1,0,0
KLU,2,9683,18733,1,1,1
KLU,2,9690,18740,1,1,1
KLU,2,9701,18751,1,1,1
KLU,2,9711,18761,1,1,1
KLU,2,9721,18771,1,1,1
KLU,2,9731,18781,1,0,0
KLU,2,9740,18790,1,1,1
KLU,2,9743,18793,1,1,1
KLU,2,9761,18811,1,1,1
KLU,2,9771,18821,1,0,0
KLU,2,9787,18837,1,1,1
KLU,2,9790,18840,1,1,1
KLU,2,9792,18842,1,1,1
KLU,2,9793,18843,1,1,1
KLU,2,9796,18846,1,1,1
KLU,2,9822,18872,1,1,1
KLU,2,9881,18931,1,1,1
KLU,2,9889,18939,1,1,1
KLU,2,9892,18942,1,1,1
KLU,2,9894,18944,1,1,1
KLU,2,9906,18956,1,1,1
KLU,2,9913,18963,1,1,1
KLU,2,9916,18966,1,1,1
KLU,2,9917,18967,1,1,1
KLU,2,9919,18969,1,1,1
KLU,2,9928,18978,1,1,1
KLU,2,9947,18997,1,1,1
KLU,2,9949,18999,1,1,1
KLU,2,9959,19009,1,1,1
KLU,2,9967,19017,1,0,0
KLU,2,9969,19019,1,1,1
KLU,2,9990,19040,1,0,0
KLU,2,9992,19042,1,1,1
KLU,2,9995,19045,1,1,1
KLU,2,9997,19047,1,1,1
KLU,2,10014,19064,1,1,1
KLU,2,10018,19068,1,1,1
KLU,2,10031,19081,1,1,1
KLU,2,10036,19086,1,1,1
KLU,2,10100,19150,1,1,1
KLU,2,10105,19155,1,1,1
KLU,2,10110,19160,1,1,1
KLU,2,10144,19194,1,1,1
KLU,2,10176,19226,1,1,1
KLU,2,10189,19239,1,1,1
KLU,2,10210,19260,1,1,1
KLU,2,10211,19261,1,1,1
KLU,2,10214,19264,1,1,1
KLU,2,10218,19268,1,1,1
KLU,2,10223,19273,1,1,1
KLU,2,10227,19277,1,1,1
KLU,2,10236,19286,1,1,1
KLU,2,10238,19288,1,1,1
KLU,2,10241,19291,1,0,0
KLU,2,10257,19307,1,1,1
KLU,2,10262,19312,1,1,1
KLU,2,10272,19322,1,1,1
KLU,2,10275,19325,1,0,0
KLU,2,10284,19334,1,1,1
KLU,2,10298,19348,1,1,1
KLU,2,10308,19358,1,1,1
KLU,2,10324,19374,1,1,1
KLU,2,10335,19385,1,1,1
KLU,2,10350,19400,1,1,1
KLU,2,10357,19407,1,1,1
KLU,2,10367,19417,1,1,1
KLU,2,10373,19423,1,1,1
KLU,2,10384,19434,1,1,1
KLU,2,10390,19440,1,1,1
KLU,2,10392,19442,1,1,1
KLU,2,10397,19447,1,1,1
KLU,2,10402,19452,1,1,1
KLU,2,10408,19458,1,1,1
KLU,2,10410,19460,1,1,1
KLU,2,10414,19464,1,1,1
KLU,2,10424,19474,1,0,0
KLU,2,10432,19482,1,1,1
KLU,2,10435,19485,1,1,1
KLU,2,10444,19494,1,1,1
KLU,2,10460,19510,1,1,1
KLU,2,10463,19513,1,1,1
KLU,2,10464,19514,1,1,1
KLU,2,10475,19525,1,0,0
KLU,2,10483,19533,1,1,1
KLU,2,10484,19534,1,1,1
KLU,2,10486,19536,1,1,1
KLU,2,10491,19541,1,1,1
KLU,2,10499,19549,1,1,1
KLU,2,10517,19567,1,1,1
KLU,2,10538,19588,1,1,1
KLU,2,10544,19594,1,1,1
KLU,2,10551,19601,1,1,1
KLU,2,10554,19604,1,1,1
KLU,2,10558,19608,1,1,1
KLU,2,10562,19612,1,1,1
KLU,2,10607,19657,1,1,1
KLU,2,10609,19659,1,0,0
KLU,2,10611,19661,1,1,1
KLU,2,10612,19662,1,1,1
KLU,2,10619,19669,1,1,1
KLU,2,10635,19685,1,1,1
KLU,2,10639,19689,1,1,1
KLU,2,10646,19696,1,1,1
KLU,2,10663,19713,1,1,1
KLU,2,10675,19725,1,1,1
KLU,2,10693,19743,1,1,1
KLU,2,10700,19750,1,1,1
KLU,2,10704,19754,1,1,1
KLU,2,10715,19765,1,1,1
KLU,2,10717,19767,1,1,1
KLU,2,10735,19785,1,1,1
KLU,2,10758,19808,1,1,1
KLU,2,10772,19822,1,1,1
KLU,2,10776,19826,1,1,1
KLU,2,10790,19840,1,1,1
KLU,2,10801,19851,1,0,0
KLU,2,10817,19867,1,1,1
KLU,2,10837,19887,1,1,1
KLU,2,10840,19890,1,1,1
KLU,2,10848,19898,1,1,1
KLU,2,10849,19899,1,1,1
KLU,2,10853,19903,1,1,1
KLU,2,10866,19916,1,1,1
KLU,2,10868,19918,1,1,1
KLU,2,10874,19924,1,1,1
KLU,2,10882,19932,1,1,1
KLU,2,10895,19945,1,1,1
KLU,2,10900,19950,1,1,1
KLU,2,10910,19960,1,1,1
KLU,2,10912,19962,1,1,1
KLU,2,10926,19976,1,0,0
KLU,2,10933,19983,1,1,1
KLU,2,10944,19994,1,1,1
KLU,2,10951,20001,1,1,1
KLU,2,11003,20053,0,0,1
KLU,2,11043,20093,0,0,1
KLU,2,11057,20107,0,0,1
KLU,2,11064,20114,0,0,1
KLU,2,11084,20134,0,0,1
KLU,2,11103,20153,0,0,1
KLU,2,11116,20166,0,0,1
KLU,2,11131,20181,0,0,1
KLU,2,11142,20192,0,0,1
KLU,2,11144,20194,0,1,0
KLU,2,11146,20196,0,0,1
KLU,2,11178,20228,0,0,1
KLU,2,11183,20233,0,0,1
KLU,2,11199,20249,0,0,1
KLU,2,11204,20254,0,0,1
KLU,2,11206,20256,0,0,1
KLU,2,11209,20259,0,0,1
KLU,2,11214,20264,0,0,1
KLU,2,11216,20266,0,0,1
KLU,2,11224,20274,0,0,1
KLU,2,11230,20280,0,0,1
KLU,2,11241,20291,0,0,1
KLU,2,11252,20302,0,0,1
KLU,2,11254,20304,0,0,1
KLU,2,11268,20318,0,0,1
KLU,2,11290,20340,0,0,1
KLU,2,11296,20346,0,0,1
KLU,2,11299,20349,0,0,1
KLU,2,11304,20354,0,0,1
KLU,2,11309,20359,0,0,1
KLU,2,11319,20369,0,0,1
KLU,2,11387,20437,0,0,1
KLU,2,11388,20438,0,0,1
KLU,2,11408,20458,0,0,1
KLU,2,11415,20465,0,0,1
KLU,2,11427,20477,0,0,1
KLU,2,11433,20483,0,0,1
KLU,2,11439,20489,0,0,1
KLU,2,11454,20504,0,0,1
KLU,2,11459,20509,0,0,1
KLU,2,11468,20518,0,0,1
KLU,2,11470,20520,0,0,1
KLU,2,11496,20546,0,0,1
KLU,2,11509,20559,0,0,1
KLU,2,11539,20589,0,0,1
KLU,2,11563,20613,0,0,1
KLU,2,11566,20616,0,0,1
KLU,2,11578,20628,0,0,1
KLU,2,11582,20632,0,0,1
KLU,2,11599,20649,0,0,1
KLU,2,11600,20650,0,1,0
KLU,2,11615,20665,0,0,1
KLU,2,11616,20666,0,0,1
KLU,2,11621,20671,0,0,1
KLU,2,11624,20674,0,0,1
KLU,2,11640,20690,0,0,1
KLU,2,11653,20703,0,0,1
KLU,2,11705,20755,0,0,1
KLU,2,11722,20772,0,0,1
KLU,2,11725,20775,0,0,1
KLU,2,11741,20791,0,0,1
KLU,2,11745,20795,0,0,1
KLU,2,11774,20824,0,0,1
KLU,2,11779,20829,0,0,1
KLU,2,11781,20831,0,0,1
KLU,2,11785,20835,0,0,1
KLU,2,11799,20849,0,0,1
KLU,2,11803,20853,0,0,1
KLU,2,11805,20855,0,0,1
KLU,2,11809,20859,0,0,1
KLU,2,11823,20873,0,0,1
KLU,2,11831,20881,0,0,1
KLU,2,11837,20887,0,0,1
KLU,2,11838,20888,0,0,1
KLU,2,11846,20896,0,0,1
KLU,2,11851,20901,0,0,1
KLU,2,11869,20919,0,0,1
KLU,2,11871,20921,0,0,1
KLU,2,11888,20938,0,0,1
KLU,2,11890,20940,0,0,1
KLU,2,11895,20945,0,1,0
KLU,2,11931,20981,0,0,1
KLU,2,11937,20987,0,0,1
KLU,2,11942,20992,0,0,1
KLU,2,11947,20997,0,0,1
KLU,2,11952,21002,0,0,1
KLU,2,11955,21005,0,0,1
KLU,2,11968,21018,0,0,1
KLU,2,11997,21047,0,0,1
KLU,2,11998,21048,0,0,1
KLU,2,12001,21051,0,0,1
KLU,2,12005,21055,0,0,1
KLU,2,12016,21066,0,0,1
KLU,2,12018,21068,0,0,1
KLU,2,12037,21087,0,0,1
KLU,2,12045,21095,0,1,0
KLU,2,12071,21121,0,0,1
KLU,2,12073,21123,0,0,1
KLU,2,12077,21127,0,0,1
KLU,2,12083,21133,0,0,1
KLU,2,12086,21136,0,0,1
KLU,2,12092,21142,0,0,1
KLU,2,12101,21151,0,0,1
KLU,2,12102,21152,0,0,1
KLU,2,12106,21156,0,0,1
KLU,2,12110,21160,0,0,1
KLU,2,12136,21186,0,0,1
KLU,2,12146,21196,0,0,1
KLU,2,12159,21209,0,0,1
KLU,2,12178,21228,0,0,1
KLU,2,12185,21235,0,1,0
KLU,2,12186,21236,0,0,1
KLU,2,12190,21240,0,0,1
KLU,2,12194,21244,0,0,1
KLU,2,12195,21245,0,0,1
KLU,2,12197,21247,0,0,1
KLU,2,12204,21254,0,0,1
KLU,2,12235,21285,0,0,1
KLU,2,12240,21290,0,1,0
KLU,2,12253,21303,0,0,1
KLU,2,12254,21304,0,0,1
KLU,2,12263,21313,0,0,1
KLU,2,12264,21314,0,0,1
KLU,2,12269,21319,0,0,1
KLU,2,12270,21320,0,0,1
KLU,2,12280,21330,0,1,0
KLU,2,12281,21331,0,0,1
KLU,2,12286,21336,0,0,1
KLU,2,12294,21344,0,0,1
KLU,2,12295,21345,0,0,1
KLU,2,12296,21346,0,0,1
KLU,2,12298,21348,0,0,1
KLU,2,12326,21376,0,1,0
KLU,2,12327,21377,0,0,1
KLU,2,12331,21381,0,0,1
KLU,2,12367,21417,0,0,1
KLU,2,12376,21426,0,0,1
KLU,2,12381,21431,0,0,1
KLU,2,12382,21432,0,0,1
KLU,2,12394,21444,0,0,1
KLU,2,12400,21450,0,0,1
KLU,2,12409,21459,0,0,1
KLU,2,12416,21466,0,0,1
KLU,2,12424,21474,0,0,1
KLU,2,12426,21476,0,1,0
KLU,2,12430,21480,0,0,1
KLU,2,12437,21487,0,0,1
KLU,2,12448,21498,0,0,1
KLU,2,12457,21507,0,0,1
KLU,2,12460,21510,0,0,1
KLU,2,12469,21519,0,0,1
KLU,2,12471,21521,0,0,1
KLU,2,12477,21527,0,0,1
KLU,2,12480,21530,0,0,1
KLU,2,12544,21594,0,0,1
KLU,2,12545,21595,0,0,1
KLU,2,12572,21622,0,0,1
KLU,2,12574,21624,0,0,1
KLU,2,12577,21627,0,0,1
KLU,2,12581,21631,0,0,1
KLU,2,12599,21649,0,0,1
KLU,2,12629,21679,0,0,1
KLU,2,12632,21682,0,0,1
KLU,2,12653,21703,0,0,1
KLU,2,12666,21716,0,0,1
KLU,2,12676,21726,0,0,1
KLU,2,12688,21738,0,0,1
KLU,2,12695,21745,0,0,1
KLU,2,12697,21747,0,0,1
KLU,2,12701,21751,0,0,1
KLU,2,12705,21755,0,0,1
KLU,2,12716,21766,0,0,1
KLU,2,12721,21771,0,0,1
KLU,2,12731,21781,0,0,1
KLU,2,12744,21794,0,0,1
KLU,2,12745,21795,0,0,1
KLU,2,12758,21808,0,0,1
KLU,2,12774,21824,0,0,1
KLU,2,12785,21835,0,0,1
KLU,2,12792,21842,0,0,1
KLU,2,12793,21843,0,0,1
KLU,2,12804,21854,0,0,1
KLU,2,12807,21857,0,0,1
KLU,2,12812,21862,0,0,1
KLU,2,12813,21863,0,0,1
KLU,2,12827,21877,0,0,1
KLU,2,12834,21884,0,0,1
KLU,2,12850,21900,0,0,1
KLU,2,12852,21902,0,0,1
KLU,2,12854,21904,0,0,1
KLU,2,12866,21916,0,0,1
KLU,2,12870,21920,0,0,1
KLU,2,12886,21936,0,0,1
KLU,2,12900,21950,0,0,1
KLU,2,12923,21973,0,0,1
KLU,2,12931,21981,0,0,1
KLU,2,12938,21988,0,0,1
KLU,2,12961,22011,0,0,1
KLU,2,12964,22014,0,1,0
KLU,2,12966,22016,0,0,1
KLU,2,13009,22059,0,1,0
KLU,2,13012,22062,0,0,1
KLU,2,13017,22067,0,0,1
KLU,2,13028,22078,0,0,1
KLU,2,13045,22095,0,0,1
KLU,2,13050,22100,0,0,1
KLU,2,13059,22109,0,1,0
KLU,2,13077,22127,0,0,1
KLU,2,13078,22128,0,0,1
KLU,2,13085,22135,0,0,1
KLU,2,13088,22138,0,0,1
KLU,2,13089,22139,0,0,1
KLU,2,13090,22140,0,0,1
KLU,3,8866,17916,1,1,1
KLU,3,8872,17922,1,1,1
KLU,3,8892,17942,1,1,1
KLU,3,8900,17950,1,1,1
KLU,3,8912,17962,1,1,1
KLU,3,8915,17965,1,1,1
KLU,3,8940,17990,1,1,1
KLU,3,8977,18027,1,0,0
KLU,3,8993,18043,1,1,1
KLU,3,9017,18067,1,1,1
KLU,3,9024,18074,1,1,1
KLU,3,9057,18107,1,1,1
KLU,3,9065,18115,1,1,1
KLU,3,9090,18140,1,1,1
KLU,3,9091,18141,1,1,1
KLU,3,9103,18153,1,1,1
KLU,3,9117,18167,1,1,1
KLU,3,9130,18180,1,1,1
KLU,3,9136,18186,1,1,1
KLU,3,9147,18197,1,1,1
KLU,3,9164,18214,1,1,1
KLU,3,9179,18229,1,1,1
KLU,3,9187,18237,1,1,1
KLU,3,9199,18249,1,0,0
KLU,3,9248,18298,1,1,1
KLU,3,9252,18302,1,1,1
KLU,3,9261,18311,1,1,1
KLU,3,9264,18314,1,1,1
KLU,3,9267,18317,1,1,1
KLU,3,9273,18323,1,1,1
KLU,3,9294,18344,1,1,1
KLU,3,9295,18345,1,1,1
KLU,3,9309,18359,1,1,1
KLU,3,9313,18363,1,1,1
KLU,3,9316,18366,1,1,1
KLU,3,9327,18377,1,1,1
KLU,3,9333,18383,1,1,1
KLU,3,9339,18389,1,1,1
KLU,3,9344,18394,1,1,1
KLU,3,9354,18404,1,1,1
KLU,3,9376,18426,1,1,1
KLU,3,9385,18435,1,1,1
KLU,3,9395,18445,1,1,1
KLU,3,9396,18446,1,1,1
KLU,3,9413,18463,1,1,1
KLU,3,9423,18473,1,1,1
KLU,3,9428,18478,1,1,1
KLU,3,9455,18505,1,0,0
KLU,3,9456,18506,1,1,1
KLU,3,9465,18515,1,1,1
KLU,3,9475,18525,1,1,1
KLU,3,9490,18540,1,1,1
KLU,3,9491,18541,1,1,1
KLU,3,9495,18545,1,1,1
KLU,3,9497,18547,1,0,0
KLU,3,9516,18566,1,1,1
KLU,3,9522,18572,1,1,1
KLU,3,9542,18592,1,1,1
KLU,3,9544,18594,1,1,1
KLU,3,9545,18595,1,1,1
KLU,3,9563,18613,1,0,0
KLU,3,9568,18618,1,1,1
KLU,3,9572,18622,1,1,1
KLU,3,9578,18628,1,1,1
KLU,3,9587,18637,1,1,1
KLU,3,9627,18677,1,1,1
KLU,3,9646,18696,1,1,1
KLU,3,9661,18711,1,1,1
KLU,3,9663,18713,1,1,1
KLU,3,9670,18720,1,1,1
KLU,3,9678,18728,1,1,1
KLU,3,9695,18745,1,1,1
KLU,3,9717,18767,1,1,1
KLU,3,9720,18770,1,1,1
KLU,3,9724,18774,1,1,1
KLU,3,9726,18776,1,1,1
KLU,3,9730,18780,1,1,1
KLU,3,9734,18784,1,1,1
KLU,3,9736,18786,1,1,1
KLU,3,9749,18799,1,1,1
KLU,3,9767,18817,1,1,1
KLU,3,9798,18848,1,1,1
KLU,3,9806,18856,1,1,1
KLU,3,9827,18877,1,1,1
KLU,3,9836,18886,1,1,1
KLU,3,9847,18897,1,1,1
KLU,3,9849,18899,1,1,1
KLU,3,9865,18915,1,1,1
KLU,3,9870,18920,1,1,1
KLU,3,9875,18925,1,1,1
KLU,3,9895,18945,1,1,1
KLU,3,9904,18954,1,1,1
KLU,3,9914,18964,1,1,1
KLU,3,9921,18971,1,1,1
KLU,3,9926,18976,1,1,1
KLU,3,9927,18977,1,1,1
KLU,3,9930,18980,1,1,1
KLU,3,9951,19001,1,1,1
KLU,3,9955,19005,1,1,1
KLU,3,9958,19008,1,1,1
KLU,3,9965,19015,1,0,0
KLU,3,9978,19028,1,1,1
KLU,3,9984,19034,1,1,1
KLU,3,9987,19037,1,1,1
KLU,3,10026,19076,1,1,1
KLU,3,10029,19079,1,1,1
KLU,3,10048,19098,1,1,1
KLU,3,10051,19101,1,1,1
KLU,3,10058,19108,1,1,1
KLU,3,10081,19131,1,1,1
KLU,3,10086,19136,1,1,1
KLU,3,10096,19146,1,1,1
KLU,3,10098,19148,1,1,1
KLU,3,10107,19157,1,1,1
KLU,3,10115,19165,1,1,1
KLU,3,10132,19182,1,1,1
KLU,3,10138,19188,1,1,1
KLU,3,10145,19195,1,1,1
KLU,3,10149,19199,1,1,1
KLU,3,10160,19210,1,1,1
KLU,3,10171,19221,1,1,1
KLU,3,10174,19224,1,1,1
KLU,3,10188,19238,1,1,1
KLU,3,10195,19245,1,1,1
KLU,3,10199,19249,1,1,1
KLU,3,10204,19254,1,1,1
KLU,3,10208,19258,1,1,1
KLU,3,10213,19263,1,1,1
KLU,3,10231,19281,1,1,1
KLU,3,10243,19293,1,1,1
KLU,3,10250,19300,1,0,0
KLU,3,10251,19301,1,1,1
KLU,3,10267,19317,1,1,1
KLU,3,10280,19330,1,1,1
KLU,3,10289,19339,1,1,1
KLU,3,10320,19370,1,1,1
KLU,3,10326,19376,1,1,1
KLU,3,10338,19388,1,1,1
KLU,3,10340,19390,1,1,1
KLU,3,10345,19395,1,1,1
KLU,3,10347,19397,1,0,0
KLU,3,10394,19444,1,1,1
KLU,3,10395,19445,1,1,1
KLU,3,10404,19454,1,1,1
KLU,3,10405,19455,1,1,1
KLU,3,10407,19457,1,1,1
KLU,3,10411,19461,1,1,1
KLU,3,10413,19463,1,1,1
KLU,3,10434,19484,1,0,0
KLU,3,10471,19521,1,1,1
KLU,3,10477,19527,1,1,1
KLU,3,10485,19535,1,1,1
KLU,3,10496,19546,1,1,1
KLU,3,10500,19550,1,1,1
KLU,3,10505,19555,1,1,1
KLU,3,10509,19559,1,1,1
KLU,3,10518,19568,1,1,1
KLU,3,10521,19571,1,1,1
KLU,3,10525,19575,1,1,1
KLU,3,10529,19579,1,1,1
KLU,3,10536,19586,1,1,1
KLU,3,10537,19587,1,0,0
KLU,3,10557,19607,1,0,0
KLU,3,10566,19616,1,1,1
KLU,3,10592,19642,1,0,0
KLU,3,10610,19660,1,1,1
KLU,3,10613,19663,1,1,1
KLU,3,10616,19666,1,1,1
KLU,3,10625,19675,1,1,1
KLU,3,10643,19693,1,1,1
KLU,3,10644,19694,1,1,1
KLU,3,10650,19700,1,1,1
KLU,3,10658,19708,1,1,1
KLU,3,10670,19720,1,1,1
KLU,3,10682,19732,1,1,1
KLU,3,10683,19733,1,0,0
KLU,3,10691,19741,1,1,1
KLU,3,10692,19742,1,1,1
KLU,3,10697,19747,1,1,1
KLU,3,10699,19749,1,1,1
KLU,3,10702,19752,1,1,1
KLU,3,10713,19763,1,1,1
KLU,3,10714,19764,1,1,1
KLU,3,10731,19781,1,0,0
KLU,3,10733,19783,1,1,1
KLU,3,10747,19797,1,0,0
KLU,3,10760,19810,1,1,1
KLU,3,10775,19825,1,1,1
KLU,3,10779,19829,1,1,1
KLU,3,10780,19830,1,1,1
KLU,3,10784,19834,1,1,1
KLU,3,10789,19839,1,1,1
KLU,3,10794,19844,1,1,1
KLU,3,10799,19849,1,1,1
KLU,3,10813,19863,1,1,1
KLU,3,10821,19871,1,1,1
KLU,3,10835,19885,1,1,1
KLU,3,10856,19906,1,1,1
KLU,3,10863,19913,1,1,1
KLU,3,10871,19921,1,1,1
KLU,3,10879,19929,1,0,0
KLU,3,10880,19930,1,1,1
KLU,3,10887,19937,1,1,1
KLU,3,10894,19944,1,1,1
KLU,3,10903,19953,1,1,1
KLU,3,10908,19958,1,1,1
KLU,3,10925,19975,1,1,1
KLU,3,10934,19984,1,1,1
KLU,3,10938,19988,1,1,1
KLU,3,10953,20003,1,1,1
KLU,3,10957,20007,1,1,1
KLU,3,10967,20017,1,0,0
KLU,3,10980,20030,0,0,1
KLU,3,10984,20034,0,0,1
KLU,3,10993,20043,0,0,1
KLU,3,11009,20059,0,0,1
KLU,3,11011,20061,0,0,1
KLU,3,11021,20071,0,0,1
KLU,3,11024,20074,0,1,0
KLU,3,11041,20091,0,1,0
KLU,3,11059,20109,0,0,1
KLU,3,11062,20112,0,0,1
KLU,3,11063,20113,0,0,1
KLU,3,11065,20115,0,1,0
KLU,3,11066,20116,0,0,1
KLU,3,11071,20121,0,0,1
KLU,3,11081,20131,0,0,1
KLU,3,11085,20135,0,0,1
KLU,3,11091,20141,0,0,1
KLU,3,11118,20168,0,0,1
KLU,3,11129,20179,0,0,1
KLU,3,11150,20200,0,0,1
KLU,3,11164,20214,0,0,1
KLU,3,11168,20218,0,0,1
KLU,3,11173,20223,0,0,1
KLU,3,11191,20241,0,0,1
KLU,3,11197,20247,0,0,1
KLU,3,11205,20255,0,0,1
KLU,3,11211,20261,0,0,1
KLU,3,11213,20263,0,0,1
KLU,3,11225,20275,0,0,1
KLU,3,11233,20283,0,0,1
KLU,3,11239,20289,0,0,1
KLU,3,11242,20292,0,0,1
KLU,3,11258,20308,0,0,1
KLU,3,11259,20309,0,0,1
KLU,3,11267,20317,0,0,1
KLU,3,11276,20326,0,0,1
KLU,3,11277,20327,0,0,1
KLU,3,11280,20330,0,0,1
KLU,3,11287,20337,0,0,1
KLU,3,11310,20360,0,0,1
KLU,3,11329,20379,0,0,1
KLU,3,11332,20382,0,0,1
KLU,3,11335,20385,0,0,1
KLU,3,11347,20397,0,1,0
KLU,3,11353,20403,0,0,1
KLU,3,11354,20404,0,0,1
KLU,3,11355,20405,0,0,1
KLU,3,11358,20408,0,0,1
KLU,3,11376,20426,0,0,1
KLU,3,11385,20435,0,0,1
KLU,3,11395,20445,0,0,1
KLU,3,11409,20459,0,0,1
KLU,3,11414,20464,0,0,1
KLU,3,11430,20480,0,1,0
KLU,3,11456,20506,0,1,0
KLU,3,11476,20526,0,0,1
KLU,3,11478,20528,0,0,1
KLU,3,11481,20531,0,0,1
KLU,3,11483,20533,0,0,1
KLU,3,11484,20534,0,0,1
KLU,3,11489,20539,0,0,1
KLU,3,11507,20557,0,0,1
KLU,3,11535,20585,0,0,1
KLU,3,11537,20587,0,0,1
KLU,3,11540,20590,0,0,1
KLU,3,11542,20592,0,0,1
KLU,3,11544,20594,0,0,1
KLU,3,11574,20624,0,0,1
KLU,3,11579,20629,0,1,0
KLU,3,11581,20631,0,0,1
KLU,3,11587,20637,0,0,1
KLU,3,11597,20647,0,0,1
KLU,3,11604,20654,0,0,1
KLU,3,11655,20705,0,0,1
KLU,3,11660,20710,0,0,1
KLU,3,11661,20711,0,0,1
KLU,3,11665,20715,0,0,1
KLU,3,11666,20716,0,0,1
KLU,3,11672,20722,0,0,1
KLU,3,11673,20723,0,0,1
KLU,3,11674,20724,0,0,1
KLU,3,11676,20726,0,1,0
KLU,3,11681,20731,0,0,1
KLU,3,11687,20737,0,0,1
KLU,3,11695,20745,0,0,1
KLU,3,11708,20758,0,0,1
KLU,3,11715,20765,0,0,1
KLU,3,11717,20767,0,0,1
KLU,3,11732,20782,0,0,1
KLU,3,11733,20783,0,0,1
KLU,3,11736,20786,0,0,1
KLU,3,11737,20787,0,0,1
KLU,3,11777,20827,0,1,0
KLU,3,11789,20839,0,0,1
KLU,3,11793,20843,0,0,1
KLU,3,11824,20874,0,0,1
KLU,3,11835,20885,0,0,1
KLU,3,11844,20894,0,0,1
KLU,3,11847,20897,0,0,1
KLU,3,11858,20908,0,0,1
KLU,3,11862,20912,0,0,1
KLU,3,11865,20915,0,1,0
KLU,3,11866,20916,0,0,1
KLU,3,11886,20936,0,0,1
KLU,3,11903,20953,0,0,1
KLU,3,11912,20962,0,0,1
KLU,3,11944,20994,0,0,1
KLU,3,11945,20995,0,0,1
KLU,3,11966,21016,0,0,1
KLU,3,11985,21035,0,0,1
KLU,3,12000,21050,0,0,1
KLU,3,12010,21060,0,0,1
KLU,3,12015,21065,0,0,1
KLU,3,12028,21078,0,0,1
KLU,3,12031,21081,0,1,0
KLU,3,12040,21090,0,1,0
KLU,3,12046,21096,0,0,1
KLU,3,12047,21097,0,0,1
KLU,3,12075,21125,0,0,1
KLU,3,12093,21143,0,0,1
KLU,3,12097,21147,0,0,1
KLU,3,12100,21150,0,0,1
KLU,3,12109,21159,0,0,1
KLU,3,12119,21169,0,0,1
KLU,3,12123,21173,0,0,1
KLU,3,12124,21174,0,0,1
KLU,3,12130,21180,0,0,1
KLU,3,12131,21181,0,0,1
KLU,3,12134,21184,0,0,1
KLU,3,12135,21185,0,0,1
KLU,3,12145,21195,0,1,0
KLU,3,12147,21197,0,0,1
KLU,3,12157,21207,0,0,1
KLU,3,12160,21210,0,0,1
KLU,3,12173,21223,0,0,1
KLU,3,12215,21265,0,0,1
KLU,3,12230,21280,0,0,1
KLU,3,12234,21284,0,0,1
KLU,3,12262,21312,0,0,1
KLU,3,12268,21318,0,0,1
KLU,3,12282,21332,0,0,1
KLU,3,12283,21333,0,0,1
KLU,3,12291,21341,0,0,1
KLU,3,12313,21363,0,0,1
KLU,3,12325,21375,0,0,1
KLU,3,12350,21400,0,0,1
KLU,3,12385,21435,0,0,1
KLU,3,12392,21442,0,0,1
KLU,3,12402,21452,0,0,1
KLU,3,12403,21453,0,0,1
KLU,3,12406,21456,0,0,1
KLU,3,12411,21461,0,0,1
KLU,3,12434,21484,0,0,1
KLU,3,12445,21495,0,0,1
KLU,3,12446,21496,0,0,1
KLU,3,12447,21497,0,0,1
KLU,3,12449,21499,0,0,1
KLU,3,12468,21518,0,0,1
KLU,3,12472,21522,0,0,1
KLU,3,12485,21535,0,0,1
KLU,3,12491,21541,0,0,1
KLU,3,12497,21547,0,0,1
KLU,3,12535,21585,0,0,1
KLU,3,12548,21598,0,0,1
KLU,3,12592,21642,0,0,1
KLU,3,12606,21656,0,0,1
KLU,3,12609,21659,0,0,1
KLU,3,12615,21665,0,0,1
KLU,3,12619,21669,0,0,1
KLU,3,12628,21678,0,0,1
KLU,3,12635,21685,0,0,1
KLU,3,12651,21701,0,0,1
KLU,3,12683,21733,0,1,0
KLU,3,12684,21734,0,0,1
KLU,3,12690,21740,0,0,1
KLU,3,12694,21744,0,0,1
KLU,3,12723,21773,0,0,1
KLU,3,12762,21812,0,0,1
KLU,3,12769,21819,0,0,1
KLU,3,12787,21837,0,0,1
KLU,3,12798,21848,0,0,1
KLU,3,12821,21871,0,0,1
KLU,3,12838,21888,0,0,1
KLU,3,12841,21891,0,0,1
KLU,3,12859,21909,0,0,1
KLU,3,12868,21918,0,0,1
KLU,3,12876,21926,0,0,1
KLU,3,12883,21933,0,0,1
KLU,3,12888,21938,0,0,1
KLU,3,12891,21941,0,0,1
KLU,3,12905,21955,0,0,1
KLU,3,12913,21963,0,0,1
KLU,3,12917,21967,0,0,1
KLU,3,12934,21984,0,0,1
KLU,3,12935,21985,0,1,0
KLU,3,12951,22001,0,0,1
KLU,3,12956,22006,0,0,1
KLU,3,12962,22012,0,1,0
KLU,3,12979,22029,0,0,1
KLU,3,12993,22043,0,0,1
KLU,3,13004,22054,0,0,1
KLU,3,13008,22058,0,0,1
KLU,3,13013,22063,0,1,0
KLU,3,13014,22064,0,1,0
KLU,3,13030,22080,0,0,1
KLU,3,13031,22081,0,0,1
KLU,3,13034,22084,0,0,1
KLU,3,13062,22112,0,1,0
KLU,3,13068,22118,0,0,1
KLU,3,13070,22120,0,0,1
KLU,3,13074,22124,0,1,0
KLU,3,13096,22146,0,0,1
KLU,3,13098,22148,0,0,1
KLU,4,8859,17909,1,1,1
KLU,4,8862,17912,1,1,1
KLU,4,8864,17914,1,1,1
KLU,4,8883,17933,1,1,1
KLU,4,8887,17937,1,1,1
KLU,4,8888,17938,1,1,1
KLU,4,8895,17945,1,1,1
KLU,4,8899,17949,1,1,1
KLU,4,8906,17956,1,1,1
KLU,4,8908,17958,1,1,1
KLU,4,8939,17989,1,1,1
KLU,4,8947,17997,1,1,1
KLU,4,8948,17998,1,1,1
KLU,4,8955,18005,1,1,1
KLU,4,9023,18073,1,1,1
KLU,4,9037,18087,1,1,1
KLU,4,9039,18089,1,1,1
KLU,4,9046,18096,1,1,1
KLU,4,9066,18116,1,1,1
KLU,4,9085,18135,1,1,1
KLU,4,9093,18143,1,1,1
KLU,4,9106,18156,1,1,1
KLU,4,9114,18164,1,1,1
KLU,4,9115,18165,1,1,1
KLU,4,9141,18191,1,1,1
KLU,4,9150,18200,1,1,1
KLU,4,9155,18205,1,0,0
KLU,4,9175,18225,1,1,1
KLU,4,9194,18244,1,1,1
KLU,4,9200,18250,1,1,1
KLU,4,9205,18255,1,1,1
KLU,4,9206,18256,1,1,1
KLU,4,9209,18259,1,1,1
KLU,4,9212,18262,1,0,0
KLU,4,9216,18266,1,1,1
KLU,4,9220,18270,1,1,1
KLU,4,9247,18297,1,1,1
KLU,4,9254,18304,1,1,1
KLU,4,9263,18313,1,1,1
KLU,4,9271,18321,1,1,1
KLU,4,9272,18322,1,1,1
KLU,4,9274,18324,1,1,1
KLU,4,9289,18339,1,1,1
KLU,4,9304,18354,1,1,1
KLU,4,9319,18369,1,1,1
KLU,4,9341,18391,1,1,1
KLU,4,9345,18395,1,1,1
KLU,4,9349,18399,1,1,1
KLU,4,9371,18421,1,1,1
KLU,4,9375,18425,1,1,1
KLU,4,9382,18432,1,1,1
KLU,4,9386,18436,1,0,0
KLU,4,9399,18449,1,0,0
KLU,4,9415,18465,1,1,1
KLU,4,9417,18467,1,1,1
KLU,4,9425,18475,1,1,1
KLU,4,9437,18487,1,1,1
KLU,4,9442,18492,1,1,1
KLU,4,9446,18496,1,0,0
KLU,4,9449,18499,1,1,1
KLU,4,9480,18530,1,1,1
KLU,4,9493,18543,1,1,1
KLU,4,9510,18560,1,1,1
KLU,4,9512,18562,1,1,1
KLU,4,9513,18563,1,1,1
KLU,4,9520,18570,1,1,1
KLU,4,9525,18575,1,1,1
KLU,4,9527,18577,1,1,1
KLU,4,9536,18586,1,1,1
KLU,4,9546,18596,1,1,1
KLU,4,9566,18616,1,1,1
KLU,4,9574,18624,1,1,1
KLU,4,9576,18626,1,1,1
KLU,4,9594,18644,1,1,1
KLU,4,9597,18647,1,1,1
KLU,4,9600,18650,1,1,1
KLU,4,9609,18659,1,1,1
KLU,4,9613,18663,1,1,1
KLU,4,9624,18674,1,1,1
KLU,4,9633,18683,1,1,1
KLU,4,9638,18688,1,1,1
KLU,4,9656,18706,1,1,1
KLU,4,9688,18738,1,1,1
KLU,4,9705,18755,1,1,1
KLU,4,9709,18759,1,1,1
KLU,4,9725,18775,1,1,1
KLU,4,9727,18777,1,1,1
KLU,4,9750,18800,1,1,1
KLU,4,9753,18803,1,1,1
KLU,4,9756,18806,1,1,1
KLU,4,9760,18810,1,1,1
KLU,4,9772,18822,1,1,1
KLU,4,9775,18825,1,1,1
KLU,4,9807,18857,1,1,1
KLU,4,9815,18865,1,1,1
KLU,4,9826,18876,1,1,1
KLU,4,9838,18888,1,1,1
KLU,4,9840,18890,1,1,1
KLU,4,9846,18896,1,1,1
KLU,4,9851,18901,1,1,1
KLU,4,9854,18904,1,0,0
KLU,4,9857,18907,1,1,1
KLU,4,9858,18908,1,1,1
KLU,4,9878,18928,1,1,1
KLU,4,9888,18938,1,1,1
KLU,4,9900,18950,1,1,1
KLU,4,9901,18951,1,1,1
KLU,4,9902,18952,1,1,1
KLU,4,9903,18953,1,0,0
KLU,4,9907,18957,1,1,1
KLU,4,9909,18959,1,1,1
KLU,4,9938,18988,1,1,1
KLU,4,9976,19026,1,0,0
KLU,4,9980,19030,1,0,0
KLU,4,9983,19033,1,1,1
KLU,4,9986,19036,1,1,1
KLU,4,10000,19050,1,1,1
KLU,4,10002,19052,1,1,1
KLU,4,10007,19057,1,1,1
KLU,4,10025,19075,1,1,1
KLU,4,10041,19091,1,1,1
KLU,4,10053,19103,1,1,1
KLU,4,10091,19141,1,0,0
KLU,4,10092,19142,1,0,0
KLU,4,10108,19158,1,1,1
KLU,4,10112,19162,1,1,1
KLU,4,10114,19164,1,1,1
KLU,4,10133,19183,1,1,1
KLU,4,10135,19185,1,1,1
KLU,4,10137,19187,1,1,1
KLU,4,10151,19201,1,1,1
KLU,4,10154,19204,1,1,1
KLU,4,10156,19206,1,1,1
KLU,4,10157,19207,1,1,1
KLU,4,10164,19214,1,1,1
KLU,4,10179,19229,1,1,1
KLU,4,10181,19231,1,1,1
KLU,4,10190,19240,1,1,1
KLU,4,10200,19250,1,1,1
KLU,4,10207,19257,1,1,1
KLU,4,10215,19265,1,0,0
KLU,4,10232,19282,1,1,1
KLU,4,10288,19338,1,1,1
KLU,4,10292,19342,1,1,1
KLU,4,10294,19344,1,0,0
KLU,4,10314,19364,1,1,1
KLU,4,10317,19367,1,0,0
KLU,4,10328,19378,1,1,1
KLU,4,10329,19379,1,0,0
KLU,4,10333,19383,1,0,0
KLU,4,10343,19393,1,1,1
KLU,4,10344,19394,1,0,0
KLU,4,10358,19408,1,1,1
KLU,4,10359,19409,1,1,1
KLU,4,10366,19416,1,1,1
KLU,4,10377,19427,1,0,0
KLU,4,10380,19430,1,1,1
KLU,4,10391,19441,1,1,1
KLU,4,10399,19449,1,1,1
KLU,4,10415,19465,1,1,1
KLU,4,10433,19483,1,1,1
KLU,4,10437,19487,1,1,1
KLU,4,10440,19490,1,1,1
KLU,4,10443,19493,1,1,1
KLU,4,10448,19498,1,1,1
KLU,4,10455,19505,1,1,1
KLU,4,10457,19507,1,1,1
KLU,4,10459,19509,1,1,1
KLU,4,10465,19515,1,1,1
KLU,4,10474,19524,1,1,1
KLU,4,10494,19544,1,1,1
KLU,4,10502,19552,1,1,1
KLU,4,10507,19557,1,1,1
KLU,4,10515,19565,1,1,1
KLU,4,10540,19590,1,1,1
KLU,4,10542,19592,1,1,1
KLU,4,10546,19596,1,1,1
KLU,4,10549,19599,1,1,1
KLU,4,10555,19605,1,1,1
KLU,4,10565,19615,1,1,1
KLU,4,10581,19631,1,1,1
KLU,4,10618,19668,1,1,1
KLU,4,10621,19671,1,1,1
KLU,4,10629,19679,1,1,1
KLU,4,10636,19686,1,1,1
KLU,4,10642,19692,1,1,1
KLU,4,10660,19710,1,0,0
KLU,4,10678,19728,1,1,1
KLU,4,10721,19771,1,1,1
KLU,4,10725,19775,1,1,1
KLU,4,10727,19777,1,0,0
KLU,4,10739,19789,1,1,1
KLU,4,10763,19813,1,1,1
KLU,4,10787,19837,1,1,1
KLU,4,10788,19838,1,1,1
KLU,4,10796,19846,1,1,1
KLU,4,10818,19868,1,1,1
KLU,4,10819,19869,1,1,1
KLU,4,10826,19876,1,1,1
KLU,4,10830,19880,1,1,1
KLU,4,10836,19886,1,1,1
KLU,4,10844,19894,1,1,1
KLU,4,10845,19895,1,1,1
KLU,4,10858,19908,1,0,0
KLU,4,10860,19910,1,1,1
KLU,4,10865,19915,1,1,1
KLU,4,10872,19922,1,1,1
KLU,4,10873,19923,1,1,1
KLU,4,10885,19935,1,1,1
KLU,4,10931,19981,1,1,1
KLU,4,10940,19990,1,1,1
KLU,4,10960,20010,1,1,1
KLU,4,10973,20023,0,1,0
KLU,4,10977,20027,0,0,1
KLU,4,10987,20037,0,0,1
KLU,4,10989,20039,0,0,1
KLU,4,10997,20047,0,0,1
KLU,4,10999,20049,0,0,1
KLU,4,11023,20073,0,0,1
KLU,4,11033,20083,0,0,1
KLU,4,11040,20090,0,0,1
KLU,4,11082,20132,0,0,1
KLU,4,11083,20133,0,0,1
KLU,4,11093,20143,0,0,1
KLU,4,11095,20145,0,0,1
KLU,4,11097,20147,0,0,1
KLU,4,11099,20149,0,0,1
KLU,4,11105,20155,0,0,1
KLU,4,11115,20165,0,0,1
KLU,4,11138,20188,0,0,1
KLU,4,11156,20206,0,0,1
KLU,4,11158,20208,0,0,1
KLU,4,11175,20225,0,0,1
KLU,4,11185,20235,0,0,1
KLU,4,11187,20237,0,0,1
KLU,4,11196,20246,0,0,1
KLU,4,11198,20248,0,0,1
KLU,4,11207,20257,0,0,1
KLU,4,11218,20268,0,0,1
KLU,4,11228,20278,0,0,1
KLU,4,11236,20286,0,0,1
KLU,4,11237,20287,0,0,1
KLU,4,11245,20295,0,0,1
KLU,4,11249,20299,0,0,1
KLU,4,11253,20303,0,0,1
KLU,4,11270,20320,0,0,1
KLU,4,11271,20321,0,0,1
KLU,4,11302,20352,0,0,1
KLU,4,11313,20363,0,0,1
KLU,4,11331,20381,0,0,1
KLU,4,11337,20387,0,0,1
KLU,4,11348,20398,0,0,1
KLU,4,11349,20399,0,0,1
KLU,4,11350,20400,0,0,1
KLU,4,11359,20409,0,0,1
KLU,4,11364,20414,0,0,1
KLU,4,11367,20417,0,0,1
KLU,4,11369,20419,0,0,1
KLU,4,11373,20423,0,1,0
KLU,4,11386,20436,0,0,1
KLU,4,11410,20460,0,0,1
KLU,4,11443,20493,0,0,1
KLU,4,11455,20505,0,0,1
KLU,4,11458,20508,0,0,1
KLU,4,11462,20512,0,0,1
KLU,4,11463,20513,0,0,1
KLU,4,11471,20521,0,0,1
KLU,4,11482,20532,0,1,0
KLU,4,11492,20542,0,0,1
KLU,4,11499,20549,0,0,1
KLU,4,11500,20550,0,0,1
KLU,4,11524,20574,0,0,1
KLU,4,11533,20583,0,0,1
KLU,4,11588,20638,0,0,1
KLU,4,11602,20652,0,0,1
KLU,4,11603,20653,0,0,1
KLU,4,11625,20675,0,0,1
KLU,4,11630,20680,0,0,1
KLU,4,11631,20681,0,0,1
KLU,4,11639,20689,0,0,1
KLU,4,11688,20738,0,0,1
KLU,4,11697,20747,0,0,1
KLU,4,11700,20750,0,0,1
KLU,4,11706,20756,0,0,1
KLU,4,11707,20757,0,1,0
KLU,4,11716,20766,0,0,1
KLU,4,11720,20770,0,0,1
KLU,4,11724,20774,0,0,1
KLU,4,11757,20807,0,0,1
KLU,4,11759,20809,0,0,1
KLU,4,11796,20846,0,0,1
KLU,4,11804,20854,0,0,1
KLU,4,11813,20863,0,0,1
KLU,4,11820,20870,0,0,1
KLU,4,11825,20875,0,0,1
KLU,4,11830,20880,0,0,1
KLU,4,11842,20892,0,0,1
KLU,4,11884,20934,0,0,1
KLU,4,11900,20950,0,0,1
KLU,4,11918,20968,0,0,1
KLU,4,11921,20971,0,0,1
KLU,4,11925,20975,0,0,1
KLU,4,11936,20986,0,0,1
KLU,4,11957,21007,0,0,1
KLU,4,11972,21022,0,0,1
KLU,4,11981,21031,0,0,1
KLU,4,11990,21040,0,0,1
KLU,4,11992,21042,0,0,1
KLU,4,11994,21044,0,1,0
KLU,4,12003,21053,0,0,1
KLU,4,12004,21054,0,0,1
KLU,4,12006,21056,0,0,1
KLU,4,12013,21063,0,0,1
KLU,4,12024,21074,0,0,1
KLU,4,12043,21093,0,0,1
KLU,4,12056,21106,0,0,1
KLU,4,12059,21109,0,0,1
KLU,4,12066,21116,0,1,0
KLU,4,12079,21129,0,0,1
KLU,4,12085,21135,0,0,1
KLU,4,12087,21137,0,0,1
KLU,4,12089,21139,0,0,1
KLU,4,12098,21148,0,1,0
KLU,4,12104,21154,0,0,1
KLU,4,12113,21163,0,0,1
KLU,4,12120,21170,0,0,1
KLU,4,12132,21182,0,1,0
KLU,4,12133,21183,0,0,1
KLU,4,12141,21191,0,0,1
KLU,4,12156,21206,0,0,1
KLU,4,12161,21211,0,0,1
KLU,4,12177,21227,0,0,1
KLU,4,12187,21237,0,0,1
KLU,4,12193,21243,0,0,1
KLU,4,12196,21246,0,0,1
KLU,4,12200,21250,0,0,1
KLU,4,12201,21251,0,1,0
KLU,4,12209,21259,0,1,0
KLU,4,12222,21272,0,0,1
KLU,4,12227,21277,0,0,1
KLU,4,12251,21301,0,0,1
KLU,4,12279,21329,0,0,1
KLU,4,12306,21356,0,0,1
KLU,4,12311,21361,0,0,1
KLU,4,12315,21365,0,0,1
KLU,4,12318,21368,0,0,1
KLU,4,12321,21371,0,0,1
KLU,4,12329,21379,0,0,1
KLU,4,12332,21382,0,0,1
KLU,4,12339,21389,0,0,1
KLU,4,12359,21409,0,0,1
KLU,4,12363,21413,0,1,0
KLU,4,12378,21428,0,0,1
KLU,4,12407,21457,0,0,1
KLU,4,12414,21464,0,0,1
KLU,4,12422,21472,0,0,1
KLU,4,12432,21482,0,0,1
KLU,4,12458,21508,0,0,1
KLU,4,12474,21524,0,0,1
KLU,4,12478,21528,0,0,1
KLU,4,12483,21533,0,0,1
KLU,4,12488,21538,0,0,1
KLU,4,12500,21550,0,0,1
KLU,4,12502,21552,0,0,1
KLU,4,12505,21555,0,0,1
KLU,4,12512,21562,0,0,1
KLU,4,12521,21571,0,0,1
KLU,4,12522,21572,0,0,1
KLU,4,12528,21578,0,0,1
KLU,4,12533,21583,0,0,1
KLU,4,12541,21591,0,0,1
KLU,4,12554,21604,0,0,1
KLU,4,12566,21616,0,0,1
KLU,4,12585,21635,0,0,1
KLU,4,12586,21636,0,0,1
KLU,4,12588,21638,0,0,1
KLU,4,12596,21646,0,0,1
KLU,4,12597,21647,0,0,1
KLU,4,12603,21653,0,0,1
KLU,4,12604,21654,0,0,1
KLU,4,12624,21674,0,0,1
KLU,4,12626,21676,0,0,1
KLU,4,12637,21687,0,1,0
KLU,4,12639,21689,0,1,0
KLU,4,12646,21696,0,0,1
KLU,4,12691,21741,0,0,1
KLU,4,12708,21758,0,0,1
KLU,4,12710,21760,0,1,0
KLU,4,12726,21776,0,0,1
KLU,4,12730,21780,0,0,1
KLU,4,12759,21809,0,0,1
KLU,4,12763,21813,0,0,1
KLU,4,12767,21817,0,0,1
KLU,4,12768,21818,0,0,1
KLU,4,12778,21828,0,0,1
KLU,4,12784,21834,0,1,0
KLU,4,12824,21874,0,0,1
KLU,4,12828,21878,0,0,1
KLU,4,12831,21881,0,0,1
KLU,4,12856,21906,0,0,1
KLU,4,12860,21910,0,0,1
KLU,4,12869,21919,0,0,1
KLU,4,12879,21929,0,0,1
KLU,4,12880,21930,0,0,1
KLU,4,12884,21934,0,0,1
KLU,4,12896,21946,0,1,0
KLU,4,12907,21957,0,0,1
KLU,4,12911,21961,0,0,1
KLU,4,12933,21983,0,0,1
KLU,4,12960,22010,0,0,1
KLU,4,12974,22024,0,0,1
KLU,4,12978,22028,0,0,1
KLU,4,12987,22037,0,0,1
KLU,4,12989,22039,0,0,1
KLU,4,12992,22042,0,0,1
KLU,4,13007,22057,0,1,0
KLU,4,13018,22068,0,0,1
KLU,4,13029,22079,0,0,1
KLU,4,13036,22086,0,1,0
KLU,4,13041,22091,0,0,1
KLU,4,13044,22094,0,0,1
KLU,4,13071,22121,0,0,1
KLU,4,13073,22123,0,0,1
KLU,4,13081,22131,0,0,1
KLU,4,13094,22144,0,0,1
KLU,5,8855,17905,1,1,1
KLU,5,8857,17907,1,1,1
KLU,5,8858,17908,1,1,1
KLU,5,8871,17921,1,1,1
KLU,5,8913,17963,1,1,1
KLU,5,8927,17977,1,1,1
KLU,5,8929,17979,1,1,1
KLU,5,8937,17987,1,1,1
KLU,5,8950,18000,1,1,1
KLU,5,8953,18003,1,1,1
KLU,5,8956,18006,1,1,1
KLU,5,8964,18014,1,1,1
KLU,5,8981,18031,1,1,1
KLU,5,8985,18035,1,1,1
KLU,5,8994,18044,1,1,1
KLU,5,8995,18045,1,1,1
KLU,5,9006,18056,1,1,1
KLU,5,9033,18083,1,1,1
KLU,5,9062,18112,1,1,1
KLU,5,9088,18138,1,1,1
KLU,5,9110,18160,1,1,1
KLU,5,9113,18163,1,1,1
KLU,5,9118,18168,1,1,1
KLU,5,9137,18187,1,1,1
KLU,5,9142,18192,1,1,1
KLU,5,9169,18219,1,1,1
KLU,5,9171,18221,1,0,0
KLU,5,9176,18226,1,1,1
KLU,5,9177,18227,1,1,1
KLU,5,9188,18238,1,1,1
KLU,5,9193,18243,1,1,1
KLU,5,9195,18245,1,1,1
KLU,5,9196,18246,1,1,1
KLU,5,9203,18253,1,1,1
KLU,5,9222,18272,1,1,1
KLU,5,9230,18280,1,1,1
KLU,5,9237,18287,1,1,1
KLU,5,9240,18290,1,1,1
KLU,5,9244,18294,1,1,1
KLU,5,9259,18309,1,1,1
KLU,5,9262,18312,1,1,1
KLU,5,9276,18326,1,1,1
KLU,5,9279,18329,1,1,1
KLU,5,9284,18334,1,1,1
KLU,5,9286,18336,1,0,0
KLU,5,9290,18340,1,1,1
KLU,5,9293,18343,1,1,1
KLU,5,9317,18367,1,0,0
KLU,5,9320,18370,1,1,1
KLU,5,9321,18371,1,1,1
KLU,5,9323,18373,1,1,1
KLU,5,9348,18398,1,1,1
KLU,5,9352,18402,1,1,1
KLU,5,9353,18403,1,0,0
KLU,5,9357,18407,1,1,1
KLU,5,9358,18408,1,1,1
KLU,5,9362,18412,1,1,1
KLU,5,9368,18418,1,1,1
KLU,5,9380,18430,1,1,1
KLU,5,9390,18440,1,1,1
KLU,5,9394,18444,1,1,1
KLU,5,9406,18456,1,1,1
KLU,5,9412,18462,1,1,1
KLU,5,9429,18479,1,1,1
KLU,5,9435,18485,1,1,1
KLU,5,9436,18486,1,0,0
KLU,5,9459,18509,1,1,1
KLU,5,9463,18513,1,1,1
KLU,5,9474,18524,1,1,1
KLU,5,9481,18531,1,1,1
KLU,5,9483,18533,1,1,1
KLU,5,9486,18536,1,0,0
KLU,5,9504,18554,1,0,0
KLU,5,9547,18597,1,1,1
KLU,5,9559,18609,1,1,1
KLU,5,9571,18621,1,1,1
KLU,5,9573,18623,1,1,1
KLU,5,9586,18636,1,1,1
KLU,5,9590,18640,1,1,1
KLU,5,9602,18652,1,1,1
KLU,5,9610,18660,1,1,1
KLU,5,9614,18664,1,1,1
KLU,5,9616,18666,1,1,1
KLU,5,9635,18685,1,1,1
KLU,5,9636,18686,1,1,1
KLU,5,9639,18689,1,1,1
KLU,5,9644,18694,1,1,1
KLU,5,9660,18710,1,1,1
KLU,5,9665,18715,1,1,1
KLU,5,9684,18734,1,1,1
KLU,5,9692,18742,1,1,1
KLU,5,9707,18757,1,1,1
KLU,5,9713,18763,1,1,1
KLU,5,9729,18779,1,1,1
KLU,5,9733,18783,1,1,1
KLU,5,9744,18794,1,0,0
KLU,5,9773,18823,1,1,1
KLU,5,9778,18828,1,1,1
KLU,5,9781,18831,1,1,1
KLU,5,9786,18836,1,1,1
KLU,5,9789,18839,1,0,0
KLU,5,9823,18873,1,1,1
KLU,5,9845,18895,1,1,1
KLU,5,9868,18918,1,1,1
KLU,5,9873,18923,1,1,1
KLU,5,9880,18930,1,1,1
KLU,5,9883,18933,1,1,1
KLU,5,9899,18949,1,1,1
KLU,5,9935,18985,1,1,1
KLU,5,9936,18986,1,1,1
KLU,5,9944,18994,1,1,1
KLU,5,9945,18995,1,1,1
KLU,5,9953,19003,1,1,1
KLU,5,9961,19011,1,1,1
KLU,5,9973,19023,1,1,1
KLU,5,9979,19029,1,1,1
KLU,5,10004,19054,1,1,1
KLU,5,10005,19055,1,1,1
KLU,5,10009,19059,1,1,1
KLU,5,10016,19066,1,0,0
KLU,5,10020,19070,1,1,1
KLU,5,10064,19114,1,1,1
KLU,5,10068,19118,1,1,1
KLU,5,10070,19120,1,1,1
KLU,5,10074,19124,1,1,1
KLU,5,10080,19130,1,1,1
KLU,5,10087,19137,1,1,1
KLU,5,10109,19159,1,1,1
KLU,5,10123,19173,1,1,1
KLU,5,10131,19181,1,1,1
KLU,5,10153,19203,1,1,1
KLU,5,10173,19223,1,1,1
KLU,5,10184,19234,1,1,1
KLU,5,10198,19248,1,1,1
KLU,5,10205,19255,1,1,1
KLU,5,10206,19256,1,1,1
KLU,5,10209,19259,1,1,1
KLU,5,10212,19262,1,1,1
KLU,5,10216,19266,1,1,1
KLU,5,10226,19276,1,1,1
KLU,5,10235,19285,1,1,1
KLU,5,10244,19294,1,1,1
KLU,5,10248,19298,1,1,1
KLU,5,10269,19319,1,1,1
KLU,5,10281,19331,1,1,1
KLU,5,10297,19347,1,1,1
KLU,5,10302,19352,1,1,1
KLU,5,10311,19361,1,1,1
KLU,5,10315,19365,1,1,1
KLU,5,10339,19389,1,1,1
KLU,5,10356,19406,1,1,1
KLU,5,10388,19438,1,1,1
KLU,5,10393,19443,1,1,1
KLU,5,10412,19462,1,1,1
KLU,5,10422,19472,1,1,1
KLU,5,10429,19479,1,1,1
KLU,5,10445,19495,1,1,1
KLU,5,10446,19496,1,1,1
KLU,5,10451,19501,1,1,1
KLU,5,10470,19520,1,1,1
KLU,5,10503,19553,1,1,1
KLU,5,10514,19564,1,1,1
KLU,5,10516,19566,1,1,1
KLU,5,10527,19577,1,1,1
KLU,5,10533,19583,1,1,1
KLU,5,10556,19606,1,1,1
KLU,5,10568,19618,1,1,1
KLU,5,10570,19620,1,0,0
KLU,5,10575,19625,1,1,1
KLU,5,10578,19628,1,0,0
KLU,5,10582,19632,1,1,1
KLU,5,10588,19638,1,1,1
KLU,5,10590,19640,1,0,0
KLU,5,10597,19647,1,1,1
KLU,5,10605,19655,1,0,0
KLU,5,10645,19695,1,1,1
KLU,5,10664,19714,1,1,1
KLU,5,10665,19715,1,1,1
KLU,5,10666,19716,1,1,1
KLU,5,10668,19718,1,1,1
KLU,5,10674,19724,1,1,1
KLU,5,10686,19736,1,1,1
KLU,5,10690,19740,1,1,1
KLU,5,10708,19758,1,1,1
KLU,5,10710,19760,1,1,1
KLU,5,10732,19782,1,1,1
KLU,5,10742,19792,1,1,1
KLU,5,10752,19802,1,1,1
KLU,5,10767,19817,1,1,1
KLU,5,10770,19820,1,1,1
KLU,5,10793,19843,1,1,1
KLU,5,10798,19848,1,1,1
KLU,5,10800,19850,1,1,1
KLU,5,10803,19853,1,1,1
KLU,5,10810,19860,1,1,1
KLU,5,10832,19882,1,1,1
KLU,5,10847,19897,1,1,1
KLU,5,10855,19905,1,1,1
KLU,5,10859,19909,1,1,1
KLU,5,10867,19917,1,1,1
KLU,5,10892,19942,1,1,1
KLU,5,10902,19952,1,0,0
KLU,5,10906,19956,1,1,1
KLU,5,10911,19961,1,1,1
KLU,5,10916,19966,1,1,1
KLU,5,10930,19980,1,1,1
KLU,5,10939,19989,1,1,1
KLU,5,10941,19991,1,1,1
KLU,5,10958,20008,1,1,1
KLU,5,10961,20011,1,1,1
KLU,5,10964,20014,1,1,1
KLU,5,10971,20021,1,1,1
KLU,5,11007,20057,0,0,1
KLU,5,11012,20062,0,0,1
KLU,5,11036,20086,0,0,1
KLU,5,11046,20096,0,0,1
KLU,5,11047,20097,0,0,1
KLU,5,11053,20103,0,0,1
KLU,5,11058,20108,0,0,1
KLU,5,11067,20117,0,0,1
KLU,5,11068,20118,0,0,1
KLU,5,11070,20120,0,0,1
KLU,5,11072,20122,0,0,1
KLU,5,11075,20125,0,1,0
KLU,5,11077,20127,0,0,1
KLU,5,11080,20130,0,0,1
KLU,5,11086,20136,0,0,1
KLU,5,11102,20152,0,0,1
KLU,5,11104,20154,0,0,1
KLU,5,11122,20172,0,0,1
KLU,5,11132,20182,0,0,1
KLU,5,11140,20190,0,1,0
KLU,5,11151,20201,0,0,1
KLU,5,11154,20204,0,0,1
KLU,5,11166,20216,0,0,1
KLU,5,11170,20220,0,0,1
KLU,5,11174,20224,0,0,1
KLU,5,11201,20251,0,0,1
KLU,5,11227,20277,0,0,1
KLU,5,11229,20279,0,0,1
KLU,5,11240,20290,0,0,1
KLU,5,11246,20296,0,0,1
KLU,5,11265,20315,0,0,1
KLU,5,11306,20356,0,0,1
KLU,5,11308,20358,0,1,0
KLU,5,11320,20370,0,0,1
KLU,5,11322,20372,0,0,1
KLU,5,11330,20380,0,0,1
KLU,5,11339,20389,0,0,1
KLU,5,11343,20393,0,0,1
KLU,5,11356,20406,0,0,1
KLU,5,11361,20411,0,0,1
KLU,5,11371,20421,0,0,1
KLU,5,11380,20430,0,0,1
KLU,5,11383,20433,0,0,1
KLU,5,11392,20442,0,0,1
KLU,5,11402,20452,0,0,1
KLU,5,11426,20476,0,0,1
KLU,5,11434,20484,0,0,1
KLU,5,11436,20486,0,0,1
KLU,5,11442,20492,0,1,0
KLU,5,11445,20495,0,0,1
KLU,5,11447,20497,0,0,1
KLU,5,11448,20498,0,0,1
KLU,5,11449,20499,0,1,0
KLU,5,11450,20500,0,0,1
KLU,5,11466,20516,0,0,1
KLU,5,11472,20522,0,0,1
KLU,5,11493,20543,0,0,1
KLU,5,11505,20555,0,0,1
KLU,5,11514,20564,0,0,1
KLU,5,11520,20570,0,0,1
KLU,5,11534,20584,0,0,1
KLU,5,11545,20595,0,0,1
KLU,5,11546,20596,0,0,1
KLU,5,11551,20601,0,0,1
KLU,5,11553,20603,0,0,1
KLU,5,11554,20604,0,0,1
KLU,5,11564,20614,0,0,1
KLU,5,11583,20633,0,0,1
KLU,5,11585,20635,0,0,1
KLU,5,11593,20643,0,0,1
KLU,5,11605,20655,0,0,1
KLU,5,11609,20659,0,0,1
KLU,5,11618,20668,0,0,1
KLU,5,11623,20673,0,1,0
KLU,5,11629,20679,0,0,1
KLU,5,11632,20682,0,0,1
KLU,5,11641,20691,0,1,0
KLU,5,11651,20701,0,0,1
KLU,5,11663,20713,0,0,1
KLU,5,11670,20720,0,0,1
KLU,5,11679,20729,0,1,0
KLU,5,11685,20735,0,0,1
KLU,5,11709,20759,0,0,1
KLU,5,11746,20796,0,0,1
KLU,5,11748,20798,0,0,1
KLU,5,11750,20800,0,0,1
KLU,5,11753,20803,0,0,1
KLU,5,11754,20804,0,0,1
KLU,5,11773,20823,0,0,1
KLU,5,11783,20833,0,0,1
KLU,5,11797,20847,0,0,1
KLU,5,11801,20851,0,0,1
KLU,5,11802,20852,0,0,1
KLU,5,11822,20872,0,0,1
KLU,5,11832,20882,0,0,1
KLU,5,11840,20890,0,0,1
KLU,5,11873,20923,0,0,1
KLU,5,11882,20932,0,0,1
KLU,5,11889,20939,0,1,0
KLU,5,11891,20941,0,0,1
KLU,5,11908,20958,0,0,1
KLU,5,11915,20965,0,0,1
KLU,5,11916,20966,0,0,1
KLU,5,11924,20974,0,0,1
KLU,5,11928,20978,0,0,1
KLU,5,11935,20985,0,0,1
KLU,5,11954,21004,0,0,1
KLU,5,11967,21017,0,0,1
KLU,5,11983,21033,0,0,1
KLU,5,12002,21052,0,0,1
KLU,5,12008,21058,0,0,1
KLU,5,12021,21071,0,0,1
KLU,5,12027,21077,0,0,1
KLU,5,12048,21098,0,0,1
KLU,5,12057,21107,0,0,1
KLU,5,12082,21132,0,1,0
KLU,5,12103,21153,0,0,1
KLU,5,12105,21155,0,0,1
KLU,5,12121,21171,0,0,1
KLU,5,12150,21200,0,1,0
KLU,5,12153,21203,0,0,1
KLU,5,12165,21215,0,0,1
KLU,5,12171,21221,0,0,1
KLU,5,12174,21224,0,0,1
KLU,5,12198,21248,0,0,1
KLU,5,12208,21258,0,1,0
KLU,5,12216,21266,0,0,1
KLU,5,12236,21286,0,0,1
KLU,5,12255,21305,0,0,1
KLU,5,12257,21307,0,0,1
KLU,5,12266,21316,0,0,1
KLU,5,12272,21322,0,0,1
KLU,5,12273,21323,0,0,1
KLU,5,12274,21324,0,0,1
KLU,5,12275,21325,0,0,1
KLU,5,12277,21327,0,0,1
KLU,5,12297,21347,0,0,1
KLU,5,12299,21349,0,0,1
KLU,5,12303,21353,0,0,1
KLU,5,12305,21355,0,0,1
KLU,5,12308,21358,0,0,1
KLU,5,12319,21369,0,0,1
KLU,5,12322,21372,0,0,1
KLU,5,12324,21374,0,0,1
KLU,5,12344,21394,0,0,1
KLU,5,12356,21406,0,1,0
KLU,5,12374,21424,0,0,1
KLU,5,12387,21437,0,0,1
KLU,5,12408,21458,0,0,1
KLU,5,12451,21501,0,0,1
KLU,5,12461,21511,0,0,1
KLU,5,12466,21516,0,0,1
KLU,5,12479,21529,0,0,1
KLU,5,12507,21557,0,0,1
KLU,5,12557,21607,0,0,1
KLU,5,12575,21625,0,0,1
KLU,5,12583,21633,0,0,1
KLU,5,12593,21643,0,0,1
KLU,5,12601,21651,0,0,1
KLU,5,12608,21658,0,0,1
KLU,5,12610,21660,0,0,1
KLU,5,12640,21690,0,0,1
KLU,5,12645,21695,0,0,1
KLU,5,12649,21699,0,0,1
KLU,5,12650,21700,0,0,1
KLU,5,12652,21702,0,0,1
KLU,5,12660,21710,0,0,1
KLU,5,12668,21718,0,0,1
KLU,5,12671,21721,0,0,1
KLU,5,12703,21753,0,0,1
KLU,5,12712,21762,0,0,1
KLU,5,12718,21768,0,0,1
KLU,5,12720,21770,0,0,1
KLU,5,12729,21779,0,0,1
KLU,5,12740,21790,0,0,1
KLU,5,12746,21796,0,0,1
KLU,5,12747,21797,0,0,1
KLU,5,12752,21802,0,0,1
KLU,5,12753,21803,0,0,1
KLU,5,12754,21804,0,0,1
KLU,5,12761,21811,0,0,1
KLU,5,12766,21816,0,0,1
KLU,5,12772,21822,0,0,1
KLU,5,12790,21840,0,0,1
KLU,5,12791,21841,0,0,1
KLU,5,12799,21849,0,0,1
KLU,5,12801,21851,0,0,1
KLU,5,12816,21866,0,1,0
KLU,5,12826,21876,0,0,1
KLU,5,12833,21883,0,0,1
KLU,5,12839,21889,0,0,1
KLU,5,12848,21898,0,1,0
KLU,5,12857,21907,0,0,1
KLU,5,12864,21914,0,0,1
KLU,5,12877,21927,0,0,1
KLU,5,12892,21942,0,0,1
KLU,5,12895,21945,0,0,1
KLU,5,12899,21949,0,1,0
KLU,5,12901,21951,0,0,1
KLU,5,12903,21953,0,0,1
KLU,5,12921,21971,0,0,1
KLU,5,12925,21975,0,0,1
KLU,5,12958,22008,0,0,1
KLU,5,12967,22017,0,0,1
KLU,5,12983,22033,0,0,1
KLU,5,12991,22041,0,0,1
KLU,5,12995,22045,0,0,1
KLU,5,13000,22050,0,0,1
KLU,5,13023,22073,0,0,1
KLU,5,13032,22082,0,1,0
KLU,5,13046,22096,0,1,0
KLU,5,13049,22099,0,1,0
KLU,5,13087,22137,0,0,1
KLU,6,8852,17902,1,1,1
KLU,6,8863,17913,1,1,1
KLU,6,8876,17926,1,1,1
KLU,6,8880,17930,1,1,1
KLU,6,8881,17931,1,1,1
KLU,6,8885,17935,1,1,1
KLU,6,8889,17939,1,1,1
KLU,6,8910,17960,1,1,1
KLU,6,8918,17968,1,1,1
KLU,6,8921,17971,1,1,1
KLU,6,8923,17973,1,1,1
KLU,6,8932,17982,1,1,1
KLU,6,8960,18010,1,1,1
KLU,6,8970,18020,1,1,1
KLU,6,8973,18023,1,0,0
KLU,6,8986,18036,1,1,1
KLU,6,8987,18037,1,1,1
KLU,6,8988,18038,1,1,1
KLU,6,8992,18042,1,1,1
KLU,6,9004,18054,1,1,1
KLU,6,9007,18057,1,1,1
KLU,6,9014,18064,1,1,1
KLU,6,9020,18070,1,1,1
KLU,6,9021,18071,1,1,1
KLU,6,9022,18072,1,1,1
KLU,6,9025,18075,1,1,1
KLU,6,9026,18076,1,1,1
KLU,6,9034,18084,1,1,1
KLU,6,9035,18085,1,1,1
KLU,6,9040,18090,1,1,1
KLU,6,9048,18098,1,1,1
KLU,6,9054,18104,1,1,1
KLU,6,9056,18106,1,1,1
KLU,6,9071,18121,1,1,1
KLU,6,9084,18134,1,1,1
KLU,6,9101,18151,1,1,1
KLU,6,9112,18162,1,1,1
KLU,6,9123,18173,1,1,1
KLU,6,9156,18206,1,1,1
KLU,6,9157,18207,1,1,1
KLU,6,9160,18210,1,1,1
KLU,6,9161,18211,1,1,1
KLU,6,9167,18217,1,1,1
KLU,6,9178,18228,1,1,1
KLU,6,9181,18231,1,1,1
KLU,6,9186,18236,1,1,1
KLU,6,9192,18242,1,1,1
KLU,6,9211,18261,1,1,1
KLU,6,9213,18263,1,1,1
KLU,6,9221,18271,1,1,1
KLU,6,9223,18273,1,1,1
KLU,6,9232,18282,1,1,1
KLU,6,9234,18284,1,1,1
KLU,6,9235,18285,1,1,1
KLU,6,9238,18288,1,1,1
KLU,6,9243,18293,1,1,1
KLU,6,9266,18316,1,1,1
KLU,6,9268,18318,1,1,1
KLU,6,9275,18325,1,1,1
KLU,6,9282,18332,1,1,1
KLU,6,9287,18337,1,1,1
KLU,6,9291,18341,1,1,1
KLU,6,9296,18346,1,1,1
KLU,6,9297,18347,1,1,1
KLU,6,9400,18450,1,0,0
KLU,6,9422,18472,1,1,1
KLU,6,9426,18476,1,0,0
KLU,6,9427,18477,1,1,1
KLU,6,9431,18481,1,1,1
KLU,6,9433,18483,1,1,1
KLU,6,9447,18497,1,1,1
KLU,6,9453,18503,1,1,1
KLU,6,9457,18507,1,0,0
KLU,6,9478,18528,1,0,0
KLU,6,9489,18539,1,1,1
KLU,6,9492,18542,1,1,1
KLU,6,9496,18546,1,1,1
KLU,6,9499,18549,1,1,1
KLU,6,9508,18558,1,1,1
KLU,6,9518,18568,1,0,0
KLU,6,9524,18574,1,1,1
KLU,6,9531,18581,1,1,1
KLU,6,9539,18589,1,0,0
KLU,6,9540,18590,1,1,1
KLU,6,9549,18599,1,0,0
KLU,6,9550,18600,1,1,1
KLU,6,9580,18630,1,1,1
KLU,6,9604,18654,1,1,1
KLU,6,9623,18673,1,1,1
KLU,6,9653,18703,1,1,1
KLU,6,9668,18718,1,1,1
KLU,6,9674,18724,1,1,1
KLU,6,9676,18726,1,1,1
KLU,6,9699,18749,1,1,1
KLU,6,9703,18753,1,0,0
KLU,6,9708,18758,1,1,1
KLU,6,9719,18769,1,1,1
KLU,6,9728,18778,1,1,1
KLU,6,9746,18796,1,1,1
KLU,6,9748,18798,1,1,1
KLU,6,9757,18807,1,1,1
KLU,6,9758,18808,1,1,1
KLU,6,9762,18812,1,1,1
KLU,6,9766,18816,1,1,1
KLU,6,9780,18830,1,1,1
KLU,6,9802,18852,1,1,1
KLU,6,9803,18853,1,1,1
KLU,6,9814,18864,1,1,1
KLU,6,9816,18866,1,0,0
KLU,6,9819,18869,1,1,1
KLU,6,9832,18882,1,1,1
KLU,6,9850,18900,1,1,1
KLU,6,9860,18910,1,1,1
KLU,6,9864,18914,1,1,1
KLU,6,9872,18922,1,1,1
KLU,6,9879,18929,1,0,0
KLU,6,9882,18932,1,1,1
KLU,6,9954,19004,1,1,1
KLU,6,9962,19012,1,1,1
KLU,6,9970,19020,1,1,1
KLU,6,9996,19046,1,1,1
KLU,6,10001,19051,1,1,1
KLU,6,10003,19053,1,1,1
KLU,6,10006,19056,1,1,1
KLU,6,10012,19062,1,1,1
KLU,6,10019,19069,1,1,1
KLU,6,10042,19092,1,1,1
KLU,6,10046,19096,1,1,1
KLU,6,10049,19099,1,1,1
KLU,6,10059,19109,1,1,1
KLU,6,10065,19115,1,1,1
KLU,6,10071,19121,1,1,1
KLU,6,10078,19128,1,1,1
KLU,6,10103,19153,1,1,1
KLU,6,10116,19166,1,1,1
KLU,6,10117,19167,1,1,1
KLU,6,10121,19171,1,1,1
KLU,6,10143,19193,1,1,1
KLU,6,10146,19196,1,0,0
KLU,6,10152,19202,1,1,1
KLU,6,10159,19209,1,1,1
KLU,6,10169,19219,1,1,1
KLU,6,10177,19227,1,1,1
KLU,6,10182,19232,1,1,1
KLU,6,10229,19279,1,1,1
KLU,6,10233,19283,1,1,1
KLU,6,10234,19284,1,1,1
KLU,6,10237,19287,1,1,1
KLU,6,10255,19305,1,1,1
KLU,6,10263,19313,1,1,1
KLU,6,10266,19316,1,1,1
KLU,6,10279,19329,1,1,1
KLU,6,10287,19337,1,1,1
KLU,6,10296,19346,1,1,1
KLU,6,10300,19350,1,1,1
KLU,6,10305,19355,1,1,1
KLU,6,10309,19359,1,0,0
KLU,6,10312,19362,1,1,1
KLU,6,10313,19363,1,1,1
KLU,6,10337,19387,1,1,1
KLU,6,10348,19398,1,1,1
KLU,6,10352,19402,1,1,1
KLU,6,10354,19404,1,1,1
KLU,6,10369,19419,1,1,1
KLU,6,10375,19425,1,1,1
KLU,6,10409,19459,1,1,1
KLU,6,10441,19491,1,1,1
KLU,6,10468,19518,1,1,1
KLU,6,10473,19523,1,1,1
KLU,6,10490,19540,1,1,1
KLU,6,10497,19547,1,1,1
KLU,6,10508,19558,1,0,0
KLU,6,10522,19572,1,1,1
KLU,6,10526,19576,1,1,1
KLU,6,10530,19580,1,1,1
KLU,6,10539,19589,1,1,1
KLU,6,10543,19593,1,1,1
KLU,6,10550,19600,1,1,1
KLU,6,10564,19614,1,1,1
KLU,6,10569,19619,1,1,1
KLU,6,10571,19621,1,0,0
KLU,6,10573,19623,1,1,1
KLU,6,10580,19630,1,0,0
KLU,6,10614,19664,1,1,1
KLU,6,10620,19670,1,1,1
KLU,6,10634,19684,1,1,1
KLU,6,10651,19701,1,1,1
KLU,6,10655,19705,1,1,1
KLU,6,10661,19711,1,1,1
KLU,6,10689,19739,1,1,1
KLU,6,10712,19762,1,1,1
KLU,6,10719,19769,1,1,1
KLU,6,10723,19773,1,1,1
KLU,6,10724,19774,1,1,1
KLU,6,10726,19776,1,1,1
KLU,6,10749,19799,1,1,1
KLU,6,10757,19807,1,0,0
KLU,6,10783,19833,1,1,1
KLU,6,10792,19842,1,1,1
KLU,6,10802,19852,1,1,1
KLU,6,10812,19862,1,1,1
KLU,6,10814,19864,1,1,1
KLU,6,10820,19870,1,1,1
KLU,6,10829,19879,1,1,1
KLU,6,10875,19925,1,1,1
KLU,6,10878,19928,1,1,1
KLU,6,10883,19933,1,1,1
KLU,6,10896,19946,1,1,1
KLU,6,10899,19949,1,1,1
KLU,6,10901,19951,1,0,0
KLU,6,10917,19967,1,1,1
KLU,6,10932,19982,1,1,1
KLU,6,10975,20025,0,0,1
KLU,6,10994,20044,0,0,1
KLU,6,10996,20046,0,0,1
KLU,6,11014,20064,0,0,1
KLU,6,11022,20072,0,0,1
KLU,6,11027,20077,0,0,1
KLU,6,11076,20126,0,0,1
KLU,6,11096,20146,0,0,1
KLU,6,11100,20150,0,0,1
KLU,6,11106,20156,0,0,1
KLU,6,11108,20158,0,0,1
KLU,6,11111,20161,0,0,1
KLU,6,11119,20169,0,0,1
KLU,6,11127,20177,0,0,1
KLU,6,11149,20199,0,0,1
KLU,6,11153,20203,0,0,1
KLU,6,11165,20215,0,0,1
KLU,6,11167,20217,0,0,1
KLU,6,11176,20226,0,0,1
KLU,6,11189,20239,0,0,1
KLU,6,11193,20243,0,0,1
KLU,6,11194,20244,0,0,1
KLU,6,11212,20262,0,0,1
KLU,6,11220,20270,0,0,1
KLU,6,11221,20271,0,0,1
KLU,6,11226,20276,0,0,1
KLU,6,11238,20288,0,1,0
KLU,6,11274,20324,0,0,1
KLU,6,11279,20329,0,0,1
KLU,6,11318,20368,0,0,1
KLU,6,11324,20374,0,0,1
KLU,6,11325,20375,0,0,1
KLU,6,11344,20394,0,0,1
KLU,6,11346,20396,0,0,1
KLU,6,11372,20422,0,0,1
KLU,6,11374,20424,0,0,1
KLU,6,11381,20431,0,0,1
KLU,6,11391,20441,0,0,1
KLU,6,11397,20447,0,0,1
KLU,6,11399,20449,0,0,1
KLU,6,11401,20451,0,0,1
KLU,6,11404,20454,0,0,1
KLU,6,11412,20462,0,0,1
KLU,6,11419,20469,0,0,1
KLU,6,11421,20471,0,0,1
KLU,6,11440,20490,0,0,1
KLU,6,11452,20502,0,1,0
KLU,6,11464,20514,0,0,1
KLU,6,11467,20517,0,0,1
KLU,6,11469,20519,0,0,1
KLU,6,11487,20537,0,0,1
KLU,6,11506,20556,0,1,0
KLU,6,11519,20569,0,0,1
KLU,6,11523,20573,0,0,1
KLU,6,11527,20577,0,0,1
KLU,6,11532,20582,0,0,1
KLU,6,11536,20586,0,0,1
KLU,6,11541,20591,0,0,1
KLU,6,11570,20620,0,0,1
KLU,6,11590,20640,0,0,1
KLU,6,11596,20646,0,0,1
KLU,6,11614,20664,0,0,1
KLU,6,11619,20669,0,0,1
KLU,6,11626,20676,0,0,1
KLU,6,11634,20684,0,0,1
KLU,6,11637,20687,0,0,1
KLU,6,11652,20702,0,0,1
KLU,6,11667,20717,0,0,1
KLU,6,11677,20727,0,0,1
KLU,6,11683,20733,0,0,1
KLU,6,11686,20736,0,0,1
KLU,6,11723,20773,0,0,1
KLU,6,11730,20780,0,1,0
KLU,6,11738,20788,0,0,1
KLU,6,11739,20789,0,0,1
KLU,6,11762,20812,0,1,0
KLU,6,11763,20813,0,0,1
KLU,6,11790,20840,0,0,1
KLU,6,11806,20856,0,0,1
KLU,6,11808,20858,0,0,1
KLU,6,11812,20862,0,0,1
KLU,6,11816,20866,0,0,1
KLU,6,11839,20889,0,0,1
KLU,6,11845,20895,0,0,1
KLU,6,11853,20903,0,0,1
KLU,6,11879,20929,0,0,1
KLU,6,11885,20935,0,0,1
KLU,6,11892,20942,0,0,1
KLU,6,11897,20947,0,0,1
KLU,6,11909,20959,0,0,1
KLU,6,11933,20983,0,0,1
KLU,6,11943,20993,0,0,1
KLU,6,11965,21015,0,0,1
KLU,6,11975,21025,0,0,1
KLU,6,11986,21036,0,0,1
KLU,6,12020,21070,0,0,1
KLU,6,12033,21083,0,1,0
KLU,6,12035,21085,0,0,1
KLU,6,12044,21094,0,0,1
KLU,6,12049,21099,0,1,0
KLU,6,12062,21112,0,0,1
KLU,6,12114,21164,0,0,1
KLU,6,12115,21165,0,0,1
KLU,6,12118,21168,0,0,1
KLU,6,12125,21175,0,0,1
KLU,6,12129,21179,0,0,1
KLU,6,12138,21188,0,0,1
KLU,6,12149,21199,0,0,1
KLU,6,12154,21204,0,0,1
KLU,6,12164,21214,0,0,1
KLU,6,12166,21216,0,0,1
KLU,6,12176,21226,0,0,1
KLU,6,12179,21229,0,0,1
KLU,6,12205,21255,0,0,1
KLU,6,12233,21283,0,0,1
KLU,6,12237,21287,0,0,1
KLU,6,12258,21308,0,0,1
KLU,6,12267,21317,0,0,1
KLU,6,12290,21340,0,0,1
KLU,6,12293,21343,0,0,1
KLU,6,12300,21350,0,0,1
KLU,6,12302,21352,0,0,1
KLU,6,12334,21384,0,0,1
KLU,6,12335,21385,0,0,1
KLU,6,12338,21388,0,0,1
KLU,6,12340,21390,0,0,1
KLU,6,12346,21396,0,0,1
KLU,6,12349,21399,0,0,1
KLU,6,12352,21402,0,0,1
KLU,6,12353,21403,0,0,1
KLU,6,12369,21419,0,0,1
KLU,6,12380,21430,0,0,1
KLU,6,12384,21434,0,0,1
KLU,6,12390,21440,0,0,1
KLU,6,12391,21441,0,0,1
KLU,6,12398,21448,0,0,1
KLU,6,12410,21460,0,0,1
KLU,6,12418,21468,0,0,1
KLU,6,12423,21473,0,0,1
KLU,6,12427,21477,0,0,1
KLU,6,12429,21479,0,0,1
KLU,6,12438,21488,0,0,1
KLU,6,12450,21500,0,0,1
KLU,6,12470,21520,0,0,1
KLU,6,12486,21536,0,0,1
KLU,6,12490,21540,0,0,1
KLU,6,12496,21546,0,0,1
KLU,6,12498,21548,0,0,1
KLU,6,12501,21551,0,0,1
KLU,6,12515,21565,0,0,1
KLU,6,12516,21566,0,0,1
KLU,6,12530,21580,0,1,0
KLU,6,12531,21581,0,0,1
KLU,6,12532,21582,0,1,0
KLU,6,12538,21588,0,0,1
KLU,6,12556,21606,0,0,1
KLU,6,12560,21610,0,0,1
KLU,6,12563,21613,0,1,0
KLU,6,12565,21615,0,0,1
KLU,6,12567,21617,0,0,1
KLU,6,12589,21639,0,0,1
KLU,6,12602,21652,0,1,0
KLU,6,12605,21655,0,1,0
KLU,6,12613,21663,0,1,0
KLU,6,12618,21668,0,0,1
KLU,6,12622,21672,0,0,1
KLU,6,12642,21692,0,0,1
KLU,6,12655,21705,0,0,1
KLU,6,12665,21715,0,0,1
KLU,6,12669,21719,0,0,1
KLU,6,12677,21727,0,0,1
KLU,6,12681,21731,0,0,1
KLU,6,12682,21732,0,1,0
KLU,6,12689,21739,0,0,1
KLU,6,12692,21742,0,0,1
KLU,6,12713,21763,0,0,1
KLU,6,12719,21769,0,1,0
KLU,6,12732,21782,0,0,1
KLU,6,12739,21789,0,0,1
KLU,6,12743,21793,0,0,1
KLU,6,12751,21801,0,0,1
KLU,6,12755,21805,0,0,1
KLU,6,12765,21815,0,0,1
KLU,6,12780,21830,0,1,0
KLU,6,12788,21838,0,0,1
KLU,6,12808,21858,0,0,1
KLU,6,12809,21859,0,0,1
KLU,6,12818,21868,0,0,1
KLU,6,12822,21872,0,0,1
KLU,6,12835,21885,0,0,1
KLU,6,12844,21894,0,0,1
KLU,6,12865,21915,0,0,1
KLU,6,12872,21922,0,0,1
KLU,6,12875,21925,0,0,1
KLU,6,12898,21948,0,0,1
KLU,6,12922,21972,0,0,1
KLU,6,12942,21992,0,0,1
KLU,6,12945,21995,0,0,1
KLU,6,12947,21997,0,0,1
KLU,6,12959,22009,0,0,1
KLU,6,12968,22018,0,0,1
KLU,6,12982,22032,0,0,1
KLU,6,12986,22036,0,0,1
KLU,6,12997,22047,0,0,1
KLU,6,13006,22056,0,0,1
KLU,6,13042,22092,0,0,1
KLU,6,13043,22093,0,0,1
KLU,6,13053,22103,0,0,1
KLU,6,13056,22106,0,0,1
KLU,6,13058,22108,0,0,1
KLU,6,13064,22114,0,0,1
KLU,6,13065,22115,0,0,1
KLU,6,13075,22125,0,0,1
KLU,7,8865,17915,1,1,1
KLU,7,8925,17975,1,1,1
KLU,7,8926,17976,1,1,1
KLU,7,8928,17978,1,1,1
KLU,7,8941,17991,1,1,1
KLU,7,8944,17994,1,1,1
KLU,7,8949,17999,1,1,1
KLU,7,8951,18001,1,1,1
KLU,7,8975,18025,1,1,1
KLU,7,8983,18033,1,1,1
KLU,7,8984,18034,1,1,1
KLU,7,8989,18039,1,1,1
KLU,7,8997,18047,1,1,1
KLU,7,9008,18058,1,1,1
KLU,7,9009,18059,1,1,1
KLU,7,9012,18062,1,1,1
KLU,7,9019,18069,1,1,1
KLU,7,9027,18077,1,1,1
KLU,7,9038,18088,1,1,1
KLU,7,9070,18120,1,1,1
KLU,7,9073,18123,1,1,1
KLU,7,9087,18137,1,1,1
KLU,7,9095,18145,1,1,1
KLU,7,9102,18152,1,1,1
KLU,7,9120,18170,1,1,1
KLU,7,9124,18174,1,1,1
KLU,7,9133,18183,1,1,1
KLU,7,9134,18184,1,1,1
KLU,7,9145,18195,1,1,1
KLU,7,9146,18196,1,1,1
KLU,7,9148,18198,1,1,1
KLU,7,9149,18199,1,1,1
KLU,7,9151,18201,1,1,1
KLU,7,9162,18212,1,1,1
KLU,7,9172,18222,1,1,1
KLU,7,9174,18224,1,1,1
KLU,7,9201,18251,1,1,1
KLU,7,9204,18254,1,1,1
KLU,7,9207,18257,1,1,1
KLU,7,9226,18276,1,1,1
KLU,7,9228,18278,1,1,1
KLU,7,9239,18289,1,1,1
KLU,7,9288,18338,1,1,1
KLU,7,9298,18348,1,1,1
KLU,7,9328,18378,1,1,1
KLU,7,9330,18380,1,1,1
KLU,7,9331,18381,1,1,1
KLU,7,9338,18388,1,1,1
KLU,7,9342,18392,1,1,1
KLU,7,9356,18406,1,1,1
KLU,7,9367,18417,1,1,1
KLU,7,9383,18433,1,1,1
KLU,7,9384,18434,1,1,1
KLU,7,9401,18451,1,0,0
KLU,7,9404,18454,1,1,1
KLU,7,9430,18480,1,1,1
KLU,7,9443,18493,1,1,1
KLU,7,9450,18500,1,1,1
KLU,7,9468,18518,1,1,1
KLU,7,9471,18521,1,1,1
KLU,7,9476,18526,1,1,1
KLU,7,9484,18534,1,0,0
KLU,7,9500,18550,1,1,1
KLU,7,9501,18551,1,0,0
KLU,7,9503,18553,1,1,1
KLU,7,9507,18557,1,1,1
KLU,7,9509,18559,1,1,1
KLU,7,9515,18565,1,0,0
KLU,7,9523,18573,1,1,1
KLU,7,9528,18578,1,1,1
KLU,7,9532,18582,1,1,1
KLU,7,9552,18602,1,1,1
KLU,7,9561,18611,1,1,1
KLU,7,9564,18614,1,1,1
KLU,7,9579,18629,1,1,1
KLU,7,9584,18634,1,1,1
KLU,7,9595,18645,1,1,1
KLU,7,9596,18646,1,1,1
KLU,7,9605,18655,1,1,1
KLU,7,9612,18662,1,1,1
KLU,7,9615,18665,1,1,1
KLU,7,9642,18692,1,1,1
KLU,7,9651,18701,1,1,1
KLU,7,9667,18717,1,1,1
KLU,7,9673,18723,1,1,1
KLU,7,9679,18729,1,1,1
KLU,7,9706,18756,1,1,1
KLU,7,9712,18762,1,1,1
KLU,7,9718,18768,1,1,1
KLU,7,9735,18785,1,1,1
KLU,7,9739,18789,1,1,1
KLU,7,9763,18813,1,0,0
KLU,7,9765,18815,1,0,0
KLU,7,9770,18820,1,0,0
KLU,7,9774,18824,1,1,1
KLU,7,9777,18827,1,1,1
KLU,7,9800,18850,1,1,1
KLU,7,9829,18879,1,1,1
KLU,7,9834,18884,1,1,1
KLU,7,9841,18891,1,1,1
KLU,7,9843,18893,1,1,1
KLU,7,9853,18903,1,1,1
KLU,7,9867,18917,1,1,1
KLU,7,9884,18934,1,1,1
KLU,7,9886,18936,1,1,1
KLU,7,9891,18941,1,1,1
KLU,7,9911,18961,1,1,1
KLU,7,9920,18970,1,1,1
KLU,7,9923,18973,1,1,1
KLU,7,9925,18975,1,1,1
KLU,7,9932,18982,1,1,1
KLU,7,9933,18983,1,1,1
KLU,7,9934,18984,1,1,1
KLU,7,9942,18992,1,1,1
KLU,7,9963,19013,1,1,1
KLU,7,9966,19016,1,0,0
KLU,7,9981,19031,1,0,0
KLU,7,9988,19038,1,1,1
KLU,7,9989,19039,1,1,1
KLU,7,9991,19041,1,1,1
KLU,7,10022,19072,1,1,1
KLU,7,10027,19077,1,1,1
KLU,7,10032,19082,1,1,1
KLU,7,10037,19087,1,1,1
KLU,7,10044,19094,1,1,1
KLU,7,10050,19100,1,1,1
KLU,7,10056,19106,1,1,1
KLU,7,10063,19113,1,0,0
KLU,7,10075,19125,1,1,1
KLU,7,10083,19133,1,1,1
KLU,7,10084,19134,1,1,1
KLU,7,10085,19135,1,1,1
KLU,7,10095,19145,1,0,0
KLU,7,10127,19177,1,1,1
KLU,7,10142,19192,1,1,1
KLU,7,10147,19197,1,1,1
KLU,7,10150,19200,1,1,1
KLU,7,10163,19213,1,1,1
KLU,7,10165,19215,1,1,1
KLU,7,10168,19218,1,1,1
KLU,7,10180,19230,1,1,1
KLU,7,10196,19246,1,1,1
KLU,7,10217,19267,1,1,1
KLU,7,10219,19269,1,1,1
KLU,7,10220,19270,1,0,0
KLU,7,10221,19271,1,1,1
KLU,7,10224,19274,1,1,1
KLU,7,10240,19290,1,0,0
KLU,7,10252,19302,1,1,1
KLU,7,10256,19306,1,1,1
KLU,7,10258,19308,1,1,1
KLU,7,10260,19310,1,1,1
KLU,7,10264,19314,1,1,1
KLU,7,10265,19315,1,1,1
KLU,7,10277,19327,1,1,1
KLU,7,10282,19332,1,1,1
KLU,7,10310,19360,1,1,1
KLU,7,10321,19371,1,1,1
KLU,7,10330,19380,1,1,1
KLU,7,10331,19381,1,1,1
KLU,7,10351,19401,1,1,1
KLU,7,10376,19426,1,1,1
KLU,7,10387,19437,1,1,1
KLU,7,10425,19475,1,1,1
KLU,7,10442,19492,1,1,1
KLU,7,10447,19497,1,1,1
KLU,7,10449,19499,1,1,1
KLU,7,10467,19517,1,1,1
KLU,7,10478,19528,1,1,1
KLU,7,10479,19529,1,1,1
KLU,7,10524,19574,1,1,1
KLU,7,10531,19581,1,1,1
KLU,7,10574,19624,1,1,1
KLU,7,10576,19626,1,1,1
KLU,7,10594,19644,1,1,1
KLU,7,10602,19652,1,1,1
KLU,7,10615,19665,1,1,1
KLU,7,10623,19673,1,1,1
KLU,7,10631,19681,1,1,1
KLU,7,10641,19691,1,1,1
KLU,7,10656,19706,1,1,1
KLU,7,10657,19707,1,1,1
KLU,7,10659,19709,1,1,1
KLU,7,10677,19727,1,1,1
KLU,7,10680,19730,1,1,1
KLU,7,10687,19737,1,1,1
KLU,7,10701,19751,1,1,1
KLU,7,10709,19759,1,1,1
KLU,7,10729,19779,1,1,1
KLU,7,10743,19793,1,1,1
KLU,7,10754,19804,1,1,1
KLU,7,10756,19806,1,1,1
KLU,7,10773,19823,1,1,1
KLU,7,10809,19859,1,1,1
KLU,7,10816,19866,1,1,1
KLU,7,10839,19889,1,1,1
KLU,7,10842,19892,1,1,1
KLU,7,10843,19893,1,1,1
KLU,7,10852,19902,1,1,1
KLU,7,10862,19912,1,1,1
KLU,7,10876,19926,1,1,1
KLU,7,10877,19927,1,1,1
KLU,7,10904,19954,1,1,1
KLU,7,10905,19955,1,0,0
KLU,7,10922,19972,1,1,1
KLU,7,10935,19985,1,1,1
KLU,7,10936,19986,1,1,1
KLU,7,10937,19987,1,1,1
KLU,7,10942,19992,1,1,1
KLU,7,10947,19997,1,1,1
KLU,7,10949,19999,1,1,1
KLU,7,10969,20019,1,1,1
KLU,7,10972,20022,0,0,1
KLU,7,10985,20035,0,0,1
KLU,7,10986,20036,0,0,1
KLU,7,10990,20040,0,0,1
KLU,7,10992,20042,0,0,1
KLU,7,10995,20045,0,0,1
KLU,7,11006,20056,0,0,1
KLU,7,11020,20070,0,0,1
KLU,7,11025,20075,0,1,0
KLU,7,11029,20079,0,0,1
KLU,7,11050,20100,0,0,1
KLU,7,11052,20102,0,0,1
KLU,7,11113,20163,0,0,1
KLU,7,11121,20171,0,1,0
KLU,7,11124,20174,0,0,1
KLU,7,11145,20195,0,0,1
KLU,7,11147,20197,0,0,1
KLU,7,11159,20209,0,0,1
KLU,7,11163,20213,0,0,1
KLU,7,11184,20234,0,0,1
KLU,7,11188,20238,0,0,1
KLU,7,11223,20273,0,0,1
KLU,7,11235,20285,0,0,1
KLU,7,11243,20293,0,0,1
KLU,7,11248,20298,0,0,1
KLU,7,11260,20310,0,1,0
KLU,7,11262,20312,0,0,1
KLU,7,11275,20325,0,0,1
KLU,7,11284,20334,0,0,1
KLU,7,11289,20339,0,0,1
KLU,7,11292,20342,0,0,1
KLU,7,11294,20344,0,0,1
KLU,7,11295,20345,0,0,1
KLU,7,11298,20348,0,1,0
KLU,7,11301,20351,0,0,1
KLU,7,11307,20357,0,0,1
KLU,7,11314,20364,0,0,1
KLU,7,11323,20373,0,0,1
KLU,7,11351,20401,0,0,1
KLU,7,11357,20407,0,0,1
KLU,7,11366,20416,0,0,1
KLU,7,11368,20418,0,0,1
KLU,7,11382,20432,0,0,1
KLU,7,11393,20443,0,1,0
KLU,7,11400,20450,0,0,1
KLU,7,11416,20466,0,0,1
KLU,7,11418,20468,0,0,1
KLU,7,11437,20487,0,0,1
KLU,7,11441,20491,0,0,1
KLU,7,11451,20501,0,0,1
KLU,7,11460,20510,0,0,1
KLU,7,11461,20511,0,1,0
KLU,7,11465,20515,0,0,1
KLU,7,11477,20527,0,0,1
KLU,7,11479,20529,0,0,1
KLU,7,11480,20530,0,0,1
KLU,7,11486,20536,0,1,0
KLU,7,11510,20560,0,0,1
KLU,7,11525,20575,0,0,1
KLU,7,11526,20576,0,1,0
KLU,7,11531,20581,0,0,1
KLU,7,11556,20606,0,0,1
KLU,7,11562,20612,0,0,1
KLU,7,11577,20627,0,0,1
KLU,7,11584,20634,0,0,1
KLU,7,11601,20651,0,0,1
KLU,7,11622,20672,0,1,0
KLU,7,11628,20678,0,0,1
KLU,7,11643,20693,0,0,1
KLU,7,11646,20696,0,0,1
KLU,7,11662,20712,0,1,0
KLU,7,11678,20728,0,0,1
KLU,7,11689,20739,0,0,1
KLU,7,11694,20744,0,0,1
KLU,7,11713,20763,0,0,1
KLU,7,11727,20777,0,0,1
KLU,7,11740,20790,0,0,1
KLU,7,11743,20793,0,0,1
KLU,7,11747,20797,0,0,1
KLU,7,11749,20799,0,0,1
KLU,7,11752,20802,0,0,1
KLU,7,11756,20806,0,0,1
KLU,7,11760,20810,0,0,1
KLU,7,11767,20817,0,0,1
KLU,7,11770,20820,0,0,1
KLU,7,11782,20832,0,0,1
KLU,7,11784,20834,0,0,1
KLU,7,11792,20842,0,0,1
KLU,7,11795,20845,0,0,1
KLU,7,11800,20850,0,0,1
KLU,7,11827,20877,0,0,1
KLU,7,11828,20878,0,0,1
KLU,7,11834,20884,0,0,1
KLU,7,11843,20893,0,0,1
KLU,7,11854,20904,0,0,1
KLU,7,11861,20911,0,0,1
KLU,7,11864,20914,0,0,1
KLU,7,11893,20943,0,0,1
KLU,7,11904,20954,0,0,1
KLU,7,11914,20964,0,0,1
KLU,7,11917,20967,0,0,1
KLU,7,11919,20969,0,0,1
KLU,7,11923,20973,0,0,1
KLU,7,11932,20982,0,0,1
KLU,7,11940,20990,0,0,1
KLU,7,11953,21003,0,1,0
KLU,7,11958,21008,0,0,1
KLU,7,11960,21010,0,0,1
KLU,7,11962,21012,0,0,1
KLU,7,11971,21021,0,0,1
KLU,7,11978,21028,0,0,1
KLU,7,11979,21029,0,0,1
KLU,7,12022,21072,0,0,1
KLU,7,12065,21115,0,0,1
KLU,7,12068,21118,0,0,1
KLU,7,12069,21119,0,0,1
KLU,7,12081,21131,0,0,1
KLU,7,12099,21149,0,1,0
KLU,7,12144,21194,0,0,1
KLU,7,12162,21212,0,0,1
KLU,7,12169,21219,0,1,0
KLU,7,12175,21225,0,1,0
KLU,7,12189,21239,0,0,1
KLU,7,12199,21249,0,0,1
KLU,7,12202,21252,0,1,0
KLU,7,12211,21261,0,0,1
KLU,7,12217,21267,0,0,1
KLU,7,12221,21271,0,0,1
KLU,7,12238,21288,0,0,1
KLU,7,12244,21294,0,0,1
KLU,7,12248,21298,0,0,1
KLU,7,12249,21299,0,0,1
KLU,7,12271,21321,0,0,1
KLU,7,12289,21339,0,0,1
KLU,7,12301,21351,0,0,1
KLU,7,12314,21364,0,0,1
KLU,7,12343,21393,0,0,1
KLU,7,12351,21401,0,0,1
KLU,7,12361,21411,0,0,1
KLU,7,12362,21412,0,0,1
KLU,7,12364,21414,0,0,1
KLU,7,12389,21439,0,0,1
KLU,7,12393,21443,0,0,1
KLU,7,12395,21445,0,0,1
KLU,7,12401,21451,0,0,1
KLU,7,12404,21454,0,0,1
KLU,7,12420,21470,0,0,1
KLU,7,12433,21483,0,0,1
KLU,7,12443,21493,0,0,1
KLU,7,12454,21504,0,0,1
KLU,7,12481,21531,0,0,1
KLU,7,12508,21558,0,0,1
KLU,7,12509,21559,0,0,1
KLU,7,12513,21563,0,0,1
KLU,7,12520,21570,0,0,1
KLU,7,12525,21575,0,0,1
KLU,7,12527,21577,0,0,1
KLU,7,12534,21584,0,0,1
KLU,7,12561,21611,0,0,1
KLU,7,12568,21618,0,0,1
KLU,7,12578,21628,0,0,1
KLU,7,12582,21632,0,0,1
KLU,7,12590,21640,0,0,1
KLU,7,12600,21650,0,0,1
KLU,7,12617,21667,0,0,1
KLU,7,12620,21670,0,1,0
KLU,7,12621,21671,0,0,1
KLU,7,12627,21677,0,0,1
KLU,7,12638,21688,0,1,0
KLU,7,12644,21694,0,0,1
KLU,7,12647,21697,0,0,1
KLU,7,12656,21706,0,0,1
KLU,7,12658,21708,0,0,1
KLU,7,12659,21709,0,0,1
KLU,7,12663,21713,0,0,1
KLU,7,12664,21714,0,1,0
KLU,7,12667,21717,0,0,1
KLU,7,12675,21725,0,0,1
KLU,7,12680,21730,0,0,1
KLU,7,12699,21749,0,0,1
KLU,7,12704,21754,0,0,1
KLU,7,12707,21757,0,0,1
KLU,7,12717,21767,0,0,1
KLU,7,12733,21783,0,0,1
KLU,7,12735,21785,0,0,1
KLU,7,12737,21787,0,0,1
KLU,7,12741,21791,0,0,1
KLU,7,12770,21820,0,0,1
KLU,7,12776,21826,0,0,1
KLU,7,12777,21827,0,0,1
KLU,7,12810,21860,0,0,1
KLU,7,12819,21869,0,0,1
KLU,7,12840,21890,0,0,1
KLU,7,12843,21893,0,0,1
KLU,7,12871,21921,0,1,0
KLU,7,12910,21960,0,0,1
KLU,7,12915,21965,0,0,1
KLU,7,12928,21978,0,0,1
KLU,7,12929,21979,0,0,1
KLU,7,12932,21982,0,0,1
KLU,7,12937,21987,0,0,1
KLU,7,12943,21993,0,0,1
KLU,7,12957,22007,0,0,1
KLU,7,12971,22021,0,0,1
KLU,7,12973,22023,0,0,1
KLU,7,12980,22030,0,0,1
KLU,7,13022,22072,0,0,1
KLU,7,13025,22075,0,0,1
KLU,7,13027,22077,0,0,1
KLU,7,13037,22087,0,1,0
KLU,7,13047,22097,0,0,1
KLU,7,13067,22117,0,0,1
KLU,7,13093,22143,0,0,1
KLU,8,8853,17903,1,1,1
KLU,8,8868,17918,1,1,1
KLU,8,8874,17924,1,1,1
KLU,8,8877,17927,1,1,1
KLU,8,8884,17934,1,1,1
KLU,8,8894,17944,1,1,1
KLU,8,8898,17948,1,1,1
KLU,8,8901,17951,1,1,1
KLU,8,8902,17952,1,1,1
KLU,8,8907,17957,1,1,1
KLU,8,8916,17966,1,0,0
KLU,8,8919,17969,1,1,1
KLU,8,8922,17972,1,1,1
KLU,8,8934,17984,1,1,1
KLU,8,8943,17993,1,1,1
KLU,8,8945,17995,1,1,1
KLU,8,8954,18004,1,1,1
KLU,8,8966,18016,1,1,1
KLU,8,8976,18026,1,0,0
KLU,8,8996,18046,1,1,1
KLU,8,9000,18050,1,1,1
KLU,8,9036,18086,1,1,1
KLU,8,9045,18095,1,1,1
KLU,8,9047,18097,1,1,1
KLU,8,9052,18102,1,1,1
KLU,8,9060,18110,1,1,1
KLU,8,9068,18118,1,1,1
KLU,8,9086,18136,1,1,1
KLU,8,9105,18155,1,1,1
KLU,8,9127,18177,1,1,1
KLU,8,9129,18179,1,1,1
KLU,8,9131,18181,1,1,1
KLU,8,9138,18188,1,1,1
KLU,8,9144,18194,1,1,1
KLU,8,9153,18203,1,1,1
KLU,8,9158,18208,1,1,1
KLU,8,9180,18230,1,1,1
KLU,8,9202,18252,1,1,1
KLU,8,9224,18274,1,1,1
KLU,8,9249,18299,1,1,1
KLU,8,9256,18306,1,1,1
KLU,8,9258,18308,1,0,0
KLU,8,9314,18364,1,1,1
KLU,8,9332,18382,1,1,1
KLU,8,9350,18400,1,1,1
KLU,8,9351,18401,1,0,0
KLU,8,9378,18428,1,1,1
KLU,8,9387,18437,1,1,1
KLU,8,9388,18438,1,1,1
KLU,8,9389,18439,1,1,1
KLU,8,9391,18441,1,1,1
KLU,8,9408,18458,1,1,1
KLU,8,9409,18459,1,1,1
KLU,8,9416,18466,1,1,1
KLU,8,9438,18488,1,1,1
KLU,8,9439,18489,1,1,1
KLU,8,9441,18491,1,1,1
KLU,8,9444,18494,1,1,1
KLU,8,9448,18498,1,1,1
KLU,8,9452,18502,1,1,1
KLU,8,9466,18516,1,1,1
KLU,8,9467,18517,1,1,1
KLU,8,9470,18520,1,1,1
KLU,8,9473,18523,1,1,1
KLU,8,9526,18576,1,1,1
KLU,8,9554,18604,1,1,1
KLU,8,9555,18605,1,1,1
KLU,8,9560,18610,1,0,0
KLU,8,9567,18617,1,0,0
KLU,8,9569,18619,1,1,1
KLU,8,9570,18620,1,1,1
KLU,8,9582,18632,1,0,0
KLU,8,9583,18633,1,1,1
KLU,8,9607,18657,1,1,1
KLU,8,9608,18658,1,1,1
KLU,8,9621,18671,1,0,0
KLU,8,9630,18680,1,1,1
KLU,8,9631,18681,1,1,1
KLU,8,9640,18690,1,1,1
KLU,8,9641,18691,1,1,1
KLU,8,9650,18700,1,1,1
KLU,8,9655,18705,1,1,1
KLU,8,9659,18709,1,1,1
KLU,8,9662,18712,1,0,0
KLU,8,9671,18721,1,1,1
KLU,8,9677,18727,1,1,1
KLU,8,9689,18739,1,0,0
KLU,8,9691,18741,1,0,0
KLU,8,9696,18746,1,1,1
KLU,8,9697,18747,1,1,1
KLU,8,9698,18748,1,1,1
KLU,8,9704,18754,1,1,1
KLU,8,9714,18764,1,1,1
KLU,8,9732,18782,1,1,1
KLU,8,9747,18797,1,1,1
KLU,8,9751,18801,1,1,1
KLU,8,9755,18805,1,0,0
KLU,8,9768,18818,1,0,0
KLU,8,9791,18841,1,1,1
KLU,8,9794,18844,1,1,1
KLU,8,9808,18858,1,0,0
KLU,8,9813,18863,1,0,0
KLU,8,9861,18911,1,1,1
KLU,8,9890,18940,1,1,1
KLU,8,9931,18981,1,1,1
KLU,8,9937,18987,1,1,1
KLU,8,9943,18993,1,0,0
KLU,8,9946,18996,1,1,1
KLU,8,9960,19010,1,0,0
KLU,8,9972,19022,1,1,1
KLU,8,10024,19074,1,1,1
KLU,8,10034,19084,1,1,1
KLU,8,10039,19089,1,1,1
KLU,8,10040,19090,1,1,1
KLU,8,10052,19102,1,1,1
KLU,8,10055,19105,1,1,1
KLU,8,10057,19107,1,1,1
KLU,8,10060,19110,1,1,1
KLU,8,10062,19112,1,1,1
KLU,8,10067,19117,1,1,1
KLU,8,10076,19126,1,1,1
KLU,8,10090,19140,1,0,0
KLU,8,10097,19147,1,1,1
KLU,8,10101,19151,1,1,1
KLU,8,10106,19156,1,1,1
KLU,8,10113,19163,1,1,1
KLU,8,10119,19169,1,1,1
KLU,8,10122,19172,1,1,1
KLU,8,10124,19174,1,1,1
KLU,8,10126,19176,1,1,1
KLU,8,10128,19178,1,1,1
KLU,8,10129,19179,1,1,1
KLU,8,10130,19180,1,1,1
KLU,8,10134,19184,1,1,1
KLU,8,10139,19189,1,1,1
KLU,8,10148,19198,1,1,1
KLU,8,10161,19211,1,0,0
KLU,8,10193,19243,1,1,1
KLU,8,10203,19253,1,1,1
KLU,8,10225,19275,1,1,1
KLU,8,10293,19343,1,1,1
KLU,8,10295,19345,1,1,1
KLU,8,10303,19353,1,1,1
KLU,8,10316,19366,1,1,1
KLU,8,10319,19369,1,1,1
KLU,8,10336,19386,1,1,1
KLU,8,10342,19392,1,1,1
KLU,8,10355,19405,1,1,1
KLU,8,10365,19415,1,1,1
KLU,8,10379,19429,1,1,1
KLU,8,10383,19433,1,1,1
KLU,8,10385,19435,1,1,1
KLU,8,10386,19436,1,1,1
KLU,8,10398,19448,1,1,1
KLU,8,10401,19451,1,0,0
KLU,8,10403,19453,1,1,1
KLU,8,10417,19467,1,1,1
KLU,8,10418,19468,1,1,1
KLU,8,10428,19478,1,1,1
KLU,8,10430,19480,1,1,1
KLU,8,10431,19481,1,1,1
KLU,8,10438,19488,1,1,1
KLU,8,10439,19489,1,1,1
KLU,8,10458,19508,1,1,1
KLU,8,10461,19511,1,1,1
KLU,8,10480,19530,1,1,1
KLU,8,10493,19543,1,1,1
KLU,8,10520,19570,1,1,1
KLU,8,10561,19611,1,1,1
KLU,8,10586,19636,1,1,1
KLU,8,10608,19658,1,1,1
KLU,8,10622,19672,1,1,1
KLU,8,10627,19677,1,0,0
KLU,8,10633,19683,1,1,1
KLU,8,10640,19690,1,1,1
KLU,8,10652,19702,1,1,1
KLU,8,10669,19719,1,0,0
KLU,8,10676,19726,1,1,1
KLU,8,10681,19731,1,1,1
KLU,8,10695,19745,1,1,1
KLU,8,10696,19746,1,1,1
KLU,8,10718,19768,1,1,1
KLU,8,10730,19780,1,1,1
KLU,8,10734,19784,1,1,1
KLU,8,10737,19787,1,1,1
KLU,8,10750,19800,1,1,1
KLU,8,10759,19809,1,1,1
KLU,8,10765,19815,1,0,0
KLU,8,10777,19827,1,1,1
KLU,8,10791,19841,1,1,1
KLU,8,10808,19858,1,1,1
KLU,8,10823,19873,1,1,1
KLU,8,10828,19878,1,1,1
KLU,8,10884,19934,1,1,1
KLU,8,10888,19938,1,1,1
KLU,8,10889,19939,1,1,1
KLU,8,10891,19941,1,1,1
KLU,8,10909,19959,1,1,1
KLU,8,10913,19963,1,1,1
KLU,8,10919,19969,1,1,1
KLU,8,10923,19973,1,0,0
KLU,8,10927,19977,1,1,1
KLU,8,10929,19979,1,1,1
KLU,8,10943,19993,1,1,1
KLU,8,10945,19995,1,1,1
KLU,8,10946,19996,1,1,1
KLU,8,10948,19998,1,1,1
KLU,8,10952,20002,1,1,1
KLU,8,10962,20012,1,1,1
KLU,8,10963,20013,1,1,1
KLU,8,10968,20018,1,1,1
KLU,8,10970,20020,1,1,1
KLU,8,10976,20026,0,0,1
KLU,8,10981,20031,0,0,1
KLU,8,10988,20038,0,1,0
KLU,8,10991,20041,0,0,1
KLU,8,11001,20051,0,0,1
KLU,8,11010,20060,0,0,1
KLU,8,11013,20063,0,0,1
KLU,8,11017,20067,0,0,1
KLU,8,11026,20076,0,1,0
KLU,8,11031,20081,0,0,1
KLU,8,11038,20088,0,0,1
KLU,8,11039,20089,0,0,1
KLU,8,11042,20092,0,0,1
KLU,8,11044,20094,0,0,1
KLU,8,11045,20095,0,0,1
KLU,8,11048,20098,0,0,1
KLU,8,11061,20111,0,0,1
KLU,8,11073,20123,0,0,1
KLU,8,11079,20129,0,0,1
KLU,8,11089,20139,0,0,1
KLU,8,11094,20144,0,0,1
KLU,8,11101,20151,0,0,1
KLU,8,11107,20157,0,0,1
KLU,8,11130,20180,0,0,1
KLU,8,11133,20183,0,0,1
KLU,8,11135,20185,0,0,1
KLU,8,11137,20187,0,0,1
KLU,8,11148,20198,0,0,1
KLU,8,11155,20205,0,0,1
KLU,8,11169,20219,0,0,1
KLU,8,11171,20221,0,0,1
KLU,8,11217,20267,0,0,1
KLU,8,11219,20269,0,0,1
KLU,8,11222,20272,0,0,1
KLU,8,11232,20282,0,0,1
KLU,8,11247,20297,0,0,1
KLU,8,11305,20355,0,0,1
KLU,8,11311,20361,0,0,1
KLU,8,11326,20376,0,0,1
KLU,8,11328,20378,0,1,0
KLU,8,11340,20390,0,0,1
KLU,8,11345,20395,0,0,1
KLU,8,11352,20402,0,0,1
KLU,8,11362,20412,0,0,1
KLU,8,11370,20420,0,0,1
KLU,8,11384,20434,0,0,1
KLU,8,11390,20440,0,0,1
KLU,8,11405,20455,0,0,1
KLU,8,11413,20463,0,1,0
KLU,8,11420,20470,0,0,1
KLU,8,11422,20472,0,0,1
KLU,8,11423,20473,0,0,1
KLU,8,11435,20485,0,0,1
KLU,8,11444,20494,0,0,1
KLU,8,11446,20496,0,0,1
KLU,8,11473,20523,0,0,1
KLU,8,11474,20524,0,0,1
KLU,8,11491,20541,0,0,1
KLU,8,11497,20547,0,1,0
KLU,8,11498,20548,0,0,1
KLU,8,11503,20553,0,0,1
KLU,8,11511,20561,0,0,1
KLU,8,11512,20562,0,1,0
KLU,8,11521,20571,0,0,1
KLU,8,11559,20609,0,0,1
KLU,8,11567,20617,0,1,0
KLU,8,11569,20619,0,0,1
KLU,8,11572,20622,0,0,1
KLU,8,11573,20623,0,0,1
KLU,8,11591,20641,0,0,1
KLU,8,11594,20644,0,0,1
KLU,8,11598,20648,0,0,1
KLU,8,11606,20656,0,0,1
KLU,8,11638,20688,0,0,1
KLU,8,11650,20700,0,0,1
KLU,8,11691,20741,0,0,1
KLU,8,11699,20749,0,0,1
KLU,8,11703,20753,0,0,1
KLU,8,11704,20754,0,0,1
KLU,8,11731,20781,0,0,1
KLU,8,11761,20811,0,0,1
KLU,8,11765,20815,0,0,1
KLU,8,11768,20818,0,0,1
KLU,8,11776,20826,0,0,1
KLU,8,11780,20830,0,0,1
KLU,8,11786,20836,0,0,1
KLU,8,11810,20860,0,0,1
KLU,8,11819,20869,0,0,1
KLU,8,11852,20902,0,0,1
KLU,8,11867,20917,0,0,1
KLU,8,11872,20922,0,0,1
KLU,8,11876,20926,0,0,1
KLU,8,11894,20944,0,0,1
KLU,8,11896,20946,0,0,1
KLU,8,11898,20948,0,0,1
KLU,8,11907,20957,0,0,1
KLU,8,11911,20961,0,0,1
KLU,8,11920,20970,0,0,1
KLU,8,11922,20972,0,0,1
KLU,8,11938,20988,0,0,1
KLU,8,11959,21009,0,1,0
KLU,8,11961,21011,0,0,1
KLU,8,11969,21019,0,0,1
KLU,8,11973,21023,0,1,0
KLU,8,11980,21030,0,0,1
KLU,8,11987,21037,0,0,1
KLU,8,11989,21039,0,0,1
KLU,8,11999,21049,0,0,1
KLU,8,12007,21057,0,0,1
KLU,8,12012,21062,0,0,1
KLU,8,12026,21076,0,1,0
KLU,8,12036,21086,0,0,1
KLU,8,12054,21104,0,0,1
KLU,8,12060,21110,0,0,1
KLU,8,12080,21130,0,0,1
KLU,8,12091,21141,0,0,1
KLU,8,12094,21144,0,0,1
KLU,8,12108,21158,0,0,1
KLU,8,12111,21161,0,1,0
KLU,8,12128,21178,0,0,1
KLU,8,12142,21192,0,0,1
KLU,8,12172,21222,0,0,1
KLU,8,12180,21230,0,0,1
KLU,8,12182,21232,0,0,1
KLU,8,12188,21238,0,0,1
KLU,8,12192,21242,0,0,1
KLU,8,12219,21269,0,0,1
KLU,8,12220,21270,0,0,1
KLU,8,12224,21274,0,0,1
KLU,8,12231,21281,0,0,1
KLU,8,12232,21282,0,0,1
KLU,8,12239,21289,0,0,1
KLU,8,12245,21295,0,0,1
KLU,8,12250,21300,0,0,1
KLU,8,12287,21337,0,0,1
KLU,8,12288,21338,0,0,1
KLU,8,12307,21357,0,0,1
KLU,8,12317,21367,0,0,1
KLU,8,12323,21373,0,0,1
KLU,8,12342,21392,0,0,1
KLU,8,12345,21395,0,0,1
KLU,8,12370,21420,0,0,1
KLU,8,12371,21421,0,0,1
KLU,8,12397,21447,0,0,1
KLU,8,12425,21475,0,0,1
KLU,8,12428,21478,0,0,1
KLU,8,12435,21485,0,0,1
KLU,8,12439,21489,0,0,1
KLU,8,12452,21502,0,0,1
KLU,8,12473,21523,0,0,1
KLU,8,12482,21532,0,0,1
KLU,8,12494,21544,0,0,1
KLU,8,12495,21545,0,0,1
KLU,8,12504,21554,0,0,1
KLU,8,12510,21560,0,1,0
KLU,8,12519,21569,0,0,1
KLU,8,12526,21576,0,0,1
KLU,8,12529,21579,0,0,1
KLU,8,12536,21586,0,0,1
KLU,8,12540,21590,0,0,1
KLU,8,12576,21626,0,1,0
KLU,8,12580,21630,0,0,1
KLU,8,12595,21645,0,0,1
KLU,8,12611,21661,0,0,1
KLU,8,12623,21673,0,0,1
KLU,8,12661,21711,0,0,1
KLU,8,12674,21724,0,0,1
KLU,8,12678,21728,0,0,1
KLU,8,12687,21737,0,0,1
KLU,8,12698,21748,0,0,1
KLU,8,12724,21774,0,0,1
KLU,8,12738,21788,0,0,1
KLU,8,12748,21798,0,0,1
KLU,8,12756,21806,0,0,1
KLU,8,12773,21823,0,0,1
KLU,8,12779,21829,0,0,1
KLU,8,12815,21865,0,0,1
KLU,8,12817,21867,0,0,1
KLU,8,12820,21870,0,0,1
KLU,8,12830,21880,0,0,1
KLU,8,12846,21896,0,0,1
KLU,8,12863,21913,0,0,1
KLU,8,12897,21947,0,0,1
KLU,8,12902,21952,0,0,1
KLU,8,12906,21956,0,0,1
KLU,8,12908,21958,0,0,1
KLU,8,12912,21962,0,0,1
KLU,8,12916,21966,0,0,1
KLU,8,12918,21968,0,0,1
KLU,8,12926,21976,0,0,1
KLU,8,12927,21977,0,0,1
KLU,8,12939,21989,0,0,1
KLU,8,12941,21991,0,1,0
KLU,8,12946,21996,0,0,1
KLU,8,12949,21999,0,0,1
KLU,8,12952,22002,0,0,1
KLU,8,12954,22004,0,0,1
KLU,8,12955,22005,0,0,1
KLU,8,12990,22040,0,0,1
KLU,8,12994,22044,0,0,1
KLU,8,13003,22053,0,1,0
KLU,8,13011,22061,0,0,1
KLU,8,13026,22076,0,0,1
KLU,8,13039,22089,0,0,1
KLU,8,13048,22098,0,0,1
KLU,8,13052,22102,0,0,1
KLU,8,13055,22105,0,1,0
KLU,8,13060,22110,0,0,1
KLU,8,13066,22116,0,0,1
KLU,8,13069,22119,0,0,1
KLU,8,13072,22122,0,0,1
KLU,8,13082,22132,0,0,1
KLU,8,13084,22134,0,0,1
KLU,9,8879,17929,1,1,1
KLU,9,8896,17946,1,1,1
KLU,9,8904,17954,1,1,1
KLU,9,8917,17967,1,1,1
KLU,9,8924,17974,1,1,1
KLU,9,8931,17981,1,1,1
KLU,9,8942,17992,1,1,1
KLU,9,8952,18002,1,1,1
KLU,9,8961,18011,1,1,1
KLU,9,8968,18018,1,1,1
KLU,9,8978,18028,1,1,1
KLU,9,9030,18080,1,1,1
KLU,9,9031,18081,1,0,0
KLU,9,9044,18094,1,1,1
KLU,9,9076,18126,1,1,1
KLU,9,9077,18127,1,1,1
KLU,9,9080,18130,1,1,1
KLU,9,9092,18142,1,1,1
KLU,9,9116,18166,1,1,1
KLU,9,9139,18189,1,1,1
KLU,9,9140,18190,1,1,1
KLU,9,9154,18204,1,1,1
KLU,9,9168,18218,1,1,1
KLU,9,9173,18223,1,1,1
KLU,9,9185,18235,1,1,1
KLU,9,9189,18239,1,1,1
KLU,9,9197,18247,1,1,1
KLU,9,9215,18265,1,1,1
KLU,9,9227,18277,1,1,1
KLU,9,9253,18303,1,1,1
KLU,9,9269,18319,1,1,1
KLU,9,9277,18327,1,1,1
KLU,9,9285,18335,1,1,1
KLU,9,9292,18342,1,1,1
KLU,9,9310,18360,1,1,1
KLU,9,9318,18368,1,1,1
KLU,9,9329,18379,1,1,1
KLU,9,9335,18385,1,1,1
KLU,9,9337,18387,1,1,1
KLU,9,9340,18390,1,1,1
KLU,9,9372,18422,1,1,1
KLU,9,9377,18427,1,1,1
KLU,9,9381,18431,1,1,1
KLU,9,9392,18442,1,1,1
KLU,9,9397,18447,1,1,1
KLU,9,9405,18455,1,1,1
KLU,9,9407,18457,1,1,1
KLU,9,9420,18470,1,0,0
KLU,9,9460,18510,1,1,1
KLU,9,9472,18522,1,1,1
KLU,9,9479,18529,1,1,1
KLU,9,9488,18538,1,1,1
KLU,9,9498,18548,1,0,0
KLU,9,9514,18564,1,1,1
KLU,9,9521,18571,1,1,1
KLU,9,9548,18598,1,1,1
KLU,9,9551,18601,1,0,0
KLU,9,9558,18608,1,0,0
KLU,9,9581,18631,1,1,1
KLU,9,9588,18638,1,1,1
KLU,9,9591,18641,1,0,0
KLU,9,9598,18648,1,1,1
KLU,9,9603,18653,1,1,1
KLU,9,9617,18667,1,1,1
KLU,9,9619,18669,1,1,1
KLU,9,9654,18704,1,1,1
KLU,9,9669,18719,1,1,1
KLU,9,9672,18722,1,1,1
KLU,9,9675,18725,1,1,1
KLU,9,9680,18730,1,1,1
KLU,9,9682,18732,1,1,1
KLU,9,9687,18737,1,1,1
KLU,9,9693,18743,1,1,1
KLU,9,9694,18744,1,1,1
KLU,9,9700,18750,1,1,1
KLU,9,9702,18752,1,1,1
KLU,9,9710,18760,1,1,1
KLU,9,9741,18791,1,1,1
KLU,9,9754,18804,1,1,1
KLU,9,9759,18809,1,0,0
KLU,9,9795,18845,1,0,0
KLU,9,9799,18849,1,0,0
KLU,9,9801,18851,1,1,1
KLU,9,9810,18860,1,1,1
KLU,9,9812,18862,1,1,1
KLU,9,9830,18880,1,1,1
KLU,9,9835,18885,1,1,1
KLU,9,9859,18909,1,1,1
KLU,9,9863,18913,1,1,1
KLU,9,9866,18916,1,1,1
KLU,9,9874,18924,1,1,1
KLU,9,9876,18926,1,1,1
KLU,9,9885,18935,1,1,1
KLU,9,9887,18937,1,1,1
KLU,9,9896,18946,1,1,1
KLU,9,9897,18947,1,1,1
KLU,9,9905,18955,1,1,1
KLU,9,9915,18965,1,1,1
KLU,9,9918,18968,1,1,1
KLU,9,9922,18972,1,1,1
KLU,9,9924,18974,1,1,1
KLU,9,9948,18998,1,1,1
KLU,9,9952,19002,1,1,1
KLU,9,9956,19006,1,1,1
KLU,9,9957,19007,1,0,0
KLU,9,9964,19014,1,1,1
KLU,9,9968,19018,1,1,1
KLU,9,9971,19021,1,1,1
KLU,9,9974,19024,1,1,1
KLU,9,9975,19025,1,0,0
KLU,9,9993,19043,1,0,0
KLU,9,9998,19048,1,1,1
KLU,9,10017,19067,1,1,1
KLU,9,10021,19071,1,1,1
KLU,9,10030,19080,1,1,1
KLU,9,10038,19088,1,1,1
KLU,9,10043,19093,1,1,1
KLU,9,10045,19095,1,1,1
KLU,9,10061,19111,1,1,1
KLU,9,10077,19127,1,1,1
KLU,9,10088,19138,1,1,1
KLU,9,10099,19149,1,1,1
KLU,9,10104,19154,1,1,1
KLU,9,10118,19168,1,1,1
KLU,9,10136,19186,1,1,1
KLU,9,10158,19208,1,1,1
KLU,9,10162,19212,1,1,1
KLU,9,10170,19220,1,1,1
KLU,9,10178,19228,1,1,1
KLU,9,10192,19242,1,1,1
KLU,9,10194,19244,1,1,1
KLU,9,10197,19247,1,1,1
KLU,9,10201,19251,1,1,1
KLU,9,10228,19278,1,1,1
KLU,9,10230,19280,1,1,1
KLU,9,10242,19292,1,1,1
KLU,9,10249,19299,1,1,1
KLU,9,10254,19304,1,1,1
KLU,9,10259,19309,1,1,1
KLU,9,10268,19318,1,1,1
KLU,9,10273,19323,1,1,1
KLU,9,10278,19328,1,1,1
KLU,9,10286,19336,1,1,1
KLU,9,10290,19340,1,1,1
KLU,9,10304,19354,1,1,1
KLU,9,10325,19375,1,1,1
KLU,9,10327,19377,1,1,1
KLU,9,10341,19391,1,1,1
KLU,9,10349,19399,1,1,1
KLU,9,10360,19410,1,0,0
KLU,9,10361,19411,1,0,0
KLU,9,10364,19414,1,1,1
KLU,9,10372,19422,1,1,1
KLU,9,10396,19446,1,1,1
KLU,9,10421,19471,1,1,1
KLU,9,10423,19473,1,1,1
KLU,9,10450,19500,1,1,1
KLU,9,10452,19502,1,1,1
KLU,9,10462,19512,1,1,1
KLU,9,10466,19516,1,1,1
KLU,9,10469,19519,1,1,1
KLU,9,10482,19532,1,1,1
KLU,9,10495,19545,1,1,1
KLU,9,10504,19554,1,1,1
KLU,9,10506,19556,1,1,1
KLU,9,10512,19562,1,1,1
KLU,9,10513,19563,1,1,1
KLU,9,10519,19569,1,1,1
KLU,9,10532,19582,1,1,1
KLU,9,10535,19585,1,1,1
KLU,9,10567,19617,1,1,1
KLU,9,10572,19622,1,1,1
KLU,9,10577,19627,1,1,1
KLU,9,10595,19645,1,1,1
KLU,9,10598,19648,1,1,1
KLU,9,10606,19656,1,1,1
KLU,9,10617,19667,1,1,1
KLU,9,10647,19697,1,1,1
KLU,9,10648,19698,1,1,1
KLU,9,10662,19712,1,1,1
KLU,9,10671,19721,1,1,1
KLU,9,10673,19723,1,1,1
KLU,9,10679,19729,1,1,1
KLU,9,10684,19734,1,1,1
KLU,9,10694,19744,1,1,1
KLU,9,10703,19753,1,1,1
KLU,9,10706,19756,1,1,1
KLU,9,10711,19761,1,1,1
KLU,9,10716,19766,1,1,1
KLU,9,10740,19790,1,1,1
KLU,9,10741,19791,1,1,1
KLU,9,10745,19795,1,1,1
KLU,9,10761,19811,1,0,0
KLU,9,10771,19821,1,1,1
KLU,9,10778,19828,1,1,1
KLU,9,10782,19832,1,1,1
KLU,9,10785,19835,1,1,1
KLU,9,10797,19847,1,1,1
KLU,9,10805,19855,1,1,1
KLU,9,10822,19872,1,1,1
KLU,9,10831,19881,1,1,1
KLU,9,10833,19883,1,1,1
KLU,9,10841,19891,1,1,1
KLU,9,10846,19896,1,1,1
KLU,9,10893,19943,1,1,1
KLU,9,10897,19947,1,1,1
KLU,9,10915,19965,1,1,1
KLU,9,10920,19970,1,1,1
KLU,9,10921,19971,1,1,1
KLU,9,10928,19978,1,1,1
KLU,9,10954,20004,1,1,1
KLU,9,10959,20009,1,0,0
KLU,9,10978,20028,0,0,1
KLU,9,11002,20052,0,1,0
KLU,9,11004,20054,0,0,1
KLU,9,11016,20066,0,0,1
KLU,9,11034,20084,0,0,1
KLU,9,11035,20085,0,0,1
KLU,9,11037,20087,0,0,1
KLU,9,11055,20105,0,0,1
KLU,9,11056,20106,0,0,1
KLU,9,11074,20124,0,0,1
KLU,9,11078,20128,0,0,1
KLU,9,11112,20162,0,0,1
KLU,9,11117,20167,0,0,1
KLU,9,11123,20173,0,0,1
KLU,9,11125,20175,0,0,1
KLU,9,11126,20176,0,0,1
KLU,9,11128,20178,0,0,1
KLU,9,11136,20186,0,0,1
KLU,9,11157,20207,0,0,1
KLU,9,11161,20211,0,0,1
KLU,9,11180,20230,0,0,1
KLU,9,11202,20252,0,0,1
KLU,9,11208,20258,0,0,1
KLU,9,11255,20305,0,1,0
KLU,9,11256,20306,0,0,1
KLU,9,11278,20328,0,0,1
KLU,9,11281,20331,0,0,1
KLU,9,11282,20332,0,0,1
KLU,9,11283,20333,0,0,1
KLU,9,11285,20335,0,0,1
KLU,9,11315,20365,0,0,1
KLU,9,11321,20371,0,0,1
KLU,9,11338,20388,0,1,0
KLU,9,11360,20410,0,0,1
KLU,9,11377,20427,0,0,1
KLU,9,11403,20453,0,0,1
KLU,9,11406,20456,0,0,1
KLU,9,11407,20457,0,1,0
KLU,9,11417,20467,0,0,1
KLU,9,11431,20481,0,0,1
KLU,9,11432,20482,0,1,0
KLU,9,11488,20538,0,0,1
KLU,9,11501,20551,0,0,1
KLU,9,11504,20554,0,0,1
KLU,9,11508,20558,0,0,1
KLU,9,11517,20567,0,0,1
KLU,9,11518,20568,0,0,1
KLU,9,11522,20572,0,0,1
KLU,9,11530,20580,0,0,1
KLU,9,11538,20588,0,0,1
KLU,9,11552,20602,0,0,1
KLU,9,11555,20605,0,0,1
KLU,9,11557,20607,0,1,0
KLU,9,11561,20611,0,0,1
KLU,9,11580,20630,0,0,1
KLU,9,11586,20636,0,0,1
KLU,9,11607,20657,0,1,0
KLU,9,11610,20660,0,0,1
KLU,9,11611,20661,0,0,1
KLU,9,11620,20670,0,0,1
KLU,9,11627,20677,0,0,1
KLU,9,11649,20699,0,1,0
KLU,9,11654,20704,0,0,1
KLU,9,11657,20707,0,1,0
KLU,9,11658,20708,0,0,1
KLU,9,11675,20725,0,0,1
KLU,9,11680,20730,0,0,1
KLU,9,11692,20742,0,0,1
KLU,9,11693,20743,0,0,1
KLU,9,11728,20778,0,0,1
KLU,9,11742,20792,0,0,1
KLU,9,11758,20808,0,0,1
KLU,9,11771,20821,0,0,1
KLU,9,11787,20837,0,0,1
KLU,9,11794,20844,0,0,1
KLU,9,11814,20864,0,0,1
KLU,9,11815,20865,0,0,1
KLU,9,11817,20867,0,0,1
KLU,9,11829,20879,0,0,1
KLU,9,11857,20907,0,0,1
KLU,9,11860,20910,0,0,1
KLU,9,11874,20924,0,0,1
KLU,9,11878,20928,0,1,0
KLU,9,11880,20930,0,0,1
KLU,9,11887,20937,0,0,1
KLU,9,11902,20952,0,0,1
KLU,9,11906,20956,0,0,1
KLU,9,11913,20963,0,0,1
KLU,9,11927,20977,0,1,0
KLU,9,11930,20980,0,0,1
KLU,9,11946,20996,0,0,1
KLU,9,11948,20998,0,0,1
KLU,9,11956,21006,0,0,1
KLU,9,11976,21026,0,1,0
KLU,9,11984,21034,0,0,1
KLU,9,11988,21038,0,0,1
KLU,9,11996,21046,0,0,1
KLU,9,12014,21064,0,1,0
KLU,9,12025,21075,0,1,0
KLU,9,12030,21080,0,0,1
KLU,9,12034,21084,0,0,1
KLU,9,12042,21092,0,1,0
KLU,9,12053,21103,0,0,1
KLU,9,12061,21111,0,1,0
KLU,9,12064,21114,0,0,1
KLU,9,12072,21122,0,0,1
KLU,9,12074,21124,0,0,1
KLU,9,12088,21138,0,0,1
KLU,9,12090,21140,0,0,1
KLU,9,12127,21177,0,0,1
KLU,9,12139,21189,0,1,0
KLU,9,12152,21202,0,0,1
KLU,9,12168,21218,0,0,1
KLU,9,12181,21231,0,0,1
KLU,9,12184,21234,0,0,1
KLU,9,12207,21257,0,0,1
KLU,9,12213,21263,0,0,1
KLU,9,12214,21264,0,0,1
KLU,9,12223,21273,0,0,1
KLU,9,12225,21275,0,0,1
KLU,9,12226,21276,0,0,1
KLU,9,12241,21291,0,0,1
KLU,9,12242,21292,0,0,1
KLU,9,12243,21293,0,0,1
KLU,9,12252,21302,0,0,1
KLU,9,12278,21328,0,0,1
KLU,9,12284,21334,0,0,1
KLU,9,12285,21335,0,0,1
KLU,9,12309,21359,0,0,1
KLU,9,12316,21366,0,0,1
KLU,9,12333,21383,0,0,1
KLU,9,12354,21404,0,0,1
KLU,9,12357,21407,0,0,1
KLU,9,12368,21418,0,0,1
KLU,9,12373,21423,0,0,1
KLU,9,12377,21427,0,0,1
KLU,9,12379,21429,0,0,1
KLU,9,12386,21436,0,0,1
KLU,9,12396,21446,0,0,1
KLU,9,12415,21465,0,0,1
KLU,9,12441,21491,0,0,1
KLU,9,12442,21492,0,0,1
KLU,9,12465,21515,0,0,1
KLU,9,12475,21525,0,0,1
KLU,9,12476,21526,0,0,1
KLU,9,12499,21549,0,0,1
KLU,9,12506,21556,0,0,1
KLU,9,12514,21564,0,0,1
KLU,9,12517,21567,0,0,1
KLU,9,12523,21573,0,0,1
KLU,9,12542,21592,0,0,1
KLU,9,12543,21593,0,1,0
KLU,9,12547,21597,0,0,1
KLU,9,12549,21599,0,0,1
KLU,9,12551,21601,0,0,1
KLU,9,12552,21602,0,0,1
KLU,9,12558,21608,0,0,1
KLU,9,12564,21614,0,0,1
KLU,9,12570,21620,0,0,1
KLU,9,12587,21637,0,0,1
KLU,9,12591,21641,0,0,1
KLU,9,12594,21644,0,1,0
KLU,9,12607,21657,0,0,1
KLU,9,12614,21664,0,1,0
KLU,9,12625,21675,0,0,1
KLU,9,12633,21683,0,0,1
KLU,9,12636,21686,0,0,1
KLU,9,12648,21698,0,0,1
KLU,9,12654,21704,0,0,1
KLU,9,12686,21736,0,0,1
KLU,9,12711,21761,0,0,1
KLU,9,12722,21772,0,1,0
KLU,9,12725,21775,0,0,1
KLU,9,12727,21777,0,0,1
KLU,9,12728,21778,0,0,1
KLU,9,12749,21799,0,0,1
KLU,9,12750,21800,0,0,1
KLU,9,12757,21807,0,0,1
KLU,9,12781,21831,0,0,1
KLU,9,12782,21832,0,0,1
KLU,9,12786,21836,0,0,1
KLU,9,12794,21844,0,0,1
KLU,9,12800,21850,0,0,1
KLU,9,12829,21879,0,0,1
KLU,9,12837,21887,0,0,1
KLU,9,12842,21892,0,0,1
KLU,9,12849,21899,0,0,1
KLU,9,12853,21903,0,0,1
KLU,9,12858,21908,0,0,1
KLU,9,12861,21911,0,0,1
KLU,9,12862,21912,0,0,1
KLU,9,12873,21923,0,0,1
KLU,9,12890,21940,0,0,1
KLU,9,12904,21954,0,0,1
KLU,9,12909,21959,0,0,1
KLU,9,12940,21990,0,0,1
KLU,9,12944,21994,0,0,1
KLU,9,12950,22000,0,0,1
KLU,9,12965,22015,0,0,1
KLU,9,12975,22025,0,0,1
KLU,9,13001,22051,0,0,1
KLU,9,13010,22060,0,0,1
KLU,9,13019,22069,0,0,1
KLU,9,13020,22070,0,0,1
KLU,9,13024,22074,0,0,1
KLU,9,13063,22113,0,0,1
KLU,9,13076,22126,0,1,0
KLU,9,13080,22130,0,0,1
KLU,9,13086,22136,0,0,1
KLU,9,13092,22142,0,0,1
KLU,9,13095,22145,0,1,0
KLU,9,13099,22149,0,0,1
KLU,9,13101,22151,0,0,1
KLU,10,8860,17910,1,1,1
KLU,10,8861,17911,1,1,1
KLU,10,8867,17917,1,1,1
KLU,10,8869,17919,1,1,1
KLU,10,8873,17923,1,1,1
KLU,10,8886,17936,1,1,1
KLU,10,8890,17940,1,1,1
KLU,10,8905,17955,1,1,1
KLU,10,8909,17959,1,1,1
KLU,10,8930,17980,1,1,1
KLU,10,8938,17988,1,1,1
KLU,10,8957,18007,1,1,1
KLU,10,8959,18009,1,1,1
KLU,10,8962,18012,1,1,1
KLU,10,8969,18019,1,1,1
KLU,10,8974,18024,1,1,1
KLU,10,8998,18048,1,1,1
KLU,10,8999,18049,1,1,1
KLU,10,9002,18052,1,1,1
KLU,10,9003,18053,1,1,1
KLU,10,9010,18060,1,1,1
KLU,10,9011,18061,1,1,1
KLU,10,9018,18068,1,1,1
KLU,10,9053,18103,1,1,1
KLU,10,9058,18108,1,1,1
KLU,10,9061,18111,1,1,1
KLU,10,9064,18114,1,1,1
KLU,10,9069,18119,1,1,1
KLU,10,9078,18128,1,1,1
KLU,10,9083,18133,1,1,1
KLU,10,9089,18139,1,1,1
KLU,10,9098,18148,1,1,1
KLU,10,9099,18149,1,1,1
KLU,10,9108,18158,1,1,1
KLU,10,9109,18159,1,1,1
KLU,10,9119,18169,1,1,1
KLU,10,9122,18172,1,1,1
KLU,10,9125,18175,1,1,1
KLU,10,9132,18182,1,1,1
KLU,10,9135,18185,1,1,1
KLU,10,9143,18193,1,1,1
KLU,10,9182,18232,1,1,1
KLU,10,9183,18233,1,1,1
KLU,10,9184,18234,1,1,1
KLU,10,9210,18260,1,1,1
KLU,10,9225,18275,1,0,0
KLU,10,9231,18281,1,1,1
KLU,10,9233,18283,1,1,1
KLU,10,9236,18286,1,0,0
KLU,10,9241,18291,1,1,1
KLU,10,9242,18292,1,1,1
KLU,10,9251,18301,1,1,1
KLU,10,9283,18333,1,1,1
KLU,10,9299,18349,1,1,1
KLU,10,9301,18351,1,1,1
KLU,10,9312,18362,1,0,0
KLU,10,9322,18372,1,1,1
KLU,10,9325,18375,1,1,1
KLU,10,9326,18376,1,1,1
KLU,10,9355,18405,1,1,1
KLU,10,9361,18411,1,1,1
KLU,10,9365,18415,1,1,1
KLU,10,9370,18420,1,1,1
KLU,10,9393,18443,1,1,1
KLU,10,9418,18468,1,1,1
KLU,10,9440,18490,1,1,1
KLU,10,9458,18508,1,1,1
KLU,10,9462,18512,1,1,1
KLU,10,9477,18527,1,1,1
KLU,10,9494,18544,1,1,1
KLU,10,9506,18556,1,1,1
KLU,10,9511,18561,1,1,1
KLU,10,9541,18591,1,1,1
KLU,10,9553,18603,1,0,0
KLU,10,9562,18612,1,1,1
KLU,10,9585,18635,1,1,1
KLU,10,9592,18642,1,1,1
KLU,10,9606,18656,1,1,1
KLU,10,9611,18661,1,1,1
KLU,10,9626,18676,1,1,1
KLU,10,9629,18679,1,1,1
KLU,10,9645,18695,1,1,1
KLU,10,9648,18698,1,1,1
KLU,10,9658,18708,1,1,1
KLU,10,9685,18735,1,1,1
KLU,10,9715,18765,1,1,1
KLU,10,9737,18787,1,1,1
KLU,10,9742,18792,1,1,1
KLU,10,9745,18795,1,1,1
KLU,10,9769,18819,1,1,1
KLU,10,9776,18826,1,0,0
KLU,10,9779,18829,1,1,1
KLU,10,9782,18832,1,1,1
KLU,10,9784,18834,1,1,1
KLU,10,9788,18838,1,1,1
KLU,10,9797,18847,1,1,1
KLU,10,9804,18854,1,1,1
KLU,10,9825,18875,1,1,1
KLU,10,9828,18878,1,1,1
KLU,10,9831,18881,1,0,0
KLU,10,9833,18883,1,1,1
KLU,10,9837,18887,1,0,0
KLU,10,9842,18892,1,1,1
KLU,10,9844,18894,1,1,1
KLU,10,9852,18902,1,1,1
KLU,10,9862,18912,1,1,1
KLU,10,9869,18919,1,0,0
KLU,10,9871,18921,1,1,1
KLU,10,9898,18948,1,1,1
KLU,10,9912,18962,1,1,1
KLU,10,9929,18979,1,1,1
KLU,10,9939,18989,1,1,1
KLU,10,9940,18990,1,1,1
KLU,10,9982,19032,1,1,1
KLU,10,9985,19035,1,1,1
KLU,10,9994,19044,1,1,1
KLU,10,9999,19049,1,1,1
KLU,10,10008,19058,1,1,1
KLU,10,10015,19065,1,0,0
KLU,10,10028,19078,1,1,1
KLU,10,10033,19083,1,1,1
KLU,10,10047,19097,1,1,1
KLU,10,10054,19104,1,1,1
KLU,10,10072,19122,1,1,1
KLU,10,10073,19123,1,1,1
KLU,10,10082,19132,1,1,1
KLU,10,10093,19143,1,1,1
KLU,10,10111,19161,1,1,1
KLU,10,10125,19175,1,1,1
KLU,10,10140,19190,1,1,1
KLU,10,10155,19205,1,1,1
KLU,10,10167,19217,1,1,1
KLU,10,10172,19222,1,1,1
KLU,10,10183,19233,1,1,1
KLU,10,10222,19272,1,1,1
KLU,10,10245,19295,1,1,1
KLU,10,10247,19297,1,1,1
KLU,10,10274,19324,1,1,1
KLU,10,10276,19326,1,1,1
KLU,10,10285,19335,1,1,1
KLU,10,10299,19349,1,0,0
KLU,10,10306,19356,1,1,1
KLU,10,10318,19368,1,1,1
KLU,10,10322,19372,1,1,1
KLU,10,10323,19373,1,1,1
KLU,10,10334,19384,1,1,1
KLU,10,10353,19403,1,1,1
KLU,10,10362,19412,1,1,1
KLU,10,10368,19418,1,1,1
KLU,10,10370,19420,1,1,1
KLU,10,10378,19428,1,1,1
KLU,10,10400,19450,1,1,1
KLU,10,10406,19456,1,1,1
KLU,10,10420,19470,1,1,1
KLU,10,10427,19477,1,1,1
KLU,10,10436,19486,1,1,1
KLU,10,10453,19503,1,1,1
KLU,10,10454,19504,1,1,1
KLU,10,10472,19522,1,1,1
KLU,10,10476,19526,1,1,1
KLU,10,10488,19538,1,0,0
KLU,10,10492,19542,1,1,1
KLU,10,10498,19548,1,1,1
KLU,10,10510,19560,1,1,1
KLU,10,10528,19578,1,1,1
KLU,10,10541,19591,1,1,1
KLU,10,10545,19595,1,1,1
KLU,10,10547,19597,1,1,1
KLU,10,10552,19602,1,1,1
KLU,10,10553,19603,1,1,1
KLU,10,10559,19609,1,1,1
KLU,10,10560,19610,1,1,1
KLU,10,10579,19629,1,1,1
KLU,10,10585,19635,1,1,1
KLU,10,10591,19641,1,1,1
KLU,10,10593,19643,1,0,0
KLU,10,10596,19646,1,1,1
KLU,10,10599,19649,1,1,1
KLU,10,10603,19653,1,1,1
KLU,10,10604,19654,1,1,1
KLU,10,10624,19674,1,1,1
KLU,10,10626,19676,1,1,1
KLU,10,10628,19678,1,1,1
KLU,10,10632,19682,1,1,1
KLU,10,10649,19699,1,1,1
KLU,10,10653,19703,1,1,1
KLU,10,10654,19704,1,1,1
KLU,10,10667,19717,1,0,0
KLU,10,10688,19738,1,1,1
KLU,10,10698,19748,1,1,1
KLU,10,10707,19757,1,1,1
KLU,10,10720,19770,1,1,1
KLU,10,10736,19786,1,0,0
KLU,10,10748,19798,1,1,1
KLU,10,10753,19803,1,1,1
KLU,10,10755,19805,1,1,1
KLU,10,10786,19836,1,1,1
KLU,10,10795,19845,1,1,1
KLU,10,10815,19865,1,1,1
KLU,10,10834,19884,1,1,1
KLU,10,10850,19900,1,1,1
KLU,10,10851,19901,1,1,1
KLU,10,10857,19907,1,1,1
KLU,10,10861,19911,1,1,1
KLU,10,10870,19920,1,1,1
KLU,10,10886,19936,1,1,1
KLU,10,10898,19948,1,1,1
KLU,10,10914,19964,1,1,1
KLU,10,10924,19974,1,1,1
KLU,10,10950,20000,1,1,1
KLU,10,10956,20006,1,1,1
KLU,10,10966,20016,1,1,1
KLU,10,10974,20024,0,0,1
KLU,10,11005,20055,0,0,1
KLU,10,11018,20068,0,1,0
KLU,10,11028,20078,0,0,1
KLU,10,11032,20082,0,0,1
KLU,10,11069,20119,0,0,1
KLU,10,11087,20137,0,0,1
KLU,10,11088,20138,0,1,0
KLU,10,11090,20140,0,0,1
KLU,10,11092,20142,0,0,1
KLU,10,11110,20160,0,0,1
KLU,10,11120,20170,0,1,0
KLU,10,11134,20184,0,0,1
KLU,10,11139,20189,0,1,0
KLU,10,11160,20210,0,0,1
KLU,10,11172,20222,0,0,1
KLU,10,11177,20227,0,0,1
KLU,10,11179,20229,0,1,0
KLU,10,11181,20231,0,0,1
KLU,10,11182,20232,0,0,1
KLU,10,11186,20236,0,0,1
KLU,10,11195,20245,0,0,1
KLU,10,11210,20260,0,0,1
KLU,10,11244,20294,0,0,1
KLU,10,11261,20311,0,0,1
KLU,10,11264,20314,0,0,1
KLU,10,11266,20316,0,0,1
KLU,10,11272,20322,0,0,1
KLU,10,11288,20338,0,0,1
KLU,10,11291,20341,0,0,1
KLU,10,11293,20343,0,0,1
KLU,10,11297,20347,0,0,1
KLU,10,11300,20350,0,0,1
KLU,10,11303,20353,0,0,1
KLU,10,11312,20362,0,0,1
KLU,10,11336,20386,0,0,1
KLU,10,11341,20391,0,0,1
KLU,10,11365,20415,0,0,1
KLU,10,11379,20429,0,0,1
KLU,10,11398,20448,0,0,1
KLU,10,11411,20461,0,1,0
KLU,10,11453,20503,0,0,1
KLU,10,11457,20507,0,1,0
KLU,10,11475,20525,0,0,1
KLU,10,11485,20535,0,1,0
KLU,10,11494,20544,0,0,1
KLU,10,11502,20552,0,0,1
KLU,10,11513,20563,0,0,1
KLU,10,11528,20578,0,0,1
KLU,10,11529,20579,0,0,1
KLU,10,11543,20593,0,0,1
KLU,10,11548,20598,0,0,1
KLU,10,11549,20599,0,0,1
KLU,10,11550,20600,0,0,1
KLU,10,11571,20621,0,0,1
KLU,10,11575,20625,0,1,0
KLU,10,11592,20642,0,0,1
KLU,10,11608,20658,0,0,1
KLU,10,11612,20662,0,1,0
KLU,10,11642,20692,0,1,0
KLU,10,11644,20694,0,0,1
KLU,10,11645,20695,0,0,1
KLU,10,11647,20697,0,0,1
KLU,10,11656,20706,0,1,0
KLU,10,11668,20718,0,0,1
KLU,10,11671,20721,0,1,0
KLU,10,11682,20732,0,0,1
KLU,10,11684,20734,0,0,1
KLU,10,11690,20740,0,0,1
KLU,10,11701,20751,0,0,1
KLU,10,11712,20762,0,0,1
KLU,10,11714,20764,0,0,1
KLU,10,11718,20768,0,0,1
KLU,10,11719,20769,0,0,1
KLU,10,11751,20801,0,1,0
KLU,10,11764,20814,0,0,1
KLU,10,11766,20816,0,0,1
KLU,10,11769,20819,0,0,1
KLU,10,11775,20825,0,0,1
KLU,10,11791,20841,0,0,1
KLU,10,11798,20848,0,0,1
KLU,10,11826,20876,0,0,1
KLU,10,11833,20883,0,0,1
KLU,10,11841,20891,0,0,1
KLU,10,11848,20898,0,0,1
KLU,10,11849,20899,0,0,1
KLU,10,11850,20900,0,0,1
KLU,10,11855,20905,0,0,1
KLU,10,11856,20906,0,0,1
KLU,10,11859,20909,0,0,1
KLU,10,11863,20913,0,0,1
KLU,10,11901,20951,0,0,1
KLU,10,11939,20989,0,0,1
KLU,10,11941,20991,0,0,1
KLU,10,11949,20999,0,0,1
KLU,10,11963,21013,0,0,1
KLU,10,11964,21014,0,0,1
KLU,10,11970,21020,0,0,1
KLU,10,11974,21024,0,0,1
KLU,10,11993,21043,0,0,1
KLU,10,12009,21059,0,0,1
KLU,10,12011,21061,0,1,0
KLU,10,12017,21067,0,0,1
KLU,10,12023,21073,0,0,1
KLU,10,12029,21079,0,0,1
KLU,10,12032,21082,0,0,1
KLU,10,12039,21089,0,0,1
KLU,10,12055,21105,0,0,1
KLU,10,12076,21126,0,0,1
KLU,10,12078,21128,0,1,0
KLU,10,12095,21145,0,0,1
KLU,10,12107,21157,0,0,1
KLU,10,12112,21162,0,0,1
KLU,10,12117,21167,0,0,1
KLU,10,12140,21190,0,0,1
KLU,10,12151,21201,0,0,1
KLU,10,12155,21205,0,0,1
KLU,10,12158,21208,0,1,0
KLU,10,12183,21233,0,0,1
KLU,10,12191,21241,0,0,1
KLU,10,12206,21256,0,0,1
KLU,10,12210,21260,0,0,1
KLU,10,12229,21279,0,0,1
KLU,10,12246,21296,0,0,1
KLU,10,12247,21297,0,0,1
KLU,10,12256,21306,0,0,1
KLU,10,12260,21310,0,0,1
KLU,10,12261,21311,0,0,1
KLU,10,12292,21342,0,0,1
KLU,10,12304,21354,0,0,1
KLU,10,12320,21370,0,0,1
KLU,10,12328,21378,0,0,1
KLU,10,12341,21391,0,1,0
KLU,10,12348,21398,0,0,1
KLU,10,12366,21416,0,0,1
KLU,10,12383,21433,0,0,1
KLU,10,12399,21449,0,0,1
KLU,10,12412,21462,0,1,0
KLU,10,12413,21463,0,0,1
KLU,10,12419,21469,0,0,1
KLU,10,12431,21481,0,0,1
KLU,10,12440,21490,0,0,1
KLU,10,12444,21494,0,0,1
KLU,10,12459,21509,0,0,1
KLU,10,12464,21514,0,0,1
KLU,10,12484,21534,0,0,1
KLU,10,12489,21539,0,0,1
KLU,10,12492,21542,0,0,1
KLU,10,12518,21568,0,0,1
KLU,10,12524,21574,0,0,1
KLU,10,12550,21600,0,0,1
KLU,10,12559,21609,0,0,1
KLU,10,12571,21621,0,0,1
KLU,10,12573,21623,0,0,1
KLU,10,12579,21629,0,0,1
KLU,10,12598,21648,0,0,1
KLU,10,12612,21662,0,0,1
KLU,10,12630,21680,0,0,1
KLU,10,12631,21681,0,0,1
KLU,10,12662,21712,0,0,1
KLU,10,12672,21722,0,0,1
KLU,10,12673,21723,0,0,1
KLU,10,12679,21729,0,0,1
KLU,10,12685,21735,0,0,1
KLU,10,12696,21746,0,0,1
KLU,10,12700,21750,0,0,1
KLU,10,12702,21752,0,0,1
KLU,10,12706,21756,0,0,1
KLU,10,12709,21759,0,0,1
KLU,10,12714,21764,0,0,1
KLU,10,12734,21784,0,0,1
KLU,10,12736,21786,0,0,1
KLU,10,12760,21810,0,0,1
KLU,10,12764,21814,0,0,1
KLU,10,12775,21825,0,0,1
KLU,10,12789,21839,0,0,1
KLU,10,12795,21845,0,0,1
KLU,10,12797,21847,0,0,1
KLU,10,12805,21855,0,0,1
KLU,10,12806,21856,0,0,1
KLU,10,12811,21861,0,0,1
KLU,10,12825,21875,0,0,1
KLU,10,12874,21924,0,0,1
KLU,10,12878,21928,0,0,1
KLU,10,12881,21931,0,0,1
KLU,10,12887,21937,0,0,1
KLU,10,12889,21939,0,0,1
KLU,10,12893,21943,0,0,1
KLU,10,12920,21970,0,0,1
KLU,10,12930,21980,0,0,1
KLU,10,12948,21998,0,0,1
KLU,10,12953,22003,0,0,1
KLU,10,12969,22019,0,0,1
KLU,10,12970,22020,0,1,0
KLU,10,12981,22031,0,1,0
KLU,10,12984,22034,0,0,1
KLU,10,12988,22038,0,0,1
KLU,10,12996,22046,0,0,1
KLU,10,12998,22048,0,0,1
KLU,10,12999,22049,0,0,1
KLU,10,13002,22052,0,0,1
KLU,10,13015,22065,0,1,0
KLU,10,13021,22071,0,0,1
KLU,10,13033,22083,0,0,1
KLU,10,13035,22085,0,0,1
KLU,10,13038,22088,0,0,1
KLU,10,13040,22090,0,0,1
KLU,10,13051,22101,0,0,1
KLU,10,13054,22104,0,0,1
KLU,10,13057,22107,0,0,1
KLU,10,13061,22111,0,0,1
KLU,10,13079,22129,0,0,1
KLU,10,13083,22133,0,0,1
KNK,1,13107,22157,1,1,1
KNK,1,13112,22162,1,1,1
KNK,1,13120,22170,1,1,1
KNK,1,13121,22171,1,1,1
KNK,1,13123,22173,1,1,1
KNK,1,13148,22198,1,1,1
KNK,1,13160,22210,1,1,1
KNK,1,13169,22219,1,1,1
KNK,1,13180,22230,1,1,1
KNK,1,13198,22248,1,1,1
KNK,1,13209,22259,1,1,1
KNK,1,13220,22270,1,1,1
KNK,1,13221,22271,1,1,1
KNK,1,13231,22281,1,1,1
KNK,1,13234,22284,1,1,1
KNK,1,13237,22287,1,1,1
KNK,1,13259,22309,1,1,1
KNK,1,13272,22322,1,1,1
KNK,1,13273,22323,1,1,1
KNK,1,13281,22331,1,1,1
KNK,1,13292,22342,1,1,1
KNK,1,13295,22345,1,1,1
KNK,1,13318,22368,1,1,1
KNK,1,13320,22370,1,1,1
KNK,1,13337,22387,1,1,1
KNK,1,13347,22397,1,1,1
KNK,1,13356,22406,1,1,1
KNK,1,13358,22408,1,1,1
KNK,1,13363,22413,1,1,1
KNK,1,13367,22417,1,1,1
KNK,1,13379,22429,1,1,1
KNK,1,13382,22432,1,1,1
KNK,1,13389,22439,1,1,1
KNK,1,13395,22445,1,1,1
KNK,1,13401,22451,1,1,1
KNK,1,13410,22460,1,1,1
KNK,1,13413,22463,1,1,1
KNK,1,13427,22477,1,1,1
KNK,1,13463,22513,1,1,1
KNK,1,13474,22524,1,1,1
KNK,1,13475,22525,1,1,1
KNK,1,13480,22530,1,1,1
KNK,1,13485,22535,1,1,1
KNK,1,13495,22545,1,1,1
KNK,1,13503,22553,1,1,1
KNK,1,13505,22555,1,1,1
KNK,1,13520,22570,1,1,1
KNK,1,13522,22572,1,1,1
KNK,1,13534,22584,1,1,1
KNK,1,13536,22586,1,1,1
KNK,1,13539,22589,1,1,1
KNK,1,13546,22596,1,1,1
KNK,1,13551,22601,1,1,1
KNK,1,13554,22604,1,1,1
KNK,1,13560,22610,1,1,1
KNK,1,13568,22618,1,1,1
KNK,1,13570,22620,1,1,1
KNK,1,13574,22624,1,1,1
KNK,1,13576,22626,1,1,1
KNK,1,13582,22632,1,1,1
KNK,1,13589,22639,1,1,1
KNK,1,13595,22645,1,1,1
KNK,1,13596,22646,1,1,1
KNK,1,13625,22675,1,1,1
KNK,1,13636,22686,1,1,1
KNK,1,13638,22688,1,1,1
KNK,1,13650,22700,1,1,1
KNK,1,13658,22708,1,1,1
KNK,1,13667,22717,1,1,1
KNK,1,13673,22723,1,1,1
KNK,1,13693,22743,1,1,1
KNK,1,13694,22744,1,1,1
KNK,1,13696,22746,1,1,1
KNK,1,13719,22769,1,1,1
KNK,1,13749,22799,1,1,1
KNK,1,13751,22801,1,1,1
KNK,1,13756,22806,1,1,1
KNK,1,13763,22813,1,1,1
KNK,1,13765,22815,1,1,1
KNK,1,13766,22816,1,1,1
KNK,1,13772,22822,1,1,1
KNK,1,13790,22840,1,1,1
KNK,1,13795,22845,1,1,1
KNK,1,13796,22846,1,1,1
KNK,1,13805,22855,1,1,1
KNK,1,13811,22861,1,1,1
KNK,1,13851,22901,1,1,1
KNK,1,13855,22905,1,1,1
KNK,1,13856,22906,1,1,1
KNK,1,13866,22916,1,1,1
KNK,1,13867,22917,1,1,1
KNK,1,13884,22934,1,1,1
KNK,1,13891,22941,1,1,1
KNK,1,13893,22943,1,1,1
KNK,1,13898,22948,1,1,1
KNK,1,13912,22962,1,1,1
KNK,1,13917,22967,1,1,1
KNK,1,13942,22992,1,1,1
KNK,1,13943,22993,1,1,1
KNK,1,13947,22997,1,1,1
KNK,1,13949,22999,1,1,1
KNK,1,13957,23007,1,1,1
KNK,1,13958,23008,1,1,1
KNK,1,13959,23009,1,1,1
KNK,1,13972,23022,1,1,1
KNK,1,13974,23024,1,1,1
KNK,1,13989,23039,1,1,1
KNK,1,13990,23040,1,1,1
KNK,1,13993,23043,1,1,1
KNK,1,14009,23059,1,1,1
KNK,1,14021,23071,1,1,1
KNK,1,14028,23078,1,1,1
KNK,1,14033,23083,1,1,1
KNK,1,14035,23085,1,1,1
KNK,1,14041,23091,1,1,1
KNK,1,14058,23108,1,1,1
KNK,1,14061,23111,1,1,1
KNK,1,14064,23114,1,1,1
KNK,1,14081,23131,1,1,1
KNK,1,14084,23134,1,1,1
KNK,1,14087,23137,1,1,1
KNK,1,14089,23139,1,1,1
KNK,1,14110,23160,1,1,1
KNK,1,14126,23176,1,1,1
KNK,1,14127,23177,1,1,1
KNK,1,14129,23179,1,1,1
KNK,1,14145,23195,1,1,1
KNK,1,14150,23200,1,1,1
KNK,1,14185,23235,1,1,1
KNK,1,14196,23246,1,1,1
KNK,1,14200,23250,1,1,1
KNK,1,14210,23260,1,1,1
KNK,1,14217,23267,1,1,1
KNK,1,14219,23269,1,1,1
KNK,1,14226,23276,1,1,1
KNK,1,14244,23294,1,1,1
KNK,1,14258,23308,1,1,1
KNK,1,14261,23311,1,1,1
KNK,1,14285,23335,1,1,1
KNK,1,14304,23354,1,1,1
KNK,1,14320,23370,1,1,1
KNK,1,14328,23378,1,1,1
KNK,1,14354,23404,1,1,1
KNK,1,14367,23417,1,1,1
KNK,1,14388,23438,1,1,1
KNK,1,14404,23454,1,1,1
KNK,1,14406,23456,1,1,1
KNK,1,14443,23493,1,1,1
KNK,1,14454,23504,1,1,1
KNK,1,14485,23535,1,1,1
KNK,1,14498,23548,1,1,1
KNK,1,14515,23565,1,1,1
KNK,1,14528,23578,1,1,1
KNK,1,14530,23580,1,1,1
KNK,1,14531,23581,1,1,1
KNK,1,14533,23583,1,1,1
KNK,1,14546,23596,1,1,1
KNK,1,14561,23611,1,1,1
KNK,1,14597,23647,1,1,1
KNK,1,14602,23652,1,1,1
KNK,1,14615,23665,1,1,1
KNK,1,14625,23675,1,1,1
KNK,1,14626,23676,1,1,1
KNK,1,14632,23682,1,1,1
KNK,1,14634,23684,1,1,1
KNK,1,14641,23691,1,1,1
KNK,1,14643,23693,1,1,1
KNK,1,14666,23716,1,1,1
KNK,1,14693,23743,1,1,1
KNK,1,14728,23778,1,1,1
KNK,1,14741,23791,1,1,1
KNK,1,14752,23802,1,1,1
KNK,1,14753,23803,1,1,1
KNK,1,14754,23804,1,0,0
KNK,1,14756,23806,1,1,1
KNK,1,14758,23808,1,1,1
KNK,1,14774,23824,1,1,1
KNK,1,14786,23836,1,1,1
KNK,1,14805,23855,1,1,1
KNK,1,14809,23859,1,1,1
KNK,1,14819,23869,1,1,1
KNK,1,14821,23871,1,1,1
KNK,1,14827,23877,1,1,1
KNK,1,14838,23888,1,1,1
KNK,1,14849,23899,1,1,1
KNK,1,14859,23909,1,1,1
KNK,1,14860,23910,1,1,1
KNK,1,14863,23913,1,1,1
KNK,1,14865,23915,1,1,1
KNK,1,14874,23924,1,1,1
KNK,1,14882,23932,1,1,1
KNK,1,14895,23945,1,1,1
KNK,1,14903,23953,1,1,1
KNK,1,14934,23984,1,1,1
KNK,1,14950,24000,1,1,1
KNK,1,14969,24019,1,1,1
KNK,1,14977,24027,1,1,1
KNK,1,14980,24030,1,1,1
KNK,1,14988,24038,1,1,1
KNK,1,14989,24039,1,1,1
KNK,1,14997,24047,1,1,1
KNK,1,15004,24054,1,1,1
KNK,1,15030,24080,1,1,1
KNK,1,15033,24083,1,1,1
KNK,1,15040,24090,1,1,1
KNK,1,15068,24118,1,1,1
KNK,1,15074,24124,1,1,1
KNK,1,15082,24132,1,1,1
KNK,1,15106,24156,1,1,1
KNK,1,15112,24162,1,1,1
KNK,1,15114,24164,1,1,1
KNK,1,15130,24180,1,1,1
KNK,1,15147,24197,1,1,1
KNK,1,15195,24245,1,1,1
KNK,1,15196,24246,1,1,1
KNK,1,15209,24259,1,1,1
KNK,1,15211,24261,1,1,1
KNK,1,15224,24274,1,1,1
KNK,1,15229,24279,1,1,1
KNK,1,15248,24298,1,1,1
KNK,1,15297,24347,1,1,1
KNK,1,15304,24354,1,0,0
KNK,1,15306,24356,1,1,1
KNK,1,15308,24358,1,1,1
KNK,1,15311,24361,1,1,1
KNK,1,15327,24377,1,1,1
KNK,1,15328,24378,1,1,1
KNK,1,15332,24382,1,1,1
KNK,1,15339,24389,1,1,1
KNK,1,15348,24398,1,1,1
KNK,1,15349,24399,1,1,1
KNK,1,15363,24413,1,1,1
KNK,1,15377,24427,1,1,1
KNK,1,15394,24444,1,1,1
KNK,1,15407,24457,1,1,1
KNK,1,15450,24500,1,1,1
KNK,1,15460,24510,1,1,1
KNK,1,15470,24520,0,0,1
KNK,1,15483,24533,0,0,1
KNK,1,15495,24545,0,0,1
KNK,1,15499,24549,0,0,1
KNK,1,15504,24554,0,0,1
KNK,1,15521,24571,0,0,1
KNK,1,15528,24578,0,0,1
KNK,1,15550,24600,0,0,1
KNK,1,15560,24610,0,0,1
KNK,1,15580,24630,0,0,1
KNK,1,15583,24633,0,0,1
KNK,1,15585,24635,0,0,1
KNK,1,15586,24636,0,0,1
KNK,1,15591,24641,0,0,1
KNK,1,15604,24654,0,0,1
KNK,1,15610,24660,0,0,1
KNK,1,15613,24663,0,0,1
KNK,1,15618,24668,0,0,1
KNK,1,15625,24675,0,0,1
KNK,1,15630,24680,0,0,1
KNK,1,15637,24687,0,0,1
KNK,1,15645,24695,0,0,1
KNK,1,15657,24707,0,0,1
KNK,1,15666,24716,0,0,1
KNK,1,15676,24726,0,0,1
KNK,1,15680,24730,0,0,1
KNK,1,15685,24735,0,0,1
KNK,1,15690,24740,0,0,1
KNK,1,15708,24758,0,0,1
KNK,1,15714,24764,0,0,1
KNK,1,15727,24777,0,0,1
KNK,1,15729,24779,0,0,1
KNK,1,15737,24787,0,0,1
KNK,1,15741,24791,0,0,1
KNK,1,15742,24792,0,1,0
KNK,1,15766,24816,0,0,1
KNK,1,15791,24841,0,0,1
KNK,1,15806,24856,0,0,1
KNK,1,15816,24866,0,0,1
KNK,1,15817,24867,0,0,1
KNK,1,15822,24872,0,0,1
KNK,1,15836,24886,0,0,1
KNK,1,15856,24906,0,0,1
KNK,1,15862,24912,0,0,1
KNK,1,15874,24924,0,0,1
KNK,1,15877,24927,0,0,1
KNK,1,15888,24938,0,0,1
KNK,1,15910,24960,0,0,1
KNK,1,15913,24963,0,0,1
KNK,1,15917,24967,0,0,1
KNK,1,15924,24974,0,0,1
KNK,1,15926,24976,0,0,1
KNK,1,15948,24998,0,0,1
KNK,1,15954,25004,0,0,1
KNK,1,15960,25010,0,0,1
KNK,1,15976,25026,0,0,1
KNK,1,15994,25044,0,0,1
KNK,1,15997,25047,0,0,1
KNK,1,16020,25070,0,0,1
KNK,1,16042,25092,0,0,1
KNK,1,16051,25101,0,0,1
KNK,1,16072,25122,0,0,1
KNK,1,16076,25126,0,0,1
KNK,1,16083,25133,0,0,1
KNK,1,16091,25141,0,0,1
KNK,1,16097,25147,0,0,1
KNK,1,16114,25164,0,0,1
KNK,1,16126,25176,0,0,1
KNK,1,16129,25179,0,0,1
KNK,1,16139,25189,0,0,1
KNK,1,16142,25192,0,0,1
KNK,1,16144,25194,0,0,1
KNK,1,16145,25195,0,0,1
KNK,1,16165,25215,0,0,1
KNK,1,16166,25216,0,0,1
KNK,1,16167,25217,0,0,1
KNK,1,16169,25219,0,0,1
KNK,1,16170,25220,0,0,1
KNK,1,16178,25228,0,0,1
KNK,1,16214,25264,0,0,1
KNK,1,16221,25271,0,0,1
KNK,1,16226,25276,0,0,1
KNK,1,16227,25277,0,0,1
KNK,1,16256,25306,0,0,1
KNK,1,16257,25307,0,0,1
KNK,1,16317,25367,0,0,1
KNK,1,16333,25383,0,0,1
KNK,1,16336,25386,0,0,1
KNK,1,16344,25394,0,0,1
KNK,1,16348,25398,0,0,1
KNK,1,16353,25403,0,0,1
KNK,1,16363,25413,0,0,1
KNK,1,16374,25424,0,0,1
KNK,1,16385,25435,0,0,1
KNK,1,16393,25443,0,0,1
KNK,1,16419,25469,0,0,1
KNK,1,16425,25475,0,0,1
KNK,1,16441,25491,0,0,1
KNK,1,16444,25494,0,0,1
KNK,1,16446,25496,0,0,1
KNK,1,16448,25498,0,0,1
KNK,1,16450,25500,0,0,1
KNK,1,16451,25501,0,0,1
KNK,1,16468,25518,0,0,1
KNK,1,16469,25519,0,0,1
KNK,1,16483,25533,0,0,1
KNK,1,16492,25542,0,0,1
KNK,1,16497,25547,0,0,1
KNK,1,16498,25548,0,0,1
KNK,1,16524,25574,0,0,1
KNK,1,16526,25576,0,0,1
KNK,1,16532,25582,0,0,1
KNK,1,16546,25596,0,0,1
KNK,1,16551,25601,0,0,1
KNK,1,16553,25603,0,0,1
KNK,1,16558,25608,0,0,1
KNK,1,16561,25611,0,0,1
KNK,1,16572,25622,0,0,1
KNK,1,16573,25623,0,0,1
KNK,1,16578,25628,0,0,1
KNK,1,16601,25651,0,0,1
KNK,1,16615,25665,0,0,1
KNK,1,16638,25688,0,0,1
KNK,1,16642,25692,0,0,1
KNK,1,16682,25732,0,0,1
KNK,1,16703,25753,0,0,1
KNK,1,16714,25764,0,0,1
KNK,1,16736,25786,0,0,1
KNK,1,16742,25792,0,0,1
KNK,1,16749,25799,0,0,1
KNK,1,16762,25812,0,0,1
KNK,1,16774,25824,0,0,1
KNK,1,16778,25828,0,0,1
KNK,1,16788,25838,0,0,1
KNK,1,16789,25839,0,0,1
KNK,1,16790,25840,0,0,1
KNK,1,16791,25841,0,0,1
KNK,1,16801,25851,0,0,1
KNK,1,16809,25859,0,0,1
KNK,1,16812,25862,0,0,1
KNK,1,16815,25865,0,0,1
KNK,1,16819,25869,0,0,1
KNK,1,16828,25878,0,0,1
KNK,1,16841,25891,0,0,1
KNK,1,16867,25917,0,0,1
KNK,1,16873,25923,0,0,1
KNK,1,16877,25927,0,0,1
KNK,1,16890,25940,0,0,1
KNK,1,16896,25946,0,0,1
KNK,1,16903,25953,0,0,1
KNK,1,16921,25971,0,0,1
KNK,1,16925,25975,0,0,1
KNK,1,16930,25980,0,0,1
KNK,1,16965,26015,0,1,0
KNK,1,16980,26030,0,0,1
KNK,1,16987,26037,0,0,1
KNK,1,16995,26045,0,0,1
KNK,1,16998,26048,0,0,1
KNK,1,17033,26083,0,0,1
KNK,1,17039,26089,0,0,1
KNK,1,17053,26103,0,0,1
KNK,1,17093,26143,0,0,1
KNK,1,17094,26144,0,0,1
KNK,1,17096,26146,0,0,1
KNK,1,17117,26167,0,0,1
KNK,1,17126,26176,0,0,1
KNK,1,17127,26177,0,0,1
KNK,1,17137,26187,0,0,1
KNK,1,17138,26188,0,0,1
KNK,1,17145,26195,0,0,1
KNK,1,17148,26198,0,0,1
KNK,1,17150,26200,0,0,1
KNK,1,17156,26206,0,0,1
KNK,1,17166,26216,0,0,1
KNK,1,17169,26219,0,0,1
KNK,1,17186,26236,0,1,0
KNK,1,17200,26250,0,0,1
KNK,1,17206,26256,0,0,1
KNK,1,17222,26272,0,0,1
KNK,1,17228,26278,0,0,1
KNK,1,17241,26291,0,0,1
KNK,1,17247,26297,0,0,1
KNK,1,17264,26314,0,0,1
KNK,1,17267,26317,0,0,1
KNK,1,17268,26318,0,0,1
KNK,1,17277,26327,0,0,1
KNK,1,17278,26328,0,0,1
KNK,1,17282,26332,0,0,1
KNK,1,17305,26355,0,0,1
KNK,1,17311,26361,0,0,1
KNK,1,17327,26377,0,0,1
KNK,1,17331,26381,0,0,1
KNK,1,17337,26387,0,0,1
KNK,1,17344,26394,0,0,1
KNK,1,17350,26400,0,0,1
KNK,1,17363,26413,0,0,1
KNK,1,17365,26415,0,0,1
KNK,1,17369,26419,0,0,1
KNK,1,17373,26423,0,0,1
KNK,1,17381,26431,0,0,1
KNK,1,17384,26434,0,0,1
KNK,1,17391,26441,0,0,1
KNK,1,17403,26453,0,0,1
KNK,1,17419,26469,0,0,1
KNK,1,17468,26518,0,0,1
KNK,1,17493,26543,0,0,1
KNK,1,17500,26550,0,0,1
KNK,1,17502,26552,0,0,1
KNK,1,17552,26602,0,0,1
KNK,1,17557,26607,0,0,1
KNK,2,13114,22164,1,1,1
KNK,2,13134,22184,1,1,1
KNK,2,13147,22197,1,1,1
KNK,2,13149,22199,1,1,1
KNK,2,13152,22202,1,1,1
KNK,2,13174,22224,1,1,1
KNK,2,13194,22244,1,1,1
KNK,2,13201,22251,1,1,1
KNK,2,13206,22256,1,1,1
KNK,2,13213,22263,1,1,1
KNK,2,13214,22264,1,0,0
KNK,2,13243,22293,1,1,1
KNK,2,13254,22304,1,1,1
KNK,2,13256,22306,1,1,1
KNK,2,13284,22334,1,1,1
KNK,2,13290,22340,1,1,1
KNK,2,13315,22365,1,1,1
KNK,2,13317,22367,1,1,1
KNK,2,13321,22371,1,1,1
KNK,2,13323,22373,1,1,1
KNK,2,13331,22381,1,1,1
KNK,2,13341,22391,1,1,1
KNK,2,13362,22412,1,1,1
KNK,2,13386,22436,1,1,1
KNK,2,13388,22438,1,1,1
KNK,2,13397,22447,1,1,1
KNK,2,13403,22453,1,1,1
KNK,2,13409,22459,1,1,1
KNK,2,13430,22480,1,1,1
KNK,2,13432,22482,1,1,1
KNK,2,13445,22495,1,1,1
KNK,2,13453,22503,1,1,1
KNK,2,13457,22507,1,1,1
KNK,2,13460,22510,1,1,1
KNK,2,13494,22544,1,1,1
KNK,2,13502,22552,1,1,1
KNK,2,13509,22559,1,1,1
KNK,2,13523,22573,1,1,1
KNK,2,13542,22592,1,1,1
KNK,2,13549,22599,1,1,1
KNK,2,13550,22600,1,1,1
KNK,2,13557,22607,1,1,1
KNK,2,13584,22634,1,0,0
KNK,2,13602,22652,1,1,1
KNK,2,13611,22661,1,1,1
KNK,2,13612,22662,1,1,1
KNK,2,13628,22678,1,1,1
KNK,2,13632,22682,1,1,1
KNK,2,13633,22683,1,1,1
KNK,2,13675,22725,1,1,1
KNK,2,13688,22738,1,1,1
KNK,2,13708,22758,1,1,1
KNK,2,13721,22771,1,1,1
KNK,2,13728,22778,1,1,1
KNK,2,13731,22781,1,1,1
KNK,2,13745,22795,1,1,1
KNK,2,13775,22825,1,1,1
KNK,2,13781,22831,1,1,1
KNK,2,13791,22841,1,1,1
KNK,2,13812,22862,1,1,1
KNK,2,13814,22864,1,1,1
KNK,2,13818,22868,1,0,0
KNK,2,13819,22869,1,1,1
KNK,2,13834,22884,1,1,1
KNK,2,13847,22897,1,1,1
KNK,2,13857,22907,1,1,1
KNK,2,13861,22911,1,1,1
KNK,2,13862,22912,1,1,1
KNK,2,13863,22913,1,1,1
KNK,2,13879,22929,1,1,1
KNK,2,13882,22932,1,1,1
KNK,2,13892,22942,1,1,1
KNK,2,13894,22944,1,1,1
KNK,2,13905,22955,1,1,1
KNK,2,13911,22961,1,1,1
KNK,2,13964,23014,1,1,1
KNK,2,13979,23029,1,1,1
KNK,2,13985,23035,1,1,1
KNK,2,13999,23049,1,1,1
KNK,2,14001,23051,1,1,1
KNK,2,14017,23067,1,1,1
KNK,2,14024,23074,1,1,1
KNK,2,14030,23080,1,1,1
KNK,2,14038,23088,1,1,1
KNK,2,14054,23104,1,1,1
KNK,2,14059,23109,1,1,1
KNK,2,14067,23117,1,1,1
KNK,2,14072,23122,1,1,1
KNK,2,14077,23127,1,1,1
KNK,2,14104,23154,1,1,1
KNK,2,14112,23162,1,1,1
KNK,2,14115,23165,1,1,1
KNK,2,14140,23190,1,1,1
KNK,2,14153,23203,1,1,1
KNK,2,14154,23204,1,1,1
KNK,2,14158,23208,1,1,1
KNK,2,14160,23210,1,1,1
KNK,2,14161,23211,1,1,1
KNK,2,14171,23221,1,1,1
KNK,2,14177,23227,1,1,1
KNK,2,14195,23245,1,1,1
KNK,2,14221,23271,1,1,1
KNK,2,14223,23273,1,1,1
KNK,2,14242,23292,1,1,1
KNK,2,14245,23295,1,1,1
KNK,2,14274,23324,1,1,1
KNK,2,14278,23328,1,1,1
KNK,2,14280,23330,1,1,1
KNK,2,14282,23332,1,1,1
KNK,2,14308,23358,1,1,1
KNK,2,14309,23359,1,1,1
KNK,2,14312,23362,1,1,1
KNK,2,14348,23398,1,1,1
KNK,2,14374,23424,1,1,1
KNK,2,14384,23434,1,1,1
KNK,2,14387,23437,1,1,1
KNK,2,14389,23439,1,1,1
KNK,2,14400,23450,1,1,1
KNK,2,14402,23452,1,1,1
KNK,2,14408,23458,1,1,1
KNK,2,14409,23459,1,1,1
KNK,2,14410,23460,1,1,1
KNK,2,14413,23463,1,1,1
KNK,2,14414,23464,1,1,1
KNK,2,14416,23466,1,1,1
KNK,2,14419,23469,1,1,1
KNK,2,14425,23475,1,1,1
KNK,2,14427,23477,1,1,1
KNK,2,14450,23500,1,1,1
KNK,2,14453,23503,1,1,1
KNK,2,14466,23516,1,1,1
KNK,2,14474,23524,1,1,1
KNK,2,14476,23526,1,1,1
KNK,2,14495,23545,1,1,1
KNK,2,14504,23554,1,0,0
KNK,2,14506,23556,1,1,1
KNK,2,14509,23559,1,1,1
KNK,2,14511,23561,1,1,1
KNK,2,14513,23563,1,1,1
KNK,2,14534,23584,1,1,1
KNK,2,14539,23589,1,1,1
KNK,2,14550,23600,1,1,1
KNK,2,14556,23606,1,1,1
KNK,2,14563,23613,1,1,1
KNK,2,14565,23615,1,1,1
KNK,2,14612,23662,1,1,1
KNK,2,14617,23667,1,1,1
KNK,2,14623,23673,1,1,1
KNK,2,14646,23696,1,1,1
KNK,2,14648,23698,1,1,1
KNK,2,14653,23703,1,1,1
KNK,2,14661,23711,1,1,1
KNK,2,14697,23747,1,1,1
KNK,2,14702,23752,1,1,1
KNK,2,14743,23793,1,1,1
KNK,2,14755,23805,1,1,1
KNK,2,14785,23835,1,1,1
KNK,2,14788,23838,1,1,1
KNK,2,14789,23839,1,0,0
KNK,2,14794,23844,1,1,1
KNK,2,14799,23849,1,1,1
KNK,2,14804,23854,1,1,1
KNK,2,14816,23866,1,1,1
KNK,2,14818,23868,1,1,1
KNK,2,14824,23874,1,1,1
KNK,2,14844,23894,1,1,1
KNK,2,14850,23900,1,1,1
KNK,2,14862,23912,1,1,1
KNK,2,14864,23914,1,1,1
KNK,2,14875,23925,1,1,1
KNK,2,14890,23940,1,1,1
KNK,2,14905,23955,1,1,1
KNK,2,14920,23970,1,1,1
KNK,2,14922,23972,1,0,0
KNK,2,14926,23976,1,1,1
KNK,2,14938,23988,1,1,1
KNK,2,14941,23991,1,1,1
KNK,2,14954,24004,1,1,1
KNK,2,14963,24013,1,1,1
KNK,2,14973,24023,1,1,1
KNK,2,14979,24029,1,1,1
KNK,2,14984,24034,1,1,1
KNK,2,14991,24041,1,1,1
KNK,2,14998,24048,1,1,1
KNK,2,15000,24050,1,1,1
KNK,2,15002,24052,1,1,1
KNK,2,15003,24053,1,1,1
KNK,2,15006,24056,1,1,1
KNK,2,15011,24061,1,1,1
KNK,2,15019,24069,1,1,1
KNK,2,15021,24071,1,1,1
KNK,2,15027,24077,1,1,1
KNK,2,15037,24087,1,1,1
KNK,2,15038,24088,1,1,1
KNK,2,15047,24097,1,1,1
KNK,2,15050,24100,1,1,1
KNK,2,15061,24111,1,1,1
KNK,2,15079,24129,1,1,1
KNK,2,15083,24133,1,1,1
KNK,2,15084,24134,1,1,1
KNK,2,15094,24144,1,1,1
KNK,2,15100,24150,1,1,1
KNK,2,15102,24152,1,1,1
KNK,2,15108,24158,1,1,1
KNK,2,15109,24159,1,1,1
KNK,2,15111,24161,1,1,1
KNK,2,15117,24167,1,1,1
KNK,2,15124,24174,1,1,1
KNK,2,15127,24177,1,1,1
KNK,2,15133,24183,1,1,1
KNK,2,15165,24215,1,1,1
KNK,2,15173,24223,1,1,1
KNK,2,15178,24228,1,1,1
KNK,2,15214,24264,1,1,1
KNK,2,15219,24269,1,1,1
KNK,2,15228,24278,1,1,1
KNK,2,15232,24282,1,1,1
KNK,2,15240,24290,1,1,1
KNK,2,15246,24296,1,1,1
KNK,2,15254,24304,1,1,1
KNK,2,15266,24316,1,1,1
KNK,2,15267,24317,1,1,1
KNK,2,15270,24320,1,1,1
KNK,2,15278,24328,1,1,1
KNK,2,15301,24351,1,1,1
KNK,2,15356,24406,1,1,1
KNK,2,15369,24419,1,1,1
KNK,2,15371,24421,1,1,1
KNK,2,15380,24430,1,1,1
KNK,2,15384,24434,1,1,1
KNK,2,15397,24447,1,1,1
KNK,2,15400,24450,1,1,1
KNK,2,15415,24465,1,1,1
KNK,2,15423,24473,1,1,1
KNK,2,15428,24478,1,1,1
KNK,2,15436,24486,1,1,1
KNK,2,15445,24495,1,1,1
KNK,2,15481,24531,0,0,1
KNK,2,15482,24532,0,0,1
KNK,2,15492,24542,0,0,1
KNK,2,15494,24544,0,0,1
KNK,2,15512,24562,0,0,1
KNK,2,15516,24566,0,0,1
KNK,2,15527,24577,0,0,1
KNK,2,15545,24595,0,0,1
KNK,2,15546,24596,0,0,1
KNK,2,15552,24602,0,0,1
KNK,2,15567,24617,0,0,1
KNK,2,15638,24688,0,0,1
KNK,2,15641,24691,0,0,1
KNK,2,15663,24713,0,0,1
KNK,2,15686,24736,0,0,1
KNK,2,15744,24794,0,1,0
KNK,2,15754,24804,0,0,1
KNK,2,15765,24815,0,0,1
KNK,2,15782,24832,0,0,1
KNK,2,15795,24845,0,0,1
KNK,2,15802,24852,0,0,1
KNK,2,15830,24880,0,0,1
KNK,2,15831,24881,0,0,1
KNK,2,15849,24899,0,0,1
KNK,2,15852,24902,0,0,1
KNK,2,15875,24925,0,0,1
KNK,2,15880,24930,0,0,1
KNK,2,15882,24932,0,0,1
KNK,2,15883,24933,0,0,1
KNK,2,15887,24937,0,0,1
KNK,2,15904,24954,0,0,1
KNK,2,15922,24972,0,0,1
KNK,2,15930,24980,0,0,1
KNK,2,15933,24983,0,0,1
KNK,2,15935,24985,0,0,1
KNK,2,15965,25015,0,0,1
KNK,2,15982,25032,0,0,1
KNK,2,15985,25035,0,0,1
KNK,2,15995,25045,0,0,1
KNK,2,16003,25053,0,0,1
KNK,2,16008,25058,0,0,1
KNK,2,16048,25098,0,0,1
KNK,2,16049,25099,0,0,1
KNK,2,16054,25104,0,0,1
KNK,2,16059,25109,0,0,1
KNK,2,16069,25119,0,0,1
KNK,2,16073,25123,0,0,1
KNK,2,16075,25125,0,0,1
KNK,2,16080,25130,0,0,1
KNK,2,16084,25134,0,0,1
KNK,2,16086,25136,0,0,1
KNK,2,16116,25166,0,0,1
KNK,2,16121,25171,0,0,1
KNK,2,16136,25186,0,0,1
KNK,2,16154,25204,0,0,1
KNK,2,16160,25210,0,0,1
KNK,2,16168,25218,0,0,1
KNK,2,16173,25223,0,0,1
KNK,2,16180,25230,0,0,1
KNK,2,16189,25239,0,0,1
KNK,2,16200,25250,0,0,1
KNK,2,16228,25278,0,0,1
KNK,2,16246,25296,0,0,1
KNK,2,16247,25297,0,0,1
KNK,2,16260,25310,0,0,1
KNK,2,16264,25314,0,0,1
KNK,2,16302,25352,0,0,1
KNK,2,16343,25393,0,0,1
KNK,2,16346,25396,0,0,1
KNK,2,16361,25411,0,0,1
KNK,2,16365,25415,0,0,1
KNK,2,16368,25418,0,0,1
KNK,2,16371,25421,0,0,1
KNK,2,16390,25440,0,0,1
KNK,2,16400,25450,0,0,1
KNK,2,16401,25451,0,0,1
KNK,2,16421,25471,0,0,1
KNK,2,16422,25472,0,0,1
KNK,2,16431,25481,0,0,1
KNK,2,16432,25482,0,0,1
KNK,2,16437,25487,0,0,1
KNK,2,16438,25488,0,0,1
KNK,2,16456,25506,0,0,1
KNK,2,16459,25509,0,0,1
KNK,2,16475,25525,0,0,1
KNK,2,16479,25529,0,0,1
KNK,2,16482,25532,0,0,1
KNK,2,16506,25556,0,0,1
KNK,2,16520,25570,0,0,1
KNK,2,16540,25590,0,0,1
KNK,2,16541,25591,0,0,1
KNK,2,16556,25606,0,0,1
KNK,2,16562,25612,0,0,1
KNK,2,16575,25625,0,0,1
KNK,2,16576,25626,0,0,1
KNK,2,16579,25629,0,0,1
KNK,2,16588,25638,0,0,1
KNK,2,16592,25642,0,0,1
KNK,2,16596,25646,0,0,1
KNK,2,16599,25649,0,0,1
KNK,2,16603,25653,0,0,1
KNK,2,16617,25667,0,0,1
KNK,2,16625,25675,0,0,1
KNK,2,16636,25686,0,0,1
KNK,2,16647,25697,0,0,1
KNK,2,16677,25727,0,0,1
KNK,2,16680,25730,0,0,1
KNK,2,16685,25735,0,0,1
KNK,2,16686,25736,0,0,1
KNK,2,16690,25740,0,0,1
KNK,2,16693,25743,0,0,1
KNK,2,16715,25765,0,0,1
KNK,2,16718,25768,0,0,1
KNK,2,16719,25769,0,0,1
KNK,2,16723,25773,0,0,1
KNK,2,16730,25780,0,0,1
KNK,2,16744,25794,0,0,1
KNK,2,16748,25798,0,0,1
KNK,2,16773,25823,0,0,1
KNK,2,16783,25833,0,0,1
KNK,2,16796,25846,0,0,1
KNK,2,16813,25863,0,0,1
KNK,2,16816,25866,0,0,1
KNK,2,16820,25870,0,0,1
KNK,2,16827,25877,0,0,1
KNK,2,16831,25881,0,0,1
KNK,2,16837,25887,0,0,1
KNK,2,16847,25897,0,0,1
KNK,2,16848,25898,0,0,1
KNK,2,16855,25905,0,0,1
KNK,2,16859,25909,0,0,1
KNK,2,16888,25938,0,0,1
KNK,2,16892,25942,0,0,1
KNK,2,16900,25950,0,0,1
KNK,2,16917,25967,0,0,1
KNK,2,16926,25976,0,0,1
KNK,2,16939,25989,0,0,1
KNK,2,16942,25992,0,0,1
KNK,2,16946,25996,0,0,1
KNK,2,16947,25997,0,0,1
KNK,2,16951,26001,0,0,1
KNK,2,16955,26005,0,0,1
KNK,2,16956,26006,0,0,1
KNK,2,16958,26008,0,0,1
KNK,2,16966,26016,0,0,1
KNK,2,17006,26056,0,0,1
KNK,2,17011,26061,0,0,1
KNK,2,17018,26068,0,0,1
KNK,2,17025,26075,0,0,1
KNK,2,17027,26077,0,0,1
KNK,2,17038,26088,0,0,1
KNK,2,17044,26094,0,0,1
KNK,2,17045,26095,0,0,1
KNK,2,17057,26107,0,0,1
KNK,2,17058,26108,0,0,1
KNK,2,17064,26114,0,0,1
KNK,2,17072,26122,0,0,1
KNK,2,17073,26123,0,0,1
KNK,2,17074,26124,0,0,1
KNK,2,17078,26128,0,0,1
KNK,2,17100,26150,0,0,1
KNK,2,17113,26163,0,0,1
KNK,2,17114,26164,0,0,1
KNK,2,17115,26165,0,0,1
KNK,2,17118,26168,0,0,1
KNK,2,17157,26207,0,0,1
KNK,2,17159,26209,0,0,1
KNK,2,17171,26221,0,0,1
KNK,2,17177,26227,0,0,1
KNK,2,17178,26228,0,0,1
KNK,2,17194,26244,0,0,1
KNK,2,17196,26246,0,0,1
KNK,2,17201,26251,0,0,1
KNK,2,17210,26260,0,0,1
KNK,2,17220,26270,0,0,1
KNK,2,17231,26281,0,0,1
KNK,2,17235,26285,0,0,1
KNK,2,17240,26290,0,0,1
KNK,2,17248,26298,0,0,1
KNK,2,17259,26309,0,0,1
KNK,2,17270,26320,0,0,1
KNK,2,17275,26325,0,0,1
KNK,2,17285,26335,0,0,1
KNK,2,17287,26337,0,0,1
KNK,2,17293,26343,0,0,1
KNK,2,17295,26345,0,0,1
KNK,2,17298,26348,0,0,1
KNK,2,17307,26357,0,0,1
KNK,2,17310,26360,0,0,1
KNK,2,17323,26373,0,1,0
KNK,2,17370,26420,0,0,1
KNK,2,17372,26422,0,0,1
KNK,2,17387,26437,0,0,1
KNK,2,17406,26456,0,0,1
KNK,2,17408,26458,0,0,1
KNK,2,17412,26462,0,0,1
KNK,2,17416,26466,0,0,1
KNK,2,17440,26490,0,0,1
KNK,2,17483,26533,0,0,1
KNK,2,17485,26535,0,0,1
KNK,2,17488,26538,0,0,1
KNK,2,17516,26566,0,0,1
KNK,2,17521,26571,0,0,1
KNK,2,17523,26573,0,0,1
KNK,2,17530,26580,0,0,1
KNK,2,17539,26589,0,0,1
KNK,2,17545,26595,0,0,1
KNK,2,17548,26598,0,0,1
KNK,2,17549,26599,0,0,1
KNK,2,17551,26601,0,0,1
KNK,3,13106,22156,1,1,1
KNK,3,13128,22178,1,1,1
KNK,3,13133,22183,1,1,1
KNK,3,13136,22186,1,1,1
KNK,3,13155,22205,1,1,1
KNK,3,13158,22208,1,1,1
KNK,3,13164,22214,1,1,1
KNK,3,13168,22218,1,1,1
KNK,3,13177,22227,1,1,1
KNK,3,13190,22240,1,1,1
KNK,3,13197,22247,1,1,1
KNK,3,13203,22253,1,1,1
KNK,3,13212,22262,1,1,1
KNK,3,13217,22267,1,1,1
KNK,3,13245,22295,1,1,1
KNK,3,13253,22303,1,1,1
KNK,3,13255,22305,1,1,1
KNK,3,13257,22307,1,1,1
KNK,3,13261,22311,1,1,1
KNK,3,13264,22314,1,1,1
KNK,3,13268,22318,1,1,1
KNK,3,13293,22343,1,1,1
KNK,3,13305,22355,1,1,1
KNK,3,13307,22357,1,1,1
KNK,3,13312,22362,1,1,1
KNK,3,13339,22389,1,1,1
KNK,3,13344,22394,1,1,1
KNK,3,13346,22396,1,1,1
KNK,3,13372,22422,1,1,1
KNK,3,13378,22428,1,1,1
KNK,3,13398,22448,1,1,1
KNK,3,13405,22455,1,1,1
KNK,3,13407,22457,1,1,1
KNK,3,13416,22466,1,1,1
KNK,3,13441,22491,1,1,1
KNK,3,13448,22498,1,1,1
KNK,3,13451,22501,1,1,1
KNK,3,13455,22505,1,1,1
KNK,3,13459,22509,1,1,1
KNK,3,13471,22521,1,1,1
KNK,3,13478,22528,1,1,1
KNK,3,13484,22534,1,1,1
KNK,3,13488,22538,1,1,1
KNK,3,13498,22548,1,1,1
KNK,3,13504,22554,1,1,1
KNK,3,13517,22567,1,1,1
KNK,3,13530,22580,1,1,1
KNK,3,13541,22591,1,1,1
KNK,3,13555,22605,1,1,1
KNK,3,13559,22609,1,1,1
KNK,3,13569,22619,1,1,1
KNK,3,13571,22621,1,1,1
KNK,3,13575,22625,1,1,1
KNK,3,13601,22651,1,1,1
KNK,3,13627,22677,1,1,1
KNK,3,13637,22687,1,1,1
KNK,3,13639,22689,1,1,1
KNK,3,13674,22724,1,1,1
KNK,3,13689,22739,1,1,1
KNK,3,13692,22742,1,1,1
KNK,3,13702,22752,1,1,1
KNK,3,13714,22764,1,1,1
KNK,3,13717,22767,1,1,1
KNK,3,13720,22770,1,1,1
KNK,3,13722,22772,1,1,1
KNK,3,13755,22805,1,1,1
KNK,3,13757,22807,1,1,1
KNK,3,13759,22809,1,1,1
KNK,3,13798,22848,1,1,1
KNK,3,13804,22854,1,1,1
KNK,3,13817,22867,1,1,1
KNK,3,13853,22903,1,1,1
KNK,3,13858,22908,1,1,1
KNK,3,13859,22909,1,1,1
KNK,3,13860,22910,1,1,1
KNK,3,13864,22914,1,1,1
KNK,3,13869,22919,1,1,1
KNK,3,13887,22937,1,1,1
KNK,3,13902,22952,1,1,1
KNK,3,13922,22972,1,1,1
KNK,3,13955,23005,1,1,1
KNK,3,13961,23011,1,1,1
KNK,3,13965,23015,1,1,1
KNK,3,13977,23027,1,1,1
KNK,3,13978,23028,1,1,1
KNK,3,14022,23072,1,1,1
KNK,3,14023,23073,1,1,1
KNK,3,14032,23082,1,1,1
KNK,3,14037,23087,1,1,1
KNK,3,14049,23099,1,1,1
KNK,3,14055,23105,1,1,1
KNK,3,14068,23118,1,1,1
KNK,3,14079,23129,1,1,1
KNK,3,14096,23146,1,1,1
KNK,3,14100,23150,1,1,1
KNK,3,14102,23152,1,1,1
KNK,3,14135,23185,1,1,1
KNK,3,14136,23186,1,1,1
KNK,3,14149,23199,1,1,1
KNK,3,14152,23202,1,1,1
KNK,3,14163,23213,1,1,1
KNK,3,14168,23218,1,1,1
KNK,3,14176,23226,1,1,1
KNK,3,14188,23238,1,1,1
KNK,3,14207,23257,1,1,1
KNK,3,14211,23261,1,1,1
KNK,3,14235,23285,1,1,1
KNK,3,14239,23289,1,1,1
KNK,3,14247,23297,1,1,1
KNK,3,14269,23319,1,1,1
KNK,3,14286,23336,1,1,1
KNK,3,14295,23345,1,1,1
KNK,3,14299,23349,1,1,1
KNK,3,14314,23364,1,1,1
KNK,3,14319,23369,1,1,1
KNK,3,14351,23401,1,1,1
KNK,3,14355,23405,1,1,1
KNK,3,14362,23412,1,1,1
KNK,3,14365,23415,1,1,1
KNK,3,14390,23440,1,1,1
KNK,3,14398,23448,1,1,1
KNK,3,14403,23453,1,1,1
KNK,3,14418,23468,1,1,1
KNK,3,14421,23471,1,1,1
KNK,3,14423,23473,1,1,1
KNK,3,14429,23479,1,1,1
KNK,3,14440,23490,1,1,1
KNK,3,14455,23505,1,1,1
KNK,3,14460,23510,1,1,1
KNK,3,14464,23514,1,1,1
KNK,3,14472,23522,1,1,1
KNK,3,14488,23538,1,1,1
KNK,3,14491,23541,1,1,1
KNK,3,14499,23549,1,1,1
KNK,3,14500,23550,1,1,1
KNK,3,14519,23569,1,1,1
KNK,3,14527,23577,1,1,1
KNK,3,14553,23603,1,1,1
KNK,3,14568,23618,1,1,1
KNK,3,14579,23629,1,1,1
KNK,3,14582,23632,1,1,1
KNK,3,14589,23639,1,1,1
KNK,3,14592,23642,1,1,1
KNK,3,14637,23687,1,1,1
KNK,3,14639,23689,1,0,0
KNK,3,14651,23701,1,1,1
KNK,3,14656,23706,1,1,1
KNK,3,14659,23709,1,1,1
KNK,3,14682,23732,1,1,1
KNK,3,14683,23733,1,1,1
KNK,3,14690,23740,1,1,1
KNK,3,14698,23748,1,1,1
KNK,3,14714,23764,1,1,1
KNK,3,14718,23768,1,1,1
KNK,3,14721,23771,1,1,1
KNK,3,14735,23785,1,1,1
KNK,3,14740,23790,1,1,1
KNK,3,14745,23795,1,1,1
KNK,3,14746,23796,1,1,1
KNK,3,14764,23814,1,1,1
KNK,3,14769,23819,1,1,1
KNK,3,14777,23827,1,1,1
KNK,3,14781,23831,1,1,1
KNK,3,14782,23832,1,1,1
KNK,3,14790,23840,1,1,1
KNK,3,14810,23860,1,1,1
KNK,3,14826,23876,1,1,1
KNK,3,14834,23884,1,1,1
KNK,3,14835,23885,1,0,0
KNK,3,14856,23906,1,1,1
KNK,3,14871,23921,1,1,1
KNK,3,14877,23927,1,1,1
KNK,3,14879,23929,1,1,1
KNK,3,14880,23930,1,1,1
KNK,3,14885,23935,1,1,1
KNK,3,14899,23949,1,1,1
KNK,3,14902,23952,1,1,1
KNK,3,14928,23978,1,1,1
KNK,3,14944,23994,1,1,1
KNK,3,14949,23999,1,1,1
KNK,3,14951,24001,1,1,1
KNK,3,14972,24022,1,1,1
KNK,3,14976,24026,1,1,1
KNK,3,14986,24036,1,1,1
KNK,3,15014,24064,1,1,1
KNK,3,15015,24065,1,1,1
KNK,3,15018,24068,1,1,1
KNK,3,15022,24072,1,1,1
KNK,3,15026,24076,1,1,1
KNK,3,15049,24099,1,1,1
KNK,3,15066,24116,1,1,1
KNK,3,15073,24123,1,1,1
KNK,3,15110,24160,1,1,1
KNK,3,15120,24170,1,1,1
KNK,3,15129,24179,1,1,1
KNK,3,15131,24181,1,1,1
KNK,3,15134,24184,1,1,1
KNK,3,15137,24187,1,1,1
KNK,3,15140,24190,1,1,1
KNK,3,15153,24203,1,1,1
KNK,3,15155,24205,1,1,1
KNK,3,15159,24209,1,1,1
KNK,3,15164,24214,1,1,1
KNK,3,15167,24217,1,1,1
KNK,3,15174,24224,1,1,1
KNK,3,15177,24227,1,1,1
KNK,3,15180,24230,1,1,1
KNK,3,15181,24231,1,1,1
KNK,3,15194,24244,1,1,1
KNK,3,15202,24252,1,1,1
KNK,3,15216,24266,1,1,1
KNK,3,15218,24268,1,1,1
KNK,3,15222,24272,1,1,1
KNK,3,15237,24287,1,1,1
KNK,3,15239,24289,1,1,1
KNK,3,15255,24305,1,1,1
KNK,3,15276,24326,1,1,1
KNK,3,15277,24327,1,1,1
KNK,3,15282,24332,1,1,1
KNK,3,15283,24333,1,1,1
KNK,3,15289,24339,1,1,1
KNK,3,15312,24362,1,1,1
KNK,3,15314,24364,1,1,1
KNK,3,15318,24368,1,1,1
KNK,3,15320,24370,1,1,1
KNK,3,15322,24372,1,1,1
KNK,3,15334,24384,1,1,1
KNK,3,15346,24396,1,1,1
KNK,3,15359,24409,1,1,1
KNK,3,15360,24410,1,1,1
KNK,3,15389,24439,1,1,1
KNK,3,15395,24445,1,1,1
KNK,3,15414,24464,1,1,1
KNK,3,15424,24474,1,1,1
KNK,3,15448,24498,1,1,1
KNK,3,15452,24502,1,1,1
KNK,3,15462,24512,1,1,1
KNK,3,15471,24521,0,0,1
KNK,3,15479,24529,0,0,1
KNK,3,15493,24543,0,0,1
KNK,3,15514,24564,0,0,1
KNK,3,15515,24565,0,0,1
KNK,3,15526,24576,0,0,1
KNK,3,15541,24591,0,1,0
KNK,3,15542,24592,0,1,0
KNK,3,15572,24622,0,0,1
KNK,3,15577,24627,0,0,1
KNK,3,15594,24644,0,0,1
KNK,3,15598,24648,0,0,1
KNK,3,15614,24664,0,0,1
KNK,3,15623,24673,0,0,1
KNK,3,15633,24683,0,0,1
KNK,3,15642,24692,0,0,1
KNK,3,15644,24694,0,0,1
KNK,3,15650,24700,0,1,0
KNK,3,15652,24702,0,1,0
KNK,3,15654,24704,0,0,1
KNK,3,15665,24715,0,0,1
KNK,3,15677,24727,0,0,1
KNK,3,15679,24729,0,0,1
KNK,3,15688,24738,0,0,1
KNK,3,15694,24744,0,0,1
KNK,3,15698,24748,0,0,1
KNK,3,15699,24749,0,0,1
KNK,3,15701,24751,0,0,1
KNK,3,15719,24769,0,0,1
KNK,3,15720,24770,0,0,1
KNK,3,15732,24782,0,0,1
KNK,3,15734,24784,0,0,1
KNK,3,15749,24799,0,0,1
KNK,3,15755,24805,0,0,1
KNK,3,15762,24812,0,0,1
KNK,3,15764,24814,0,0,1
KNK,3,15772,24822,0,0,1
KNK,3,15793,24843,0,0,1
KNK,3,15801,24851,0,0,1
KNK,3,15805,24855,0,0,1
KNK,3,15810,24860,0,0,1
KNK,3,15820,24870,0,0,1
KNK,3,15832,24882,0,0,1
KNK,3,15833,24883,0,0,1
KNK,3,15844,24894,0,0,1
KNK,3,15858,24908,0,0,1
KNK,3,15860,24910,0,0,1
KNK,3,15861,24911,0,0,1
KNK,3,15868,24918,0,0,1
KNK,3,15881,24931,0,0,1
KNK,3,15897,24947,0,0,1
KNK,3,15911,24961,0,1,0
KNK,3,15927,24977,0,0,1
KNK,3,15928,24978,0,0,1
KNK,3,15945,24995,0,0,1
KNK,3,15955,25005,0,0,1
KNK,3,15961,25011,0,0,1
KNK,3,15964,25014,0,0,1
KNK,3,15969,25019,0,0,1
KNK,3,15978,25028,0,0,1
KNK,3,15988,25038,0,0,1
KNK,3,16023,25073,0,0,1
KNK,3,16024,25074,0,0,1
KNK,3,16044,25094,0,0,1
KNK,3,16046,25096,0,0,1
KNK,3,16053,25103,0,0,1
KNK,3,16055,25105,0,0,1
KNK,3,16056,25106,0,0,1
KNK,3,16067,25117,0,0,1
KNK,3,16082,25132,0,0,1
KNK,3,16117,25167,0,0,1
KNK,3,16143,25193,0,0,1
KNK,3,16152,25202,0,0,1
KNK,3,16171,25221,0,0,1
KNK,3,16172,25222,0,0,1
KNK,3,16176,25226,0,0,1
KNK,3,16194,25244,0,0,1
KNK,3,16196,25246,0,0,1
KNK,3,16205,25255,0,0,1
KNK,3,16212,25262,0,0,1
KNK,3,16218,25268,0,0,1
KNK,3,16224,25274,0,0,1
KNK,3,16244,25294,0,0,1
KNK,3,16245,25295,0,0,1
KNK,3,16258,25308,0,0,1
KNK,3,16279,25329,0,0,1
KNK,3,16282,25332,0,0,1
KNK,3,16292,25342,0,0,1
KNK,3,16303,25353,0,0,1
KNK,3,16305,25355,0,0,1
KNK,3,16321,25371,0,0,1
KNK,3,16326,25376,0,0,1
KNK,3,16328,25378,0,0,1
KNK,3,16329,25379,0,0,1
KNK,3,16340,25390,0,0,1
KNK,3,16360,25410,0,0,1
KNK,3,16362,25412,0,0,1
KNK,3,16366,25416,0,0,1
KNK,3,16369,25419,0,0,1
KNK,3,16380,25430,0,0,1
KNK,3,16383,25433,0,0,1
KNK,3,16395,25445,0,0,1
KNK,3,16404,25454,0,0,1
KNK,3,16407,25457,0,0,1
KNK,3,16413,25463,0,0,1
KNK,3,16415,25465,0,0,1
KNK,3,16447,25497,0,0,1
KNK,3,16454,25504,0,0,1
KNK,3,16460,25510,0,0,1
KNK,3,16463,25513,0,0,1
KNK,3,16476,25526,0,0,1
KNK,3,16477,25527,0,0,1
KNK,3,16484,25534,0,0,1
KNK,3,16487,25537,0,0,1
KNK,3,16495,25545,0,0,1
KNK,3,16499,25549,0,0,1
KNK,3,16500,25550,0,0,1
KNK,3,16503,25553,0,0,1
KNK,3,16514,25564,0,0,1
KNK,3,16530,25580,0,0,1
KNK,3,16536,25586,0,0,1
KNK,3,16537,25587,0,0,1
KNK,3,16542,25592,0,0,1
KNK,3,16548,25598,0,0,1
KNK,3,16549,25599,0,0,1
KNK,3,16554,25604,0,0,1
KNK,3,16586,25636,0,0,1
KNK,3,16621,25671,0,0,1
KNK,3,16628,25678,0,0,1
KNK,3,16630,25680,0,0,1
KNK,3,16632,25682,0,0,1
KNK,3,16645,25695,0,0,1
KNK,3,16657,25707,0,0,1
KNK,3,16664,25714,0,0,1
KNK,3,16684,25734,0,0,1
KNK,3,16712,25762,0,0,1
KNK,3,16722,25772,0,0,1
KNK,3,16737,25787,0,0,1
KNK,3,16743,25793,0,0,1
KNK,3,16761,25811,0,0,1
KNK,3,16764,25814,0,0,1
KNK,3,16775,25825,0,0,1
KNK,3,16776,25826,0,0,1
KNK,3,16784,25834,0,0,1
KNK,3,16785,25835,0,1,0
KNK,3,16799,25849,0,0,1
KNK,3,16818,25868,0,0,1
KNK,3,16838,25888,0,0,1
KNK,3,16840,25890,0,0,1
KNK,3,16843,25893,0,0,1
KNK,3,16846,25896,0,0,1
KNK,3,16858,25908,0,0,1
KNK,3,16870,25920,0,0,1
KNK,3,16874,25924,0,0,1
KNK,3,16875,25925,0,0,1
KNK,3,16882,25932,0,0,1
KNK,3,16883,25933,0,0,1
KNK,3,16886,25936,0,0,1
KNK,3,16887,25937,0,0,1
KNK,3,16899,25949,0,0,1
KNK,3,16902,25952,0,0,1
KNK,3,16906,25956,0,0,1
KNK,3,16913,25963,0,0,1
KNK,3,16934,25984,0,0,1
KNK,3,16945,25995,0,0,1
KNK,3,16984,26034,0,0,1
KNK,3,17000,26050,0,0,1
KNK,3,17005,26055,0,0,1
KNK,3,17017,26067,0,0,1
KNK,3,17034,26084,0,0,1
KNK,3,17036,26086,0,0,1
KNK,3,17037,26087,0,0,1
KNK,3,17043,26093,0,0,1
KNK,3,17059,26109,0,0,1
KNK,3,17060,26110,0,0,1
KNK,3,17069,26119,0,0,1
KNK,3,17097,26147,0,0,1
KNK,3,17112,26162,0,0,1
KNK,3,17140,26190,0,0,1
KNK,3,17181,26231,0,0,1
KNK,3,17191,26241,0,0,1
KNK,3,17204,26254,0,0,1
KNK,3,17207,26257,0,0,1
KNK,3,17212,26262,0,0,1
KNK,3,17245,26295,0,0,1
KNK,3,17256,26306,0,0,1
KNK,3,17258,26308,0,0,1
KNK,3,17260,26310,0,0,1
KNK,3,17280,26330,0,0,1
KNK,3,17284,26334,0,0,1
KNK,3,17290,26340,0,0,1
KNK,3,17303,26353,0,0,1
KNK,3,17309,26359,0,0,1
KNK,3,17317,26367,0,1,0
KNK,3,17361,26411,0,1,0
KNK,3,17375,26425,0,0,1
KNK,3,17388,26438,0,0,1
KNK,3,17432,26482,0,0,1
KNK,3,17434,26484,0,0,1
KNK,3,17453,26503,0,0,1
KNK,3,17454,26504,0,0,1
KNK,3,17467,26517,0,0,1
KNK,3,17473,26523,0,0,1
KNK,3,17482,26532,0,0,1
KNK,3,17494,26544,0,0,1
KNK,3,17515,26565,0,0,1
KNK,3,17536,26586,0,0,1
KNK,3,17537,26587,0,0,1
KNK,3,17544,26594,0,0,1
KNK,3,17561,26611,0,0,1
KNK,4,13111,22161,1,1,1
KNK,4,13135,22185,1,1,1
KNK,4,13145,22195,1,1,1
KNK,4,13173,22223,1,1,1
KNK,4,13179,22229,1,1,1
KNK,4,13183,22233,1,1,1
KNK,4,13196,22246,1,1,1
KNK,4,13199,22249,1,1,1
KNK,4,13200,22250,1,1,1
KNK,4,13211,22261,1,1,1
KNK,4,13225,22275,1,1,1
KNK,4,13230,22280,1,1,1
KNK,4,13233,22283,1,1,1
KNK,4,13242,22292,1,1,1
KNK,4,13248,22298,1,1,1
KNK,4,13252,22302,1,1,1
KNK,4,13260,22310,1,1,1
KNK,4,13265,22315,1,1,1
KNK,4,13274,22324,1,1,1
KNK,4,13279,22329,1,1,1
KNK,4,13298,22348,1,1,1
KNK,4,13313,22363,1,1,1
KNK,4,13314,22364,1,1,1
KNK,4,13328,22378,1,1,1
KNK,4,13336,22386,1,1,1
KNK,4,13349,22399,1,1,1
KNK,4,13350,22400,1,1,1
KNK,4,13355,22405,1,1,1
KNK,4,13371,22421,1,1,1
KNK,4,13383,22433,1,1,1
KNK,4,13384,22434,1,1,1
KNK,4,13412,22462,1,1,1
KNK,4,13423,22473,1,1,1
KNK,4,13443,22493,1,1,1
KNK,4,13446,22496,1,1,1
KNK,4,13458,22508,1,1,1
KNK,4,13467,22517,1,1,1
KNK,4,13473,22523,1,1,1
KNK,4,13482,22532,1,1,1
KNK,4,13489,22539,1,1,1
KNK,4,13507,22557,1,1,1
KNK,4,13512,22562,1,1,1
KNK,4,13516,22566,1,1,1
KNK,4,13527,22577,1,1,1
KNK,4,13538,22588,1,1,1
KNK,4,13564,22614,1,1,1
KNK,4,13573,22623,1,1,1
KNK,4,13577,22627,1,1,1
KNK,4,13588,22638,1,1,1
KNK,4,13591,22641,1,1,1
KNK,4,13600,22650,1,1,1
KNK,4,13604,22654,1,1,1
KNK,4,13607,22657,1,1,1
KNK,4,13609,22659,1,1,1
KNK,4,13616,22666,1,1,1
KNK,4,13617,22667,1,1,1
KNK,4,13642,22692,1,1,1
KNK,4,13647,22697,1,1,1
KNK,4,13655,22705,1,1,1
KNK,4,13657,22707,1,1,1
KNK,4,13660,22710,1,1,1
KNK,4,13672,22722,1,1,1
KNK,4,13705,22755,1,1,1
KNK,4,13707,22757,1,0,0
KNK,4,13741,22791,1,1,1
KNK,4,13762,22812,1,1,1
KNK,4,13783,22833,1,1,1
KNK,4,13786,22836,1,1,1
KNK,4,13792,22842,1,1,1
KNK,4,13828,22878,1,1,1
KNK,4,13836,22886,1,1,1
KNK,4,13837,22887,1,1,1
KNK,4,13840,22890,1,1,1
KNK,4,13841,22891,1,1,1
KNK,4,13842,22892,1,1,1
KNK,4,13852,22902,1,1,1
KNK,4,13865,22915,1,1,1
KNK,4,13870,22920,1,1,1
KNK,4,13875,22925,1,1,1
KNK,4,13885,22935,1,1,1
KNK,4,13903,22953,1,1,1
KNK,4,13904,22954,1,1,1
KNK,4,13908,22958,1,1,1
KNK,4,13910,22960,1,1,1
KNK,4,13913,22963,1,1,1
KNK,4,13915,22965,1,1,1
KNK,4,13918,22968,1,1,1
KNK,4,13919,22969,1,1,1
KNK,4,13921,22971,1,1,1
KNK,4,13927,22977,1,1,1
KNK,4,13937,22987,1,1,1
KNK,4,13941,22991,1,1,1
KNK,4,13945,22995,1,1,1
KNK,4,13948,22998,1,1,1
KNK,4,13963,23013,1,1,1
KNK,4,13970,23020,1,1,1
KNK,4,13984,23034,1,1,1
KNK,4,13992,23042,1,1,1
KNK,4,14000,23050,1,1,1
KNK,4,14004,23054,1,1,1
KNK,4,14010,23060,1,1,1
KNK,4,14031,23081,1,1,1
KNK,4,14075,23125,1,1,1
KNK,4,14078,23128,1,1,1
KNK,4,14106,23156,1,1,1
KNK,4,14107,23157,1,1,1
KNK,4,14118,23168,1,1,1
KNK,4,14162,23212,1,1,1
KNK,4,14172,23222,1,1,1
KNK,4,14174,23224,1,1,1
KNK,4,14199,23249,1,1,1
KNK,4,14206,23256,1,1,1
KNK,4,14213,23263,1,1,1
KNK,4,14214,23264,1,1,1
KNK,4,14216,23266,1,1,1
KNK,4,14229,23279,1,1,1
KNK,4,14250,23300,1,1,1
KNK,4,14254,23304,1,1,1
KNK,4,14270,23320,1,1,1
KNK,4,14275,23325,1,1,1
KNK,4,14283,23333,1,1,1
KNK,4,14291,23341,1,1,1
KNK,4,14297,23347,1,1,1
KNK,4,14326,23376,1,1,1
KNK,4,14334,23384,1,1,1
KNK,4,14341,23391,1,1,1
KNK,4,14343,23393,1,1,1
KNK,4,14346,23396,1,1,1
KNK,4,14350,23400,1,1,1
KNK,4,14352,23402,1,1,1
KNK,4,14368,23418,1,1,1
KNK,4,14372,23422,1,1,1
KNK,4,14383,23433,1,1,1
KNK,4,14395,23445,1,1,1
KNK,4,14396,23446,1,1,1
KNK,4,14399,23449,1,1,1
KNK,4,14405,23455,1,1,1
KNK,4,14438,23488,1,1,1
KNK,4,14439,23489,1,1,1
KNK,4,14452,23502,1,1,1
KNK,4,14484,23534,1,1,1
KNK,4,14490,23540,1,1,1
KNK,4,14494,23544,1,1,1
KNK,4,14517,23567,1,1,1
KNK,4,14525,23575,1,1,1
KNK,4,14529,23579,1,1,1
KNK,4,14549,23599,1,1,1
KNK,4,14584,23634,1,1,1
KNK,4,14588,23638,1,1,1
KNK,4,14595,23645,1,1,1
KNK,4,14601,23651,1,1,1
KNK,4,14609,23659,1,1,1
KNK,4,14616,23666,1,1,1
KNK,4,14629,23679,1,1,1
KNK,4,14631,23681,1,1,1
KNK,4,14652,23702,1,1,1
KNK,4,14671,23721,1,0,0
KNK,4,14681,23731,1,1,1
KNK,4,14687,23737,1,1,1
KNK,4,14688,23738,1,1,1
KNK,4,14689,23739,1,1,1
KNK,4,14705,23755,1,1,1
KNK,4,14710,23760,1,1,1
KNK,4,14712,23762,1,1,1
KNK,4,14724,23774,1,1,1
KNK,4,14748,23798,1,1,1
KNK,4,14757,23807,1,1,1
KNK,4,14772,23822,1,1,1
KNK,4,14779,23829,1,1,1
KNK,4,14780,23830,1,1,1
KNK,4,14803,23853,1,1,1
KNK,4,14811,23861,1,1,1
KNK,4,14815,23865,1,1,1
KNK,4,14839,23889,1,1,1
KNK,4,14858,23908,1,1,1
KNK,4,14872,23922,1,1,1
KNK,4,14883,23933,1,1,1
KNK,4,14896,23946,1,1,1
KNK,4,14913,23963,1,1,1
KNK,4,14914,23964,1,1,1
KNK,4,14918,23968,1,1,1
KNK,4,14930,23980,1,1,1
KNK,4,14931,23981,1,1,1
KNK,4,14935,23985,1,1,1
KNK,4,14947,23997,1,1,1
KNK,4,14948,23998,1,1,1
KNK,4,14953,24003,1,1,1
KNK,4,14964,24014,1,1,1
KNK,4,14965,24015,1,1,1
KNK,4,14983,24033,1,1,1
KNK,4,14996,24046,1,1,1
KNK,4,14999,24049,1,1,1
KNK,4,15001,24051,1,1,1
KNK,4,15008,24058,1,1,1
KNK,4,15023,24073,1,1,1
KNK,4,15029,24079,1,1,1
KNK,4,15036,24086,1,1,1
KNK,4,15044,24094,1,1,1
KNK,4,15048,24098,1,1,1
KNK,4,15053,24103,1,1,1
KNK,4,15056,24106,1,0,0
KNK,4,15060,24110,1,1,1
KNK,4,15069,24119,1,1,1
KNK,4,15075,24125,1,1,1
KNK,4,15078,24128,1,1,1
KNK,4,15085,24135,1,1,1
KNK,4,15093,24143,1,1,1
KNK,4,15099,24149,1,1,1
KNK,4,15122,24172,1,1,1
KNK,4,15132,24182,1,1,1
KNK,4,15150,24200,1,1,1
KNK,4,15151,24201,1,1,1
KNK,4,15172,24222,1,1,1
KNK,4,15176,24226,1,1,1
KNK,4,15185,24235,1,1,1
KNK,4,15192,24242,1,1,1
KNK,4,15200,24250,1,1,1
KNK,4,15285,24335,1,1,1
KNK,4,15303,24353,1,1,1
KNK,4,15309,24359,1,1,1
KNK,4,15341,24391,1,1,1
KNK,4,15347,24397,1,1,1
KNK,4,15351,24401,1,1,1
KNK,4,15358,24408,1,1,1
KNK,4,15365,24415,1,1,1
KNK,4,15366,24416,1,0,0
KNK,4,15372,24422,1,1,1
KNK,4,15388,24438,1,1,1
KNK,4,15393,24443,1,1,1
KNK,4,15398,24448,1,1,1
KNK,4,15421,24471,1,1,1
KNK,4,15429,24479,1,1,1
KNK,4,15430,24480,1,1,1
KNK,4,15453,24503,1,1,1
KNK,4,15455,24505,1,1,1
KNK,4,15456,24506,1,1,1
KNK,4,15466,24516,1,1,1
KNK,4,15472,24522,0,0,1
KNK,4,15485,24535,0,0,1
KNK,4,15489,24539,0,0,1
KNK,4,15496,24546,0,0,1
KNK,4,15503,24553,0,0,1
KNK,4,15506,24556,0,0,1
KNK,4,15508,24558,0,0,1
KNK,4,15530,24580,0,0,1
KNK,4,15534,24584,0,0,1
KNK,4,15568,24618,0,0,1
KNK,4,15589,24639,0,0,1
KNK,4,15593,24643,0,0,1
KNK,4,15599,24649,0,0,1
KNK,4,15601,24651,0,0,1
KNK,4,15608,24658,0,0,1
KNK,4,15668,24718,0,0,1
KNK,4,15671,24721,0,0,1
KNK,4,15673,24723,0,0,1
KNK,4,15709,24759,0,0,1
KNK,4,15716,24766,0,0,1
KNK,4,15717,24767,0,0,1
KNK,4,15721,24771,0,0,1
KNK,4,15722,24772,0,0,1
KNK,4,15724,24774,0,0,1
KNK,4,15736,24786,0,0,1
KNK,4,15739,24789,0,0,1
KNK,4,15740,24790,0,0,1
KNK,4,15753,24803,0,0,1
KNK,4,15813,24863,0,0,1
KNK,4,15814,24864,0,0,1
KNK,4,15828,24878,0,1,0
KNK,4,15829,24879,0,0,1
KNK,4,15845,24895,0,0,1
KNK,4,15864,24914,0,0,1
KNK,4,15876,24926,0,0,1
KNK,4,15886,24936,0,0,1
KNK,4,15901,24951,0,0,1
KNK,4,15906,24956,0,0,1
KNK,4,15907,24957,0,0,1
KNK,4,15912,24962,0,0,1
KNK,4,15946,24996,0,0,1
KNK,4,15947,24997,0,0,1
KNK,4,15968,25018,0,0,1
KNK,4,16013,25063,0,0,1
KNK,4,16026,25076,0,0,1
KNK,4,16040,25090,0,0,1
KNK,4,16058,25108,0,0,1
KNK,4,16064,25114,0,0,1
KNK,4,16071,25121,0,0,1
KNK,4,16100,25150,0,0,1
KNK,4,16105,25155,0,0,1
KNK,4,16119,25169,0,0,1
KNK,4,16137,25187,0,0,1
KNK,4,16192,25242,0,0,1
KNK,4,16197,25247,0,0,1
KNK,4,16217,25267,0,0,1
KNK,4,16220,25270,0,0,1
KNK,4,16225,25275,0,0,1
KNK,4,16231,25281,0,0,1
KNK,4,16242,25292,0,0,1
KNK,4,16253,25303,0,0,1
KNK,4,16262,25312,0,0,1
KNK,4,16265,25315,0,0,1
KNK,4,16268,25318,0,0,1
KNK,4,16269,25319,0,0,1
KNK,4,16270,25320,0,0,1
KNK,4,16276,25326,0,0,1
KNK,4,16283,25333,0,0,1
KNK,4,16285,25335,0,0,1
KNK,4,16288,25338,0,0,1
KNK,4,16294,25344,0,0,1
KNK,4,16297,25347,0,0,1
KNK,4,16298,25348,0,0,1
KNK,4,16306,25356,0,0,1
KNK,4,16319,25369,0,0,1
KNK,4,16320,25370,0,0,1
KNK,4,16322,25372,0,0,1
KNK,4,16323,25373,0,0,1
KNK,4,16341,25391,0,0,1
KNK,4,16367,25417,0,1,0
KNK,4,16381,25431,0,0,1
KNK,4,16386,25436,0,0,1
KNK,4,16396,25446,0,0,1
KNK,4,16398,25448,0,0,1
KNK,4,16406,25456,0,0,1
KNK,4,16429,25479,0,0,1
KNK,4,16435,25485,0,0,1
KNK,4,16439,25489,0,0,1
KNK,4,16462,25512,0,0,1
KNK,4,16464,25514,0,0,1
KNK,4,16488,25538,0,0,1
KNK,4,16491,25541,0,0,1
KNK,4,16494,25544,0,0,1
KNK,4,16502,25552,0,0,1
KNK,4,16509,25559,0,0,1
KNK,4,16513,25563,0,0,1
KNK,4,16535,25585,0,0,1
KNK,4,16560,25610,0,0,1
KNK,4,16564,25614,0,0,1
KNK,4,16565,25615,0,0,1
KNK,4,16571,25621,0,0,1
KNK,4,16594,25644,0,0,1
KNK,4,16602,25652,0,0,1
KNK,4,16608,25658,0,0,1
KNK,4,16611,25661,0,0,1
KNK,4,16614,25664,0,0,1
KNK,4,16655,25705,0,0,1
KNK,4,16668,25718,0,0,1
KNK,4,16670,25720,0,0,1
KNK,4,16701,25751,0,0,1
KNK,4,16704,25754,0,0,1
KNK,4,16708,25758,0,0,1
KNK,4,16711,25761,0,0,1
KNK,4,16713,25763,0,0,1
KNK,4,16725,25775,0,0,1
KNK,4,16728,25778,0,0,1
KNK,4,16731,25781,0,0,1
KNK,4,16741,25791,0,0,1
KNK,4,16780,25830,0,0,1
KNK,4,16794,25844,0,0,1
KNK,4,16797,25847,0,0,1
KNK,4,16808,25858,0,0,1
KNK,4,16817,25867,0,0,1
KNK,4,16822,25872,0,0,1
KNK,4,16829,25879,0,1,0
KNK,4,16832,25882,0,0,1
KNK,4,16833,25883,0,0,1
KNK,4,16834,25884,0,0,1
KNK,4,16835,25885,0,0,1
KNK,4,16844,25894,0,0,1
KNK,4,16853,25903,0,0,1
KNK,4,16864,25914,0,0,1
KNK,4,16871,25921,0,0,1
KNK,4,16884,25934,0,0,1
KNK,4,16885,25935,0,0,1
KNK,4,16894,25944,0,0,1
KNK,4,16911,25961,0,0,1
KNK,4,16918,25968,0,0,1
KNK,4,16919,25969,0,0,1
KNK,4,16938,25988,0,0,1
KNK,4,16948,25998,0,0,1
KNK,4,16954,26004,0,0,1
KNK,4,16962,26012,0,0,1
KNK,4,16963,26013,0,0,1
KNK,4,16976,26026,0,0,1
KNK,4,16991,26041,0,0,1
KNK,4,16996,26046,0,0,1
KNK,4,17013,26063,0,0,1
KNK,4,17023,26073,0,0,1
KNK,4,17035,26085,0,0,1
KNK,4,17056,26106,0,0,1
KNK,4,17090,26140,0,0,1
KNK,4,17095,26145,0,0,1
KNK,4,17099,26149,0,0,1
KNK,4,17102,26152,0,0,1
KNK,4,17107,26157,0,0,1
KNK,4,17116,26166,0,0,1
KNK,4,17119,26169,0,0,1
KNK,4,17129,26179,0,0,1
KNK,4,17131,26181,0,0,1
KNK,4,17149,26199,0,0,1
KNK,4,17174,26224,0,0,1
KNK,4,17179,26229,0,0,1
KNK,4,17203,26253,0,0,1
KNK,4,17208,26258,0,0,1
KNK,4,17218,26268,0,0,1
KNK,4,17229,26279,0,0,1
KNK,4,17255,26305,0,0,1
KNK,4,17257,26307,0,1,0
KNK,4,17271,26321,0,0,1
KNK,4,17273,26323,0,0,1
KNK,4,17292,26342,0,0,1
KNK,4,17294,26344,0,0,1
KNK,4,17296,26346,0,0,1
KNK,4,17301,26351,0,1,0
KNK,4,17306,26356,0,0,1
KNK,4,17324,26374,0,0,1
KNK,4,17326,26376,0,1,0
KNK,4,17330,26380,0,0,1
KNK,4,17338,26388,0,0,1
KNK,4,17340,26390,0,0,1
KNK,4,17348,26398,0,0,1
KNK,4,17354,26404,0,0,1
KNK,4,17359,26409,0,0,1
KNK,4,17367,26417,0,0,1
KNK,4,17378,26428,0,0,1
KNK,4,17380,26430,0,0,1
KNK,4,17383,26433,0,0,1
KNK,4,17398,26448,0,0,1
KNK,4,17407,26457,0,0,1
KNK,4,17420,26470,0,0,1
KNK,4,17421,26471,0,0,1
KNK,4,17422,26472,0,0,1
KNK,4,17425,26475,0,0,1
KNK,4,17436,26486,0,0,1
KNK,4,17437,26487,0,0,1
KNK,4,17447,26497,0,0,1
KNK,4,17450,26500,0,0,1
KNK,4,17457,26507,0,0,1
KNK,4,17478,26528,0,0,1
KNK,4,17480,26530,0,0,1
KNK,4,17490,26540,0,0,1
KNK,4,17496,26546,0,0,1
KNK,4,17498,26548,0,0,1
KNK,4,17508,26558,0,0,1
KNK,4,17510,26560,0,0,1
KNK,4,17533,26583,0,0,1
KNK,4,17541,26591,0,0,1
KNK,4,17555,26605,0,0,1
KNK,4,17566,26616,0,0,1
KNK,5,13115,22165,1,1,1
KNK,5,13117,22167,1,1,1
KNK,5,13132,22182,1,1,1
KNK,5,13141,22191,1,1,1
KNK,5,13146,22196,1,1,1
KNK,5,13153,22203,1,1,1
KNK,5,13156,22206,1,1,1
KNK,5,13163,22213,1,1,1
KNK,5,13171,22221,1,1,1
KNK,5,13175,22225,1,1,1
KNK,5,13176,22226,1,1,1
KNK,5,13189,22239,1,1,1
KNK,5,13210,22260,1,1,1
KNK,5,13215,22265,1,1,1
KNK,5,13247,22297,1,1,1
KNK,5,13263,22313,1,1,1
KNK,5,13269,22319,1,1,1
KNK,5,13285,22335,1,1,1
KNK,5,13286,22336,1,1,1
KNK,5,13288,22338,1,1,1
KNK,5,13291,22341,1,1,1
KNK,5,13297,22347,1,1,1
KNK,5,13301,22351,1,1,1
KNK,5,13306,22356,1,1,1
KNK,5,13310,22360,1,1,1
KNK,5,13329,22379,1,1,1
KNK,5,13345,22395,1,1,1
KNK,5,13360,22410,1,1,1
KNK,5,13366,22416,1,1,1
KNK,5,13387,22437,1,1,1
KNK,5,13399,22449,1,1,1
KNK,5,13400,22450,1,1,1
KNK,5,13406,22456,1,1,1
KNK,5,13419,22469,1,1,1
KNK,5,13425,22475,1,1,1
KNK,5,13428,22478,1,1,1
KNK,5,13440,22490,1,1,1
KNK,5,13447,22497,1,1,1
KNK,5,13456,22506,1,1,1
KNK,5,13464,22514,1,1,1
KNK,5,13465,22515,1,1,1
KNK,5,13469,22519,1,1,1
KNK,5,13492,22542,1,1,1
KNK,5,13497,22547,1,1,1
KNK,5,13510,22560,1,1,1
KNK,5,13511,22561,1,1,1
KNK,5,13518,22568,1,1,1
KNK,5,13563,22613,1,1,1
KNK,5,13567,22617,1,1,1
KNK,5,13578,22628,1,1,1
KNK,5,13590,22640,1,1,1
KNK,5,13594,22644,1,1,1
KNK,5,13599,22649,1,1,1
KNK,5,13624,22674,1,1,1
KNK,5,13626,22676,1,1,1
KNK,5,13640,22690,1,1,1
KNK,5,13641,22691,1,1,1
KNK,5,13643,22693,1,1,1
KNK,5,13644,22694,1,1,1
KNK,5,13663,22713,1,1,1
KNK,5,13690,22740,1,1,1
KNK,5,13743,22793,1,1,1
KNK,5,13753,22803,1,1,1
KNK,5,13769,22819,1,1,1
KNK,5,13771,22821,1,1,1
KNK,5,13776,22826,1,1,1
KNK,5,13778,22828,1,1,1
KNK,5,13803,22853,1,1,1
KNK,5,13806,22856,1,1,1
KNK,5,13816,22866,1,1,1
KNK,5,13822,22872,1,1,1
KNK,5,13824,22874,1,1,1
KNK,5,13833,22883,1,1,1
KNK,5,13844,22894,1,1,1
KNK,5,13877,22927,1,1,1
KNK,5,13881,22931,1,1,1
KNK,5,13890,22940,1,1,1
KNK,5,13909,22959,1,1,1
KNK,5,13914,22964,1,1,1
KNK,5,13924,22974,1,1,1
KNK,5,13928,22978,1,1,1
KNK,5,13929,22979,1,1,1
KNK,5,13933,22983,1,1,1
KNK,5,13939,22989,1,1,1
KNK,5,13954,23004,1,1,1
KNK,5,13966,23016,1,1,1
KNK,5,13975,23025,1,1,1
KNK,5,13998,23048,1,1,1
KNK,5,14018,23068,1,1,1
KNK,5,14020,23070,1,1,1
KNK,5,14048,23098,1,0,0
KNK,5,14056,23106,1,1,1
KNK,5,14073,23123,1,1,1
KNK,5,14092,23142,1,1,1
KNK,5,14094,23144,1,1,1
KNK,5,14098,23148,1,1,1
KNK,5,14111,23161,1,1,1
KNK,5,14113,23163,1,1,1
KNK,5,14133,23183,1,1,1
KNK,5,14137,23187,1,1,1
KNK,5,14138,23188,1,1,1
KNK,5,14148,23198,1,1,1
KNK,5,14151,23201,1,1,1
KNK,5,14164,23214,1,1,1
KNK,5,14179,23229,1,1,1
KNK,5,14184,23234,1,1,1
KNK,5,14190,23240,1,1,1
KNK,5,14202,23252,1,1,1
KNK,5,14205,23255,1,1,1
KNK,5,14231,23281,1,1,1
KNK,5,14232,23282,1,1,1
KNK,5,14238,23288,1,1,1
KNK,5,14243,23293,1,1,1
KNK,5,14259,23309,1,1,1
KNK,5,14260,23310,1,1,1
KNK,5,14266,23316,1,1,1
KNK,5,14268,23318,1,1,1
KNK,5,14293,23343,1,1,1
KNK,5,14305,23355,1,1,1
KNK,5,14306,23356,1,1,1
KNK,5,14310,23360,1,1,1
KNK,5,14313,23363,1,1,1
KNK,5,14315,23365,1,1,1
KNK,5,14322,23372,1,1,1
KNK,5,14329,23379,1,1,1
KNK,5,14335,23385,1,1,1
KNK,5,14339,23389,1,1,1
KNK,5,14345,23395,1,1,1
KNK,5,14347,23397,1,1,1
KNK,5,14356,23406,1,1,1
KNK,5,14361,23411,1,1,1
KNK,5,14377,23427,1,1,1
KNK,5,14412,23462,1,1,1
KNK,5,14436,23486,1,1,1
KNK,5,14446,23496,1,1,1
KNK,5,14447,23497,1,1,1
KNK,5,14457,23507,1,1,1
KNK,5,14458,23508,1,1,1
KNK,5,14468,23518,1,1,1
KNK,5,14481,23531,1,1,1
KNK,5,14483,23533,1,1,1
KNK,5,14512,23562,1,1,1
KNK,5,14518,23568,1,1,1
KNK,5,14523,23573,1,1,1
KNK,5,14536,23586,1,1,1
KNK,5,14537,23587,1,1,1
KNK,5,14541,23591,1,1,1
KNK,5,14542,23592,1,1,1
KNK,5,14555,23605,1,1,1
KNK,5,14570,23620,1,1,1
KNK,5,14580,23630,1,1,1
KNK,5,14596,23646,1,1,1
KNK,5,14605,23655,1,1,1
KNK,5,14624,23674,1,1,1
KNK,5,14663,23713,1,1,1
KNK,5,14667,23717,1,1,1
KNK,5,14670,23720,1,1,1
KNK,5,14699,23749,1,1,1
KNK,5,14707,23757,1,1,1
KNK,5,14708,23758,1,1,1
KNK,5,14716,23766,1,1,1
KNK,5,14732,23782,1,1,1
KNK,5,14739,23789,1,1,1
KNK,5,14751,23801,1,1,1
KNK,5,14767,23817,1,1,1
KNK,5,14783,23833,1,1,1
KNK,5,14787,23837,1,1,1
KNK,5,14791,23841,1,1,1
KNK,5,14806,23856,1,1,1
KNK,5,14812,23862,1,1,1
KNK,5,14814,23864,1,1,1
KNK,5,14825,23875,1,1,1
KNK,5,14829,23879,1,1,1
KNK,5,14841,23891,1,1,1
KNK,5,14855,23905,1,1,1
KNK,5,14870,23920,1,1,1
KNK,5,14878,23928,1,1,1
KNK,5,14888,23938,1,1,1
KNK,5,14889,23939,1,1,1
KNK,5,14906,23956,1,1,1
KNK,5,14908,23958,1,1,1
KNK,5,14940,23990,1,1,1
KNK,5,14942,23992,1,1,1
KNK,5,14952,24002,1,1,1
KNK,5,14956,24006,1,1,1
KNK,5,14958,24008,1,1,1
KNK,5,14961,24011,1,1,1
KNK,5,14975,24025,1,1,1
KNK,5,14981,24031,1,1,1
KNK,5,15043,24093,1,1,1
KNK,5,15054,24104,1,1,1
KNK,5,15062,24112,1,1,1
KNK,5,15063,24113,1,1,1
KNK,5,15090,24140,1,1,1
KNK,5,15115,24165,1,1,1
KNK,5,15125,24175,1,1,1
KNK,5,15156,24206,1,1,1
KNK,5,15160,24210,1,1,1
KNK,5,15161,24211,1,1,1
KNK,5,15162,24212,1,1,1
KNK,5,15166,24216,1,1,1
KNK,5,15175,24225,1,1,1
KNK,5,15189,24239,1,0,0
KNK,5,15207,24257,1,1,1
KNK,5,15215,24265,1,1,1
KNK,5,15227,24277,1,1,1
KNK,5,15233,24283,1,1,1
KNK,5,15238,24288,1,1,1
KNK,5,15241,24291,1,1,1
KNK,5,15243,24293,1,1,1
KNK,5,15250,24300,1,1,1
KNK,5,15258,24308,1,1,1
KNK,5,15260,24310,1,1,1
KNK,5,15261,24311,1,1,1
KNK,5,15272,24322,1,1,1
KNK,5,15273,24323,1,1,1
KNK,5,15275,24325,1,1,1
KNK,5,15280,24330,1,1,1
KNK,5,15284,24334,1,1,1
KNK,5,15288,24338,1,1,1
KNK,5,15317,24367,1,1,1
KNK,5,15321,24371,1,1,1
KNK,5,15323,24373,1,1,1
KNK,5,15324,24374,1,1,1
KNK,5,15331,24381,1,1,1
KNK,5,15333,24383,1,1,1
KNK,5,15337,24387,1,1,1
KNK,5,15343,24393,1,1,1
KNK,5,15353,24403,1,1,1
KNK,5,15367,24417,1,1,1
KNK,5,15387,24437,1,1,1
KNK,5,15404,24454,1,1,1
KNK,5,15405,24455,1,1,1
KNK,5,15419,24469,1,1,1
KNK,5,15422,24472,1,1,1
KNK,5,15431,24481,1,1,1
KNK,5,15459,24509,1,1,1
KNK,5,15468,24518,0,0,1
KNK,5,15475,24525,0,0,1
KNK,5,15484,24534,0,0,1
KNK,5,15486,24536,0,0,1
KNK,5,15490,24540,0,0,1
KNK,5,15497,24547,0,0,1
KNK,5,15501,24551,0,0,1
KNK,5,15502,24552,0,0,1
KNK,5,15507,24557,0,0,1
KNK,5,15510,24560,0,0,1
KNK,5,15517,24567,0,0,1
KNK,5,15523,24573,0,0,1
KNK,5,15544,24594,0,0,1
KNK,5,15554,24604,0,0,1
KNK,5,15563,24613,0,0,1
KNK,5,15564,24614,0,0,1
KNK,5,15570,24620,0,0,1
KNK,5,15574,24624,0,0,1
KNK,5,15605,24655,0,0,1
KNK,5,15606,24656,0,0,1
KNK,5,15611,24661,0,1,0
KNK,5,15631,24681,0,0,1
KNK,5,15632,24682,0,0,1
KNK,5,15635,24685,0,0,1
KNK,5,15646,24696,0,0,1
KNK,5,15655,24705,0,0,1
KNK,5,15660,24710,0,0,1
KNK,5,15693,24743,0,0,1
KNK,5,15703,24753,0,0,1
KNK,5,15725,24775,0,0,1
KNK,5,15726,24776,0,0,1
KNK,5,15738,24788,0,0,1
KNK,5,15745,24795,0,0,1
KNK,5,15751,24801,0,0,1
KNK,5,15767,24817,0,0,1
KNK,5,15769,24819,0,0,1
KNK,5,15819,24869,0,0,1
KNK,5,15835,24885,0,0,1
KNK,5,15838,24888,0,0,1
KNK,5,15841,24891,0,0,1
KNK,5,15851,24901,0,0,1
KNK,5,15867,24917,0,0,1
KNK,5,15890,24940,0,0,1
KNK,5,15903,24953,0,0,1
KNK,5,15908,24958,0,0,1
KNK,5,15914,24964,0,0,1
KNK,5,15920,24970,0,0,1
KNK,5,15921,24971,0,0,1
KNK,5,15940,24990,0,0,1
KNK,5,15951,25001,0,0,1
KNK,5,15952,25002,0,0,1
KNK,5,15962,25012,0,0,1
KNK,5,15979,25029,0,0,1
KNK,5,15989,25039,0,0,1
KNK,5,15991,25041,0,0,1
KNK,5,16007,25057,0,0,1
KNK,5,16029,25079,0,0,1
KNK,5,16031,25081,0,0,1
KNK,5,16041,25091,0,0,1
KNK,5,16047,25097,0,0,1
KNK,5,16057,25107,0,0,1
KNK,5,16062,25112,0,0,1
KNK,5,16079,25129,0,0,1
KNK,5,16087,25137,0,0,1
KNK,5,16092,25142,0,0,1
KNK,5,16094,25144,0,1,0
KNK,5,16095,25145,0,0,1
KNK,5,16106,25156,0,0,1
KNK,5,16110,25160,0,0,1
KNK,5,16127,25177,0,0,1
KNK,5,16132,25182,0,0,1
KNK,5,16148,25198,0,0,1
KNK,5,16155,25205,0,0,1
KNK,5,16164,25214,0,0,1
KNK,5,16185,25235,0,0,1
KNK,5,16188,25238,0,0,1
KNK,5,16190,25240,0,0,1
KNK,5,16202,25252,0,0,1
KNK,5,16211,25261,0,0,1
KNK,5,16213,25263,0,0,1
KNK,5,16215,25265,0,0,1
KNK,5,16238,25288,0,0,1
KNK,5,16239,25289,0,0,1
KNK,5,16240,25290,0,0,1
KNK,5,16272,25322,0,0,1
KNK,5,16277,25327,0,0,1
KNK,5,16281,25331,0,0,1
KNK,5,16289,25339,0,0,1
KNK,5,16290,25340,0,0,1
KNK,5,16309,25359,0,0,1
KNK,5,16311,25361,0,0,1
KNK,5,16318,25368,0,0,1
KNK,5,16325,25375,0,1,0
KNK,5,16342,25392,0,1,0
KNK,5,16357,25407,0,0,1
KNK,5,16377,25427,0,0,1
KNK,5,16384,25434,0,0,1
KNK,5,16411,25461,0,0,1
KNK,5,16423,25473,0,0,1
KNK,5,16424,25474,0,0,1
KNK,5,16458,25508,0,0,1
KNK,5,16465,25515,0,0,1
KNK,5,16466,25516,0,0,1
KNK,5,16485,25535,0,0,1
KNK,5,16486,25536,0,0,1
KNK,5,16493,25543,0,0,1
KNK,5,16501,25551,0,0,1
KNK,5,16515,25565,0,0,1
KNK,5,16518,25568,0,0,1
KNK,5,16521,25571,0,0,1
KNK,5,16539,25589,0,0,1
KNK,5,16543,25593,0,0,1
KNK,5,16550,25600,0,0,1
KNK,5,16569,25619,0,0,1
KNK,5,16580,25630,0,0,1
KNK,5,16598,25648,0,0,1
KNK,5,16604,25654,0,0,1
KNK,5,16609,25659,0,0,1
KNK,5,16616,25666,0,0,1
KNK,5,16623,25673,0,0,1
KNK,5,16627,25677,0,0,1
KNK,5,16634,25684,0,0,1
KNK,5,16648,25698,0,0,1
KNK,5,16661,25711,0,0,1
KNK,5,16672,25722,0,0,1
KNK,5,16673,25723,0,0,1
KNK,5,16689,25739,0,0,1
KNK,5,16694,25744,0,0,1
KNK,5,16698,25748,0,0,1
KNK,5,16706,25756,0,0,1
KNK,5,16724,25774,0,0,1
KNK,5,16754,25804,0,0,1
KNK,5,16756,25806,0,0,1
KNK,5,16757,25807,0,0,1
KNK,5,16758,25808,0,0,1
KNK,5,16760,25810,0,0,1
KNK,5,16763,25813,0,0,1
KNK,5,16769,25819,0,0,1
KNK,5,16795,25845,0,0,1
KNK,5,16826,25876,0,0,1
KNK,5,16849,25899,0,0,1
KNK,5,16854,25904,0,0,1
KNK,5,16863,25913,0,0,1
KNK,5,16872,25922,0,0,1
KNK,5,16893,25943,0,0,1
KNK,5,16908,25958,0,0,1
KNK,5,16923,25973,0,0,1
KNK,5,16932,25982,0,1,0
KNK,5,16935,25985,0,0,1
KNK,5,16957,26007,0,0,1
KNK,5,16959,26009,0,0,1
KNK,5,16974,26024,0,0,1
KNK,5,16983,26033,0,0,1
KNK,5,16985,26035,0,0,1
KNK,5,17007,26057,0,0,1
KNK,5,17028,26078,0,0,1
KNK,5,17031,26081,0,0,1
KNK,5,17041,26091,0,0,1
KNK,5,17047,26097,0,0,1
KNK,5,17048,26098,0,0,1
KNK,5,17049,26099,0,0,1
KNK,5,17052,26102,0,0,1
KNK,5,17054,26104,0,0,1
KNK,5,17061,26111,0,0,1
KNK,5,17063,26113,0,0,1
KNK,5,17070,26120,0,0,1
KNK,5,17077,26127,0,0,1
KNK,5,17080,26130,0,0,1
KNK,5,17085,26135,0,0,1
KNK,5,17092,26142,0,0,1
KNK,5,17103,26153,0,0,1
KNK,5,17108,26158,0,0,1
KNK,5,17111,26161,0,0,1
KNK,5,17121,26171,0,0,1
KNK,5,17134,26184,0,0,1
KNK,5,17146,26196,0,0,1
KNK,5,17154,26204,0,0,1
KNK,5,17167,26217,0,0,1
KNK,5,17168,26218,0,0,1
KNK,5,17184,26234,0,0,1
KNK,5,17209,26259,0,0,1
KNK,5,17243,26293,0,0,1
KNK,5,17253,26303,0,0,1
KNK,5,17262,26312,0,0,1
KNK,5,17276,26326,0,0,1
KNK,5,17297,26347,0,0,1
KNK,5,17302,26352,0,0,1
KNK,5,17332,26382,0,0,1
KNK,5,17347,26397,0,0,1
KNK,5,17349,26399,0,0,1
KNK,5,17386,26436,0,0,1
KNK,5,17405,26455,0,0,1
KNK,5,17409,26459,0,0,1
KNK,5,17418,26468,0,0,1
KNK,5,17433,26483,0,0,1
KNK,5,17444,26494,0,0,1
KNK,5,17455,26505,0,0,1
KNK,5,17460,26510,0,0,1
KNK,5,17462,26512,0,0,1
KNK,5,17465,26515,0,0,1
KNK,5,17479,26529,0,0,1
KNK,5,17495,26545,0,0,1
KNK,5,17499,26549,0,0,1
KNK,5,17505,26555,0,0,1
KNK,5,17512,26562,0,0,1
KNK,5,17514,26564,0,0,1
KNK,5,17520,26570,0,0,1
KNK,5,17550,26600,0,0,1
KNK,5,17554,26604,0,0,1
KNK,5,17559,26609,0,0,1
KNK,6,13108,22158,1,1,1
KNK,6,13113,22163,1,1,1
KNK,6,13119,22169,1,1,1
KNK,6,13126,22176,1,1,1
KNK,6,13130,22180,1,1,1
KNK,6,13131,22181,1,1,1
KNK,6,13154,22204,1,1,1
KNK,6,13166,22216,1,1,1
KNK,6,13167,22217,1,0,0
KNK,6,13170,22220,1,1,1
KNK,6,13172,22222,1,1,1
KNK,6,13178,22228,1,1,1
KNK,6,13187,22237,1,1,1
KNK,6,13191,22241,1,1,1
KNK,6,13218,22268,1,1,1
KNK,6,13222,22272,1,1,1
KNK,6,13223,22273,1,1,1
KNK,6,13232,22282,1,1,1
KNK,6,13241,22291,1,1,1
KNK,6,13246,22296,1,1,1
KNK,6,13249,22299,1,1,1
KNK,6,13250,22300,1,1,1
KNK,6,13251,22301,1,1,1
KNK,6,13266,22316,1,1,1
KNK,6,13294,22344,1,1,1
KNK,6,13296,22346,1,1,1
KNK,6,13299,22349,1,1,1
KNK,6,13319,22369,1,1,1
KNK,6,13324,22374,1,1,1
KNK,6,13351,22401,1,1,1
KNK,6,13359,22409,1,1,1
KNK,6,13373,22423,1,1,1
KNK,6,13380,22430,1,1,1
KNK,6,13417,22467,1,1,1
KNK,6,13426,22476,1,1,1
KNK,6,13429,22479,1,1,1
KNK,6,13433,22483,1,1,1
KNK,6,13434,22484,1,1,1
KNK,6,13437,22487,1,1,1
KNK,6,13439,22489,1,1,1
KNK,6,13444,22494,1,1,1
KNK,6,13450,22500,1,1,1
KNK,6,13454,22504,1,1,1
KNK,6,13476,22526,1,1,1
KNK,6,13483,22533,1,1,1
KNK,6,13487,22537,1,1,1
KNK,6,13500,22550,1,1,1
KNK,6,13506,22556,1,1,1
KNK,6,13529,22579,1,1,1
KNK,6,13531,22581,1,1,1
KNK,6,13540,22590,1,1,1
KNK,6,13558,22608,1,1,1
KNK,6,13562,22612,1,1,1
KNK,6,13565,22615,1,1,1
KNK,6,13583,22633,1,1,1
KNK,6,13586,22636,1,1,1
KNK,6,13592,22642,1,1,1
KNK,6,13623,22673,1,1,1
KNK,6,13653,22703,1,1,1
KNK,6,13654,22704,1,1,1
KNK,6,13662,22712,1,1,1
KNK,6,13665,22715,1,1,1
KNK,6,13670,22720,1,1,1
KNK,6,13681,22731,1,1,1
KNK,6,13684,22734,1,1,1
KNK,6,13691,22741,1,1,1
KNK,6,13713,22763,1,1,1
KNK,6,13718,22768,1,1,1
KNK,6,13735,22785,1,1,1
KNK,6,13750,22800,1,1,1
KNK,6,13754,22804,1,1,1
KNK,6,13764,22814,1,1,1
KNK,6,13767,22817,1,1,1
KNK,6,13773,22823,1,1,1
KNK,6,13777,22827,1,1,1
KNK,6,13787,22837,1,1,1
KNK,6,13788,22838,1,1,1
KNK,6,13799,22849,1,1,1
KNK,6,13800,22850,1,1,1
KNK,6,13807,22857,1,1,1
KNK,6,13809,22859,1,1,1
KNK,6,13820,22870,1,1,1
KNK,6,13821,22871,1,1,1
KNK,6,13839,22889,1,1,1
KNK,6,13848,22898,1,1,1
KNK,6,13872,22922,1,1,1
KNK,6,13895,22945,1,1,1
KNK,6,13896,22946,1,1,1
KNK,6,13920,22970,1,1,1
KNK,6,13932,22982,1,1,1
KNK,6,13953,23003,1,1,1
KNK,6,13956,23006,1,1,1
KNK,6,13960,23010,1,1,1
KNK,6,13962,23012,1,1,1
KNK,6,13983,23033,1,1,1
KNK,6,13988,23038,1,1,1
KNK,6,13994,23044,1,1,1
KNK,6,13995,23045,1,1,1
KNK,6,14012,23062,1,1,1
KNK,6,14013,23063,1,1,1
KNK,6,14019,23069,1,1,1
KNK,6,14036,23086,1,1,1
KNK,6,14042,23092,1,1,1
KNK,6,14057,23107,1,1,1
KNK,6,14066,23116,1,1,1
KNK,6,14069,23119,1,1,1
KNK,6,14071,23121,1,1,1
KNK,6,14074,23124,1,1,1
KNK,6,14090,23140,1,1,1
KNK,6,14103,23153,1,1,1
KNK,6,14105,23155,1,1,1
KNK,6,14109,23159,1,1,1
KNK,6,14116,23166,1,1,1
KNK,6,14121,23171,1,1,1
KNK,6,14124,23174,1,1,1
KNK,6,14128,23178,1,1,1
KNK,6,14132,23182,1,1,1
KNK,6,14139,23189,1,1,1
KNK,6,14166,23216,1,1,1
KNK,6,14173,23223,1,1,1
KNK,6,14203,23253,1,1,1
KNK,6,14208,23258,1,1,1
KNK,6,14218,23268,1,1,1
KNK,6,14222,23272,1,1,1
KNK,6,14225,23275,1,1,1
KNK,6,14227,23277,1,1,1
KNK,6,14228,23278,1,1,1
KNK,6,14236,23286,1,1,1
KNK,6,14237,23287,1,1,1
KNK,6,14240,23290,1,1,1
KNK,6,14251,23301,1,1,1
KNK,6,14256,23306,1,1,1
KNK,6,14284,23334,1,1,1
KNK,6,14288,23338,1,1,1
KNK,6,14302,23352,1,1,1
KNK,6,14307,23357,1,1,1
KNK,6,14321,23371,1,1,1
KNK,6,14327,23377,1,1,1
KNK,6,14342,23392,1,1,1
KNK,6,14371,23421,1,1,1
KNK,6,14376,23426,1,1,1
KNK,6,14394,23444,1,1,1
KNK,6,14424,23474,1,1,1
KNK,6,14426,23476,1,1,1
KNK,6,14435,23485,1,1,1
KNK,6,14437,23487,1,1,1
KNK,6,14449,23499,1,1,1
KNK,6,14459,23509,1,1,1
KNK,6,14465,23515,1,1,1
KNK,6,14487,23537,1,1,1
KNK,6,14489,23539,1,1,1
KNK,6,14496,23546,1,1,1
KNK,6,14497,23547,1,1,1
KNK,6,14507,23557,1,1,1
KNK,6,14508,23558,1,1,1
KNK,6,14514,23564,1,1,1
KNK,6,14520,23570,1,0,0
KNK,6,14544,23594,1,1,1
KNK,6,14547,23597,1,1,1
KNK,6,14557,23607,1,1,1
KNK,6,14569,23619,1,1,1
KNK,6,14572,23622,1,1,1
KNK,6,14575,23625,1,1,1
KNK,6,14599,23649,1,1,1
KNK,6,14606,23656,1,1,1
KNK,6,14614,23664,1,1,1
KNK,6,14628,23678,1,1,1
KNK,6,14633,23683,1,1,1
KNK,6,14644,23694,1,1,1
KNK,6,14654,23704,1,1,1
KNK,6,14658,23708,1,1,1
KNK,6,14662,23712,1,1,1
KNK,6,14676,23726,1,0,0
KNK,6,14695,23745,1,1,1
KNK,6,14706,23756,1,1,1
KNK,6,14709,23759,1,1,1
KNK,6,14722,23772,1,1,1
KNK,6,14725,23775,1,1,1
KNK,6,14734,23784,1,1,1
KNK,6,14744,23794,1,1,1
KNK,6,14749,23799,1,1,1
KNK,6,14759,23809,1,1,1
KNK,6,14768,23818,1,1,1
KNK,6,14797,23847,1,1,1
KNK,6,14817,23867,1,1,1
KNK,6,14820,23870,1,1,1
KNK,6,14843,23893,1,1,1
KNK,6,14845,23895,1,1,1
KNK,6,14848,23898,1,1,1
KNK,6,14851,23901,1,1,1
KNK,6,14852,23902,1,1,1
KNK,6,14854,23904,1,1,1
KNK,6,14868,23918,1,1,1
KNK,6,14873,23923,1,1,1
KNK,6,14876,23926,1,1,1
KNK,6,14894,23944,1,1,1
KNK,6,14901,23951,1,1,1
KNK,6,14907,23957,1,1,1
KNK,6,14909,23959,1,1,1
KNK,6,14911,23961,1,1,1
KNK,6,14924,23974,1,1,1
KNK,6,14933,23983,1,1,1
KNK,6,14955,24005,1,1,1
KNK,6,14985,24035,1,1,1
KNK,6,14995,24045,1,1,1
KNK,6,15020,24070,1,1,1
KNK,6,15039,24089,1,1,1
KNK,6,15057,24107,1,1,1
KNK,6,15065,24115,1,1,1
KNK,6,15067,24117,1,1,1
KNK,6,15087,24137,1,1,1
KNK,6,15096,24146,1,1,1
KNK,6,15101,24151,1,1,1
KNK,6,15103,24153,1,1,1
KNK,6,15139,24189,1,1,1
KNK,6,15141,24191,1,1,1
KNK,6,15184,24234,1,1,1
KNK,6,15186,24236,1,1,1
KNK,6,15188,24238,1,1,1
KNK,6,15210,24260,1,1,1
KNK,6,15221,24271,1,1,1
KNK,6,15230,24280,1,1,1
KNK,6,15293,24343,1,1,1
KNK,6,15300,24350,1,1,1
KNK,6,15310,24360,1,1,1
KNK,6,15350,24400,1,1,1
KNK,6,15362,24412,1,1,1
KNK,6,15368,24418,1,1,1
KNK,6,15383,24433,1,1,1
KNK,6,15391,24441,1,1,1
KNK,6,15392,24442,1,1,1
KNK,6,15411,24461,1,1,1
KNK,6,15425,24475,1,1,1
KNK,6,15432,24482,1,1,1
KNK,6,15440,24490,1,1,1
KNK,6,15464,24514,1,1,1
KNK,6,15498,24548,0,0,1
KNK,6,15511,24561,0,0,1
KNK,6,15520,24570,0,1,0
KNK,6,15540,24590,0,0,1
KNK,6,15562,24612,0,0,1
KNK,6,15609,24659,0,0,1
KNK,6,15615,24665,0,0,1
KNK,6,15616,24666,0,0,1
KNK,6,15651,24701,0,0,1
KNK,6,15672,24722,0,0,1
KNK,6,15691,24741,0,0,1
KNK,6,15711,24761,0,0,1
KNK,6,15746,24796,0,1,0
KNK,6,15761,24811,0,0,1
KNK,6,15763,24813,0,0,1
KNK,6,15776,24826,0,0,1
KNK,6,15784,24834,0,0,1
KNK,6,15786,24836,0,0,1
KNK,6,15788,24838,0,0,1
KNK,6,15799,24849,0,0,1
KNK,6,15804,24854,0,0,1
KNK,6,15848,24898,0,0,1
KNK,6,15857,24907,0,0,1
KNK,6,15865,24915,0,0,1
KNK,6,15866,24916,0,0,1
KNK,6,15869,24919,0,0,1
KNK,6,15878,24928,0,0,1
KNK,6,15892,24942,0,0,1
KNK,6,15916,24966,0,0,1
KNK,6,15942,24992,0,0,1
KNK,6,15956,25006,0,0,1
KNK,6,15957,25007,0,0,1
KNK,6,15977,25027,0,0,1
KNK,6,15980,25030,0,0,1
KNK,6,15990,25040,0,0,1
KNK,6,15992,25042,0,0,1
KNK,6,16002,25052,0,0,1
KNK,6,16006,25056,0,0,1
KNK,6,16014,25064,0,0,1
KNK,6,16015,25065,0,0,1
KNK,6,16018,25068,0,0,1
KNK,6,16022,25072,0,0,1
KNK,6,16028,25078,0,0,1
KNK,6,16039,25089,0,0,1
KNK,6,16043,25093,0,0,1
KNK,6,16068,25118,0,0,1
KNK,6,16093,25143,0,0,1
KNK,6,16096,25146,0,0,1
KNK,6,16101,25151,0,0,1
KNK,6,16103,25153,0,0,1
KNK,6,16107,25157,0,0,1
KNK,6,16111,25161,0,0,1
KNK,6,16157,25207,0,0,1
KNK,6,16159,25209,0,0,1
KNK,6,16177,25227,0,0,1
KNK,6,16179,25229,0,0,1
KNK,6,16183,25233,0,0,1
KNK,6,16184,25234,0,0,1
KNK,6,16199,25249,0,0,1
KNK,6,16201,25251,0,0,1
KNK,6,16210,25260,0,0,1
KNK,6,16216,25266,0,0,1
KNK,6,16230,25280,0,0,1
KNK,6,16235,25285,0,0,1
KNK,6,16237,25287,0,0,1
KNK,6,16241,25291,0,1,0
KNK,6,16255,25305,0,0,1
KNK,6,16259,25309,0,0,1
KNK,6,16271,25321,0,0,1
KNK,6,16274,25324,0,0,1
KNK,6,16304,25354,0,0,1
KNK,6,16331,25381,0,0,1
KNK,6,16334,25384,0,0,1
KNK,6,16364,25414,0,0,1
KNK,6,16372,25422,0,0,1
KNK,6,16376,25426,0,0,1
KNK,6,16382,25432,0,0,1
KNK,6,16391,25441,0,0,1
KNK,6,16405,25455,0,0,1
KNK,6,16410,25460,0,0,1
KNK,6,16417,25467,0,0,1
KNK,6,16427,25477,0,0,1
KNK,6,16430,25480,0,0,1
KNK,6,16445,25495,0,0,1
KNK,6,16507,25557,0,0,1
KNK,6,16511,25561,0,0,1
KNK,6,16529,25579,0,0,1
KNK,6,16531,25581,0,0,1
KNK,6,16545,25595,0,0,1
KNK,6,16566,25616,0,0,1
KNK,6,16570,25620,0,0,1
KNK,6,16574,25624,0,0,1
KNK,6,16582,25632,0,0,1
KNK,6,16585,25635,0,0,1
KNK,6,16606,25656,0,0,1
KNK,6,16607,25657,0,0,1
KNK,6,16631,25681,0,0,1
KNK,6,16635,25685,0,0,1
KNK,6,16637,25687,0,0,1
KNK,6,16654,25704,0,0,1
KNK,6,16660,25710,0,0,1
KNK,6,16662,25712,0,0,1
KNK,6,16663,25713,0,0,1
KNK,6,16665,25715,0,1,0
KNK,6,16679,25729,0,0,1
KNK,6,16697,25747,0,0,1
KNK,6,16717,25767,0,0,1
KNK,6,16720,25770,0,0,1
KNK,6,16726,25776,0,1,0
KNK,6,16727,25777,0,0,1
KNK,6,16729,25779,0,0,1
KNK,6,16732,25782,0,0,1
KNK,6,16740,25790,0,0,1
KNK,6,16747,25797,0,0,1
KNK,6,16750,25800,0,0,1
KNK,6,16752,25802,0,0,1
KNK,6,16777,25827,0,0,1
KNK,6,16782,25832,0,0,1
KNK,6,16786,25836,0,0,1
KNK,6,16802,25852,0,0,1
KNK,6,16806,25856,0,0,1
KNK,6,16807,25857,0,0,1
KNK,6,16814,25864,0,0,1
KNK,6,16823,25873,0,0,1
KNK,6,16851,25901,0,1,0
KNK,6,16852,25902,0,0,1
KNK,6,16865,25915,0,0,1
KNK,6,16866,25916,0,0,1
KNK,6,16868,25918,0,0,1
KNK,6,16869,25919,0,1,0
KNK,6,16881,25931,0,0,1
KNK,6,16904,25954,0,0,1
KNK,6,16905,25955,0,0,1
KNK,6,16907,25957,0,0,1
KNK,6,16910,25960,0,0,1
KNK,6,16914,25964,0,0,1
KNK,6,16915,25965,0,0,1
KNK,6,16937,25987,0,0,1
KNK,6,16940,25990,0,0,1
KNK,6,16944,25994,0,0,1
KNK,6,16969,26019,0,0,1
KNK,6,17003,26053,0,0,1
KNK,6,17024,26074,0,0,1
KNK,6,17032,26082,0,0,1
KNK,6,17042,26092,0,0,1
KNK,6,17055,26105,0,0,1
KNK,6,17068,26118,0,0,1
KNK,6,17071,26121,0,0,1
KNK,6,17081,26131,0,0,1
KNK,6,17083,26133,0,0,1
KNK,6,17089,26139,0,0,1
KNK,6,17124,26174,0,0,1
KNK,6,17125,26175,0,0,1
KNK,6,17128,26178,0,0,1
KNK,6,17130,26180,0,0,1
KNK,6,17136,26186,0,0,1
KNK,6,17139,26189,0,0,1
KNK,6,17142,26192,0,0,1
KNK,6,17143,26193,0,0,1
KNK,6,17144,26194,0,0,1
KNK,6,17147,26197,0,0,1
KNK,6,17164,26214,0,0,1
KNK,6,17176,26226,0,0,1
KNK,6,17180,26230,0,0,1
KNK,6,17189,26239,0,0,1
KNK,6,17190,26240,0,0,1
KNK,6,17199,26249,0,0,1
KNK,6,17211,26261,0,0,1
KNK,6,17219,26269,0,0,1
KNK,6,17223,26273,0,0,1
KNK,6,17230,26280,0,0,1
KNK,6,17236,26286,0,0,1
KNK,6,17239,26289,0,0,1
KNK,6,17249,26299,0,0,1
KNK,6,17261,26311,0,0,1
KNK,6,17281,26331,0,0,1
KNK,6,17286,26336,0,0,1
KNK,6,17304,26354,0,0,1
KNK,6,17308,26358,0,0,1
KNK,6,17316,26366,0,0,1
KNK,6,17318,26368,0,0,1
KNK,6,17325,26375,0,0,1
KNK,6,17341,26391,0,0,1
KNK,6,17342,26392,0,0,1
KNK,6,17343,26393,0,0,1
KNK,6,17356,26406,0,0,1
KNK,6,17357,26407,0,0,1
KNK,6,17358,26408,0,0,1
KNK,6,17364,26414,0,0,1
KNK,6,17379,26429,0,0,1
KNK,6,17385,26435,0,0,1
KNK,6,17389,26439,0,0,1
KNK,6,17394,26444,0,0,1
KNK,6,17396,26446,0,0,1
KNK,6,17401,26451,0,0,1
KNK,6,17426,26476,0,0,1
KNK,6,17452,26502,0,0,1
KNK,6,17463,26513,0,0,1
KNK,6,17472,26522,0,0,1
KNK,6,17476,26526,0,0,1
KNK,6,17501,26551,0,0,1
KNK,6,17522,26572,0,0,1
KNK,6,17526,26576,0,0,1
KNK,6,17531,26581,0,0,1
KNK,6,17535,26585,0,0,1
KNK,6,17540,26590,0,0,1
KNK,6,17543,26593,0,0,1
KNK,6,17547,26597,0,0,1
KNK,6,17556,26606,0,0,1
KNK,6,17560,26610,0,0,1
KNK,7,13105,22155,1,1,1
KNK,7,13110,22160,1,1,1
KNK,7,13118,22168,1,1,1
KNK,7,13139,22189,1,1,1
KNK,7,13143,22193,1,1,1
KNK,7,13144,22194,1,1,1
KNK,7,13151,22201,1,1,1
KNK,7,13157,22207,1,1,1
KNK,7,13159,22209,1,1,1
KNK,7,13181,22231,1,1,1
KNK,7,13202,22252,1,1,1
KNK,7,13204,22254,1,1,1
KNK,7,13208,22258,1,1,1
KNK,7,13219,22269,1,1,1
KNK,7,13236,22286,1,1,1
KNK,7,13239,22289,1,1,1
KNK,7,13240,22290,1,1,1
KNK,7,13270,22320,1,1,1
KNK,7,13275,22325,1,1,1
KNK,7,13278,22328,1,1,1
KNK,7,13322,22372,1,1,1
KNK,7,13325,22375,1,1,1
KNK,7,13333,22383,1,1,1
KNK,7,13334,22384,1,1,1
KNK,7,13340,22390,1,1,1
KNK,7,13354,22404,1,1,1
KNK,7,13391,22441,1,1,1
KNK,7,13392,22442,1,1,1
KNK,7,13393,22443,1,1,1
KNK,7,13396,22446,1,1,1
KNK,7,13415,22465,1,1,1
KNK,7,13421,22471,1,1,1
KNK,7,13431,22481,1,1,1
KNK,7,13435,22485,1,1,1
KNK,7,13462,22512,1,1,1
KNK,7,13466,22516,1,1,1
KNK,7,13472,22522,1,1,1
KNK,7,13477,22527,1,1,1
KNK,7,13496,22546,1,1,1
KNK,7,13519,22569,1,1,1
KNK,7,13524,22574,1,1,1
KNK,7,13532,22582,1,1,1
KNK,7,13537,22587,1,1,1
KNK,7,13544,22594,1,1,1
KNK,7,13545,22595,1,1,1
KNK,7,13566,22616,1,1,1
KNK,7,13580,22630,1,1,1
KNK,7,13581,22631,1,1,1
KNK,7,13597,22647,1,1,1
KNK,7,13598,22648,1,1,1
KNK,7,13656,22706,1,1,1
KNK,7,13664,22714,1,1,1
KNK,7,13666,22716,1,1,1
KNK,7,13678,22728,1,1,1
KNK,7,13697,22747,1,1,1
KNK,7,13699,22749,1,1,1
KNK,7,13701,22751,1,1,1
KNK,7,13716,22766,1,1,1
KNK,7,13723,22773,1,1,1
KNK,7,13724,22774,1,1,1
KNK,7,13730,22780,1,1,1
KNK,7,13737,22787,1,1,1
KNK,7,13739,22789,1,1,1
KNK,7,13752,22802,1,0,0
KNK,7,13770,22820,1,1,1
KNK,7,13779,22829,1,1,1
KNK,7,13784,22834,1,1,1
KNK,7,13793,22843,1,1,1
KNK,7,13802,22852,1,1,1
KNK,7,13810,22860,1,1,1
KNK,7,13813,22863,1,1,1
KNK,7,13815,22865,1,1,1
KNK,7,13827,22877,1,1,1
KNK,7,13835,22885,1,1,1
KNK,7,13838,22888,1,1,1
KNK,7,13845,22895,1,1,1
KNK,7,13850,22900,1,1,1
KNK,7,13868,22918,1,1,1
KNK,7,13874,22924,1,1,1
KNK,7,13876,22926,1,1,1
KNK,7,13880,22930,1,1,1
KNK,7,13888,22938,1,1,1
KNK,7,13889,22939,1,1,1
KNK,7,13916,22966,1,1,1
KNK,7,13926,22976,1,1,1
KNK,7,13938,22988,1,1,1
KNK,7,13981,23031,1,1,1
KNK,7,13986,23036,1,1,1
KNK,7,13987,23037,1,1,1
KNK,7,13991,23041,1,1,1
KNK,7,13997,23047,1,1,1
KNK,7,14002,23052,1,1,1
KNK,7,14005,23055,1,0,0
KNK,7,14014,23064,1,1,1
KNK,7,14039,23089,1,1,1
KNK,7,14040,23090,1,1,1
KNK,7,14045,23095,1,1,1
KNK,7,14052,23102,1,1,1
KNK,7,14063,23113,1,1,1
KNK,7,14076,23126,1,1,1
KNK,7,14091,23141,1,1,1
KNK,7,14093,23143,1,1,1
KNK,7,14095,23145,1,1,1
KNK,7,14117,23167,1,1,1
KNK,7,14157,23207,1,1,1
KNK,7,14186,23236,1,1,1
KNK,7,14215,23265,1,1,1
KNK,7,14224,23274,1,1,1
KNK,7,14234,23284,1,1,1
KNK,7,14262,23312,1,1,1
KNK,7,14263,23313,1,1,1
KNK,7,14264,23314,1,1,1
KNK,7,14271,23321,1,1,1
KNK,7,14273,23323,1,1,1
KNK,7,14277,23327,1,1,1
KNK,7,14292,23342,1,1,1
KNK,7,14294,23344,1,1,1
KNK,7,14311,23361,1,1,1
KNK,7,14317,23367,1,1,1
KNK,7,14318,23368,1,1,1
KNK,7,14325,23375,1,1,1
KNK,7,14330,23380,1,1,1
KNK,7,14331,23381,1,1,1
KNK,7,14336,23386,1,1,1
KNK,7,14349,23399,1,1,1
KNK,7,14353,23403,1,1,1
KNK,7,14357,23407,1,1,1
KNK,7,14358,23408,1,1,1
KNK,7,14373,23423,1,1,1
KNK,7,14375,23425,1,1,1
KNK,7,14378,23428,1,1,1
KNK,7,14382,23432,1,1,1
KNK,7,14393,23443,1,1,1
KNK,7,14415,23465,1,1,1
KNK,7,14444,23494,1,1,1
KNK,7,14469,23519,1,1,1
KNK,7,14479,23529,1,1,1
KNK,7,14502,23552,1,1,1
KNK,7,14521,23571,1,1,1
KNK,7,14522,23572,1,1,1
KNK,7,14524,23574,1,1,1
KNK,7,14551,23601,1,1,1
KNK,7,14554,23604,1,1,1
KNK,7,14573,23623,1,1,1
KNK,7,14574,23624,1,1,1
KNK,7,14590,23640,1,1,1
KNK,7,14594,23644,1,1,1
KNK,7,14598,23648,1,1,1
KNK,7,14610,23660,1,1,1
KNK,7,14619,23669,1,1,1
KNK,7,14620,23670,1,1,1
KNK,7,14635,23685,1,1,1
KNK,7,14649,23699,1,1,1
KNK,7,14650,23700,1,1,1
KNK,7,14668,23718,1,1,1
KNK,7,14673,23723,1,1,1
KNK,7,14680,23730,1,1,1
KNK,7,14686,23736,1,1,1
KNK,7,14717,23767,1,1,1
KNK,7,14720,23770,1,1,1
KNK,7,14723,23773,1,1,1
KNK,7,14731,23781,1,1,1
KNK,7,14736,23786,1,1,1
KNK,7,14742,23792,1,1,1
KNK,7,14770,23820,1,1,1
KNK,7,14771,23821,1,1,1
KNK,7,14792,23842,1,1,1
KNK,7,14807,23857,1,1,1
KNK,7,14808,23858,1,1,1
KNK,7,14832,23882,1,1,1
KNK,7,14840,23890,1,1,1
KNK,7,14842,23892,1,1,1
KNK,7,14847,23897,1,1,1
KNK,7,14866,23916,1,1,1
KNK,7,14886,23936,1,1,1
KNK,7,14891,23941,1,1,1
KNK,7,14892,23942,1,0,0
KNK,7,14900,23950,1,1,1
KNK,7,14904,23954,1,1,1
KNK,7,14910,23960,1,1,1
KNK,7,14912,23962,1,1,1
KNK,7,14915,23965,1,1,1
KNK,7,14917,23967,1,1,1
KNK,7,14919,23969,1,1,1
KNK,7,14923,23973,1,1,1
KNK,7,14932,23982,1,1,1
KNK,7,14946,23996,1,1,1
KNK,7,14962,24012,1,1,1
KNK,7,14971,24021,1,1,1
KNK,7,14982,24032,1,1,1
KNK,7,15007,24057,1,1,1
KNK,7,15010,24060,1,1,1
KNK,7,15031,24081,1,1,1
KNK,7,15045,24095,1,1,1
KNK,7,15052,24102,1,1,1
KNK,7,15058,24108,1,1,1
KNK,7,15059,24109,1,1,1
KNK,7,15064,24114,1,1,1
KNK,7,15081,24131,1,1,1
KNK,7,15104,24154,1,1,1
KNK,7,15128,24178,1,1,1
KNK,7,15154,24204,1,1,1
KNK,7,15158,24208,1,1,1
KNK,7,15198,24248,1,1,1
KNK,7,15203,24253,1,1,1
KNK,7,15220,24270,1,1,1
KNK,7,15244,24294,1,1,1
KNK,7,15264,24314,1,1,1
KNK,7,15268,24318,1,1,1
KNK,7,15279,24329,1,1,1
KNK,7,15287,24337,1,1,1
KNK,7,15290,24340,1,1,1
KNK,7,15296,24346,1,1,1
KNK,7,15299,24349,1,1,1
KNK,7,15302,24352,1,1,1
KNK,7,15329,24379,1,1,1
KNK,7,15330,24380,1,1,1
KNK,7,15336,24386,1,1,1
KNK,7,15338,24388,1,1,1
KNK,7,15375,24425,1,1,1
KNK,7,15378,24428,1,1,1
KNK,7,15396,24446,1,1,1
KNK,7,15401,24451,1,1,1
KNK,7,15408,24458,1,1,1
KNK,7,15412,24462,1,1,1
KNK,7,15418,24468,1,1,1
KNK,7,15426,24476,1,1,1
KNK,7,15427,24477,1,1,1
KNK,7,15434,24484,1,1,1
KNK,7,15437,24487,1,1,1
KNK,7,15441,24491,1,1,1
KNK,7,15442,24492,1,1,1
KNK,7,15447,24497,1,1,1
KNK,7,15458,24508,1,1,1
KNK,7,15463,24513,1,1,1
KNK,7,15465,24515,1,1,1
KNK,7,15467,24517,0,0,1
KNK,7,15474,24524,0,0,1
KNK,7,15476,24526,0,0,1
KNK,7,15500,24550,0,0,1
KNK,7,15505,24555,0,0,1
KNK,7,15509,24559,0,0,1
KNK,7,15513,24563,0,0,1
KNK,7,15522,24572,0,0,1
KNK,7,15524,24574,0,0,1
KNK,7,15525,24575,0,0,1
KNK,7,15529,24579,0,0,1
KNK,7,15536,24586,0,0,1
KNK,7,15539,24589,0,0,1
KNK,7,15547,24597,0,0,1
KNK,7,15557,24607,0,0,1
KNK,7,15558,24608,0,0,1
KNK,7,15579,24629,0,0,1
KNK,7,15621,24671,0,0,1
KNK,7,15622,24672,0,0,1
KNK,7,15658,24708,0,0,1
KNK,7,15664,24714,0,0,1
KNK,7,15669,24719,0,0,1
KNK,7,15683,24733,0,0,1
KNK,7,15684,24734,0,0,1
KNK,7,15689,24739,0,0,1
KNK,7,15712,24762,0,0,1
KNK,7,15718,24768,0,0,1
KNK,7,15723,24773,0,0,1
KNK,7,15731,24781,0,0,1
KNK,7,15756,24806,0,0,1
KNK,7,15778,24828,0,0,1
KNK,7,15780,24830,0,0,1
KNK,7,15781,24831,0,0,1
KNK,7,15787,24837,0,0,1
KNK,7,15794,24844,0,0,1
KNK,7,15798,24848,0,0,1
KNK,7,15818,24868,0,0,1
KNK,7,15821,24871,0,0,1
KNK,7,15824,24874,0,0,1
KNK,7,15834,24884,0,0,1
KNK,7,15837,24887,0,0,1
KNK,7,15839,24889,0,1,0
KNK,7,15850,24900,0,0,1
KNK,7,15853,24903,0,0,1
KNK,7,15859,24909,0,0,1
KNK,7,15863,24913,0,0,1
KNK,7,15871,24921,0,0,1
KNK,7,15885,24935,0,0,1
KNK,7,15889,24939,0,0,1
KNK,7,15893,24943,0,0,1
KNK,7,15905,24955,0,1,0
KNK,7,15919,24969,0,0,1
KNK,7,15925,24975,0,0,1
KNK,7,15931,24981,0,0,1
KNK,7,15941,24991,0,0,1
KNK,7,15949,24999,0,0,1
KNK,7,15963,25013,0,0,1
KNK,7,15970,25020,0,0,1
KNK,7,15972,25022,0,0,1
KNK,7,15973,25023,0,0,1
KNK,7,15993,25043,0,0,1
KNK,7,15996,25046,0,0,1
KNK,7,16000,25050,0,0,1
KNK,7,16010,25060,0,0,1
KNK,7,16011,25061,0,0,1
KNK,7,16032,25082,0,1,0
KNK,7,16066,25116,0,0,1
KNK,7,16077,25127,0,0,1
KNK,7,16078,25128,0,0,1
KNK,7,16109,25159,0,0,1
KNK,7,16123,25173,0,0,1
KNK,7,16131,25181,0,0,1
KNK,7,16146,25196,0,0,1
KNK,7,16147,25197,0,0,1
KNK,7,16163,25213,0,0,1
KNK,7,16187,25237,0,0,1
KNK,7,16191,25241,0,0,1
KNK,7,16198,25248,0,0,1
KNK,7,16203,25253,0,0,1
KNK,7,16222,25272,0,0,1
KNK,7,16243,25293,0,0,1
KNK,7,16254,25304,0,0,1
KNK,7,16267,25317,0,0,1
KNK,7,16293,25343,0,0,1
KNK,7,16307,25357,0,0,1
KNK,7,16310,25360,0,0,1
KNK,7,16312,25362,0,0,1
KNK,7,16316,25366,0,0,1
KNK,7,16330,25380,0,0,1
KNK,7,16332,25382,0,0,1
KNK,7,16347,25397,0,0,1
KNK,7,16358,25408,0,1,0
KNK,7,16370,25420,0,0,1
KNK,7,16408,25458,0,0,1
KNK,7,16409,25459,0,0,1
KNK,7,16412,25462,0,0,1
KNK,7,16420,25470,0,0,1
KNK,7,16428,25478,0,0,1
KNK,7,16436,25486,0,0,1
KNK,7,16440,25490,0,0,1
KNK,7,16452,25502,0,0,1
KNK,7,16457,25507,0,0,1
KNK,7,16471,25521,0,0,1
KNK,7,16472,25522,0,0,1
KNK,7,16481,25531,0,0,1
KNK,7,16490,25540,0,0,1
KNK,7,16504,25554,0,0,1
KNK,7,16505,25555,0,0,1
KNK,7,16510,25560,0,1,0
KNK,7,16517,25567,0,0,1
KNK,7,16523,25573,0,0,1
KNK,7,16525,25575,0,0,1
KNK,7,16534,25584,0,0,1
KNK,7,16538,25588,0,0,1
KNK,7,16547,25597,0,0,1
KNK,7,16552,25602,0,0,1
KNK,7,16577,25627,0,0,1
KNK,7,16583,25633,0,0,1
KNK,7,16587,25637,0,0,1
KNK,7,16591,25641,0,0,1
KNK,7,16593,25643,0,0,1
KNK,7,16612,25662,0,0,1
KNK,7,16619,25669,0,0,1
KNK,7,16620,25670,0,0,1
KNK,7,16622,25672,0,0,1
KNK,7,16624,25674,0,0,1
KNK,7,16629,25679,0,0,1
KNK,7,16639,25689,0,0,1
KNK,7,16640,25690,0,0,1
KNK,7,16641,25691,0,0,1
KNK,7,16643,25693,0,0,1
KNK,7,16644,25694,0,0,1
KNK,7,16656,25706,0,0,1
KNK,7,16691,25741,0,0,1
KNK,7,16702,25752,0,0,1
KNK,7,16709,25759,0,0,1
KNK,7,16734,25784,0,0,1
KNK,7,16738,25788,0,0,1
KNK,7,16767,25817,0,0,1
KNK,7,16768,25818,0,0,1
KNK,7,16781,25831,0,0,1
KNK,7,16787,25837,0,0,1
KNK,7,16793,25843,0,0,1
KNK,7,16824,25874,0,0,1
KNK,7,16830,25880,0,0,1
KNK,7,16860,25910,0,0,1
KNK,7,16862,25912,0,0,1
KNK,7,16889,25939,0,0,1
KNK,7,16897,25947,0,0,1
KNK,7,16916,25966,0,0,1
KNK,7,16924,25974,0,0,1
KNK,7,16927,25977,0,0,1
KNK,7,16928,25978,0,0,1
KNK,7,16967,26017,0,0,1
KNK,7,16968,26018,0,0,1
KNK,7,16973,26023,0,0,1
KNK,7,16975,26025,0,0,1
KNK,7,16977,26027,0,0,1
KNK,7,17022,26072,0,0,1
KNK,7,17076,26126,0,0,1
KNK,7,17079,26129,0,0,1
KNK,7,17082,26132,0,0,1
KNK,7,17086,26136,0,0,1
KNK,7,17104,26154,0,0,1
KNK,7,17110,26160,0,0,1
KNK,7,17141,26191,0,0,1
KNK,7,17162,26212,0,0,1
KNK,7,17175,26225,0,0,1
KNK,7,17187,26237,0,0,1
KNK,7,17188,26238,0,0,1
KNK,7,17195,26245,0,0,1
KNK,7,17202,26252,0,0,1
KNK,7,17205,26255,0,0,1
KNK,7,17227,26277,0,0,1
KNK,7,17244,26294,0,0,1
KNK,7,17251,26301,0,0,1
KNK,7,17254,26304,0,0,1
KNK,7,17265,26315,0,0,1
KNK,7,17299,26349,0,0,1
KNK,7,17334,26384,0,0,1
KNK,7,17335,26385,0,0,1
KNK,7,17336,26386,0,0,1
KNK,7,17339,26389,0,0,1
KNK,7,17346,26396,0,0,1
KNK,7,17351,26401,0,0,1
KNK,7,17353,26403,0,0,1
KNK,7,17360,26410,0,0,1
KNK,7,17368,26418,0,1,0
KNK,7,17374,26424,0,0,1
KNK,7,17390,26440,0,0,1
KNK,7,17402,26452,0,0,1
KNK,7,17411,26461,0,0,1
KNK,7,17413,26463,0,0,1
KNK,7,17414,26464,0,0,1
KNK,7,17417,26467,0,0,1
KNK,7,17428,26478,0,0,1
KNK,7,17430,26480,0,0,1
KNK,7,17438,26488,0,0,1
KNK,7,17441,26491,0,0,1
KNK,7,17445,26495,0,0,1
KNK,7,17469,26519,0,0,1
KNK,7,17475,26525,0,0,1
KNK,7,17481,26531,0,0,1
KNK,7,17484,26534,0,0,1
KNK,7,17509,26559,0,0,1
KNK,7,17517,26567,0,0,1
KNK,7,17529,26579,0,0,1
KNK,7,17534,26584,0,0,1
KNK,7,17553,26603,0,0,1
KNK,7,17558,26608,0,0,1
KNK,8,13103,22153,1,1,1
KNK,8,13116,22166,1,1,1
KNK,8,13124,22174,1,1,1
KNK,8,13125,22175,1,1,1
KNK,8,13127,22177,1,1,1
KNK,8,13138,22188,1,1,1
KNK,8,13142,22192,1,1,1
KNK,8,13182,22232,1,1,1
KNK,8,13186,22236,1,1,1
KNK,8,13193,22243,1,1,1
KNK,8,13244,22294,1,1,1
KNK,8,13267,22317,1,1,1
KNK,8,13283,22333,1,1,1
KNK,8,13300,22350,1,1,1
KNK,8,13304,22354,1,1,1
KNK,8,13309,22359,1,1,1
KNK,8,13327,22377,1,1,1
KNK,8,13343,22393,1,1,1
KNK,8,13361,22411,1,1,1
KNK,8,13365,22415,1,1,1
KNK,8,13368,22418,1,1,1
KNK,8,13369,22419,1,1,1
KNK,8,13370,22420,1,1,1
KNK,8,13374,22424,1,1,1
KNK,8,13381,22431,1,1,1
KNK,8,13385,22435,1,1,1
KNK,8,13394,22444,1,1,1
KNK,8,13408,22458,1,1,1
KNK,8,13414,22464,1,1,1
KNK,8,13424,22474,1,1,1
KNK,8,13438,22488,1,1,1
KNK,8,13442,22492,1,1,1
KNK,8,13449,22499,1,1,1
KNK,8,13461,22511,1,1,1
KNK,8,13479,22529,1,1,1
KNK,8,13491,22541,1,1,1
KNK,8,13513,22563,1,1,1
KNK,8,13528,22578,1,1,1
KNK,8,13535,22585,1,1,1
KNK,8,13548,22598,1,1,1
KNK,8,13552,22602,1,1,1
KNK,8,13556,22606,1,1,1
KNK,8,13579,22629,1,1,1
KNK,8,13615,22665,1,1,1
KNK,8,13621,22671,1,1,1
KNK,8,13631,22681,1,1,1
KNK,8,13646,22696,1,1,1
KNK,8,13648,22698,1,1,1
KNK,8,13652,22702,1,1,1
KNK,8,13659,22709,1,0,0
KNK,8,13679,22729,1,1,1
KNK,8,13680,22730,1,0,0
KNK,8,13683,22733,1,1,1
KNK,8,13698,22748,1,1,1
KNK,8,13710,22760,1,1,1
KNK,8,13725,22775,1,1,1
KNK,8,13726,22776,1,1,1
KNK,8,13727,22777,1,1,1
KNK,8,13729,22779,1,1,1
KNK,8,13734,22784,1,1,1
KNK,8,13740,22790,1,1,1
KNK,8,13746,22796,1,1,1
KNK,8,13748,22798,1,1,1
KNK,8,13761,22811,1,1,1
KNK,8,13768,22818,1,1,1
KNK,8,13774,22824,1,1,1
KNK,8,13782,22832,1,1,1
KNK,8,13789,22839,1,1,1
KNK,8,13831,22881,1,1,1
KNK,8,13832,22882,1,1,1
KNK,8,13849,22899,1,1,1
KNK,8,13854,22904,1,1,1
KNK,8,13871,22921,1,1,1
KNK,8,13901,22951,1,1,1
KNK,8,13907,22957,1,1,1
KNK,8,13923,22973,1,1,1
KNK,8,13935,22985,1,1,1
KNK,8,13940,22990,1,1,1
KNK,8,13946,22996,1,1,1
KNK,8,13950,23000,1,1,1
KNK,8,13971,23021,1,1,1
KNK,8,13996,23046,1,1,1
KNK,8,14006,23056,1,1,1
KNK,8,14016,23066,1,1,1
KNK,8,14027,23077,1,1,1
KNK,8,14043,23093,1,1,1
KNK,8,14051,23101,1,1,1
KNK,8,14053,23103,1,1,1
KNK,8,14060,23110,1,1,1
KNK,8,14062,23112,1,1,1
KNK,8,14065,23115,1,1,1
KNK,8,14080,23130,1,1,1
KNK,8,14082,23132,1,1,1
KNK,8,14085,23135,1,1,1
KNK,8,14088,23138,1,1,1
KNK,8,14101,23151,1,1,1
KNK,8,14119,23169,1,1,1
KNK,8,14122,23172,1,1,1
KNK,8,14125,23175,1,1,1
KNK,8,14131,23181,1,1,1
KNK,8,14142,23192,1,1,1
KNK,8,14143,23193,1,1,1
KNK,8,14159,23209,1,1,1
KNK,8,14165,23215,1,1,1
KNK,8,14175,23225,1,1,1
KNK,8,14187,23237,1,1,1
KNK,8,14193,23243,1,1,1
KNK,8,14204,23254,1,1,1
KNK,8,14230,23280,1,1,1
KNK,8,14233,23283,1,1,1
KNK,8,14255,23305,1,1,1
KNK,8,14265,23315,1,1,1
KNK,8,14289,23339,1,1,1
KNK,8,14301,23351,1,1,1
KNK,8,14316,23366,1,1,1
KNK,8,14324,23374,1,1,1
KNK,8,14332,23382,1,1,1
KNK,8,14338,23388,1,1,1
KNK,8,14344,23394,1,1,1
KNK,8,14359,23409,1,1,1
KNK,8,14360,23410,1,1,1
KNK,8,14369,23419,1,1,1
KNK,8,14379,23429,1,1,1
KNK,8,14380,23430,1,1,1
KNK,8,14407,23457,1,1,1
KNK,8,14420,23470,1,1,1
KNK,8,14422,23472,1,1,1
KNK,8,14431,23481,1,1,1
KNK,8,14433,23483,1,1,1
KNK,8,14434,23484,1,1,1
KNK,8,14445,23495,1,1,1
KNK,8,14467,23517,1,1,1
KNK,8,14470,23520,1,1,1
KNK,8,14473,23523,1,1,1
KNK,8,14478,23528,1,1,1
KNK,8,14492,23542,1,1,1
KNK,8,14493,23543,1,1,1
KNK,8,14501,23551,1,1,1
KNK,8,14503,23553,1,1,1
KNK,8,14505,23555,1,1,1
KNK,8,14526,23576,1,1,1
KNK,8,14538,23588,1,1,1
KNK,8,14540,23590,1,1,1
KNK,8,14543,23593,1,1,1
KNK,8,14545,23595,1,1,1
KNK,8,14548,23598,1,1,1
KNK,8,14564,23614,1,0,0
KNK,8,14566,23616,1,1,1
KNK,8,14581,23631,1,1,1
KNK,8,14593,23643,1,1,1
KNK,8,14608,23658,1,1,1
KNK,8,14613,23663,1,1,1
KNK,8,14622,23672,1,1,1
KNK,8,14638,23688,1,1,1
KNK,8,14660,23710,1,1,1
KNK,8,14664,23714,1,1,1
KNK,8,14665,23715,1,1,1
KNK,8,14675,23725,1,1,1
KNK,8,14678,23728,1,1,1
KNK,8,14685,23735,1,1,1
KNK,8,14691,23741,1,1,1
KNK,8,14692,23742,1,1,1
KNK,8,14694,23744,1,1,1
KNK,8,14704,23754,1,1,1
KNK,8,14711,23761,1,1,1
KNK,8,14719,23769,1,1,1
KNK,8,14727,23777,1,1,1
KNK,8,14747,23797,1,0,0
KNK,8,14765,23815,1,1,1
KNK,8,14775,23825,1,1,1
KNK,8,14796,23846,1,1,1
KNK,8,14801,23851,1,1,1
KNK,8,14813,23863,1,1,1
KNK,8,14828,23878,1,1,1
KNK,8,14833,23883,1,1,1
KNK,8,14836,23886,1,1,1
KNK,8,14837,23887,1,1,1
KNK,8,14857,23907,1,1,1
KNK,8,14897,23947,1,1,1
KNK,8,14921,23971,1,1,1
KNK,8,14943,23993,1,1,1
KNK,8,14959,24009,1,1,1
KNK,8,14987,24037,1,1,1
KNK,8,14992,24042,1,1,1
KNK,8,15005,24055,1,1,1
KNK,8,15012,24062,1,1,1
KNK,8,15016,24066,1,1,1
KNK,8,15024,24074,1,1,1
KNK,8,15025,24075,1,1,1
KNK,8,15028,24078,1,1,1
KNK,8,15076,24126,1,1,1
KNK,8,15080,24130,1,1,1
KNK,8,15089,24139,1,1,1
KNK,8,15098,24148,1,1,1
KNK,8,15138,24188,1,1,1
KNK,8,15142,24192,1,1,1
KNK,8,15143,24193,1,1,1
KNK,8,15144,24194,1,1,1
KNK,8,15145,24195,1,1,1
KNK,8,15146,24196,1,1,1
KNK,8,15157,24207,1,1,1
KNK,8,15168,24218,1,1,1
KNK,8,15169,24219,1,1,1
KNK,8,15179,24229,1,1,1
KNK,8,15182,24232,1,1,1
KNK,8,15191,24241,1,1,1
KNK,8,15197,24247,1,1,1
KNK,8,15205,24255,1,1,1
KNK,8,15212,24262,1,1,1
KNK,8,15235,24285,1,1,1
KNK,8,15245,24295,1,1,1
KNK,8,15247,24297,1,1,1
KNK,8,15249,24299,1,1,1
KNK,8,15253,24303,1,1,1
KNK,8,15257,24307,1,1,1
KNK,8,15263,24313,1,1,1
KNK,8,15269,24319,1,1,1
KNK,8,15271,24321,1,1,1
KNK,8,15274,24324,1,1,1
KNK,8,15292,24342,1,1,1
KNK,8,15313,24363,1,1,1
KNK,8,15316,24366,1,1,1
KNK,8,15344,24394,1,1,1
KNK,8,15352,24402,1,1,1
KNK,8,15376,24426,1,1,1
KNK,8,15379,24429,1,1,1
KNK,8,15382,24432,1,1,1
KNK,8,15403,24453,1,1,1
KNK,8,15409,24459,1,1,1
KNK,8,15410,24460,1,1,1
KNK,8,15416,24466,1,1,1
KNK,8,15417,24467,1,1,1
KNK,8,15438,24488,1,1,1
KNK,8,15449,24499,1,1,1
KNK,8,15454,24504,1,1,1
KNK,8,15457,24507,1,1,1
KNK,8,15469,24519,0,0,1
KNK,8,15473,24523,0,0,1
KNK,8,15477,24527,0,0,1
KNK,8,15480,24530,0,0,1
KNK,8,15532,24582,0,0,1
KNK,8,15535,24585,0,0,1
KNK,8,15548,24598,0,0,1
KNK,8,15551,24601,0,0,1
KNK,8,15553,24603,0,0,1
KNK,8,15561,24611,0,0,1
KNK,8,15565,24615,0,0,1
KNK,8,15571,24621,0,0,1
KNK,8,15581,24631,0,0,1
KNK,8,15584,24634,0,0,1
KNK,8,15588,24638,0,0,1
KNK,8,15590,24640,0,0,1
KNK,8,15592,24642,0,0,1
KNK,8,15595,24645,0,0,1
KNK,8,15596,24646,0,0,1
KNK,8,15600,24650,0,0,1
KNK,8,15619,24669,0,0,1
KNK,8,15620,24670,0,0,1
KNK,8,15624,24674,0,0,1
KNK,8,15626,24676,0,0,1
KNK,8,15627,24677,0,0,1
KNK,8,15640,24690,0,0,1
KNK,8,15643,24693,0,0,1
KNK,8,15661,24711,0,0,1
KNK,8,15662,24712,0,0,1
KNK,8,15670,24720,0,0,1
KNK,8,15674,24724,0,0,1
KNK,8,15687,24737,0,0,1
KNK,8,15692,24742,0,0,1
KNK,8,15700,24750,0,0,1
KNK,8,15702,24752,0,0,1
KNK,8,15706,24756,0,0,1
KNK,8,15707,24757,0,0,1
KNK,8,15713,24763,0,0,1
KNK,8,15728,24778,0,0,1
KNK,8,15750,24800,0,0,1
KNK,8,15757,24807,0,0,1
KNK,8,15758,24808,0,1,0
KNK,8,15759,24809,0,0,1
KNK,8,15760,24810,0,0,1
KNK,8,15768,24818,0,0,1
KNK,8,15773,24823,0,0,1
KNK,8,15785,24835,0,0,1
KNK,8,15790,24840,0,0,1
KNK,8,15809,24859,0,0,1
KNK,8,15825,24875,0,0,1
KNK,8,15827,24877,0,0,1
KNK,8,15840,24890,0,0,1
KNK,8,15846,24896,0,0,1
KNK,8,15847,24897,0,0,1
KNK,8,15873,24923,0,0,1
KNK,8,15895,24945,0,0,1
KNK,8,15900,24950,0,0,1
KNK,8,15909,24959,0,0,1
KNK,8,15936,24986,0,0,1
KNK,8,15943,24993,0,0,1
KNK,8,15944,24994,0,0,1
KNK,8,15958,25008,0,0,1
KNK,8,15967,25017,0,0,1
KNK,8,15971,25021,0,0,1
KNK,8,15974,25024,0,0,1
KNK,8,15975,25025,0,0,1
KNK,8,15984,25034,0,0,1
KNK,8,15987,25037,0,0,1
KNK,8,16001,25051,0,0,1
KNK,8,16005,25055,0,0,1
KNK,8,16009,25059,0,1,0
KNK,8,16017,25067,0,0,1
KNK,8,16021,25071,0,0,1
KNK,8,16027,25077,0,0,1
KNK,8,16033,25083,0,0,1
KNK,8,16036,25086,0,0,1
KNK,8,16052,25102,0,0,1
KNK,8,16074,25124,0,0,1
KNK,8,16081,25131,0,0,1
KNK,8,16085,25135,0,0,1
KNK,8,16089,25139,0,0,1
KNK,8,16090,25140,0,0,1
KNK,8,16098,25148,0,0,1
KNK,8,16102,25152,0,0,1
KNK,8,16120,25170,0,0,1
KNK,8,16130,25180,0,1,0
KNK,8,16151,25201,0,0,1
KNK,8,16153,25203,0,0,1
KNK,8,16156,25206,0,0,1
KNK,8,16158,25208,0,0,1
KNK,8,16182,25232,0,0,1
KNK,8,16186,25236,0,0,1
KNK,8,16193,25243,0,0,1
KNK,8,16229,25279,0,0,1
KNK,8,16232,25282,0,0,1
KNK,8,16236,25286,0,0,1
KNK,8,16248,25298,0,0,1
KNK,8,16252,25302,0,0,1
KNK,8,16266,25316,0,0,1
KNK,8,16291,25341,0,0,1
KNK,8,16301,25351,0,0,1
KNK,8,16327,25377,0,0,1
KNK,8,16345,25395,0,0,1
KNK,8,16351,25401,0,0,1
KNK,8,16355,25405,0,0,1
KNK,8,16359,25409,0,0,1
KNK,8,16373,25423,0,0,1
KNK,8,16378,25428,0,0,1
KNK,8,16388,25438,0,0,1
KNK,8,16394,25444,0,0,1
KNK,8,16399,25449,0,0,1
KNK,8,16416,25466,0,0,1
KNK,8,16442,25492,0,0,1
KNK,8,16443,25493,0,0,1
KNK,8,16449,25499,0,0,1
KNK,8,16489,25539,0,0,1
KNK,8,16496,25546,0,0,1
KNK,8,16516,25566,0,0,1
KNK,8,16555,25605,0,0,1
KNK,8,16559,25609,0,0,1
KNK,8,16568,25618,0,0,1
KNK,8,16584,25634,0,0,1
KNK,8,16590,25640,0,0,1
KNK,8,16597,25647,0,0,1
KNK,8,16600,25650,0,0,1
KNK,8,16613,25663,0,0,1
KNK,8,16618,25668,0,0,1
KNK,8,16650,25700,0,0,1
KNK,8,16658,25708,0,0,1
KNK,8,16659,25709,0,0,1
KNK,8,16666,25716,0,0,1
KNK,8,16667,25717,0,0,1
KNK,8,16681,25731,0,0,1
KNK,8,16683,25733,0,0,1
KNK,8,16688,25738,0,0,1
KNK,8,16695,25745,0,0,1
KNK,8,16699,25749,0,0,1
KNK,8,16721,25771,0,0,1
KNK,8,16735,25785,0,0,1
KNK,8,16755,25805,0,0,1
KNK,8,16766,25816,0,0,1
KNK,8,16770,25820,0,0,1
KNK,8,16779,25829,0,0,1
KNK,8,16792,25842,0,0,1
KNK,8,16804,25854,0,0,1
KNK,8,16805,25855,0,0,1
KNK,8,16810,25860,0,0,1
KNK,8,16825,25875,0,0,1
KNK,8,16856,25906,0,0,1
KNK,8,16857,25907,0,0,1
KNK,8,16876,25926,0,0,1
KNK,8,16878,25928,0,0,1
KNK,8,16891,25941,0,0,1
KNK,8,16898,25948,0,0,1
KNK,8,16909,25959,0,0,1
KNK,8,16922,25972,0,0,1
KNK,8,16929,25979,0,0,1
KNK,8,16941,25991,0,0,1
KNK,8,16952,26002,0,0,1
KNK,8,16960,26010,0,0,1
KNK,8,16961,26011,0,0,1
KNK,8,16964,26014,0,0,1
KNK,8,16979,26029,0,0,1
KNK,8,16981,26031,0,0,1
KNK,8,16986,26036,0,0,1
KNK,8,17004,26054,0,0,1
KNK,8,17009,26059,0,0,1
KNK,8,17015,26065,0,0,1
KNK,8,17040,26090,0,0,1
KNK,8,17051,26101,0,0,1
KNK,8,17062,26112,0,0,1
KNK,8,17067,26117,0,0,1
KNK,8,17088,26138,0,0,1
KNK,8,17105,26155,0,0,1
KNK,8,17120,26170,0,0,1
KNK,8,17122,26172,0,0,1
KNK,8,17123,26173,0,0,1
KNK,8,17153,26203,0,0,1
KNK,8,17158,26208,0,0,1
KNK,8,17161,26211,0,0,1
KNK,8,17172,26222,0,0,1
KNK,8,17185,26235,0,0,1
KNK,8,17192,26242,0,0,1
KNK,8,17197,26247,0,0,1
KNK,8,17214,26264,0,0,1
KNK,8,17215,26265,0,0,1
KNK,8,17225,26275,0,0,1
KNK,8,17272,26322,0,0,1
KNK,8,17274,26324,0,0,1
KNK,8,17283,26333,0,0,1
KNK,8,17289,26339,0,0,1
KNK,8,17315,26365,0,0,1
KNK,8,17319,26369,0,0,1
KNK,8,17321,26371,0,0,1
KNK,8,17322,26372,0,0,1
KNK,8,17355,26405,0,0,1
KNK,8,17366,26416,0,0,1
KNK,8,17376,26426,0,0,1
KNK,8,17397,26447,0,0,1
KNK,8,17415,26465,0,0,1
KNK,8,17435,26485,0,0,1
KNK,8,17464,26514,0,0,1
KNK,8,17474,26524,0,0,1
KNK,8,17477,26527,0,0,1
KNK,8,17497,26547,0,0,1
KNK,8,17503,26553,0,0,1
KNK,8,17532,26582,0,0,1
KNK,8,17538,26588,0,0,1
KNK,8,17546,26596,0,0,1
KNK,8,17562,26612,0,0,1
KNK,9,13109,22159,1,1,1
KNK,9,13122,22172,1,1,1
KNK,9,13150,22200,1,1,1
KNK,9,13161,22211,1,1,1
KNK,9,13162,22212,1,1,1
KNK,9,13165,22215,1,1,1
KNK,9,13184,22234,1,1,1
KNK,9,13192,22242,1,1,1
KNK,9,13227,22277,1,1,1
KNK,9,13229,22279,1,1,1
KNK,9,13235,22285,1,1,1
KNK,9,13258,22308,1,1,1
KNK,9,13277,22327,1,1,1
KNK,9,13289,22339,1,1,1
KNK,9,13302,22352,1,1,1
KNK,9,13303,22353,1,1,1
KNK,9,13311,22361,1,1,1
KNK,9,13316,22366,1,1,1
KNK,9,13330,22380,1,1,1
KNK,9,13335,22385,1,1,1
KNK,9,13352,22402,1,1,1
KNK,9,13376,22426,1,1,1
KNK,9,13377,22427,1,1,1
KNK,9,13390,22440,1,1,1
KNK,9,13418,22468,1,1,1
KNK,9,13420,22470,1,1,1
KNK,9,13436,22486,1,1,1
KNK,9,13452,22502,1,1,1
KNK,9,13470,22520,1,1,1
KNK,9,13481,22531,1,1,1
KNK,9,13490,22540,1,1,1
KNK,9,13515,22565,1,1,1
KNK,9,13526,22576,1,1,1
KNK,9,13543,22593,1,1,1
KNK,9,13553,22603,1,1,1
KNK,9,13561,22611,1,1,1
KNK,9,13572,22622,1,1,1
KNK,9,13603,22653,1,1,1
KNK,9,13608,22658,1,1,1
KNK,9,13620,22670,1,1,1
KNK,9,13622,22672,1,1,1
KNK,9,13630,22680,1,1,1
KNK,9,13635,22685,1,1,1
KNK,9,13645,22695,1,1,1
KNK,9,13649,22699,1,1,1
KNK,9,13651,22701,1,1,1
KNK,9,13661,22711,1,1,1
KNK,9,13676,22726,1,1,1
KNK,9,13677,22727,1,1,1
KNK,9,13685,22735,1,1,1
KNK,9,13686,22736,1,1,1
KNK,9,13700,22750,1,1,1
KNK,9,13703,22753,1,1,1
KNK,9,13704,22754,1,0,0
KNK,9,13709,22759,1,1,1
KNK,9,13712,22762,1,1,1
KNK,9,13715,22765,1,1,1
KNK,9,13732,22782,1,1,1
KNK,9,13736,22786,1,1,1
KNK,9,13738,22788,1,1,1
KNK,9,13742,22792,1,1,1
KNK,9,13744,22794,1,1,1
KNK,9,13747,22797,1,1,1
KNK,9,13758,22808,1,1,1
KNK,9,13794,22844,1,1,1
KNK,9,13797,22847,1,1,1
KNK,9,13801,22851,1,1,1
KNK,9,13825,22875,1,1,1
KNK,9,13830,22880,1,1,1
KNK,9,13843,22893,1,1,1
KNK,9,13883,22933,1,1,1
KNK,9,13899,22949,1,1,1
KNK,9,13900,22950,1,1,1
KNK,9,13930,22980,1,1,1
KNK,9,13931,22981,1,1,1
KNK,9,13936,22986,1,1,1
KNK,9,13951,23001,1,1,1
KNK,9,13967,23017,1,1,1
KNK,9,13973,23023,1,1,1
KNK,9,13976,23026,1,1,1
KNK,9,13980,23030,1,1,1
KNK,9,13982,23032,1,1,1
KNK,9,14007,23057,1,0,0
KNK,9,14008,23058,1,1,1
KNK,9,14025,23075,1,1,1
KNK,9,14026,23076,1,1,1
KNK,9,14029,23079,1,1,1
KNK,9,14034,23084,1,1,1
KNK,9,14044,23094,1,1,1
KNK,9,14046,23096,1,1,1
KNK,9,14047,23097,1,1,1
KNK,9,14070,23120,1,1,1
KNK,9,14083,23133,1,1,1
KNK,9,14086,23136,1,1,1
KNK,9,14097,23147,1,1,1
KNK,9,14099,23149,1,1,1
KNK,9,14120,23170,1,1,1
KNK,9,14123,23173,1,1,1
KNK,9,14130,23180,1,1,1
KNK,9,14134,23184,1,1,1
KNK,9,14141,23191,1,1,1
KNK,9,14146,23196,1,1,1
KNK,9,14155,23205,1,1,1
KNK,9,14156,23206,1,1,1
KNK,9,14169,23219,1,1,1
KNK,9,14178,23228,1,1,1
KNK,9,14180,23230,1,1,1
KNK,9,14183,23233,1,1,1
KNK,9,14192,23242,1,1,1
KNK,9,14197,23247,1,1,1
KNK,9,14201,23251,1,1,1
KNK,9,14212,23262,1,1,1
KNK,9,14241,23291,1,1,1
KNK,9,14248,23298,1,1,1
KNK,9,14252,23302,1,1,1
KNK,9,14253,23303,1,1,1
KNK,9,14267,23317,1,1,1
KNK,9,14287,23337,1,1,1
KNK,9,14296,23346,1,1,1
KNK,9,14298,23348,1,1,1
KNK,9,14300,23350,1,1,1
KNK,9,14364,23414,1,1,1
KNK,9,14381,23431,1,1,1
KNK,9,14391,23441,1,1,1
KNK,9,14392,23442,1,1,1
KNK,9,14411,23461,1,1,1
KNK,9,14417,23467,1,1,1
KNK,9,14430,23480,1,1,1
KNK,9,14442,23492,1,1,1
KNK,9,14448,23498,1,1,1
KNK,9,14451,23501,1,1,1
KNK,9,14471,23521,1,1,1
KNK,9,14477,23527,1,1,1
KNK,9,14480,23530,1,1,1
KNK,9,14562,23612,1,1,1
KNK,9,14586,23636,1,1,1
KNK,9,14587,23637,1,1,1
KNK,9,14591,23641,1,1,1
KNK,9,14600,23650,1,1,1
KNK,9,14604,23654,1,1,1
KNK,9,14618,23668,1,1,1
KNK,9,14621,23671,1,1,1
KNK,9,14627,23677,1,1,1
KNK,9,14640,23690,1,1,1
KNK,9,14645,23695,1,1,1
KNK,9,14647,23697,1,1,1
KNK,9,14657,23707,1,1,1
KNK,9,14674,23724,1,1,1
KNK,9,14677,23727,1,1,1
KNK,9,14679,23729,1,1,1
KNK,9,14684,23734,1,1,1
KNK,9,14696,23746,1,1,1
KNK,9,14701,23751,1,1,1
KNK,9,14703,23753,1,1,1
KNK,9,14715,23765,1,1,1
KNK,9,14726,23776,1,1,1
KNK,9,14730,23780,1,1,1
KNK,9,14737,23787,1,1,1
KNK,9,14750,23800,1,1,1
KNK,9,14762,23812,1,1,1
KNK,9,14763,23813,1,1,1
KNK,9,14766,23816,1,0,0
KNK,9,14778,23828,1,1,1
KNK,9,14802,23852,1,1,1
KNK,9,14822,23872,1,1,1
KNK,9,14823,23873,1,1,1
KNK,9,14830,23880,1,1,1
KNK,9,14831,23881,1,1,1
KNK,9,14853,23903,1,1,1
KNK,9,14861,23911,1,1,1
KNK,9,14881,23931,1,1,1
KNK,9,14884,23934,1,1,1
KNK,9,14887,23937,1,1,1
KNK,9,14916,23966,1,1,1
KNK,9,14927,23977,1,1,1
KNK,9,14939,23989,1,1,1
KNK,9,14960,24010,1,1,1
KNK,9,14967,24017,1,1,1
KNK,9,14974,24024,1,1,1
KNK,9,14990,24040,1,1,1
KNK,9,14993,24043,1,1,1
KNK,9,14994,24044,1,1,1
KNK,9,15032,24082,1,1,1
KNK,9,15041,24091,1,1,1
KNK,9,15046,24096,1,1,1
KNK,9,15055,24105,1,1,1
KNK,9,15070,24120,1,1,1
KNK,9,15077,24127,1,1,1
KNK,9,15086,24136,1,1,1
KNK,9,15088,24138,1,1,1
KNK,9,15097,24147,1,1,1
KNK,9,15105,24155,1,1,1
KNK,9,15107,24157,1,0,0
KNK,9,15116,24166,1,1,1
KNK,9,15119,24169,1,1,1
KNK,9,15121,24171,1,1,1
KNK,9,15135,24185,1,1,1
KNK,9,15136,24186,1,1,1
KNK,9,15152,24202,1,1,1
KNK,9,15170,24220,1,1,1
KNK,9,15171,24221,1,1,1
KNK,9,15183,24233,1,1,1
KNK,9,15190,24240,1,1,1
KNK,9,15199,24249,1,1,1
KNK,9,15204,24254,1,1,1
KNK,9,15206,24256,1,1,1
KNK,9,15213,24263,1,1,1
KNK,9,15223,24273,1,1,1
KNK,9,15231,24281,1,1,1
KNK,9,15234,24284,1,1,1
KNK,9,15236,24286,1,1,1
KNK,9,15251,24301,1,1,1
KNK,9,15252,24302,1,1,1
KNK,9,15262,24312,1,1,1
KNK,9,15281,24331,1,1,1
KNK,9,15286,24336,1,1,1
KNK,9,15294,24344,1,1,1
KNK,9,15305,24355,1,1,1
KNK,9,15319,24369,1,1,1
KNK,9,15326,24376,1,1,1
KNK,9,15335,24385,1,1,1
KNK,9,15342,24392,1,1,1
KNK,9,15345,24395,1,1,1
KNK,9,15354,24404,1,1,1
KNK,9,15355,24405,1,1,1
KNK,9,15357,24407,1,1,1
KNK,9,15364,24414,1,1,1
KNK,9,15370,24420,1,1,1
KNK,9,15373,24423,1,1,1
KNK,9,15374,24424,1,1,1
KNK,9,15385,24435,1,1,1
KNK,9,15413,24463,1,1,1
KNK,9,15443,24493,1,1,1
KNK,9,15444,24494,1,1,1
KNK,9,15451,24501,1,1,1
KNK,9,15461,24511,1,1,1
KNK,9,15478,24528,0,0,1
KNK,9,15491,24541,0,0,1
KNK,9,15531,24581,0,0,1
KNK,9,15533,24583,0,0,1
KNK,9,15543,24593,0,0,1
KNK,9,15549,24599,0,0,1
KNK,9,15555,24605,0,0,1
KNK,9,15566,24616,0,0,1
KNK,9,15569,24619,0,0,1
KNK,9,15575,24625,0,0,1
KNK,9,15576,24626,0,0,1
KNK,9,15578,24628,0,0,1
KNK,9,15587,24637,0,0,1
KNK,9,15612,24662,0,0,1
KNK,9,15628,24678,0,0,1
KNK,9,15634,24684,0,0,1
KNK,9,15639,24689,0,0,1
KNK,9,15647,24697,0,0,1
KNK,9,15648,24698,0,0,1
KNK,9,15653,24703,0,0,1
KNK,9,15659,24709,0,0,1
KNK,9,15678,24728,0,0,1
KNK,9,15681,24731,0,0,1
KNK,9,15697,24747,0,0,1
KNK,9,15705,24755,0,0,1
KNK,9,15733,24783,0,0,1
KNK,9,15735,24785,0,0,1
KNK,9,15747,24797,0,0,1
KNK,9,15775,24825,0,0,1
KNK,9,15779,24829,0,0,1
KNK,9,15783,24833,0,0,1
KNK,9,15792,24842,0,0,1
KNK,9,15796,24846,0,0,1
KNK,9,15797,24847,0,0,1
KNK,9,15807,24857,0,0,1
KNK,9,15811,24861,0,0,1
KNK,9,15812,24862,0,0,1
KNK,9,15842,24892,0,0,1
KNK,9,15843,24893,0,0,1
KNK,9,15854,24904,0,0,1
KNK,9,15870,24920,0,0,1
KNK,9,15879,24929,0,0,1
KNK,9,15884,24934,0,0,1
KNK,9,15891,24941,0,0,1
KNK,9,15899,24949,0,0,1
KNK,9,15932,24982,0,0,1
KNK,9,15934,24984,0,0,1
KNK,9,15938,24988,0,0,1
KNK,9,15939,24989,0,0,1
KNK,9,15950,25000,0,0,1
KNK,9,15983,25033,0,0,1
KNK,9,15986,25036,0,0,1
KNK,9,15999,25049,0,0,1
KNK,9,16004,25054,0,0,1
KNK,9,16012,25062,0,0,1
KNK,9,16025,25075,0,0,1
KNK,9,16035,25085,0,0,1
KNK,9,16037,25087,0,0,1
KNK,9,16063,25113,0,0,1
KNK,9,16099,25149,0,0,1
KNK,9,16118,25168,0,0,1
KNK,9,16134,25184,0,1,0
KNK,9,16135,25185,0,0,1
KNK,9,16138,25188,0,0,1
KNK,9,16140,25190,0,0,1
KNK,9,16141,25191,0,0,1
KNK,9,16150,25200,0,0,1
KNK,9,16161,25211,0,0,1
KNK,9,16162,25212,0,0,1
KNK,9,16174,25224,0,0,1
KNK,9,16195,25245,0,0,1
KNK,9,16207,25257,0,0,1
KNK,9,16208,25258,0,0,1
KNK,9,16209,25259,0,0,1
KNK,9,16223,25273,0,0,1
KNK,9,16233,25283,0,0,1
KNK,9,16249,25299,0,0,1
KNK,9,16263,25313,0,0,1
KNK,9,16273,25323,0,0,1
KNK,9,16284,25334,0,0,1
KNK,9,16286,25336,0,0,1
KNK,9,16287,25337,0,0,1
KNK,9,16313,25363,0,0,1
KNK,9,16314,25364,0,0,1
KNK,9,16315,25365,0,1,0
KNK,9,16324,25374,0,0,1
KNK,9,16335,25385,0,1,0
KNK,9,16338,25388,0,0,1
KNK,9,16356,25406,0,0,1
KNK,9,16375,25425,0,0,1
KNK,9,16389,25439,0,0,1
KNK,9,16392,25442,0,0,1
KNK,9,16397,25447,0,0,1
KNK,9,16402,25452,0,0,1
KNK,9,16403,25453,0,0,1
KNK,9,16414,25464,0,0,1
KNK,9,16418,25468,0,0,1
KNK,9,16426,25476,0,0,1
KNK,9,16433,25483,0,0,1
KNK,9,16461,25511,0,0,1
KNK,9,16470,25520,0,0,1
KNK,9,16474,25524,0,0,1
KNK,9,16478,25528,0,0,1
KNK,9,16508,25558,0,0,1
KNK,9,16519,25569,0,1,0
KNK,9,16522,25572,0,0,1
KNK,9,16527,25577,0,0,1
KNK,9,16533,25583,0,0,1
KNK,9,16544,25594,0,0,1
KNK,9,16557,25607,0,0,1
KNK,9,16563,25613,0,0,1
KNK,9,16567,25617,0,0,1
KNK,9,16610,25660,0,0,1
KNK,9,16626,25676,0,0,1
KNK,9,16633,25683,0,0,1
KNK,9,16646,25696,0,0,1
KNK,9,16649,25699,0,0,1
KNK,9,16651,25701,0,0,1
KNK,9,16671,25721,0,0,1
KNK,9,16675,25725,0,0,1
KNK,9,16687,25737,0,0,1
KNK,9,16696,25746,0,0,1
KNK,9,16700,25750,0,0,1
KNK,9,16739,25789,0,0,1
KNK,9,16745,25795,0,0,1
KNK,9,16753,25803,0,0,1
KNK,9,16772,25822,0,0,1
KNK,9,16798,25848,0,0,1
KNK,9,16811,25861,0,0,1
KNK,9,16821,25871,0,0,1
KNK,9,16839,25889,0,0,1
KNK,9,16842,25892,0,0,1
KNK,9,16845,25895,0,0,1
KNK,9,16850,25900,0,0,1
KNK,9,16880,25930,0,0,1
KNK,9,16920,25970,0,0,1
KNK,9,16931,25981,0,0,1
KNK,9,16936,25986,0,0,1
KNK,9,16953,26003,0,0,1
KNK,9,16971,26021,0,0,1
KNK,9,16978,26028,0,0,1
KNK,9,16993,26043,0,0,1
KNK,9,16994,26044,0,0,1
KNK,9,16997,26047,0,0,1
KNK,9,16999,26049,0,0,1
KNK,9,17001,26051,0,0,1
KNK,9,17008,26058,0,0,1
KNK,9,17014,26064,0,0,1
KNK,9,17019,26069,0,0,1
KNK,9,17020,26070,0,0,1
KNK,9,17029,26079,0,0,1
KNK,9,17030,26080,0,0,1
KNK,9,17046,26096,0,0,1
KNK,9,17050,26100,0,0,1
KNK,9,17066,26116,0,0,1
KNK,9,17091,26141,0,0,1
KNK,9,17098,26148,0,0,1
KNK,9,17132,26182,0,0,1
KNK,9,17133,26183,0,0,1
KNK,9,17151,26201,0,0,1
KNK,9,17152,26202,0,0,1
KNK,9,17155,26205,0,0,1
KNK,9,17165,26215,0,0,1
KNK,9,17173,26223,0,0,1
KNK,9,17193,26243,0,0,1
KNK,9,17213,26263,0,0,1
KNK,9,17221,26271,0,0,1
KNK,9,17224,26274,0,0,1
KNK,9,17226,26276,0,0,1
KNK,9,17234,26284,0,0,1
KNK,9,17242,26292,0,0,1
KNK,9,17246,26296,0,0,1
KNK,9,17250,26300,0,0,1
KNK,9,17266,26316,0,0,1
KNK,9,17269,26319,0,0,1
KNK,9,17288,26338,0,0,1
KNK,9,17291,26341,0,0,1
KNK,9,17313,26363,0,0,1
KNK,9,17314,26364,0,0,1
KNK,9,17328,26378,0,1,0
KNK,9,17333,26383,0,0,1
KNK,9,17371,26421,0,0,1
KNK,9,17382,26432,0,0,1
KNK,9,17392,26442,0,0,1
KNK,9,17400,26450,0,0,1
KNK,9,17410,26460,0,0,1
KNK,9,17423,26473,0,0,1
KNK,9,17424,26474,0,0,1
KNK,9,17427,26477,0,0,1
KNK,9,17429,26479,0,0,1
KNK,9,17431,26481,0,0,1
KNK,9,17439,26489,0,1,0
KNK,9,17442,26492,0,0,1
KNK,9,17443,26493,0,0,1
KNK,9,17448,26498,0,0,1
KNK,9,17449,26499,0,1,0
KNK,9,17451,26501,0,0,1
KNK,9,17458,26508,0,0,1
KNK,9,17466,26516,0,0,1
KNK,9,17470,26520,0,0,1
KNK,9,17471,26521,0,0,1
KNK,9,17487,26537,0,0,1
KNK,9,17489,26539,0,0,1
KNK,9,17506,26556,0,0,1
KNK,9,17507,26557,0,0,1
KNK,9,17511,26561,0,0,1
KNK,9,17513,26563,0,0,1
KNK,9,17519,26569,0,0,1
KNK,9,17524,26574,0,0,1
KNK,9,17542,26592,0,0,1
KNK,10,13102,22152,1,1,1
KNK,10,13104,22154,1,1,1
KNK,10,13129,22179,1,1,1
KNK,10,13137,22187,1,1,1
KNK,10,13140,22190,1,1,1
KNK,10,13185,22235,1,1,1
KNK,10,13188,22238,1,1,1
KNK,10,13195,22245,1,1,1
KNK,10,13205,22255,1,1,1
KNK,10,13207,22257,1,1,1
KNK,10,13216,22266,1,1,1
KNK,10,13224,22274,1,1,1
KNK,10,13226,22276,1,1,1
KNK,10,13228,22278,1,1,1
KNK,10,13238,22288,1,1,1
KNK,10,13262,22312,1,1,1
KNK,10,13271,22321,1,1,1
KNK,10,13276,22326,1,1,1
KNK,10,13280,22330,1,1,1
KNK,10,13282,22332,1,1,1
KNK,10,13287,22337,1,1,1
KNK,10,13308,22358,1,1,1
KNK,10,13326,22376,1,1,1
KNK,10,13332,22382,1,1,1
KNK,10,13338,22388,1,0,0
KNK,10,13342,22392,1,1,1
KNK,10,13348,22398,1,1,1
KNK,10,13353,22403,1,1,1
KNK,10,13357,22407,1,1,1
KNK,10,13364,22414,1,0,0
KNK,10,13375,22425,1,1,1
KNK,10,13402,22452,1,1,1
KNK,10,13404,22454,1,1,1
KNK,10,13411,22461,1,1,1
KNK,10,13422,22472,1,1,1
KNK,10,13468,22518,1,1,1
KNK,10,13486,22536,1,1,1
KNK,10,13493,22543,1,1,1
KNK,10,13499,22549,1,1,1
KNK,10,13501,22551,1,1,1
KNK,10,13508,22558,1,1,1
KNK,10,13514,22564,1,1,1
KNK,10,13521,22571,1,1,1
KNK,10,13525,22575,1,1,1
KNK,10,13533,22583,1,0,0
KNK,10,13547,22597,1,1,1
KNK,10,13585,22635,1,1,1
KNK,10,13587,22637,1,1,1
KNK,10,13593,22643,1,1,1
KNK,10,13605,22655,1,1,1
KNK,10,13606,22656,1,1,1
KNK,10,13610,22660,1,1,1
KNK,10,13613,22663,1,1,1
KNK,10,13614,22664,1,1,1
KNK,10,13618,22668,1,1,1
KNK,10,13619,22669,1,1,1
KNK,10,13629,22679,1,1,1
KNK,10,13634,22684,1,1,1
KNK,10,13668,22718,1,1,1
KNK,10,13669,22719,1,1,1
KNK,10,13671,22721,1,1,1
KNK,10,13682,22732,1,1,1
KNK,10,13687,22737,1,1,1
KNK,10,13695,22745,1,1,1
KNK,10,13706,22756,1,1,1
KNK,10,13711,22761,1,1,1
KNK,10,13733,22783,1,1,1
KNK,10,13760,22810,1,1,1
KNK,10,13780,22830,1,1,1
KNK,10,13785,22835,1,1,1
KNK,10,13808,22858,1,1,1
KNK,10,13823,22873,1,1,1
KNK,10,13826,22876,1,0,0
KNK,10,13829,22879,1,1,1
KNK,10,13846,22896,1,1,1
KNK,10,13873,22923,1,1,1
KNK,10,13878,22928,1,1,1
KNK,10,13886,22936,1,1,1
KNK,10,13897,22947,1,1,1
KNK,10,13906,22956,1,1,1
KNK,10,13925,22975,1,1,1
KNK,10,13934,22984,1,1,1
KNK,10,13944,22994,1,1,1
KNK,10,13952,23002,1,1,1
KNK,10,13968,23018,1,1,1
KNK,10,13969,23019,1,1,1
KNK,10,14003,23053,1,1,1
KNK,10,14011,23061,1,1,1
KNK,10,14015,23065,1,1,1
KNK,10,14050,23100,1,1,1
KNK,10,14108,23158,1,1,1
KNK,10,14114,23164,1,1,1
KNK,10,14144,23194,1,1,1
KNK,10,14147,23197,1,1,1
KNK,10,14167,23217,1,1,1
KNK,10,14170,23220,1,1,1
KNK,10,14181,23231,1,1,1
KNK,10,14182,23232,1,1,1
KNK,10,14189,23239,1,1,1
KNK,10,14191,23241,1,1,1
KNK,10,14194,23244,1,1,1
KNK,10,14198,23248,1,1,1
KNK,10,14209,23259,1,1,1
KNK,10,14220,23270,1,1,1
KNK,10,14246,23296,1,1,1
KNK,10,14249,23299,1,1,1
KNK,10,14257,23307,1,1,1
KNK,10,14272,23322,1,1,1
KNK,10,14276,23326,1,1,1
KNK,10,14279,23329,1,1,1
KNK,10,14281,23331,1,1,1
KNK,10,14290,23340,1,1,1
KNK,10,14303,23353,1,1,1
KNK,10,14323,23373,1,1,1
KNK,10,14333,23383,1,1,1
KNK,10,14337,23387,1,1,1
KNK,10,14340,23390,1,1,1
KNK,10,14363,23413,1,1,1
KNK,10,14366,23416,1,1,1
KNK,10,14370,23420,1,1,1
KNK,10,14385,23435,1,1,1
KNK,10,14386,23436,1,1,1
KNK,10,14397,23447,1,1,1
KNK,10,14401,23451,1,1,1
KNK,10,14428,23478,1,1,1
KNK,10,14432,23482,1,1,1
KNK,10,14441,23491,1,1,1
KNK,10,14456,23506,1,1,1
KNK,10,14461,23511,1,0,0
KNK,10,14462,23512,1,1,1
KNK,10,14463,23513,1,1,1
KNK,10,14475,23525,1,1,1
KNK,10,14482,23532,1,1,1
KNK,10,14486,23536,1,1,1
KNK,10,14510,23560,1,1,1
KNK,10,14516,23566,1,0,0
KNK,10,14532,23582,1,1,1
KNK,10,14535,23585,1,1,1
KNK,10,14552,23602,1,1,1
KNK,10,14558,23608,1,1,1
KNK,10,14559,23609,1,1,1
KNK,10,14560,23610,1,1,1
KNK,10,14567,23617,1,1,1
KNK,10,14571,23621,1,1,1
KNK,10,14576,23626,1,0,0
KNK,10,14577,23627,1,1,1
KNK,10,14578,23628,1,1,1
KNK,10,14583,23633,1,1,1
KNK,10,14585,23635,1,1,1
KNK,10,14603,23653,1,1,1
KNK,10,14607,23657,1,1,1
KNK,10,14611,23661,1,1,1
KNK,10,14630,23680,1,1,1
KNK,10,14636,23686,1,1,1
KNK,10,14642,23692,1,1,1
KNK,10,14655,23705,1,1,1
KNK,10,14669,23719,1,1,1
KNK,10,14672,23722,1,1,1
KNK,10,14700,23750,1,1,1
KNK,10,14713,23763,1,1,1
KNK,10,14729,23779,1,1,1
KNK,10,14733,23783,1,1,1
KNK,10,14738,23788,1,1,1
KNK,10,14760,23810,1,1,1
KNK,10,14761,23811,1,1,1
KNK,10,14773,23823,1,1,1
KNK,10,14776,23826,1,1,1
KNK,10,14784,23834,1,1,1
KNK,10,14793,23843,1,1,1
KNK,10,14795,23845,1,1,1
KNK,10,14798,23848,1,1,1
KNK,10,14800,23850,1,1,1
KNK,10,14846,23896,1,1,1
KNK,10,14867,23917,1,1,1
KNK,10,14869,23919,1,1,1
KNK,10,14893,23943,1,1,1
KNK,10,14898,23948,1,0,0
KNK,10,14925,23975,1,1,1
KNK,10,14929,23979,1,1,1
KNK,10,14936,23986,1,1,1
KNK,10,14937,23987,1,1,1
KNK,10,14945,23995,1,1,1
KNK,10,14957,24007,1,1,1
KNK,10,14966,24016,1,1,1
KNK,10,14968,24018,1,1,1
KNK,10,14970,24020,1,1,1
KNK,10,14978,24028,1,1,1
KNK,10,15009,24059,1,1,1
KNK,10,15013,24063,1,1,1
KNK,10,15017,24067,1,1,1
KNK,10,15034,24084,1,1,1
KNK,10,15035,24085,1,1,1
KNK,10,15042,24092,1,1,1
KNK,10,15051,24101,1,0,0
KNK,10,15071,24121,1,1,1
KNK,10,15072,24122,1,1,1
KNK,10,15091,24141,1,1,1
KNK,10,15092,24142,1,1,1
KNK,10,15095,24145,1,1,1
KNK,10,15113,24163,1,1,1
KNK,10,15118,24168,1,1,1
KNK,10,15123,24173,1,1,1
KNK,10,15126,24176,1,1,1
KNK,10,15148,24198,1,1,1
KNK,10,15149,24199,1,1,1
KNK,10,15163,24213,1,1,1
KNK,10,15187,24237,1,1,1
KNK,10,15193,24243,1,1,1
KNK,10,15201,24251,1,1,1
KNK,10,15208,24258,1,1,1
KNK,10,15217,24267,1,1,1
KNK,10,15225,24275,1,1,1
KNK,10,15226,24276,1,1,1
KNK,10,15242,24292,1,1,1
KNK,10,15256,24306,1,1,1
KNK,10,15259,24309,1,1,1
KNK,10,15265,24315,1,1,1
KNK,10,15291,24341,1,1,1
KNK,10,15295,24345,1,1,1
KNK,10,15298,24348,1,1,1
KNK,10,15307,24357,1,1,1
KNK,10,15315,24365,1,1,1
KNK,10,15325,24375,1,1,1
KNK,10,15340,24390,1,1,1
KNK,10,15361,24411,1,1,1
KNK,10,15381,24431,1,1,1
KNK,10,15386,24436,1,1,1
KNK,10,15390,24440,1,1,1
KNK,10,15399,24449,1,1,1
KNK,10,15402,24452,1,1,1
KNK,10,15406,24456,1,1,1
KNK,10,15420,24470,1,1,1
KNK,10,15433,24483,1,1,1
KNK,10,15435,24485,1,1,1
KNK,10,15439,24489,1,1,1
KNK,10,15446,24496,1,1,1
KNK,10,15487,24537,0,0,1
KNK,10,15488,24538,0,0,1
KNK,10,15518,24568,0,0,1
KNK,10,15519,24569,0,0,1
KNK,10,15537,24587,0,0,1
KNK,10,15538,24588,0,0,1
KNK,10,15556,24606,0,0,1
KNK,10,15559,24609,0,0,1
KNK,10,15573,24623,0,0,1
KNK,10,15582,24632,0,0,1
KNK,10,15597,24647,0,0,1
KNK,10,15602,24652,0,0,1
KNK,10,15603,24653,0,0,1
KNK,10,15607,24657,0,0,1
KNK,10,15617,24667,0,0,1
KNK,10,15629,24679,0,0,1
KNK,10,15636,24686,0,0,1
KNK,10,15649,24699,0,0,1
KNK,10,15656,24706,0,0,1
KNK,10,15667,24717,0,0,1
KNK,10,15675,24725,0,0,1
KNK,10,15682,24732,0,0,1
KNK,10,15695,24745,0,0,1
KNK,10,15696,24746,0,0,1
KNK,10,15704,24754,0,0,1
KNK,10,15710,24760,0,0,1
KNK,10,15715,24765,0,0,1
KNK,10,15730,24780,0,0,1
KNK,10,15743,24793,0,0,1
KNK,10,15748,24798,0,0,1
KNK,10,15752,24802,0,0,1
KNK,10,15770,24820,0,0,1
KNK,10,15771,24821,0,0,1
KNK,10,15774,24824,0,0,1
KNK,10,15777,24827,0,0,1
KNK,10,15789,24839,0,0,1
KNK,10,15800,24850,0,0,1
KNK,10,15803,24853,0,0,1
KNK,10,15808,24858,0,0,1
KNK,10,15815,24865,0,0,1
KNK,10,15823,24873,0,0,1
KNK,10,15826,24876,0,0,1
KNK,10,15855,24905,0,0,1
KNK,10,15872,24922,0,0,1
KNK,10,15894,24944,0,0,1
KNK,10,15896,24946,0,0,1
KNK,10,15898,24948,0,0,1
KNK,10,15902,24952,0,0,1
KNK,10,15915,24965,0,0,1
KNK,10,15918,24968,0,0,1
KNK,10,15923,24973,0,0,1
KNK,10,15929,24979,0,0,1
KNK,10,15937,24987,0,0,1
KNK,10,15953,25003,0,0,1
KNK,10,15959,25009,0,0,1
KNK,10,15966,25016,0,0,1
KNK,10,15981,25031,0,0,1
KNK,10,15998,25048,0,0,1
KNK,10,16016,25066,0,0,1
KNK,10,16019,25069,0,0,1
KNK,10,16030,25080,0,0,1
KNK,10,16034,25084,0,0,1
KNK,10,16038,25088,0,0,1
KNK,10,16045,25095,0,0,1
KNK,10,16050,25100,0,0,1
KNK,10,16060,25110,0,0,1
KNK,10,16061,25111,0,0,1
KNK,10,16065,25115,0,0,1
KNK,10,16070,25120,0,0,1
KNK,10,16088,25138,0,0,1
KNK,10,16104,25154,0,0,1
KNK,10,16108,25158,0,0,1
KNK,10,16112,25162,0,0,1
KNK,10,16113,25163,0,0,1
KNK,10,16115,25165,0,0,1
KNK,10,16122,25172,0,0,1
KNK,10,16124,25174,0,0,1
KNK,10,16125,25175,0,0,1
KNK,10,16128,25178,0,0,1
KNK,10,16133,25183,0,0,1
KNK,10,16149,25199,0,0,1
KNK,10,16175,25225,0,0,1
KNK,10,16181,25231,0,0,1
KNK,10,16204,25254,0,0,1
KNK,10,16206,25256,0,0,1
KNK,10,16219,25269,0,1,0
KNK,10,16234,25284,0,0,1
KNK,10,16250,25300,0,0,1
KNK,10,16251,25301,0,0,1
KNK,10,16261,25311,0,0,1
KNK,10,16275,25325,0,0,1
KNK,10,16278,25328,0,0,1
KNK,10,16280,25330,0,0,1
KNK,10,16295,25345,0,0,1
KNK,10,16296,25346,0,0,1
KNK,10,16299,25349,0,0,1
KNK,10,16300,25350,0,0,1
KNK,10,16308,25358,0,0,1
KNK,10,16337,25387,0,0,1
KNK,10,16339,25389,0,0,1
KNK,10,16349,25399,0,0,1
KNK,10,16350,25400,0,0,1
KNK,10,16352,25402,0,0,1
KNK,10,16354,25404,0,0,1
KNK,10,16379,25429,0,0,1
KNK,10,16387,25437,0,0,1
KNK,10,16434,25484,0,0,1
KNK,10,16453,25503,0,0,1
KNK,10,16455,25505,0,0,1
KNK,10,16467,25517,0,0,1
KNK,10,16473,25523,0,0,1
KNK,10,16480,25530,0,0,1
KNK,10,16512,25562,0,0,1
KNK,10,16528,25578,0,0,1
KNK,10,16581,25631,0,0,1
KNK,10,16589,25639,0,0,1
KNK,10,16595,25645,0,0,1
KNK,10,16605,25655,0,0,1
KNK,10,16652,25702,0,0,1
KNK,10,16653,25703,0,0,1
KNK,10,16669,25719,0,0,1
KNK,10,16674,25724,0,0,1
KNK,10,16676,25726,0,0,1
KNK,10,16678,25728,0,0,1
KNK,10,16692,25742,0,0,1
KNK,10,16705,25755,0,0,1
KNK,10,16707,25757,0,0,1
KNK,10,16710,25760,0,0,1
KNK,10,16716,25766,0,0,1
KNK,10,16733,25783,0,1,0
KNK,10,16746,25796,0,0,1
KNK,10,16751,25801,0,0,1
KNK,10,16759,25809,0,0,1
KNK,10,16765,25815,0,0,1
KNK,10,16771,25821,0,0,1
KNK,10,16800,25850,0,0,1
KNK,10,16803,25853,0,0,1
KNK,10,16836,25886,0,0,1
KNK,10,16861,25911,0,0,1
KNK,10,16879,25929,0,0,1
KNK,10,16895,25945,0,0,1
KNK,10,16901,25951,0,0,1
KNK,10,16912,25962,0,0,1
KNK,10,16933,25983,0,0,1
KNK,10,16943,25993,0,0,1
KNK,10,16949,25999,0,0,1
KNK,10,16950,26000,0,0,1
KNK,10,16970,26020,0,0,1
KNK,10,16972,26022,0,0,1
KNK,10,16982,26032,0,0,1
KNK,10,16988,26038,0,0,1
KNK,10,16989,26039,0,0,1
KNK,10,16990,26040,0,0,1
KNK,10,16992,26042,0,0,1
KNK,10,17002,26052,0,0,1
KNK,10,17010,26060,0,0,1
KNK,10,17012,26062,0,0,1
KNK,10,17016,26066,0,0,1
KNK,10,17021,26071,0,0,1
KNK,10,17026,26076,0,0,1
KNK,10,17065,26115,0,0,1
KNK,10,17075,26125,0,0,1
KNK,10,17084,26134,0,0,1
KNK,10,17087,26137,0,0,1
KNK,10,17101,26151,0,0,1
KNK,10,17106,26156,0,0,1
KNK,10,17109,26159,0,0,1
KNK,10,17135,26185,0,0,1
KNK,10,17160,26210,0,0,1
KNK,10,17163,26213,0,0,1
KNK,10,17170,26220,0,0,1
KNK,10,17182,26232,0,0,1
KNK,10,17183,26233,0,0,1
KNK,10,17198,26248,0,0,1
KNK,10,17216,26266,0,0,1
KNK,10,17217,26267,0,0,1
KNK,10,17232,26282,0,0,1
KNK,10,17233,26283,0,0,1
KNK,10,17237,26287,0,0,1
KNK,10,17238,26288,0,0,1
KNK,10,17252,26302,0,0,1
KNK,10,17263,26313,0,0,1
KNK,10,17279,26329,0,0,1
KNK,10,17300,26350,0,0,1
KNK,10,17312,26362,0,0,1
KNK,10,17320,26370,0,1,0
KNK,10,17329,26379,0,0,1
KNK,10,17345,26395,0,0,1
KNK,10,17352,26402,0,0,1
KNK,10,17362,26412,0,0,1
KNK,10,17377,26427,0,0,1
KNK,10,17393,26443,0,0,1
KNK,10,17395,26445,0,0,1
KNK,10,17399,26449,0,0,1
KNK,10,17404,26454,0,0,1
KNK,10,17446,26496,0,0,1
KNK,10,17456,26506,0,0,1
KNK,10,17459,26509,0,0,1
KNK,10,17461,26511,0,0,1
KNK,10,17486,26536,0,0,1
KNK,10,17491,26541,0,0,1
KNK,10,17492,26542,0,0,1
KNK,10,17504,26554,0,0,1
KNK,10,17518,26568,0,0,1
KNK,10,17525,26575,0,0,1
KNK,10,17527,26577,0,0,1
KNK,10,17528,26578,0,0,1
KNK,10,17563,26613,0,0,1
KNK,10,17564,26614,0,0,1
KNK,10,17565,26615,0,0,1
M23K,1,17571,26621,1,1,1
M23K,1,17580,26630,1,1,1
M23K,1,17587,26637,1,1,1
M23K,1,17597,26647,1,1,1
M23K,1,17612,26662,1,1,1
M23K,1,17616,26666,1,1,1
M23K,1,17624,26674,1,1,1
M23K,1,17626,26676,1,1,1
M23K,1,17631,26681,1,1,1
M23K,1,17650,26700,1,1,1
M23K,1,17651,26701,1,1,1
M23K,1,17671,26721,1,1,1
M23K,1,17691,26741,1,1,1
M23K,1,17693,26743,1,1,1
M23K,1,17695,26745,1,0,0
M23K,1,17699,26749,1,1,1
M23K,1,17715,26765,1,1,1
M23K,1,17722,26772,1,1,1
M23K,1,17723,26773,1,1,1
M23K,1,17734,26784,1,1,1
M23K,1,17765,26815,1,1,1
M23K,1,17772,26822,1,1,1
M23K,1,17784,26834,1,1,1
M23K,1,17821,26871,1,1,1
M23K,1,17823,26873,1,1,1
M23K,1,17824,26874,1,1,1
M23K,1,17825,26875,1,1,1
M23K,1,17835,26885,1,1,1
M23K,1,17847,26897,1,1,1
M23K,1,17848,26898,1,1,1
M23K,1,17849,26899,1,1,1
M23K,1,17862,26912,1,1,1
M23K,1,17913,26963,1,1,1
M23K,1,17919,26969,1,1,1
M23K,1,17920,26970,1,1,1
M23K,1,17925,26975,1,0,0
M23K,1,17940,26990,1,1,1
M23K,1,17944,26994,1,1,1
M23K,1,17945,26995,1,1,1
M23K,1,17954,27004,1,1,1
M23K,1,17963,27013,1,1,1
M23K,1,17964,27014,1,1,1
M23K,1,17977,27027,1,1,1
M23K,1,17988,27038,1,1,1
M23K,1,18007,27057,1,1,1
M23K,1,18019,27069,1,0,0
M23K,1,18028,27078,1,1,1
M23K,1,18036,27086,1,1,1
M23K,1,18042,27092,0,0,1
M23K,1,18043,27093,0,1,0
M23K,1,18054,27104,0,0,1
M23K,1,18057,27107,0,0,1
M23K,1,18060,27110,0,0,1
M23K,1,18062,27112,0,0,1
M23K,1,18063,27113,0,0,1
M23K,1,18073,27123,0,0,1
M23K,1,18080,27130,0,0,1
M23K,1,18088,27138,0,0,1
M23K,1,18106,27156,0,1,0
M23K,1,18107,27157,0,0,1
M23K,1,18110,27160,0,0,1
M23K,1,18112,27162,0,0,1
M23K,1,18115,27165,0,0,1
M23K,1,18132,27182,0,0,1
M23K,1,18133,27183,0,1,0
M23K,1,18142,27192,0,0,1
M23K,1,18156,27206,0,0,1
M23K,1,18167,27217,0,0,1
M23K,1,18168,27218,0,0,1
M23K,1,18177,27227,0,0,1
M23K,1,18185,27235,0,0,1
M23K,1,18204,27254,0,0,1
M23K,1,18209,27259,0,0,1
M23K,1,18217,27267,0,0,1
M23K,1,18218,27268,0,0,1
M23K,1,18224,27274,0,0,1
M23K,1,18226,27276,0,0,1
M23K,1,18249,27299,0,0,1
M23K,1,18252,27302,0,0,1
M23K,1,18260,27310,0,0,1
M23K,1,18266,27316,0,0,1
M23K,1,18298,27348,0,0,1
M23K,1,18321,27371,0,0,1
M23K,1,18331,27381,0,0,1
M23K,1,18343,27393,0,0,1
M23K,1,18365,27415,0,0,1
M23K,1,18381,27431,0,0,1
M23K,1,18384,27434,0,0,1
M23K,1,18410,27460,0,1,0
M23K,1,18438,27488,0,0,1
M23K,1,18445,27495,0,0,1
M23K,1,18450,27500,0,0,1
M23K,1,18451,27501,0,0,1
M23K,1,18474,27524,0,0,1
M23K,1,18475,27525,0,0,1
M23K,1,18481,27531,0,0,1
M23K,1,18492,27542,0,0,1
M23K,1,18494,27544,0,0,1
M23K,1,18496,27546,0,0,1
M23K,1,18500,27550,0,0,1
M23K,1,18509,27559,0,0,1
M23K,1,18523,27573,0,0,1
M23K,1,18529,27579,0,0,1
M23K,1,18545,27595,0,0,1
M23K,1,18560,27610,0,0,1
M23K,1,18575,27625,0,0,1
M23K,1,18576,27626,0,0,1
M23K,1,18580,27630,0,0,1
M23K,1,18592,27642,0,0,1
M23K,1,18597,27647,0,0,1
M23K,1,18604,27654,0,0,1
M23K,1,18613,27663,0,0,1
M23K,1,18616,27666,0,1,0
M23K,1,18624,27674,0,0,1
M23K,1,18633,27683,0,0,1
M23K,1,18649,27699,0,0,1
M23K,1,18667,27717,0,0,1
M23K,1,18729,27779,0,0,1
M23K,1,18748,27798,0,0,1
M23K,1,18754,27804,0,0,1
M23K,1,18757,27807,0,0,1
M23K,1,18763,27813,0,0,1
M23K,1,18782,27832,0,0,1
M23K,1,18795,27845,0,0,1
M23K,1,18798,27848,0,0,1
M23K,1,18803,27853,0,0,1
M23K,1,18808,27858,0,0,1
M23K,1,18816,27866,0,0,1
M23K,1,18818,27868,0,1,0
M23K,1,18828,27878,0,0,1
M23K,1,18836,27886,0,0,1
M23K,1,18845,27895,0,0,1
M23K,1,18849,27899,0,0,1
M23K,1,18863,27913,0,0,1
M23K,1,18867,27917,0,0,1
M23K,1,18877,27927,0,0,1
M23K,1,18891,27941,0,0,1
M23K,1,18894,27944,0,0,1
M23K,1,18919,27969,0,0,1
M23K,1,18924,27974,0,0,1
M23K,1,18944,27994,0,0,1
M23K,1,18956,28006,0,0,1
M23K,1,18961,28011,0,0,1
M23K,1,18967,28017,0,0,1
M23K,1,18975,28025,0,0,1
M23K,1,19004,28054,0,0,1
M23K,1,19021,28071,0,0,1
M23K,1,19031,28081,0,1,0
M23K,2,17607,26657,1,1,1
M23K,2,17628,26678,1,0,0
M23K,2,17637,26687,1,1,1
M23K,2,17639,26689,1,1,1
M23K,2,17641,26691,1,1,1
M23K,2,17647,26697,1,1,1
M23K,2,17660,26710,1,1,1
M23K,2,17665,26715,1,1,1
M23K,2,17670,26720,1,1,1
M23K,2,17673,26723,1,0,0
M23K,2,17688,26738,1,1,1
M23K,2,17689,26739,1,0,0
M23K,2,17704,26754,1,1,1
M23K,2,17710,26760,1,1,1
M23K,2,17736,26786,1,1,1
M23K,2,17741,26791,1,1,1
M23K,2,17744,26794,1,1,1
M23K,2,17752,26802,1,1,1
M23K,2,17774,26824,1,1,1
M23K,2,17793,26843,1,1,1
M23K,2,17808,26858,1,0,0
M23K,2,17809,26859,1,1,1
M23K,2,17811,26861,1,1,1
M23K,2,17851,26901,1,1,1
M23K,2,17852,26902,1,1,1
M23K,2,17853,26903,1,1,1
M23K,2,17858,26908,1,1,1
M23K,2,17860,26910,1,1,1
M23K,2,17870,26920,1,1,1
M23K,2,17878,26928,1,1,1
M23K,2,17880,26930,1,1,1
M23K,2,17881,26931,1,1,1
M23K,2,17884,26934,1,1,1
M23K,2,17902,26952,1,1,1
M23K,2,17907,26957,1,1,1
M23K,2,17908,26958,1,1,1
M23K,2,17916,26966,1,1,1
M23K,2,17932,26982,1,1,1
M23K,2,17947,26997,1,1,1
M23K,2,17949,26999,1,1,1
M23K,2,17993,27043,1,1,1
M23K,2,18001,27051,1,1,1
M23K,2,18009,27059,1,1,1
M23K,2,18016,27066,1,1,1
M23K,2,18031,27081,1,1,1
M23K,2,18032,27082,1,0,0
M23K,2,18033,27083,1,1,1
M23K,2,18052,27102,0,0,1
M23K,2,18058,27108,0,0,1
M23K,2,18059,27109,0,0,1
M23K,2,18061,27111,0,0,1
M23K,2,18078,27128,0,0,1
M23K,2,18093,27143,0,0,1
M23K,2,18109,27159,0,0,1
M23K,2,18114,27164,0,1,0
M23K,2,18119,27169,0,0,1
M23K,2,18121,27171,0,0,1
M23K,2,18130,27180,0,0,1
M23K,2,18146,27196,0,0,1
M23K,2,18147,27197,0,0,1
M23K,2,18155,27205,0,0,1
M23K,2,18159,27209,0,0,1
M23K,2,18162,27212,0,0,1
M23K,2,18188,27238,0,0,1
M23K,2,18193,27243,0,0,1
M23K,2,18194,27244,0,0,1
M23K,2,18199,27249,0,0,1
M23K,2,18203,27253,0,0,1
M23K,2,18233,27283,0,0,1
M23K,2,18243,27293,0,0,1
M23K,2,18257,27307,0,0,1
M23K,2,18270,27320,0,0,1
M23K,2,18275,27325,0,0,1
M23K,2,18277,27327,0,0,1
M23K,2,18290,27340,0,0,1
M23K,2,18294,27344,0,1,0
M23K,2,18300,27350,0,1,0
M23K,2,18306,27356,0,0,1
M23K,2,18308,27358,0,0,1
M23K,2,18311,27361,0,0,1
M23K,2,18317,27367,0,0,1
M23K,2,18319,27369,0,0,1
M23K,2,18325,27375,0,0,1
M23K,2,18329,27379,0,0,1
M23K,2,18332,27382,0,0,1
M23K,2,18340,27390,0,0,1
M23K,2,18345,27395,0,0,1
M23K,2,18347,27397,0,1,0
M23K,2,18354,27404,0,0,1
M23K,2,18361,27411,0,0,1
M23K,2,18388,27438,0,0,1
M23K,2,18404,27454,0,0,1
M23K,2,18413,27463,0,0,1
M23K,2,18430,27480,0,0,1
M23K,2,18453,27503,0,0,1
M23K,2,18486,27536,0,0,1
M23K,2,18497,27547,0,0,1
M23K,2,18499,27549,0,0,1
M23K,2,18508,27558,0,0,1
M23K,2,18526,27576,0,0,1
M23K,2,18533,27583,0,0,1
M23K,2,18537,27587,0,0,1
M23K,2,18538,27588,0,0,1
M23K,2,18547,27597,0,0,1
M23K,2,18564,27614,0,0,1
M23K,2,18581,27631,0,0,1
M23K,2,18584,27634,0,0,1
M23K,2,18588,27638,0,0,1
M23K,2,18598,27648,0,0,1
M23K,2,18605,27655,0,0,1
M23K,2,18617,27667,0,0,1
M23K,2,18629,27679,0,0,1
M23K,2,18634,27684,0,0,1
M23K,2,18640,27690,0,0,1
M23K,2,18656,27706,0,0,1
M23K,2,18680,27730,0,0,1
M23K,2,18683,27733,0,0,1
M23K,2,18699,27749,0,0,1
M23K,2,18705,27755,0,0,1
M23K,2,18718,27768,0,0,1
M23K,2,18728,27778,0,0,1
M23K,2,18732,27782,0,0,1
M23K,2,18742,27792,0,0,1
M23K,2,18751,27801,0,0,1
M23K,2,18769,27819,0,0,1
M23K,2,18794,27844,0,0,1
M23K,2,18801,27851,0,0,1
M23K,2,18806,27856,0,0,1
M23K,2,18848,27898,0,0,1
M23K,2,18853,27903,0,0,1
M23K,2,18859,27909,0,0,1
M23K,2,18875,27925,0,0,1
M23K,2,18876,27926,0,0,1
M23K,2,18881,27931,0,0,1
M23K,2,18882,27932,0,0,1
M23K,2,18883,27933,0,0,1
M23K,2,18888,27938,0,0,1
M23K,2,18936,27986,0,0,1
M23K,2,18938,27988,0,0,1
M23K,2,18942,27992,0,0,1
M23K,2,18955,28005,0,0,1
M23K,2,18963,28013,0,0,1
M23K,2,18966,28016,0,0,1
M23K,2,18974,28024,0,0,1
M23K,2,18983,28033,0,0,1
M23K,2,18990,28040,0,0,1
M23K,2,19009,28059,0,0,1
M23K,2,19024,28074,0,0,1
M23K,3,17567,26617,1,1,1
M23K,3,17578,26628,1,1,1
M23K,3,17588,26638,1,1,1
M23K,3,17589,26639,1,1,1
M23K,3,17605,26655,1,1,1
M23K,3,17609,26659,1,1,1
M23K,3,17614,26664,1,1,1
M23K,3,17615,26665,1,0,0
M23K,3,17627,26677,1,1,1
M23K,3,17649,26699,1,1,1
M23K,3,17657,26707,1,1,1
M23K,3,17663,26713,1,1,1
M23K,3,17667,26717,1,1,1
M23K,3,17687,26737,1,1,1
M23K,3,17709,26759,1,1,1
M23K,3,17714,26764,1,1,1
M23K,3,17739,26789,1,1,1
M23K,3,17746,26796,1,1,1
M23K,3,17756,26806,1,1,1
M23K,3,17760,26810,1,1,1
M23K,3,17778,26828,1,1,1
M23K,3,17785,26835,1,1,1
M23K,3,17787,26837,1,1,1
M23K,3,17791,26841,1,1,1
M23K,3,17815,26865,1,1,1
M23K,3,17819,26869,1,1,1
M23K,3,17828,26878,1,1,1
M23K,3,17866,26916,1,1,1
M23K,3,17867,26917,1,1,1
M23K,3,17882,26932,1,1,1
M23K,3,17886,26936,1,1,1
M23K,3,17890,26940,1,1,1
M23K,3,17924,26974,1,1,1
M23K,3,17936,26986,1,1,1
M23K,3,17946,26996,1,1,1
M23K,3,17951,27001,1,1,1
M23K,3,17974,27024,1,1,1
M23K,3,17976,27026,1,1,1
M23K,3,17986,27036,1,1,1
M23K,3,17991,27041,1,0,0
M23K,3,17996,27046,1,1,1
M23K,3,17999,27049,1,1,1
M23K,3,18003,27053,1,1,1
M23K,3,18013,27063,1,1,1
M23K,3,18014,27064,1,1,1
M23K,3,18020,27070,1,1,1
M23K,3,18027,27077,1,1,1
M23K,3,18046,27096,0,0,1
M23K,3,18048,27098,0,0,1
M23K,3,18053,27103,0,0,1
M23K,3,18082,27132,0,0,1
M23K,3,18086,27136,0,1,0
M23K,3,18087,27137,0,0,1
M23K,3,18099,27149,0,0,1
M23K,3,18118,27168,0,0,1
M23K,3,18122,27172,0,0,1
M23K,3,18128,27178,0,0,1
M23K,3,18137,27187,0,0,1
M23K,3,18153,27203,0,0,1
M23K,3,18181,27231,0,0,1
M23K,3,18197,27247,0,0,1
M23K,3,18208,27258,0,0,1
M23K,3,18211,27261,0,0,1
M23K,3,18221,27271,0,0,1
M23K,3,18228,27278,0,0,1
M23K,3,18229,27279,0,0,1
M23K,3,18232,27282,0,0,1
M23K,3,18237,27287,0,0,1
M23K,3,18239,27289,0,0,1
M23K,3,18244,27294,0,0,1
M23K,3,18250,27300,0,0,1
M23K,3,18251,27301,0,1,0
M23K,3,18258,27308,0,0,1
M23K,3,18307,27357,0,0,1
M23K,3,18314,27364,0,0,1
M23K,3,18328,27378,0,0,1
M23K,3,18335,27385,0,0,1
M23K,3,18353,27403,0,0,1
M23K,3,18357,27407,0,0,1
M23K,3,18358,27408,0,0,1
M23K,3,18359,27409,0,0,1
M23K,3,18378,27428,0,0,1
M23K,3,18387,27437,0,0,1
M23K,3,18407,27457,0,0,1
M23K,3,18414,27464,0,0,1
M23K,3,18437,27487,0,1,0
M23K,3,18448,27498,0,0,1
M23K,3,18452,27502,0,0,1
M23K,3,18455,27505,0,0,1
M23K,3,18460,27510,0,0,1
M23K,3,18476,27526,0,0,1
M23K,3,18482,27532,0,1,0
M23K,3,18483,27533,0,0,1
M23K,3,18501,27551,0,0,1
M23K,3,18502,27552,0,0,1
M23K,3,18516,27566,0,0,1
M23K,3,18528,27578,0,0,1
M23K,3,18531,27581,0,0,1
M23K,3,18555,27605,0,0,1
M23K,3,18565,27615,0,0,1
M23K,3,18594,27644,0,0,1
M23K,3,18603,27653,0,0,1
M23K,3,18608,27658,0,0,1
M23K,3,18638,27688,0,0,1
M23K,3,18641,27691,0,0,1
M23K,3,18654,27704,0,0,1
M23K,3,18665,27715,0,0,1
M23K,3,18668,27718,0,0,1
M23K,3,18670,27720,0,0,1
M23K,3,18677,27727,0,0,1
M23K,3,18688,27738,0,0,1
M23K,3,18691,27741,0,0,1
M23K,3,18694,27744,0,0,1
M23K,3,18701,27751,0,0,1
M23K,3,18706,27756,0,0,1
M23K,3,18733,27783,0,0,1
M23K,3,18746,27796,0,0,1
M23K,3,18749,27799,0,0,1
M23K,3,18753,27803,0,0,1
M23K,3,18778,27828,0,1,0
M23K,3,18785,27835,0,0,1
M23K,3,18788,27838,0,1,0
M23K,3,18790,27840,0,0,1
M23K,3,18807,27857,0,0,1
M23K,3,18809,27859,0,0,1
M23K,3,18810,27860,0,0,1
M23K,3,18841,27891,0,0,1
M23K,3,18842,27892,0,0,1
M23K,3,18852,27902,0,0,1
M23K,3,18854,27904,0,0,1
M23K,3,18855,27905,0,1,0
M23K,3,18858,27908,0,0,1
M23K,3,18865,27915,0,0,1
M23K,3,18870,27920,0,0,1
M23K,3,18893,27943,0,0,1
M23K,3,18895,27945,0,0,1
M23K,3,18896,27946,0,0,1
M23K,3,18898,27948,0,0,1
M23K,3,18910,27960,0,0,1
M23K,3,18911,27961,0,0,1
M23K,3,18959,28009,0,0,1
M23K,3,18970,28020,0,0,1
M23K,3,18976,28026,0,0,1
M23K,3,18977,28027,0,0,1
M23K,3,18981,28031,0,0,1
M23K,3,18984,28034,0,0,1
M23K,3,19008,28058,0,0,1
M23K,3,19039,28089,0,0,1
M23K,4,17569,26619,1,1,1
M23K,4,17593,26643,1,1,1
M23K,4,17599,26649,1,1,1
M23K,4,17603,26653,1,1,1
M23K,4,17610,26660,1,1,1
M23K,4,17611,26661,1,1,1
M23K,4,17622,26672,1,1,1
M23K,4,17643,26693,1,1,1
M23K,4,17658,26708,1,1,1
M23K,4,17664,26714,1,1,1
M23K,4,17677,26727,1,1,1
M23K,4,17690,26740,1,1,1
M23K,4,17694,26744,1,0,0
M23K,4,17696,26746,1,1,1
M23K,4,17701,26751,1,1,1
M23K,4,17717,26767,1,1,1
M23K,4,17732,26782,1,0,0
M23K,4,17735,26785,1,1,1
M23K,4,17738,26788,1,1,1
M23K,4,17745,26795,1,1,1
M23K,4,17747,26797,1,1,1
M23K,4,17749,26799,1,1,1
M23K,4,17753,26803,1,1,1
M23K,4,17768,26818,1,1,1
M23K,4,17770,26820,1,1,1
M23K,4,17789,26839,1,1,1
M23K,4,17794,26844,1,1,1
M23K,4,17803,26853,1,1,1
M23K,4,17813,26863,1,1,1
M23K,4,17814,26864,1,1,1
M23K,4,17817,26867,1,1,1
M23K,4,17829,26879,1,1,1
M23K,4,17857,26907,1,1,1
M23K,4,17863,26913,1,1,1
M23K,4,17864,26914,1,1,1
M23K,4,17871,26921,1,1,1
M23K,4,17877,26927,1,1,1
M23K,4,17888,26938,1,1,1
M23K,4,17899,26949,1,1,1
M23K,4,17904,26954,1,1,1
M23K,4,17905,26955,1,1,1
M23K,4,17921,26971,1,1,1
M23K,4,17929,26979,1,1,1
M23K,4,17950,27000,1,1,1
M23K,4,17955,27005,1,1,1
M23K,4,17969,27019,1,1,1
M23K,4,17992,27042,1,1,1
M23K,4,18039,27089,0,0,1
M23K,4,18049,27099,0,0,1
M23K,4,18067,27117,0,0,1
M23K,4,18069,27119,0,0,1
M23K,4,18072,27122,0,1,0
M23K,4,18076,27126,0,0,1
M23K,4,18083,27133,0,0,1
M23K,4,18094,27144,0,0,1
M23K,4,18095,27145,0,0,1
M23K,4,18097,27147,0,0,1
M23K,4,18105,27155,0,0,1
M23K,4,18140,27190,0,0,1
M23K,4,18165,27215,0,0,1
M23K,4,18172,27222,0,0,1
M23K,4,18183,27233,0,0,1
M23K,4,18189,27239,0,0,1
M23K,4,18198,27248,0,0,1
M23K,4,18222,27272,0,0,1
M23K,4,18255,27305,0,0,1
M23K,4,18271,27321,0,0,1
M23K,4,18297,27347,0,0,1
M23K,4,18324,27374,0,0,1
M23K,4,18330,27380,0,0,1
M23K,4,18338,27388,0,0,1
M23K,4,18344,27394,0,0,1
M23K,4,18356,27406,0,0,1
M23K,4,18360,27410,0,0,1
M23K,4,18370,27420,0,0,1
M23K,4,18371,27421,0,0,1
M23K,4,18389,27439,0,0,1
M23K,4,18393,27443,0,0,1
M23K,4,18395,27445,0,0,1
M23K,4,18401,27451,0,0,1
M23K,4,18409,27459,0,1,0
M23K,4,18411,27461,0,0,1
M23K,4,18429,27479,0,0,1
M23K,4,18431,27481,0,0,1
M23K,4,18444,27494,0,0,1
M23K,4,18446,27496,0,0,1
M23K,4,18449,27499,0,0,1
M23K,4,18464,27514,0,0,1
M23K,4,18465,27515,0,0,1
M23K,4,18469,27519,0,0,1
M23K,4,18479,27529,0,1,0
M23K,4,18487,27537,0,0,1
M23K,4,18488,27538,0,0,1
M23K,4,18525,27575,0,0,1
M23K,4,18532,27582,0,0,1
M23K,4,18534,27584,0,0,1
M23K,4,18543,27593,0,0,1
M23K,4,18544,27594,0,0,1
M23K,4,18553,27603,0,0,1
M23K,4,18558,27608,0,0,1
M23K,4,18562,27612,0,0,1
M23K,4,18589,27639,0,0,1
M23K,4,18595,27645,0,0,1
M23K,4,18601,27651,0,0,1
M23K,4,18606,27656,0,0,1
M23K,4,18607,27657,0,0,1
M23K,4,18635,27685,0,0,1
M23K,4,18651,27701,0,0,1
M23K,4,18655,27705,0,1,0
M23K,4,18664,27714,0,0,1
M23K,4,18669,27719,0,0,1
M23K,4,18674,27724,0,0,1
M23K,4,18675,27725,0,0,1
M23K,4,18713,27763,0,0,1
M23K,4,18724,27774,0,0,1
M23K,4,18726,27776,0,0,1
M23K,4,18741,27791,0,0,1
M23K,4,18755,27805,0,0,1
M23K,4,18764,27814,0,0,1
M23K,4,18777,27827,0,0,1
M23K,4,18780,27830,0,0,1
M23K,4,18793,27843,0,0,1
M23K,4,18805,27855,0,0,1
M23K,4,18833,27883,0,0,1
M23K,4,18834,27884,0,0,1
M23K,4,18835,27885,0,0,1
M23K,4,18840,27890,0,0,1
M23K,4,18862,27912,0,0,1
M23K,4,18864,27914,0,0,1
M23K,4,18906,27956,0,0,1
M23K,4,18912,27962,0,1,0
M23K,4,18922,27972,0,0,1
M23K,4,18930,27980,0,0,1
M23K,4,18940,27990,0,0,1
M23K,4,18941,27991,0,0,1
M23K,4,18943,27993,0,0,1
M23K,4,18960,28010,0,0,1
M23K,4,18965,28015,0,0,1
M23K,4,18971,28021,0,0,1
M23K,4,18986,28036,0,0,1
M23K,4,18992,28042,0,0,1
M23K,4,18998,28048,0,0,1
M23K,4,19010,28060,0,0,1
M23K,4,19017,28067,0,0,1
M23K,4,19028,28078,0,1,0
M23K,4,19029,28079,0,0,1
M23K,4,19030,28080,0,1,0
M23K,4,19040,28090,0,1,0
M23K,5,17570,26620,1,1,1
M23K,5,17572,26622,1,1,1
M23K,5,17590,26640,1,1,1
M23K,5,17592,26642,1,1,1
M23K,5,17601,26651,1,1,1
M23K,5,17604,26654,1,1,1
M23K,5,17633,26683,1,1,1
M23K,5,17634,26684,1,1,1
M23K,5,17646,26696,1,0,0
M23K,5,17654,26704,1,1,1
M23K,5,17669,26719,1,1,1
M23K,5,17678,26728,1,1,1
M23K,5,17684,26734,1,1,1
M23K,5,17685,26735,1,1,1
M23K,5,17705,26755,1,1,1
M23K,5,17713,26763,1,1,1
M23K,5,17716,26766,1,1,1
M23K,5,17727,26777,1,1,1
M23K,5,17751,26801,1,1,1
M23K,5,17754,26804,1,1,1
M23K,5,17757,26807,1,1,1
M23K,5,17762,26812,1,1,1
M23K,5,17775,26825,1,1,1
M23K,5,17786,26836,1,1,1
M23K,5,17796,26846,1,1,1
M23K,5,17802,26852,1,1,1
M23K,5,17806,26856,1,1,1
M23K,5,17841,26891,1,1,1
M23K,5,17842,26892,1,1,1
M23K,5,17856,26906,1,0,0
M23K,5,17859,26909,1,0,0
M23K,5,17868,26918,1,1,1
M23K,5,17879,26929,1,1,1
M23K,5,17892,26942,1,1,1
M23K,5,17910,26960,1,1,1
M23K,5,17915,26965,1,1,1
M23K,5,17918,26968,1,1,1
M23K,5,17927,26977,1,1,1
M23K,5,17928,26978,1,1,1
M23K,5,17938,26988,1,1,1
M23K,5,17952,27002,1,1,1
M23K,5,17953,27003,1,1,1
M23K,5,17966,27016,1,1,1
M23K,5,17971,27021,1,0,0
M23K,5,18000,27050,1,1,1
M23K,5,18021,27071,1,1,1
M23K,5,18022,27072,1,1,1
M23K,5,18070,27120,0,0,1
M23K,5,18071,27121,0,0,1
M23K,5,18074,27124,0,0,1
M23K,5,18077,27127,0,0,1
M23K,5,18102,27152,0,0,1
M23K,5,18108,27158,0,0,1
M23K,5,18120,27170,0,1,0
M23K,5,18129,27179,0,0,1
M23K,5,18154,27204,0,0,1
M23K,5,18182,27232,0,0,1
M23K,5,18195,27245,0,0,1
M23K,5,18213,27263,0,0,1
M23K,5,18238,27288,0,0,1
M23K,5,18242,27292,0,0,1
M23K,5,18248,27298,0,0,1
M23K,5,18272,27322,0,0,1
M23K,5,18274,27324,0,0,1
M23K,5,18287,27337,0,0,1
M23K,5,18295,27345,0,0,1
M23K,5,18299,27349,0,0,1
M23K,5,18315,27365,0,0,1
M23K,5,18323,27373,0,0,1
M23K,5,18337,27387,0,0,1
M23K,5,18339,27389,0,0,1
M23K,5,18350,27400,0,0,1
M23K,5,18373,27423,0,0,1
M23K,5,18397,27447,0,0,1
M23K,5,18405,27455,0,0,1
M23K,5,18426,27476,0,0,1
M23K,5,18433,27483,0,0,1
M23K,5,18436,27486,0,0,1
M23K,5,18454,27504,0,0,1
M23K,5,18456,27506,0,0,1
M23K,5,18457,27507,0,0,1
M23K,5,18458,27508,0,0,1
M23K,5,18459,27509,0,0,1
M23K,5,18467,27517,0,0,1
M23K,5,18468,27518,0,0,1
M23K,5,18473,27523,0,0,1
M23K,5,18506,27556,0,0,1
M23K,5,18522,27572,0,0,1
M23K,5,18542,27592,0,0,1
M23K,5,18568,27618,0,0,1
M23K,5,18571,27621,0,0,1
M23K,5,18573,27623,0,0,1
M23K,5,18579,27629,0,0,1
M23K,5,18583,27633,0,0,1
M23K,5,18587,27637,0,0,1
M23K,5,18609,27659,0,0,1
M23K,5,18610,27660,0,1,0
M23K,5,18631,27681,0,0,1
M23K,5,18636,27686,0,0,1
M23K,5,18642,27692,0,0,1
M23K,5,18647,27697,0,0,1
M23K,5,18653,27703,0,0,1
M23K,5,18663,27713,0,0,1
M23K,5,18671,27721,0,0,1
M23K,5,18672,27722,0,0,1
M23K,5,18673,27723,0,0,1
M23K,5,18679,27729,0,0,1
M23K,5,18684,27734,0,0,1
M23K,5,18693,27743,0,0,1
M23K,5,18703,27753,0,0,1
M23K,5,18707,27757,0,0,1
M23K,5,18715,27765,0,0,1
M23K,5,18723,27773,0,0,1
M23K,5,18731,27781,0,0,1
M23K,5,18736,27786,0,0,1
M23K,5,18752,27802,0,1,0
M23K,5,18759,27809,0,0,1
M23K,5,18762,27812,0,1,0
M23K,5,18766,27816,0,0,1
M23K,5,18779,27829,0,0,1
M23K,5,18783,27833,0,0,1
M23K,5,18789,27839,0,0,1
M23K,5,18813,27863,0,0,1
M23K,5,18824,27874,0,0,1
M23K,5,18832,27882,0,0,1
M23K,5,18837,27887,0,1,0
M23K,5,18878,27928,0,0,1
M23K,5,18880,27930,0,0,1
M23K,5,18885,27935,0,0,1
M23K,5,18890,27940,0,0,1
M23K,5,18903,27953,0,0,1
M23K,5,18908,27958,0,0,1
M23K,5,18909,27959,0,0,1
M23K,5,18923,27973,0,0,1
M23K,5,18926,27976,0,0,1
M23K,5,18931,27981,0,0,1
M23K,5,18948,27998,0,1,0
M23K,5,18954,28004,0,0,1
M23K,5,18957,28007,0,0,1
M23K,5,18964,28014,0,0,1
M23K,5,18968,28018,0,0,1
M23K,5,18980,28030,0,1,0
M23K,5,18988,28038,0,0,1
M23K,5,18989,28039,0,0,1
M23K,5,18993,28043,0,0,1
M23K,5,18997,28047,0,0,1
M23K,5,19012,28062,0,1,0
M23K,5,19026,28076,0,0,1
M23K,6,17573,26623,1,1,1
M23K,6,17581,26631,1,1,1
M23K,6,17584,26634,1,1,1
M23K,6,17585,26635,1,0,0
M23K,6,17596,26646,1,1,1
M23K,6,17620,26670,1,1,1
M23K,6,17625,26675,1,1,1
M23K,6,17630,26680,1,1,1
M23K,6,17640,26690,1,1,1
M23K,6,17642,26692,1,1,1
M23K,6,17653,26703,1,1,1
M23K,6,17666,26716,1,1,1
M23K,6,17698,26748,1,1,1
M23K,6,17700,26750,1,1,1
M23K,6,17711,26761,1,1,1
M23K,6,17721,26771,1,1,1
M23K,6,17731,26781,1,1,1
M23K,6,17750,26800,1,1,1
M23K,6,17759,26809,1,1,1
M23K,6,17767,26817,1,1,1
M23K,6,17773,26823,1,1,1
M23K,6,17776,26826,1,1,1
M23K,6,17780,26830,1,1,1
M23K,6,17781,26831,1,0,0
M23K,6,17782,26832,1,1,1
M23K,6,17807,26857,1,1,1
M23K,6,17816,26866,1,1,1
M23K,6,17818,26868,1,1,1
M23K,6,17820,26870,1,1,1
M23K,6,17854,26904,1,1,1
M23K,6,17875,26925,1,1,1
M23K,6,17900,26950,1,1,1
M23K,6,17901,26951,1,1,1
M23K,6,17917,26967,1,1,1
M23K,6,17930,26980,1,1,1
M23K,6,17935,26985,1,1,1
M23K,6,17939,26989,1,1,1
M23K,6,17957,27007,1,1,1
M23K,6,17961,27011,1,1,1
M23K,6,17972,27022,1,1,1
M23K,6,17973,27023,1,1,1
M23K,6,17984,27034,1,1,1
M23K,6,17994,27044,1,0,0
M23K,6,17995,27045,1,1,1
M23K,6,18004,27054,1,1,1
M23K,6,18005,27055,1,1,1
M23K,6,18024,27074,1,1,1
M23K,6,18038,27088,0,0,1
M23K,6,18044,27094,0,0,1
M23K,6,18050,27100,0,0,1
M23K,6,18096,27146,0,0,1
M23K,6,18098,27148,0,0,1
M23K,6,18116,27166,0,0,1
M23K,6,18135,27185,0,0,1
M23K,6,18136,27186,0,0,1
M23K,6,18150,27200,0,0,1
M23K,6,18151,27201,0,1,0
M23K,6,18175,27225,0,0,1
M23K,6,18184,27234,0,0,1
M23K,6,18202,27252,0,0,1
M23K,6,18207,27257,0,0,1
M23K,6,18210,27260,0,0,1
M23K,6,18216,27266,0,0,1
M23K,6,18240,27290,0,0,1
M23K,6,18247,27297,0,0,1
M23K,6,18256,27306,0,0,1
M23K,6,18264,27314,0,0,1
M23K,6,18278,27328,0,0,1
M23K,6,18284,27334,0,0,1
M23K,6,18292,27342,0,1,0
M23K,6,18293,27343,0,0,1
M23K,6,18301,27351,0,0,1
M23K,6,18302,27352,0,0,1
M23K,6,18310,27360,0,0,1
M23K,6,18318,27368,0,0,1
M23K,6,18326,27376,0,0,1
M23K,6,18333,27383,0,0,1
M23K,6,18364,27414,0,0,1
M23K,6,18367,27417,0,0,1
M23K,6,18368,27418,0,0,1
M23K,6,18382,27432,0,0,1
M23K,6,18390,27440,0,1,0
M23K,6,18402,27452,0,0,1
M23K,6,18408,27458,0,0,1
M23K,6,18416,27466,0,0,1
M23K,6,18420,27470,0,0,1
M23K,6,18432,27482,0,0,1
M23K,6,18440,27490,0,0,1
M23K,6,18470,27520,0,0,1
M23K,6,18484,27534,0,0,1
M23K,6,18515,27565,0,0,1
M23K,6,18520,27570,0,1,0
M23K,6,18548,27598,0,0,1
M23K,6,18550,27600,0,0,1
M23K,6,18563,27613,0,0,1
M23K,6,18572,27622,0,0,1
M23K,6,18577,27627,0,0,1
M23K,6,18593,27643,0,0,1
M23K,6,18611,27661,0,0,1
M23K,6,18619,27669,0,0,1
M23K,6,18622,27672,0,1,0
M23K,6,18646,27696,0,0,1
M23K,6,18657,27707,0,0,1
M23K,6,18658,27708,0,0,1
M23K,6,18660,27710,0,0,1
M23K,6,18692,27742,0,0,1
M23K,6,18704,27754,0,0,1
M23K,6,18720,27770,0,0,1
M23K,6,18722,27772,0,0,1
M23K,6,18735,27785,0,0,1
M23K,6,18738,27788,0,0,1
M23K,6,18743,27793,0,0,1
M23K,6,18747,27797,0,0,1
M23K,6,18756,27806,0,0,1
M23K,6,18767,27817,0,0,1
M23K,6,18771,27821,0,0,1
M23K,6,18775,27825,0,0,1
M23K,6,18791,27841,0,0,1
M23K,6,18796,27846,0,0,1
M23K,6,18820,27870,0,0,1
M23K,6,18821,27871,0,0,1
M23K,6,18823,27873,0,0,1
M23K,6,18830,27880,0,0,1
M23K,6,18843,27893,0,0,1
M23K,6,18846,27896,0,0,1
M23K,6,18856,27906,0,0,1
M23K,6,18861,27911,0,0,1
M23K,6,18866,27916,0,0,1
M23K,6,18869,27919,0,0,1
M23K,6,18874,27924,0,0,1
M23K,6,18879,27929,0,0,1
M23K,6,18887,27937,0,0,1
M23K,6,18892,27942,0,0,1
M23K,6,18899,27949,0,0,1
M23K,6,18901,27951,0,0,1
M23K,6,18914,27964,0,0,1
M23K,6,18937,27987,0,0,1
M23K,6,18947,27997,0,0,1
M23K,6,18962,28012,0,0,1
M23K,6,18979,28029,0,0,1
M23K,6,18996,28046,0,0,1
M23K,6,19001,28051,0,0,1
M23K,6,19007,28057,0,0,1
M23K,6,19016,28066,0,0,1
M23K,6,19022,28072,0,0,1
M23K,6,19023,28073,0,0,1
M23K,6,19036,28086,0,0,1
M23K,6,19042,28092,0,0,1
M23K,7,17574,26624,1,1,1
M23K,7,17577,26627,1,0,0
M23K,7,17582,26632,1,1,1
M23K,7,17594,26644,1,1,1
M23K,7,17613,26663,1,1,1
M23K,7,17618,26668,1,1,1
M23K,7,17619,26669,1,0,0
M23K,7,17621,26671,1,1,1
M23K,7,17636,26686,1,1,1
M23K,7,17648,26698,1,0,0
M23K,7,17674,26724,1,1,1
M23K,7,17679,26729,1,1,1
M23K,7,17680,26730,1,1,1
M23K,7,17726,26776,1,1,1
M23K,7,17737,26787,1,1,1
M23K,7,17755,26805,1,1,1
M23K,7,17761,26811,1,1,1
M23K,7,17771,26821,1,1,1
M23K,7,17779,26829,1,1,1
M23K,7,17790,26840,1,1,1
M23K,7,17795,26845,1,1,1
M23K,7,17797,26847,1,1,1
M23K,7,17798,26848,1,1,1
M23K,7,17800,26850,1,1,1
M23K,7,17812,26862,1,1,1
M23K,7,17822,26872,1,1,1
M23K,7,17845,26895,1,1,1
M23K,7,17850,26900,1,1,1
M23K,7,17855,26905,1,0,0
M23K,7,17872,26922,1,1,1
M23K,7,17876,26926,1,1,1
M23K,7,17883,26933,1,1,1
M23K,7,17889,26939,1,1,1
M23K,7,17891,26941,1,1,1
M23K,7,17894,26944,1,1,1
M23K,7,17911,26961,1,1,1
M23K,7,17922,26972,1,0,0
M23K,7,17941,26991,1,1,1
M23K,7,17978,27028,1,1,1
M23K,7,17981,27031,1,0,0
M23K,7,17983,27033,1,1,1
M23K,7,17985,27035,1,1,1
M23K,7,17989,27039,1,1,1
M23K,7,17990,27040,1,1,1
M23K,7,18006,27056,1,1,1
M23K,7,18023,27073,1,1,1
M23K,7,18034,27084,1,0,0
M23K,7,18066,27116,0,0,1
M23K,7,18068,27118,0,1,0
M23K,7,18075,27125,0,0,1
M23K,7,18084,27134,0,0,1
M23K,7,18092,27142,0,0,1
M23K,7,18123,27173,0,0,1
M23K,7,18127,27177,0,0,1
M23K,7,18139,27189,0,1,0
M23K,7,18144,27194,0,0,1
M23K,7,18160,27210,0,1,0
M23K,7,18170,27220,0,0,1
M23K,7,18171,27221,0,0,1
M23K,7,18187,27237,0,0,1
M23K,7,18205,27255,0,0,1
M23K,7,18212,27262,0,0,1
M23K,7,18214,27264,0,0,1
M23K,7,18215,27265,0,0,1
M23K,7,18223,27273,0,0,1
M23K,7,18241,27291,0,0,1
M23K,7,18245,27295,0,0,1
M23K,7,18246,27296,0,0,1
M23K,7,18254,27304,0,0,1
M23K,7,18259,27309,0,0,1
M23K,7,18262,27312,0,0,1
M23K,7,18263,27313,0,0,1
M23K,7,18269,27319,0,0,1
M23K,7,18276,27326,0,0,1
M23K,7,18280,27330,0,0,1
M23K,7,18281,27331,0,0,1
M23K,7,18291,27341,0,0,1
M23K,7,18296,27346,0,0,1
M23K,7,18303,27353,0,0,1
M23K,7,18322,27372,0,0,1
M23K,7,18336,27386,0,0,1
M23K,7,18342,27392,0,0,1
M23K,7,18351,27401,0,0,1
M23K,7,18363,27413,0,0,1
M23K,7,18380,27430,0,0,1
M23K,7,18385,27435,0,0,1
M23K,7,18386,27436,0,0,1
M23K,7,18392,27442,0,0,1
M23K,7,18396,27446,0,0,1
M23K,7,18412,27462,0,0,1
M23K,7,18421,27471,0,1,0
M23K,7,18425,27475,0,0,1
M23K,7,18435,27485,0,0,1
M23K,7,18439,27489,0,0,1
M23K,7,18443,27493,0,0,1
M23K,7,18478,27528,0,0,1
M23K,7,18480,27530,0,0,1
M23K,7,18513,27563,0,0,1
M23K,7,18551,27601,0,0,1
M23K,7,18552,27602,0,0,1
M23K,7,18556,27606,0,0,1
M23K,7,18559,27609,0,0,1
M23K,7,18561,27611,0,0,1
M23K,7,18566,27616,0,0,1
M23K,7,18567,27617,0,0,1
M23K,7,18570,27620,0,0,1
M23K,7,18578,27628,0,0,1
M23K,7,18591,27641,0,0,1
M23K,7,18596,27646,0,0,1
M23K,7,18600,27650,0,0,1
M23K,7,18614,27664,0,0,1
M23K,7,18618,27668,0,0,1
M23K,7,18620,27670,0,0,1
M23K,7,18621,27671,0,0,1
M23K,7,18623,27673,0,1,0
M23K,7,18630,27680,0,0,1
M23K,7,18637,27687,0,0,1
M23K,7,18645,27695,0,0,1
M23K,7,18652,27702,0,0,1
M23K,7,18666,27716,0,0,1
M23K,7,18676,27726,0,0,1
M23K,7,18682,27732,0,0,1
M23K,7,18696,27746,0,0,1
M23K,7,18710,27760,0,0,1
M23K,7,18714,27764,0,0,1
M23K,7,18716,27766,0,0,1
M23K,7,18725,27775,0,0,1
M23K,7,18744,27794,0,0,1
M23K,7,18772,27822,0,0,1
M23K,7,18773,27823,0,1,0
M23K,7,18774,27824,0,0,1
M23K,7,18776,27826,0,1,0
M23K,7,18781,27831,0,0,1
M23K,7,18797,27847,0,0,1
M23K,7,18802,27852,0,0,1
M23K,7,18815,27865,0,1,0
M23K,7,18819,27869,0,0,1
M23K,7,18868,27918,0,0,1
M23K,7,18873,27923,0,0,1
M23K,7,18886,27936,0,0,1
M23K,7,18905,27955,0,1,0
M23K,7,18913,27963,0,0,1
M23K,7,18928,27978,0,0,1
M23K,7,18958,28008,0,0,1
M23K,7,18972,28022,0,0,1
M23K,7,18973,28023,0,0,1
M23K,7,19002,28052,0,0,1
M23K,7,19018,28068,0,0,1
M23K,8,17595,26645,1,1,1
M23K,8,17606,26656,1,1,1
M23K,8,17629,26679,1,1,1
M23K,8,17632,26682,1,1,1
M23K,8,17652,26702,1,0,0
M23K,8,17656,26706,1,1,1
M23K,8,17659,26709,1,1,1
M23K,8,17676,26726,1,1,1
M23K,8,17681,26731,1,1,1
M23K,8,17683,26733,1,1,1
M23K,8,17697,26747,1,1,1
M23K,8,17702,26752,1,1,1
M23K,8,17703,26753,1,1,1
M23K,8,17708,26758,1,1,1
M23K,8,17719,26769,1,0,0
M23K,8,17720,26770,1,1,1
M23K,8,17725,26775,1,1,1
M23K,8,17728,26778,1,1,1
M23K,8,17748,26798,1,0,0
M23K,8,17758,26808,1,1,1
M23K,8,17763,26813,1,1,1
M23K,8,17777,26827,1,1,1
M23K,8,17783,26833,1,1,1
M23K,8,17792,26842,1,1,1
M23K,8,17801,26851,1,1,1
M23K,8,17831,26881,1,0,0
M23K,8,17837,26887,1,1,1
M23K,8,17843,26893,1,1,1
M23K,8,17846,26896,1,1,1
M23K,8,17873,26923,1,1,1
M23K,8,17885,26935,1,1,1
M23K,8,17895,26945,1,1,1
M23K,8,17896,26946,1,1,1
M23K,8,17897,26947,1,1,1
M23K,8,17906,26956,1,1,1
M23K,8,17923,26973,1,0,0
M23K,8,17926,26976,1,1,1
M23K,8,17931,26981,1,1,1
M23K,8,17942,26992,1,1,1
M23K,8,17959,27009,1,1,1
M23K,8,17970,27020,1,1,1
M23K,8,17975,27025,1,1,1
M23K,8,17998,27048,1,1,1
M23K,8,18012,27062,1,1,1
M23K,8,18015,27065,1,1,1
M23K,8,18035,27085,1,1,1
M23K,8,18037,27087,1,1,1
M23K,8,18040,27090,0,0,1
M23K,8,18041,27091,0,0,1
M23K,8,18055,27105,0,0,1
M23K,8,18056,27106,0,0,1
M23K,8,18065,27115,0,0,1
M23K,8,18081,27131,0,0,1
M23K,8,18089,27139,0,0,1
M23K,8,18111,27161,0,0,1
M23K,8,18145,27195,0,0,1
M23K,8,18158,27208,0,1,0
M23K,8,18169,27219,0,0,1
M23K,8,18174,27224,0,0,1
M23K,8,18176,27226,0,0,1
M23K,8,18178,27228,0,1,0
M23K,8,18179,27229,0,0,1
M23K,8,18186,27236,0,0,1
M23K,8,18200,27250,0,0,1
M23K,8,18225,27275,0,0,1
M23K,8,18234,27284,0,0,1
M23K,8,18261,27311,0,0,1
M23K,8,18273,27323,0,0,1
M23K,8,18279,27329,0,0,1
M23K,8,18285,27335,0,0,1
M23K,8,18289,27339,0,1,0
M23K,8,18304,27354,0,0,1
M23K,8,18312,27362,0,0,1
M23K,8,18313,27363,0,0,1
M23K,8,18320,27370,0,0,1
M23K,8,18334,27384,0,0,1
M23K,8,18348,27398,0,0,1
M23K,8,18349,27399,0,0,1
M23K,8,18355,27405,0,0,1
M23K,8,18366,27416,0,1,0
M23K,8,18372,27422,0,0,1
M23K,8,18374,27424,0,0,1
M23K,8,18375,27425,0,0,1
M23K,8,18394,27444,0,0,1
M23K,8,18399,27449,0,0,1
M23K,8,18400,27450,0,0,1
M23K,8,18403,27453,0,0,1
M23K,8,18417,27467,0,0,1
M23K,8,18422,27472,0,0,1
M23K,8,18463,27513,0,0,1
M23K,8,18466,27516,0,0,1
M23K,8,18477,27527,0,0,1
M23K,8,18490,27540,0,0,1
M23K,8,18491,27541,0,0,1
M23K,8,18503,27553,0,0,1
M23K,8,18505,27555,0,0,1
M23K,8,18510,27560,0,0,1
M23K,8,18512,27562,0,0,1
M23K,8,18527,27577,0,0,1
M23K,8,18535,27585,0,0,1
M23K,8,18536,27586,0,0,1
M23K,8,18546,27596,0,0,1
M23K,8,18557,27607,0,0,1
M23K,8,18574,27624,0,1,0
M23K,8,18582,27632,0,0,1
M23K,8,18585,27635,0,0,1
M23K,8,18599,27649,0,0,1
M23K,8,18602,27652,0,0,1
M23K,8,18643,27693,0,0,1
M23K,8,18648,27698,0,0,1
M23K,8,18661,27711,0,0,1
M23K,8,18678,27728,0,0,1
M23K,8,18685,27735,0,0,1
M23K,8,18687,27737,0,0,1
M23K,8,18708,27758,0,0,1
M23K,8,18711,27761,0,0,1
M23K,8,18712,27762,0,0,1
M23K,8,18717,27767,0,0,1
M23K,8,18730,27780,0,0,1
M23K,8,18745,27795,0,0,1
M23K,8,18760,27810,0,0,1
M23K,8,18765,27815,0,0,1
M23K,8,18784,27834,0,0,1
M23K,8,18786,27836,0,0,1
M23K,8,18799,27849,0,0,1
M23K,8,18800,27850,0,0,1
M23K,8,18825,27875,0,0,1
M23K,8,18827,27877,0,0,1
M23K,8,18829,27879,0,1,0
M23K,8,18904,27954,0,0,1
M23K,8,18916,27966,0,0,1
M23K,8,18927,27977,0,0,1
M23K,8,18932,27982,0,0,1
M23K,8,18939,27989,0,0,1
M23K,8,18945,27995,0,0,1
M23K,8,18949,27999,0,0,1
M23K,8,18952,28002,0,0,1
M23K,8,18978,28028,0,0,1
M23K,8,18985,28035,0,0,1
M23K,8,18991,28041,0,0,1
M23K,8,18994,28044,0,0,1
M23K,8,18999,28049,0,0,1
M23K,8,19000,28050,0,0,1
M23K,8,19014,28064,0,0,1
M23K,8,19015,28065,0,0,1
M23K,8,19025,28075,0,0,1
M23K,8,19041,28091,0,1,0
M23K,9,17568,26618,1,1,1
M23K,9,17575,26625,1,1,1
M23K,9,17579,26629,1,0,0
M23K,9,17583,26633,1,1,1
M23K,9,17586,26636,1,1,1
M23K,9,17591,26641,1,1,1
M23K,9,17598,26648,1,1,1
M23K,9,17602,26652,1,1,1
M23K,9,17617,26667,1,1,1
M23K,9,17635,26685,1,1,1
M23K,9,17655,26705,1,1,1
M23K,9,17661,26711,1,1,1
M23K,9,17662,26712,1,1,1
M23K,9,17682,26732,1,1,1
M23K,9,17686,26736,1,1,1
M23K,9,17692,26742,1,1,1
M23K,9,17706,26756,1,1,1
M23K,9,17707,26757,1,1,1
M23K,9,17712,26762,1,1,1
M23K,9,17718,26768,1,1,1
M23K,9,17724,26774,1,1,1
M23K,9,17729,26779,1,1,1
M23K,9,17733,26783,1,1,1
M23K,9,17742,26792,1,1,1
M23K,9,17764,26814,1,1,1
M23K,9,17766,26816,1,1,1
M23K,9,17769,26819,1,1,1
M23K,9,17799,26849,1,1,1
M23K,9,17810,26860,1,1,1
M23K,9,17830,26880,1,1,1
M23K,9,17836,26886,1,1,1
M23K,9,17838,26888,1,1,1
M23K,9,17909,26959,1,1,1
M23K,9,17914,26964,1,1,1
M23K,9,17933,26983,1,1,1
M23K,9,17934,26984,1,1,1
M23K,9,17958,27008,1,1,1
M23K,9,17967,27017,1,1,1
M23K,9,17979,27029,1,1,1
M23K,9,17980,27030,1,1,1
M23K,9,17982,27032,1,1,1
M23K,9,17997,27047,1,1,1
M23K,9,18002,27052,1,1,1
M23K,9,18008,27058,1,1,1
M23K,9,18011,27061,1,1,1
M23K,9,18018,27068,1,1,1
M23K,9,18030,27080,1,1,1
M23K,9,18045,27095,0,0,1
M23K,9,18064,27114,0,0,1
M23K,9,18079,27129,0,0,1
M23K,9,18100,27150,0,0,1
M23K,9,18101,27151,0,0,1
M23K,9,18104,27154,0,0,1
M23K,9,18113,27163,0,0,1
M23K,9,18117,27167,0,0,1
M23K,9,18134,27184,0,1,0
M23K,9,18141,27191,0,0,1
M23K,9,18152,27202,0,0,1
M23K,9,18157,27207,0,1,0
M23K,9,18161,27211,0,0,1
M23K,9,18163,27213,0,0,1
M23K,9,18164,27214,0,0,1
M23K,9,18180,27230,0,0,1
M23K,9,18191,27241,0,0,1
M23K,9,18192,27242,0,0,1
M23K,9,18196,27246,0,0,1
M23K,9,18206,27256,0,0,1
M23K,9,18220,27270,0,0,1
M23K,9,18230,27280,0,0,1
M23K,9,18236,27286,0,0,1
M23K,9,18253,27303,0,0,1
M23K,9,18265,27315,0,0,1
M23K,9,18267,27317,0,0,1
M23K,9,18282,27332,0,0,1
M23K,9,18309,27359,0,1,0
M23K,9,18316,27366,0,0,1
M23K,9,18341,27391,0,0,1
M23K,9,18346,27396,0,0,1
M23K,9,18352,27402,0,0,1
M23K,9,18369,27419,0,0,1
M23K,9,18376,27426,0,0,1
M23K,9,18377,27427,0,0,1
M23K,9,18391,27441,0,0,1
M23K,9,18398,27448,0,0,1
M23K,9,18406,27456,0,0,1
M23K,9,18415,27465,0,0,1
M23K,9,18423,27473,0,0,1
M23K,9,18427,27477,0,0,1
M23K,9,18428,27478,0,0,1
M23K,9,18434,27484,0,0,1
M23K,9,18441,27491,0,0,1
M23K,9,18447,27497,0,0,1
M23K,9,18472,27522,0,0,1
M23K,9,18485,27535,0,0,1
M23K,9,18489,27539,0,0,1
M23K,9,18493,27543,0,0,1
M23K,9,18507,27557,0,0,1
M23K,9,18514,27564,0,1,0
M23K,9,18517,27567,0,0,1
M23K,9,18519,27569,0,0,1
M23K,9,18540,27590,0,0,1
M23K,9,18554,27604,0,0,1
M23K,9,18569,27619,0,0,1
M23K,9,18586,27636,0,0,1
M23K,9,18590,27640,0,0,1
M23K,9,18612,27662,0,0,1
M23K,9,18627,27677,0,0,1
M23K,9,18644,27694,0,0,1
M23K,9,18662,27712,0,0,1
M23K,9,18697,27747,0,1,0
M23K,9,18698,27748,0,0,1
M23K,9,18700,27750,0,0,1
M23K,9,18702,27752,0,0,1
M23K,9,18709,27759,0,0,1
M23K,9,18719,27769,0,0,1
M23K,9,18721,27771,0,0,1
M23K,9,18737,27787,0,0,1
M23K,9,18739,27789,0,0,1
M23K,9,18768,27818,0,0,1
M23K,9,18787,27837,0,0,1
M23K,9,18792,27842,0,0,1
M23K,9,18811,27861,0,0,1
M23K,9,18814,27864,0,0,1
M23K,9,18822,27872,0,0,1
M23K,9,18826,27876,0,0,1
M23K,9,18831,27881,0,0,1
M23K,9,18847,27897,0,0,1
M23K,9,18850,27900,0,0,1
M23K,9,18871,27921,0,0,1
M23K,9,18889,27939,0,0,1
M23K,9,18900,27950,0,0,1
M23K,9,18915,27965,0,0,1
M23K,9,18920,27970,0,0,1
M23K,9,18925,27975,0,0,1
M23K,9,18929,27979,0,0,1
M23K,9,18933,27983,0,0,1
M23K,9,18935,27985,0,0,1
M23K,9,18950,28000,0,0,1
M23K,9,18953,28003,0,0,1
M23K,9,18969,28019,0,0,1
M23K,9,19003,28053,0,0,1
M23K,9,19011,28061,0,0,1
M23K,9,19019,28069,0,0,1
M23K,9,19020,28070,0,0,1
M23K,9,19027,28077,0,0,1
M23K,9,19032,28082,0,0,1
M23K,9,19035,28085,0,0,1
M23K,10,17576,26626,1,1,1
M23K,10,17600,26650,1,0,0
M23K,10,17608,26658,1,1,1
M23K,10,17623,26673,1,1,1
M23K,10,17638,26688,1,1,1
M23K,10,17644,26694,1,1,1
M23K,10,17645,26695,1,1,1
M23K,10,17668,26718,1,1,1
M23K,10,17672,26722,1,1,1
M23K,10,17675,26725,1,1,1
M23K,10,17730,26780,1,1,1
M23K,10,17740,26790,1,1,1
M23K,10,17743,26793,1,1,1
M23K,10,17788,26838,1,1,1
M23K,10,17804,26854,1,1,1
M23K,10,17805,26855,1,0,0
M23K,10,17826,26876,1,1,1
M23K,10,17827,26877,1,1,1
M23K,10,17832,26882,1,1,1
M23K,10,17833,26883,1,1,1
M23K,10,17834,26884,1,1,1
M23K,10,17839,26889,1,1,1
M23K,10,17840,26890,1,1,1
M23K,10,17844,26894,1,1,1
M23K,10,17861,26911,1,1,1
M23K,10,17865,26915,1,1,1
M23K,10,17869,26919,1,1,1
M23K,10,17874,26924,1,1,1
M23K,10,17887,26937,1,1,1
M23K,10,17893,26943,1,1,1
M23K,10,17898,26948,1,1,1
M23K,10,17903,26953,1,1,1
M23K,10,17912,26962,1,1,1
M23K,10,17937,26987,1,1,1
M23K,10,17943,26993,1,1,1
M23K,10,17948,26998,1,1,1
M23K,10,17956,27006,1,1,1
M23K,10,17960,27010,1,1,1
M23K,10,17962,27012,1,1,1
M23K,10,17965,27015,1,1,1
M23K,10,17968,27018,1,1,1
M23K,10,17987,27037,1,1,1
M23K,10,18010,27060,1,1,1
M23K,10,18017,27067,1,1,1
M23K,10,18025,27075,1,1,1
M23K,10,18026,27076,1,1,1
M23K,10,18029,27079,1,1,1
M23K,10,18047,27097,0,0,1
M23K,10,18051,27101,0,0,1
M23K,10,18085,27135,0,0,1
M23K,10,18090,27140,0,0,1
M23K,10,18091,27141,0,0,1
M23K,10,18103,27153,0,1,0
M23K,10,18124,27174,0,0,1
M23K,10,18125,27175,0,0,1
M23K,10,18126,27176,0,0,1
M23K,10,18131,27181,0,0,1
M23K,10,18138,27188,0,0,1
M23K,10,18143,27193,0,0,1
M23K,10,18148,27198,0,0,1
M23K,10,18149,27199,0,0,1
M23K,10,18166,27216,0,0,1
M23K,10,18173,27223,0,0,1
M23K,10,18190,27240,0,1,0
M23K,10,18201,27251,0,0,1
M23K,10,18219,27269,0,0,1
M23K,10,18227,27277,0,0,1
M23K,10,18231,27281,0,1,0
M23K,10,18235,27285,0,0,1
M23K,10,18268,27318,0,0,1
M23K,10,18283,27333,0,0,1
M23K,10,18286,27336,0,0,1
M23K,10,18288,27338,0,0,1
M23K,10,18305,27355,0,0,1
M23K,10,18327,27377,0,0,1
M23K,10,18362,27412,0,0,1
M23K,10,18379,27429,0,0,1
M23K,10,18383,27433,0,0,1
M23K,10,18418,27468,0,0,1
M23K,10,18419,27469,0,0,1
M23K,10,18424,27474,0,0,1
M23K,10,18442,27492,0,1,0
M23K,10,18461,27511,0,1,0
M23K,10,18462,27512,0,0,1
M23K,10,18471,27521,0,0,1
M23K,10,18495,27545,0,0,1
M23K,10,18498,27548,0,0,1
M23K,10,18504,27554,0,0,1
M23K,10,18511,27561,0,1,0
M23K,10,18518,27568,0,0,1
M23K,10,18521,27571,0,0,1
M23K,10,18524,27574,0,0,1
M23K,10,18530,27580,0,0,1
M23K,10,18539,27589,0,0,1
M23K,10,18541,27591,0,0,1
M23K,10,18549,27599,0,0,1
M23K,10,18615,27665,0,0,1
M23K,10,18625,27675,0,0,1
M23K,10,18626,27676,0,0,1
M23K,10,18628,27678,0,0,1
M23K,10,18632,27682,0,0,1
M23K,10,18639,27689,0,0,1
M23K,10,18650,27700,0,0,1
M23K,10,18659,27709,0,0,1
M23K,10,18681,27731,0,0,1
M23K,10,18686,27736,0,0,1
M23K,10,18689,27739,0,1,0
M23K,10,18690,27740,0,0,1
M23K,10,18695,27745,0,0,1
M23K,10,18727,27777,0,0,1
M23K,10,18734,27784,0,0,1
M23K,10,18740,27790,0,0,1
M23K,10,18750,27800,0,0,1
M23K,10,18758,27808,0,0,1
M23K,10,18761,27811,0,0,1
M23K,10,18770,27820,0,0,1
M23K,10,18804,27854,0,0,1
M23K,10,18812,27862,0,0,1
M23K,10,18817,27867,0,0,1
M23K,10,18838,27888,0,0,1
M23K,10,18839,27889,0,0,1
M23K,10,18844,27894,0,0,1
M23K,10,18851,27901,0,0,1
M23K,10,18857,27907,0,0,1
M23K,10,18860,27910,0,0,1
M23K,10,18872,27922,0,0,1
M23K,10,18884,27934,0,0,1
M23K,10,18897,27947,0,1,0
M23K,10,18902,27952,0,0,1
M23K,10,18907,27957,0,0,1
M23K,10,18917,27967,0,0,1
M23K,10,18918,27968,0,0,1
M23K,10,18921,27971,0,0,1
M23K,10,18934,27984,0,0,1
M23K,10,18946,27996,0,0,1
M23K,10,18951,28001,0,0,1
M23K,10,18982,28032,0,0,1
M23K,10,18987,28037,0,0,1
M23K,10,18995,28045,0,0,1
M23K,10,19005,28055,0,0,1
M23K,10,19006,28056,0,0,1
M23K,10,19013,28063,0,0,1
M23K,10,19033,28083,0,0,1
M23K,10,19034,28084,0,0,1
M23K,10,19037,28087,0,0,1
M23K,10,19038,28088,0,0,1
M23K,10,19043,28093,0,0,1
SAW,1,19062,33015,1,1,1
SAW,1,19080,33033,1,1,1
SAW,1,19081,33034,1,1,1
SAW,1,19090,33043,1,1,1
SAW,1,19096,33049,1,1,1
SAW,1,19101,33054,1,1,1
SAW,1,19103,33056,1,1,1
SAW,1,19108,33061,1,1,1
SAW,1,19114,33067,1,1,1
SAW,1,19117,33070,1,1,1
SAW,1,19126,33079,1,1,1
SAW,1,19128,33081,1,1,1
SAW,1,19132,33085,1,1,1
SAW,1,19141,33094,1,1,1
SAW,1,19162,33115,1,1,1
SAW,1,19163,33116,1,1,1
SAW,1,19167,33120,1,1,1
SAW,1,19173,33126,1,1,1
SAW,1,19176,33129,1,1,1
SAW,1,19179,33132,1,1,1
SAW,1,19182,33135,1,1,1
SAW,1,19184,33137,1,1,1
SAW,1,19201,33154,1,1,1
SAW,1,19210,33163,1,1,1
SAW,1,19216,33169,1,0,0
SAW,1,19226,33179,1,1,1
SAW,1,19258,33211,1,1,1
SAW,1,19266,33219,1,1,1
SAW,1,19268,33221,1,1,1
SAW,1,19275,33228,1,1,1
SAW,1,19276,33229,1,1,1
SAW,1,19277,33230,1,1,1
SAW,1,19281,33234,1,1,1
SAW,1,19282,33235,1,1,1
SAW,1,19290,33243,1,1,1
SAW,1,19306,33259,1,1,1
SAW,1,19329,33282,1,1,1
SAW,1,19348,33301,1,1,1
SAW,1,19368,33321,1,1,1
SAW,1,19374,33327,1,1,1
SAW,1,19383,33336,1,1,1
SAW,1,19385,33338,1,1,1
SAW,1,19399,33352,1,1,1
SAW,1,19412,33365,1,1,1
SAW,1,19413,33366,1,1,1
SAW,1,19418,33371,1,1,1
SAW,1,19423,33376,1,1,1
SAW,1,19439,33392,1,1,1
SAW,1,19442,33395,1,1,1
SAW,1,19444,33397,1,1,1
SAW,1,19451,33404,1,1,1
SAW,1,19458,33411,1,1,1
SAW,1,19463,33416,1,1,1
SAW,1,19467,33420,1,1,1
SAW,1,19471,33424,1,1,1
SAW,1,19474,33427,1,1,1
SAW,1,19480,33433,1,1,1
SAW,1,19483,33436,1,1,1
SAW,1,19486,33439,1,0,0
SAW,1,19494,33447,1,1,1
SAW,1,19505,33458,1,1,1
SAW,1,19522,33475,1,1,1
SAW,1,19527,33480,1,1,1
SAW,1,19555,33508,1,1,1
SAW,1,19563,33516,1,1,1
SAW,1,19564,33517,1,0,0
SAW,1,19569,33522,1,1,1
SAW,1,19585,33538,1,1,1
SAW,1,19597,33550,1,1,1
SAW,1,19606,33559,1,1,1
SAW,1,19609,33562,1,1,1
SAW,1,19615,33568,1,1,1
SAW,1,19621,33574,1,1,1
SAW,1,19629,33582,1,0,0
SAW,1,19632,33585,1,1,1
SAW,1,19637,33590,1,1,1
SAW,1,19658,33611,1,1,1
SAW,1,19661,33614,1,1,1
SAW,1,19666,33619,1,1,1
SAW,1,19671,33624,1,1,1
SAW,1,19682,33635,1,1,1
SAW,1,19684,33637,1,1,1
SAW,1,19699,33652,1,1,1
SAW,1,19706,33659,1,1,1
SAW,1,19709,33662,1,1,1
SAW,1,19721,33674,1,1,1
SAW,1,19729,33682,1,1,1
SAW,1,19734,33687,1,1,1
SAW,1,19742,33695,1,1,1
SAW,1,19755,33708,1,1,1
SAW,1,19756,33709,1,1,1
SAW,1,19758,33711,1,1,1
SAW,1,19787,33740,1,1,1
SAW,1,19822,33775,1,1,1
SAW,1,19825,33778,1,1,1
SAW,1,19827,33780,1,1,1
SAW,1,19832,33785,1,1,1
SAW,1,19841,33794,1,1,1
SAW,1,19847,33800,1,1,1
SAW,1,19848,33801,1,1,1
SAW,1,19854,33807,1,1,1
SAW,1,19877,33830,1,1,1
SAW,1,19878,33831,1,1,1
SAW,1,19885,33838,1,1,1
SAW,1,19886,33839,1,1,1
SAW,1,19899,33852,1,1,1
SAW,1,19908,33861,1,1,1
SAW,1,19963,33916,1,1,1
SAW,1,19968,33921,1,1,1
SAW,1,19971,33924,1,1,1
SAW,1,19985,33938,1,1,1
SAW,1,19986,33939,1,1,1
SAW,1,19988,33941,1,1,1
SAW,1,20001,33954,1,1,1
SAW,1,20008,33961,1,1,1
SAW,1,20019,33972,1,1,1
SAW,1,20023,33976,1,1,1
SAW,1,20029,33982,1,1,1
SAW,1,20046,33999,1,0,0
SAW,1,20047,34000,1,1,1
SAW,1,20054,34007,1,1,1
SAW,1,20064,34017,1,1,1
SAW,1,20078,34031,1,1,1
SAW,1,20091,34044,1,1,1
SAW,1,20092,34045,1,1,1
SAW,1,20111,34064,1,1,1
SAW,1,20119,34072,1,1,1
SAW,1,20121,34074,1,1,1
SAW,1,20124,34077,1,1,1
SAW,1,20129,34082,1,1,1
SAW,1,20133,34086,1,1,1
SAW,1,20150,34103,1,1,1
SAW,1,20163,34116,1,1,1
SAW,1,20183,34136,1,1,1
SAW,1,20184,34137,1,1,1
SAW,1,20187,34140,1,1,1
SAW,1,20206,34159,1,1,1
SAW,1,20211,34164,1,1,1
SAW,1,20221,34174,1,1,1
SAW,1,20247,34200,1,1,1
SAW,1,20259,34212,1,1,1
SAW,1,20263,34216,1,1,1
SAW,1,20274,34227,1,1,1
SAW,1,20282,34235,1,1,1
SAW,1,20284,34237,1,1,1
SAW,1,20293,34246,1,1,1
SAW,1,20313,34266,1,1,1
SAW,1,20329,34282,1,1,1
SAW,1,20332,34285,1,1,1
SAW,1,20359,34312,1,1,1
SAW,1,20381,34334,1,1,1
SAW,1,20400,34353,1,1,1
SAW,1,20408,34361,1,1,1
SAW,1,20435,34388,1,1,1
SAW,1,20448,34401,1,1,1
SAW,1,20474,34427,1,1,1
SAW,1,20492,34445,1,1,1
SAW,1,20494,34447,1,0,0
SAW,1,20497,34450,1,1,1
SAW,1,20535,34488,1,1,1
SAW,1,20547,34500,1,1,1
SAW,1,20559,34512,1,1,1
SAW,1,20581,34534,1,1,1
SAW,1,20595,34548,1,1,1
SAW,1,20614,34567,1,1,1
SAW,1,20631,34584,1,1,1
SAW,1,20633,34586,1,1,1
SAW,1,20634,34587,1,1,1
SAW,1,20636,34589,1,0,0
SAW,1,20650,34603,1,1,1
SAW,1,20663,34616,1,1,1
SAW,1,20667,34620,1,1,1
SAW,1,20668,34621,1,1,1
SAW,1,20705,34658,1,1,1
SAW,1,20710,34663,1,1,1
SAW,1,20725,34678,1,0,0
SAW,1,20737,34690,1,1,1
SAW,1,20738,34691,1,0,0
SAW,1,20745,34698,1,1,1
SAW,1,20747,34700,1,1,1
SAW,1,20759,34712,1,1,1
SAW,1,20761,34714,1,1,1
SAW,1,20785,34738,1,1,1
SAW,1,20814,34767,1,1,1
SAW,1,20851,34804,1,1,1
SAW,1,20866,34819,1,1,1
SAW,1,20877,34830,1,1,1
SAW,1,20878,34831,1,1,1
SAW,1,20879,34832,1,1,1
SAW,1,20881,34834,1,1,1
SAW,1,20883,34836,1,1,1
SAW,1,20899,34852,1,1,1
SAW,1,20912,34865,1,1,1
SAW,1,20932,34885,1,1,1
SAW,1,20936,34889,1,1,1
SAW,1,20947,34900,1,1,1
SAW,1,20949,34902,1,1,1
SAW,1,20956,34909,1,1,1
SAW,1,20971,34924,1,1,1
SAW,1,20983,34936,1,1,1
SAW,1,20993,34946,1,1,1
SAW,1,20994,34947,1,1,1
SAW,1,20998,34951,1,1,1
SAW,1,20999,34952,1,1,1
SAW,1,21000,34953,1,1,1
SAW,1,21009,34962,1,1,1
SAW,1,21018,34971,1,1,1
SAW,1,21032,34985,1,1,1
SAW,1,21043,34996,1,1,1
SAW,1,21077,35030,1,1,1
SAW,1,21112,35065,1,1,1
SAW,1,21115,35068,1,1,1
SAW,1,21117,35070,1,1,1
SAW,1,21121,35074,1,1,1
SAW,1,21136,35089,1,1,1
SAW,1,21137,35090,1,1,1
SAW,1,21140,35093,1,1,1
SAW,1,21155,35108,1,1,1
SAW,1,21158,35111,1,1,1
SAW,1,21170,35123,1,1,1
SAW,1,21176,35129,1,1,1
SAW,1,21190,35143,1,1,1
SAW,1,21230,35183,1,1,1
SAW,1,21247,35200,1,1,1
SAW,1,21248,35201,1,1,1
SAW,1,21262,35215,1,1,1
SAW,1,21265,35218,1,1,1
SAW,1,21278,35231,1,1,1
SAW,1,21283,35236,1,1,1
SAW,1,21295,35248,1,1,1
SAW,1,21303,35256,1,1,1
SAW,1,21325,35278,1,1,1
SAW,1,21356,35309,1,1,1
SAW,1,21364,35317,1,1,1
SAW,1,21366,35319,1,1,1
SAW,1,21368,35321,1,1,1
SAW,1,21372,35325,1,1,1
SAW,1,21390,35343,1,1,1
SAW,1,21391,35344,1,1,1
SAW,1,21395,35348,1,1,1
SAW,1,21403,35356,1,1,1
SAW,1,21412,35365,1,1,1
SAW,1,21413,35366,1,1,1
SAW,1,21429,35382,1,1,1
SAW,1,21445,35398,1,1,1
SAW,1,21464,35417,1,1,1
SAW,1,21470,35423,1,1,1
SAW,1,21477,35430,1,1,1
SAW,1,21522,35475,1,1,1
SAW,1,21533,35486,1,1,1
SAW,1,21569,35522,0,0,1
SAW,1,21578,35531,0,0,1
SAW,1,21580,35533,0,0,1
SAW,1,21581,35534,0,0,1
SAW,1,21582,35535,0,1,0
SAW,1,21591,35544,0,0,1
SAW,1,21592,35545,0,0,1
SAW,1,21604,35557,0,0,1
SAW,1,21614,35567,0,0,1
SAW,1,21616,35569,0,0,1
SAW,1,21619,35572,0,0,1
SAW,1,21624,35577,0,0,1
SAW,1,21638,35591,0,0,1
SAW,1,21643,35596,0,0,1
SAW,1,21646,35599,0,0,1
SAW,1,21649,35602,0,0,1
SAW,1,21668,35621,0,0,1
SAW,1,21702,35655,0,0,1
SAW,1,21715,35668,0,0,1
SAW,1,21717,35670,0,0,1
SAW,1,21722,35675,0,1,0
SAW,1,21725,35678,0,0,1
SAW,1,21738,35691,0,0,1
SAW,1,21741,35694,0,0,1
SAW,1,21744,35697,0,0,1
SAW,1,21753,35706,0,0,1
SAW,1,21760,35713,0,0,1
SAW,1,21763,35716,0,0,1
SAW,1,21771,35724,0,0,1
SAW,1,21776,35729,0,0,1
SAW,1,21784,35737,0,0,1
SAW,1,21809,35762,0,0,1
SAW,1,21815,35768,0,0,1
SAW,1,21822,35775,0,0,1
SAW,1,21827,35780,0,0,1
SAW,1,21846,35799,0,0,1
SAW,1,21849,35802,0,0,1
SAW,1,21858,35811,0,0,1
SAW,1,21862,35815,0,0,1
SAW,1,21863,35816,0,0,1
SAW,1,21891,35844,0,0,1
SAW,1,21915,35868,0,0,1
SAW,1,21921,35874,0,0,1
SAW,1,21927,35880,0,0,1
SAW,1,21944,35897,0,0,1
SAW,1,21954,35907,0,0,1
SAW,1,21955,35908,0,0,1
SAW,1,21956,35909,0,0,1
SAW,1,21979,35932,0,1,0
SAW,1,21988,35941,0,0,1
SAW,1,22000,35953,0,0,1
SAW,1,22006,35959,0,0,1
SAW,1,22019,35972,0,0,1
SAW,1,22022,35975,0,0,1
SAW,1,22035,35988,0,0,1
SAW,1,22038,35991,0,0,1
SAW,1,22058,36011,0,0,1
SAW,1,22060,36013,0,1,0
SAW,1,22062,36015,0,0,1
SAW,1,22067,36020,0,0,1
SAW,1,22081,36034,0,0,1
SAW,1,22093,36046,0,0,1
SAW,1,22112,36065,0,0,1
SAW,1,22117,36070,0,0,1
SAW,1,22125,36078,0,0,1
SAW,1,22143,36096,0,0,1
SAW,1,22162,36115,0,0,1
SAW,1,22167,36120,0,0,1
SAW,1,22170,36123,0,0,1
SAW,1,22176,36129,0,0,1
SAW,1,22199,36152,0,0,1
SAW,1,22203,36156,0,0,1
SAW,1,22210,36163,0,0,1
SAW,1,22220,36173,0,0,1
SAW,1,22221,36174,0,0,1
SAW,1,22223,36176,0,0,1
SAW,1,22226,36179,0,0,1
SAW,1,22242,36195,0,0,1
SAW,1,22243,36196,0,0,1
SAW,1,22256,36210,0,0,1
SAW,1,22259,36213,0,0,1
SAW,1,22269,36223,0,0,1
SAW,1,22272,36226,0,0,1
SAW,1,22274,36228,0,0,1
SAW,1,22275,36229,0,0,1
SAW,1,22297,36251,0,0,1
SAW,1,22298,36252,0,0,1
SAW,1,22299,36253,0,0,1
SAW,1,22302,36256,0,0,1
SAW,1,22313,36267,0,0,1
SAW,1,22359,36313,0,0,1
SAW,1,22364,36318,0,0,1
SAW,1,22366,36320,0,0,1
SAW,1,22395,36349,0,1,0
SAW,1,22396,36350,0,1,0
SAW,1,22468,36422,0,0,1
SAW,1,22485,36439,0,0,1
SAW,1,22488,36442,0,0,1
SAW,1,22496,36450,0,1,0
SAW,1,22501,36455,0,0,1
SAW,1,22505,36459,0,0,1
SAW,1,22516,36470,0,0,1
SAW,1,22527,36481,0,0,1
SAW,1,22546,36500,0,0,1
SAW,1,22572,36526,0,1,0
SAW,1,22583,36537,0,0,1
SAW,1,22600,36554,0,0,1
SAW,1,22605,36559,0,0,1
SAW,1,22606,36560,0,0,1
SAW,1,22632,36586,0,0,1
SAW,1,22634,36588,0,0,1
SAW,1,22641,36595,0,0,1
SAW,1,22656,36610,0,0,1
SAW,1,22661,36615,0,0,1
SAW,1,22668,36622,0,0,1
SAW,1,22671,36625,0,0,1
SAW,1,22683,36637,0,0,1
SAW,1,22684,36638,0,0,1
SAW,1,22689,36643,0,0,1
SAW,1,22712,36666,0,0,1
SAW,1,22728,36682,0,0,1
SAW,1,22753,36707,0,0,1
SAW,1,22757,36711,0,0,1
SAW,1,22798,36752,0,0,1
SAW,1,22820,36774,0,0,1
SAW,1,22824,36778,0,0,1
SAW,1,22831,36785,0,0,1
SAW,1,22853,36807,0,0,1
SAW,1,22859,36813,0,0,1
SAW,1,22866,36820,0,0,1
SAW,1,22879,36833,0,0,1
SAW,1,22891,36845,0,0,1
SAW,1,22895,36849,0,0,1
SAW,1,22907,36861,0,0,1
SAW,1,22908,36862,0,0,1
SAW,1,22909,36863,0,0,1
SAW,1,22910,36864,0,0,1
SAW,1,22920,36874,0,0,1
SAW,1,22929,36883,0,0,1
SAW,1,22932,36886,0,0,1
SAW,1,22935,36889,0,0,1
SAW,1,22939,36893,0,0,1
SAW,1,22949,36903,0,0,1
SAW,1,22963,36917,0,0,1
SAW,1,22991,36945,0,0,1
SAW,1,22997,36951,0,0,1
SAW,1,23001,36955,0,0,1
SAW,1,23014,36968,0,0,1
SAW,1,23022,36976,0,0,1
SAW,1,23029,36983,0,0,1
SAW,1,23047,37001,0,0,1
SAW,1,23051,37005,0,0,1
SAW,1,23056,37010,0,0,1
SAW,1,23092,37046,0,0,1
SAW,1,23107,37061,0,0,1
SAW,1,23114,37068,0,0,1
SAW,1,23123,37077,0,0,1
SAW,1,23126,37080,0,0,1
SAW,1,23168,37122,0,0,1
SAW,1,23183,37137,0,0,1
SAW,1,23224,37178,0,0,1
SAW,1,23225,37179,0,0,1
SAW,1,23227,37181,0,0,1
SAW,1,23249,37203,0,0,1
SAW,1,23258,37212,0,1,0
SAW,1,23259,37213,0,0,1
SAW,1,23269,37223,0,0,1
SAW,1,23270,37224,0,0,1
SAW,1,23278,37232,0,0,1
SAW,1,23281,37235,0,1,0
SAW,1,23283,37237,0,0,1
SAW,1,23289,37243,0,0,1
SAW,1,23299,37253,0,0,1
SAW,1,23302,37256,0,0,1
SAW,1,23320,37274,0,0,1
SAW,1,23335,37289,0,0,1
SAW,1,23341,37295,0,0,1
SAW,1,23358,37312,0,0,1
SAW,1,23364,37318,0,0,1
SAW,1,23374,37328,0,0,1
SAW,1,23378,37332,0,0,1
SAW,1,23384,37338,0,0,1
SAW,1,23403,37357,0,0,1
SAW,1,23406,37360,0,0,1
SAW,1,23407,37361,0,0,1
SAW,1,23417,37371,0,1,0
SAW,1,23421,37375,0,1,0
SAW,1,23444,37398,0,0,1
SAW,1,23450,37404,0,0,1
SAW,1,23467,37421,0,0,1
SAW,1,23471,37425,0,0,1
SAW,1,23477,37431,0,0,1
SAW,1,23484,37438,0,0,1
SAW,1,23490,37444,0,0,1
SAW,1,23505,37459,0,0,1
SAW,1,23507,37461,0,0,1
SAW,1,23511,37465,0,0,1
SAW,1,23515,37469,0,0,1
SAW,1,23523,37477,0,0,1
SAW,1,23526,37480,0,0,1
SAW,1,23533,37487,0,0,1
SAW,1,23545,37499,0,0,1
SAW,2,19046,32999,1,1,1
SAW,2,19068,33021,1,1,1
SAW,2,19069,33022,1,1,1
SAW,2,19070,33023,1,1,1
SAW,2,19077,33030,1,1,1
SAW,2,19093,33046,1,1,1
SAW,2,19097,33050,1,1,1
SAW,2,19154,33107,1,1,1
SAW,2,19199,33152,1,1,1
SAW,2,19200,33153,1,1,1
SAW,2,19206,33159,1,1,1
SAW,2,19213,33166,1,1,1
SAW,2,19230,33183,1,1,1
SAW,2,19240,33193,1,1,1
SAW,2,19241,33194,1,1,1
SAW,2,19245,33198,1,1,1
SAW,2,19247,33200,1,1,1
SAW,2,19252,33205,1,1,1
SAW,2,19253,33206,1,1,1
SAW,2,19256,33209,1,1,1
SAW,2,19257,33210,1,1,1
SAW,2,19274,33227,1,1,1
SAW,2,19287,33240,1,1,1
SAW,2,19289,33242,1,1,1
SAW,2,19292,33245,1,1,1
SAW,2,19293,33246,1,1,1
SAW,2,19298,33251,1,1,1
SAW,2,19325,33278,1,1,1
SAW,2,19328,33281,1,1,1
SAW,2,19335,33288,1,1,1
SAW,2,19336,33289,1,1,1
SAW,2,19338,33291,1,1,1
SAW,2,19349,33302,1,1,1
SAW,2,19354,33307,1,1,1
SAW,2,19364,33317,1,1,1
SAW,2,19369,33322,1,1,1
SAW,2,19391,33344,1,1,1
SAW,2,19397,33350,1,1,1
SAW,2,19403,33356,1,1,1
SAW,2,19410,33363,1,1,1
SAW,2,19417,33370,1,1,1
SAW,2,19450,33403,1,1,1
SAW,2,19454,33407,1,1,1
SAW,2,19469,33422,1,1,1
SAW,2,19487,33440,1,1,1
SAW,2,19508,33461,1,1,1
SAW,2,19523,33476,1,1,1
SAW,2,19536,33489,1,1,1
SAW,2,19545,33498,1,1,1
SAW,2,19549,33502,1,1,1
SAW,2,19583,33536,1,1,1
SAW,2,19589,33542,1,1,1
SAW,2,19591,33544,1,1,1
SAW,2,19596,33549,1,1,1
SAW,2,19598,33551,1,1,1
SAW,2,19599,33552,1,1,1
SAW,2,19612,33565,1,1,1
SAW,2,19618,33571,1,1,1
SAW,2,19623,33576,1,1,1
SAW,2,19664,33617,1,1,1
SAW,2,19674,33627,1,0,0
SAW,2,19678,33631,1,1,1
SAW,2,19679,33632,1,1,1
SAW,2,19698,33651,1,1,1
SAW,2,19731,33684,1,1,1
SAW,2,19732,33685,1,1,1
SAW,2,19748,33701,1,1,1
SAW,2,19770,33723,1,1,1
SAW,2,19789,33742,1,0,0
SAW,2,19797,33750,1,1,1
SAW,2,19800,33753,1,1,1
SAW,2,19802,33755,1,1,1
SAW,2,19803,33756,1,1,1
SAW,2,19817,33770,1,1,1
SAW,2,19836,33789,1,1,1
SAW,2,19857,33810,1,1,1
SAW,2,19864,33817,1,1,1
SAW,2,19909,33862,1,1,1
SAW,2,19911,33864,1,1,1
SAW,2,19919,33872,1,1,1
SAW,2,19921,33874,1,1,1
SAW,2,19940,33893,1,1,1
SAW,2,19942,33895,1,1,1
SAW,2,19955,33908,1,1,1
SAW,2,19972,33925,1,1,1
SAW,2,19975,33928,1,1,1
SAW,2,19978,33931,1,1,1
SAW,2,19979,33932,1,1,1
SAW,2,19981,33934,1,0,0
SAW,2,19984,33937,1,1,1
SAW,2,20003,33956,1,1,1
SAW,2,20006,33959,1,1,1
SAW,2,20022,33975,1,1,1
SAW,2,20024,33977,1,1,1
SAW,2,20037,33990,1,1,1
SAW,2,20044,33997,1,0,0
SAW,2,20070,34023,1,1,1
SAW,2,20088,34041,1,0,0
SAW,2,20096,34049,1,1,1
SAW,2,20099,34052,1,1,1
SAW,2,20100,34053,1,1,1
SAW,2,20109,34062,1,1,1
SAW,2,20116,34069,1,1,1
SAW,2,20125,34078,1,1,1
SAW,2,20128,34081,1,1,1
SAW,2,20136,34089,1,1,1
SAW,2,20152,34105,1,1,1
SAW,2,20154,34107,1,1,1
SAW,2,20157,34110,1,0,0
SAW,2,20174,34127,1,1,1
SAW,2,20176,34129,1,1,1
SAW,2,20200,34153,1,1,1
SAW,2,20214,34167,1,1,1
SAW,2,20215,34168,1,1,1
SAW,2,20219,34172,1,0,0
SAW,2,20223,34176,1,1,1
SAW,2,20233,34186,1,1,1
SAW,2,20239,34192,1,1,1
SAW,2,20258,34211,1,1,1
SAW,2,20287,34240,1,1,1
SAW,2,20289,34242,1,1,1
SAW,2,20311,34264,1,1,1
SAW,2,20314,34267,1,1,1
SAW,2,20317,34270,1,1,1
SAW,2,20345,34298,1,1,1
SAW,2,20351,34304,1,1,1
SAW,2,20353,34306,1,0,0
SAW,2,20356,34309,1,1,1
SAW,2,20388,34341,1,1,1
SAW,2,20389,34342,1,1,1
SAW,2,20392,34345,1,1,1
SAW,2,20429,34382,1,1,1
SAW,2,20456,34409,1,1,1
SAW,2,20469,34422,1,1,1
SAW,2,20473,34426,1,1,1
SAW,2,20475,34428,1,1,1
SAW,2,20488,34441,1,1,1
SAW,2,20490,34443,1,1,1
SAW,2,20496,34449,1,1,1
SAW,2,20498,34451,1,1,1
SAW,2,20501,34454,1,1,1
SAW,2,20502,34455,1,1,1
SAW,2,20504,34457,1,1,1
SAW,2,20507,34460,1,1,1
SAW,2,20514,34467,1,1,1
SAW,2,20516,34469,1,1,1
SAW,2,20543,34496,1,1,1
SAW,2,20546,34499,1,1,1
SAW,2,20553,34506,1,1,1
SAW,2,20568,34521,1,1,1
SAW,2,20571,34524,1,1,1
SAW,2,20590,34543,1,1,1
SAW,2,20592,34545,1,1,1
SAW,2,20603,34556,1,1,1
SAW,2,20605,34558,1,1,1
SAW,2,20608,34561,1,0,0
SAW,2,20610,34563,1,1,1
SAW,2,20612,34565,1,1,1
SAW,2,20637,34590,1,1,1
SAW,2,20642,34595,1,0,0
SAW,2,20655,34608,1,1,1
SAW,2,20670,34623,1,1,1
SAW,2,20672,34625,1,1,1
SAW,2,20699,34652,1,1,1
SAW,2,20721,34674,1,1,1
SAW,2,20727,34680,1,1,1
SAW,2,20735,34688,1,0,0
SAW,2,20757,34710,1,1,1
SAW,2,20764,34717,1,1,1
SAW,2,20766,34719,1,1,1
SAW,2,20771,34724,1,1,1
SAW,2,20776,34729,1,1,1
SAW,2,20780,34733,1,1,1
SAW,2,20797,34750,1,1,1
SAW,2,20803,34756,1,1,1
SAW,2,20818,34771,1,1,1
SAW,2,20824,34777,1,1,1
SAW,2,20834,34787,1,1,1
SAW,2,20844,34797,1,1,1
SAW,2,20868,34821,1,1,1
SAW,2,20880,34833,1,1,1
SAW,2,20911,34864,1,1,1
SAW,2,20914,34867,1,1,1
SAW,2,20915,34868,1,1,1
SAW,2,20920,34873,1,1,1
SAW,2,20925,34878,1,1,1
SAW,2,20931,34884,1,0,0
SAW,2,20944,34897,1,1,1
SAW,2,20946,34899,1,1,1
SAW,2,20953,34906,1,1,1
SAW,2,20967,34920,1,1,1
SAW,2,20978,34931,1,1,1
SAW,2,20984,34937,1,1,1
SAW,2,20997,34950,1,1,1
SAW,2,21010,34963,1,1,1
SAW,2,21027,34980,1,1,1
SAW,2,21042,34995,1,1,1
SAW,2,21045,34998,1,1,1
SAW,2,21063,35016,1,1,1
SAW,2,21065,35018,1,1,1
SAW,2,21069,35022,1,1,1
SAW,2,21082,35035,1,1,1
SAW,2,21086,35039,1,0,0
SAW,2,21101,35054,1,1,1
SAW,2,21111,35064,1,1,1
SAW,2,21116,35069,1,1,1
SAW,2,21119,35072,1,1,1
SAW,2,21120,35073,1,1,1
SAW,2,21125,35078,1,1,1
SAW,2,21130,35083,1,1,1
SAW,2,21132,35085,1,1,1
SAW,2,21139,35092,1,0,0
SAW,2,21144,35097,1,1,1
SAW,2,21147,35100,1,1,1
SAW,2,21151,35104,1,1,1
SAW,2,21162,35115,1,1,1
SAW,2,21169,35122,1,1,1
SAW,2,21172,35125,1,1,1
SAW,2,21173,35126,1,1,1
SAW,2,21175,35128,1,1,1
SAW,2,21179,35132,1,1,1
SAW,2,21185,35138,1,1,1
SAW,2,21188,35141,1,1,1
SAW,2,21216,35169,1,1,1
SAW,2,21224,35177,1,1,1
SAW,2,21268,35221,1,1,1
SAW,2,21273,35226,1,1,1
SAW,2,21276,35229,1,1,1
SAW,2,21282,35235,1,0,0
SAW,2,21287,35240,1,1,1
SAW,2,21301,35254,1,1,1
SAW,2,21309,35262,1,1,1
SAW,2,21321,35274,1,1,1
SAW,2,21322,35275,1,1,1
SAW,2,21333,35286,1,1,1
SAW,2,21335,35288,1,1,1
SAW,2,21360,35313,1,1,1
SAW,2,21422,35375,1,1,1
SAW,2,21437,35390,1,1,1
SAW,2,21439,35392,1,1,1
SAW,2,21448,35401,1,1,1
SAW,2,21452,35405,1,1,1
SAW,2,21467,35420,1,0,0
SAW,2,21485,35438,1,1,1
SAW,2,21486,35439,1,1,1
SAW,2,21495,35448,1,1,1
SAW,2,21500,35453,1,1,1
SAW,2,21508,35461,1,1,1
SAW,2,21517,35470,1,1,1
SAW,2,21524,35477,1,1,1
SAW,2,21565,35518,0,0,1
SAW,2,21593,35546,0,0,1
SAW,2,21597,35550,0,0,1
SAW,2,21598,35551,0,0,1
SAW,2,21602,35555,0,0,1
SAW,2,21618,35571,0,0,1
SAW,2,21625,35578,0,0,1
SAW,2,21653,35606,0,0,1
SAW,2,21662,35615,0,0,1
SAW,2,21666,35619,0,0,1
SAW,2,21669,35622,0,0,1
SAW,2,21707,35660,0,0,1
SAW,2,21718,35671,0,0,1
SAW,2,21757,35710,0,0,1
SAW,2,21786,35739,0,0,1
SAW,2,21796,35749,0,0,1
SAW,2,21799,35752,0,0,1
SAW,2,21803,35756,0,0,1
SAW,2,21812,35765,0,0,1
SAW,2,21820,35773,0,0,1
SAW,2,21826,35779,0,0,1
SAW,2,21845,35798,0,0,1
SAW,2,21877,35830,0,0,1
SAW,2,21895,35848,0,0,1
SAW,2,21903,35856,0,1,0
SAW,2,21925,35878,0,0,1
SAW,2,21940,35893,0,0,1
SAW,2,21963,35916,0,1,0
SAW,2,21965,35918,0,0,1
SAW,2,21972,35925,0,0,1
SAW,2,21992,35945,0,0,1
SAW,2,21995,35948,0,0,1
SAW,2,22020,35973,0,0,1
SAW,2,22026,35979,0,0,1
SAW,2,22029,35982,0,0,1
SAW,2,22030,35983,0,0,1
SAW,2,22034,35987,0,0,1
SAW,2,22057,36010,0,0,1
SAW,2,22063,36016,0,0,1
SAW,2,22070,36023,0,0,1
SAW,2,22099,36052,0,0,1
SAW,2,22103,36056,0,0,1
SAW,2,22113,36066,0,0,1
SAW,2,22123,36076,0,0,1
SAW,2,22128,36081,0,0,1
SAW,2,22173,36126,0,0,1
SAW,2,22174,36127,0,0,1
SAW,2,22175,36128,0,0,1
SAW,2,22179,36132,0,0,1
SAW,2,22185,36138,0,0,1
SAW,2,22196,36149,0,0,1
SAW,2,22202,36155,0,0,1
SAW,2,22207,36160,0,0,1
SAW,2,22211,36164,0,1,0
SAW,2,22214,36167,0,0,1
SAW,2,22233,36186,0,0,1
SAW,2,22245,36198,0,0,1
SAW,2,22250,36204,0,0,1
SAW,2,22266,36220,0,0,1
SAW,2,22285,36239,0,0,1
SAW,2,22292,36246,0,0,1
SAW,2,22301,36255,0,0,1
SAW,2,22303,36257,0,0,1
SAW,2,22307,36261,0,0,1
SAW,2,22315,36269,0,0,1
SAW,2,22324,36278,0,0,1
SAW,2,22335,36289,0,0,1
SAW,2,22340,36294,0,0,1
SAW,2,22351,36305,0,0,1
SAW,2,22357,36311,0,0,1
SAW,2,22367,36321,0,0,1
SAW,2,22375,36329,0,0,1
SAW,2,22385,36339,0,0,1
SAW,2,22386,36340,0,0,1
SAW,2,22399,36353,0,0,1
SAW,2,22403,36357,0,0,1
SAW,2,22451,36405,0,0,1
SAW,2,22495,36449,0,0,1
SAW,2,22498,36452,0,0,1
SAW,2,22500,36454,0,0,1
SAW,2,22504,36458,0,0,1
SAW,2,22514,36468,0,0,1
SAW,2,22518,36472,0,0,1
SAW,2,22521,36475,0,0,1
SAW,2,22524,36478,0,0,1
SAW,2,22538,36492,0,0,1
SAW,2,22543,36497,0,1,0
SAW,2,22554,36508,0,0,1
SAW,2,22555,36509,0,0,1
SAW,2,22575,36529,0,1,0
SAW,2,22576,36530,0,0,1
SAW,2,22585,36539,0,0,1
SAW,2,22594,36548,0,0,1
SAW,2,22595,36549,0,0,1
SAW,2,22614,36568,0,0,1
SAW,2,22628,36582,0,0,1
SAW,2,22649,36603,0,0,1
SAW,2,22650,36604,0,0,1
SAW,2,22663,36617,0,0,1
SAW,2,22666,36620,0,0,1
SAW,2,22672,36626,0,0,1
SAW,2,22686,36640,0,0,1
SAW,2,22687,36641,0,0,1
SAW,2,22690,36644,0,0,1
SAW,2,22699,36653,0,0,1
SAW,2,22707,36661,0,0,1
SAW,2,22710,36664,0,0,1
SAW,2,22714,36668,0,0,1
SAW,2,22730,36684,0,0,1
SAW,2,22739,36693,0,0,1
SAW,2,22751,36705,0,0,1
SAW,2,22762,36716,0,0,1
SAW,2,22793,36747,0,0,1
SAW,2,22796,36750,0,0,1
SAW,2,22801,36755,0,0,1
SAW,2,22802,36756,0,0,1
SAW,2,22806,36760,0,0,1
SAW,2,22832,36786,0,0,1
SAW,2,22835,36789,0,0,1
SAW,2,22836,36790,0,0,1
SAW,2,22840,36794,0,0,1
SAW,2,22861,36815,0,0,1
SAW,2,22865,36819,0,0,1
SAW,2,22890,36844,0,0,1
SAW,2,22901,36855,0,0,1
SAW,2,22915,36869,0,1,0
SAW,2,22933,36887,0,0,1
SAW,2,22936,36890,0,0,1
SAW,2,22940,36894,0,0,1
SAW,2,22948,36902,0,0,1
SAW,2,22952,36906,0,1,0
SAW,2,22959,36913,0,0,1
SAW,2,22969,36923,0,0,1
SAW,2,22970,36924,0,0,1
SAW,2,22977,36931,0,0,1
SAW,2,22982,36936,0,0,1
SAW,2,23012,36966,0,0,1
SAW,2,23018,36972,0,0,1
SAW,2,23026,36980,0,0,1
SAW,2,23043,36997,0,0,1
SAW,2,23065,37019,0,0,1
SAW,2,23068,37022,0,0,1
SAW,2,23072,37026,0,0,1
SAW,2,23073,37027,0,0,1
SAW,2,23078,37032,0,0,1
SAW,2,23082,37036,0,0,1
SAW,2,23085,37039,0,0,1
SAW,2,23093,37047,0,0,1
SAW,2,23119,37073,0,0,1
SAW,2,23134,37088,0,0,1
SAW,2,23139,37093,0,0,1
SAW,2,23147,37101,0,0,1
SAW,2,23154,37108,0,0,1
SAW,2,23162,37116,0,0,1
SAW,2,23167,37121,0,0,1
SAW,2,23173,37127,0,0,1
SAW,2,23174,37128,0,0,1
SAW,2,23187,37141,0,0,1
SAW,2,23188,37142,0,0,1
SAW,2,23194,37148,0,0,1
SAW,2,23203,37157,0,0,1
SAW,2,23204,37158,0,0,1
SAW,2,23205,37159,0,0,1
SAW,2,23209,37163,0,0,1
SAW,2,23231,37185,0,0,1
SAW,2,23237,37191,0,0,1
SAW,2,23245,37199,0,0,1
SAW,2,23246,37200,0,0,1
SAW,2,23247,37201,0,0,1
SAW,2,23250,37204,0,0,1
SAW,2,23292,37246,0,0,1
SAW,2,23304,37258,0,0,1
SAW,2,23311,37265,0,0,1
SAW,2,23312,37266,0,0,1
SAW,2,23328,37282,0,0,1
SAW,2,23330,37284,0,0,1
SAW,2,23336,37290,0,0,1
SAW,2,23345,37299,0,0,1
SAW,2,23356,37310,0,0,1
SAW,2,23367,37321,0,0,1
SAW,2,23371,37325,0,0,1
SAW,2,23377,37331,0,0,1
SAW,2,23385,37339,0,0,1
SAW,2,23396,37350,0,0,1
SAW,2,23409,37363,0,0,1
SAW,2,23414,37368,0,0,1
SAW,2,23416,37370,0,0,1
SAW,2,23424,37378,0,0,1
SAW,2,23426,37380,0,0,1
SAW,2,23432,37386,0,0,1
SAW,2,23434,37388,0,0,1
SAW,2,23437,37391,0,0,1
SAW,2,23446,37400,0,0,1
SAW,2,23449,37403,0,0,1
SAW,2,23463,37417,0,0,1
SAW,2,23485,37439,0,0,1
SAW,2,23512,37466,0,0,1
SAW,2,23519,37473,0,0,1
SAW,2,23529,37483,0,0,1
SAW,2,23537,37491,0,0,1
SAW,2,23548,37502,0,0,1
SAW,2,23555,37509,0,1,0
SAW,3,19044,32997,1,1,1
SAW,3,19057,33010,1,1,1
SAW,3,19072,33025,1,1,1
SAW,3,19076,33029,1,1,1
SAW,3,19102,33055,1,1,1
SAW,3,19104,33057,1,1,1
SAW,3,19115,33068,1,1,1
SAW,3,19127,33080,1,1,1
SAW,3,19136,33089,1,1,1
SAW,3,19138,33091,1,1,1
SAW,3,19151,33104,1,1,1
SAW,3,19165,33118,1,1,1
SAW,3,19177,33130,1,1,1
SAW,3,19178,33131,1,1,1
SAW,3,19186,33139,1,1,1
SAW,3,19194,33147,1,1,1
SAW,3,19198,33151,1,1,1
SAW,3,19204,33157,1,1,1
SAW,3,19215,33168,1,1,1
SAW,3,19221,33174,1,1,1
SAW,3,19224,33177,1,1,1
SAW,3,19225,33178,1,1,1
SAW,3,19229,33182,1,1,1
SAW,3,19231,33184,1,1,1
SAW,3,19255,33208,1,1,1
SAW,3,19265,33218,1,0,0
SAW,3,19286,33239,1,1,1
SAW,3,19291,33244,1,1,1
SAW,3,19295,33248,1,1,1
SAW,3,19305,33258,1,1,1
SAW,3,19316,33269,1,1,1
SAW,3,19317,33270,1,1,1
SAW,3,19358,33311,1,1,1
SAW,3,19359,33312,1,1,1
SAW,3,19363,33316,1,1,1
SAW,3,19379,33332,1,1,1
SAW,3,19393,33346,1,1,1
SAW,3,19401,33354,1,1,1
SAW,3,19430,33383,1,1,1
SAW,3,19436,33389,1,1,1
SAW,3,19438,33391,1,1,1
SAW,3,19441,33394,1,1,1
SAW,3,19472,33425,1,1,1
SAW,3,19475,33428,1,1,1
SAW,3,19491,33444,1,1,1
SAW,3,19501,33454,1,1,1
SAW,3,19502,33455,1,1,1
SAW,3,19503,33456,1,1,1
SAW,3,19526,33479,1,1,1
SAW,3,19541,33494,1,1,1
SAW,3,19543,33496,1,1,1
SAW,3,19565,33518,1,1,1
SAW,3,19572,33525,1,1,1
SAW,3,19574,33527,1,1,1
SAW,3,19593,33546,1,1,1
SAW,3,19611,33564,1,1,1
SAW,3,19622,33575,1,1,1
SAW,3,19634,33587,1,1,1
SAW,3,19641,33594,1,1,1
SAW,3,19645,33598,1,1,1
SAW,3,19648,33601,1,1,1
SAW,3,19665,33618,1,1,1
SAW,3,19683,33636,1,1,1
SAW,3,19685,33638,1,1,1
SAW,3,19686,33639,1,1,1
SAW,3,19689,33642,1,1,1
SAW,3,19694,33647,1,1,1
SAW,3,19733,33686,1,1,1
SAW,3,19739,33692,1,1,1
SAW,3,19749,33702,1,1,1
SAW,3,19750,33703,1,1,1
SAW,3,19761,33714,1,1,1
SAW,3,19762,33715,1,1,1
SAW,3,19764,33717,1,1,1
SAW,3,19776,33729,1,1,1
SAW,3,19780,33733,1,1,1
SAW,3,19782,33735,1,1,1
SAW,3,19788,33741,1,1,1
SAW,3,19790,33743,1,1,1
SAW,3,19813,33766,1,1,1
SAW,3,19829,33782,1,1,1
SAW,3,19834,33787,1,1,1
SAW,3,19835,33788,1,0,0
SAW,3,19867,33820,1,1,1
SAW,3,19873,33826,1,1,1
SAW,3,19888,33841,1,1,1
SAW,3,19897,33850,1,1,1
SAW,3,19912,33865,1,1,1
SAW,3,19918,33871,1,1,1
SAW,3,19947,33900,1,1,1
SAW,3,19965,33918,1,1,1
SAW,3,19974,33927,1,1,1
SAW,3,19976,33929,1,1,1
SAW,3,19990,33943,1,1,1
SAW,3,20014,33967,1,1,1
SAW,3,20034,33987,1,1,1
SAW,3,20060,34013,1,1,1
SAW,3,20094,34047,1,1,1
SAW,3,20104,34057,1,1,1
SAW,3,20117,34070,1,1,1
SAW,3,20130,34083,1,1,1
SAW,3,20131,34084,1,1,1
SAW,3,20143,34096,1,1,1
SAW,3,20171,34124,1,1,1
SAW,3,20195,34148,1,0,0
SAW,3,20196,34149,1,1,1
SAW,3,20210,34163,1,1,1
SAW,3,20213,34166,1,1,1
SAW,3,20225,34178,1,1,1
SAW,3,20230,34183,1,1,1
SAW,3,20238,34191,1,1,1
SAW,3,20251,34204,1,1,1
SAW,3,20256,34209,1,1,1
SAW,3,20271,34224,1,1,1
SAW,3,20275,34228,1,1,1
SAW,3,20303,34256,1,1,1
SAW,3,20307,34260,1,1,1
SAW,3,20319,34272,1,1,1
SAW,3,20340,34293,1,1,1
SAW,3,20360,34313,1,0,0
SAW,3,20370,34323,1,1,1
SAW,3,20375,34328,1,1,1
SAW,3,20394,34347,1,1,1
SAW,3,20399,34352,1,1,1
SAW,3,20406,34359,1,1,1
SAW,3,20422,34375,1,1,1
SAW,3,20432,34385,1,1,1
SAW,3,20433,34386,1,1,1
SAW,3,20436,34389,1,1,1
SAW,3,20443,34396,1,0,0
SAW,3,20446,34399,1,0,0
SAW,3,20449,34402,1,1,1
SAW,3,20477,34430,1,1,1
SAW,3,20483,34436,1,1,1
SAW,3,20485,34438,1,1,1
SAW,3,20491,34444,1,1,1
SAW,3,20506,34459,1,1,1
SAW,3,20509,34462,1,1,1
SAW,3,20511,34464,1,1,1
SAW,3,20518,34471,1,1,1
SAW,3,20531,34484,1,1,1
SAW,3,20533,34486,1,1,1
SAW,3,20548,34501,1,1,1
SAW,3,20557,34510,1,1,1
SAW,3,20566,34519,1,1,1
SAW,3,20584,34537,1,1,1
SAW,3,20587,34540,1,1,1
SAW,3,20597,34550,1,1,1
SAW,3,20598,34551,1,1,1
SAW,3,20618,34571,1,0,0
SAW,3,20629,34582,1,0,0
SAW,3,20660,34613,1,1,1
SAW,3,20675,34628,1,1,1
SAW,3,20687,34640,1,1,1
SAW,3,20690,34643,1,1,1
SAW,3,20691,34644,1,1,1
SAW,3,20692,34645,1,1,1
SAW,3,20697,34650,1,1,1
SAW,3,20700,34653,1,1,1
SAW,3,20744,34697,1,0,0
SAW,3,20752,34705,1,1,1
SAW,3,20769,34722,1,1,1
SAW,3,20774,34727,1,1,1
SAW,3,20778,34731,1,1,1
SAW,3,20793,34746,1,1,1
SAW,3,20804,34757,1,0,0
SAW,3,20808,34761,1,1,1
SAW,3,20810,34763,1,1,1
SAW,3,20811,34764,1,1,1
SAW,3,20819,34772,1,1,1
SAW,3,20837,34790,1,1,1
SAW,3,20841,34794,1,1,1
SAW,3,20859,34812,1,1,1
SAW,3,20865,34818,1,0,0
SAW,3,20870,34823,1,1,1
SAW,3,20871,34824,1,1,1
SAW,3,20889,34842,1,1,1
SAW,3,20894,34847,1,1,1
SAW,3,20902,34855,1,1,1
SAW,3,20907,34860,1,1,1
SAW,3,20908,34861,1,1,1
SAW,3,20916,34869,1,1,1
SAW,3,20937,34890,1,1,1
SAW,3,20955,34908,1,1,1
SAW,3,20966,34919,1,1,1
SAW,3,20972,34925,1,1,1
SAW,3,20990,34943,1,1,1
SAW,3,21006,34959,1,1,1
SAW,3,21012,34965,1,1,1
SAW,3,21014,34967,1,1,1
SAW,3,21015,34968,1,1,1
SAW,3,21021,34974,1,1,1
SAW,3,21037,34990,1,1,1
SAW,3,21061,35014,1,1,1
SAW,3,21064,35017,1,1,1
SAW,3,21071,35024,1,1,1
SAW,3,21074,35027,1,1,1
SAW,3,21089,35042,1,1,1
SAW,3,21093,35046,1,1,1
SAW,3,21094,35047,1,1,1
SAW,3,21102,35055,1,1,1
SAW,3,21114,35067,1,1,1
SAW,3,21118,35071,1,1,1
SAW,3,21127,35080,1,1,1
SAW,3,21145,35098,1,1,1
SAW,3,21150,35103,1,1,1
SAW,3,21154,35107,1,1,1
SAW,3,21163,35116,1,0,0
SAW,3,21174,35127,1,1,1
SAW,3,21182,35135,1,1,1
SAW,3,21191,35144,1,1,1
SAW,3,21192,35145,1,1,1
SAW,3,21194,35147,1,1,1
SAW,3,21204,35157,1,1,1
SAW,3,21206,35159,1,1,1
SAW,3,21210,35163,1,1,1
SAW,3,21215,35168,1,1,1
SAW,3,21218,35171,1,1,1
SAW,3,21226,35179,1,1,1
SAW,3,21229,35182,1,1,1
SAW,3,21232,35185,1,1,1
SAW,3,21233,35186,1,1,1
SAW,3,21246,35199,1,1,1
SAW,3,21255,35208,1,1,1
SAW,3,21270,35223,1,1,1
SAW,3,21272,35225,1,1,1
SAW,3,21292,35245,1,0,0
SAW,3,21294,35247,1,1,1
SAW,3,21310,35263,1,1,1
SAW,3,21332,35285,1,1,1
SAW,3,21339,35292,1,1,1
SAW,3,21341,35294,1,1,1
SAW,3,21347,35300,1,1,1
SAW,3,21363,35316,1,1,1
SAW,3,21373,35326,1,1,1
SAW,3,21375,35328,1,1,1
SAW,3,21379,35332,1,0,0
SAW,3,21381,35334,1,1,1
SAW,3,21384,35337,1,1,1
SAW,3,21397,35350,1,1,1
SAW,3,21410,35363,1,1,1
SAW,3,21425,35378,1,1,1
SAW,3,21426,35379,1,1,1
SAW,3,21434,35387,1,1,1
SAW,3,21458,35411,1,1,1
SAW,3,21465,35418,1,1,1
SAW,3,21496,35449,1,1,1
SAW,3,21520,35473,1,1,1
SAW,3,21527,35480,1,1,1
SAW,3,21535,35488,1,0,0
SAW,3,21540,35493,0,0,1
SAW,3,21553,35506,0,0,1
SAW,3,21558,35511,0,0,1
SAW,3,21559,35512,0,0,1
SAW,3,21571,35524,0,0,1
SAW,3,21576,35529,0,0,1
SAW,3,21577,35530,0,0,1
SAW,3,21590,35543,0,1,0
SAW,3,21607,35560,0,0,1
SAW,3,21610,35563,0,0,1
SAW,3,21621,35574,0,0,1
SAW,3,21629,35582,0,0,1
SAW,3,21630,35583,0,0,1
SAW,3,21632,35585,0,0,1
SAW,3,21641,35594,0,0,1
SAW,3,21642,35595,0,0,1
SAW,3,21689,35642,0,0,1
SAW,3,21697,35650,0,0,1
SAW,3,21700,35653,0,1,0
SAW,3,21711,35664,0,0,1
SAW,3,21713,35666,0,0,1
SAW,3,21716,35669,0,0,1
SAW,3,21720,35673,0,0,1
SAW,3,21732,35685,0,0,1
SAW,3,21733,35686,0,0,1
SAW,3,21739,35692,0,0,1
SAW,3,21743,35696,0,0,1
SAW,3,21745,35698,0,0,1
SAW,3,21747,35700,0,0,1
SAW,3,21752,35705,0,0,1
SAW,3,21756,35709,0,0,1
SAW,3,21758,35711,0,0,1
SAW,3,21780,35733,0,0,1
SAW,3,21793,35746,0,0,1
SAW,3,21807,35760,0,0,1
SAW,3,21810,35763,0,0,1
SAW,3,21813,35766,0,0,1
SAW,3,21829,35782,0,0,1
SAW,3,21831,35784,0,0,1
SAW,3,21852,35805,0,0,1
SAW,3,21856,35809,0,0,1
SAW,3,21860,35813,0,0,1
SAW,3,21872,35825,0,0,1
SAW,3,21886,35839,0,0,1
SAW,3,21907,35860,0,0,1
SAW,3,21916,35869,0,0,1
SAW,3,21920,35873,0,0,1
SAW,3,21922,35875,0,0,1
SAW,3,21931,35884,0,0,1
SAW,3,21933,35886,0,0,1
SAW,3,21953,35906,0,0,1
SAW,3,21958,35911,0,0,1
SAW,3,21981,35934,0,0,1
SAW,3,21989,35942,0,0,1
SAW,3,22011,35964,0,1,0
SAW,3,22015,35968,0,0,1
SAW,3,22024,35977,0,0,1
SAW,3,22027,35980,0,0,1
SAW,3,22032,35985,0,0,1
SAW,3,22047,36000,0,0,1
SAW,3,22049,36002,0,0,1
SAW,3,22056,36009,0,1,0
SAW,3,22061,36014,0,0,1
SAW,3,22065,36018,0,0,1
SAW,3,22066,36019,0,0,1
SAW,3,22071,36024,0,0,1
SAW,3,22074,36027,0,0,1
SAW,3,22084,36037,0,1,0
SAW,3,22088,36041,0,0,1
SAW,3,22097,36050,0,1,0
SAW,3,22101,36054,0,0,1
SAW,3,22106,36059,0,0,1
SAW,3,22108,36061,0,0,1
SAW,3,22115,36068,0,0,1
SAW,3,22139,36092,0,0,1
SAW,3,22146,36099,0,0,1
SAW,3,22147,36100,0,0,1
SAW,3,22155,36108,0,0,1
SAW,3,22171,36124,0,0,1
SAW,3,22178,36131,0,0,1
SAW,3,22180,36133,0,0,1
SAW,3,22181,36134,0,0,1
SAW,3,22194,36147,0,0,1
SAW,3,22200,36153,0,0,1
SAW,3,22209,36162,0,0,1
SAW,3,22228,36181,0,0,1
SAW,3,22246,36199,0,0,1
SAW,3,22273,36227,0,0,1
SAW,3,22283,36237,0,0,1
SAW,3,22304,36258,0,0,1
SAW,3,22306,36260,0,1,0
SAW,3,22310,36264,0,0,1
SAW,3,22341,36295,0,0,1
SAW,3,22349,36303,0,0,1
SAW,3,22356,36310,0,0,1
SAW,3,22362,36316,0,1,0
SAW,3,22383,36337,0,0,1
SAW,3,22384,36338,0,0,1
SAW,3,22390,36344,0,0,1
SAW,3,22397,36351,0,0,1
SAW,3,22424,36378,0,0,1
SAW,3,22428,36382,0,0,1
SAW,3,22441,36395,0,0,1
SAW,3,22452,36406,0,0,1
SAW,3,22454,36408,0,0,1
SAW,3,22472,36426,0,0,1
SAW,3,22478,36432,0,0,1
SAW,3,22480,36434,0,0,1
SAW,3,22481,36435,0,0,1
SAW,3,22492,36446,0,0,1
SAW,3,22512,36466,0,0,1
SAW,3,22519,36473,0,0,1
SAW,3,22522,36476,0,0,1
SAW,3,22533,36487,0,0,1
SAW,3,22536,36490,0,0,1
SAW,3,22558,36512,0,0,1
SAW,3,22561,36515,0,0,1
SAW,3,22566,36520,0,0,1
SAW,3,22588,36542,0,0,1
SAW,3,22597,36551,0,0,1
SAW,3,22603,36557,0,0,1
SAW,3,22607,36561,0,0,1
SAW,3,22608,36562,0,1,0
SAW,3,22611,36565,0,0,1
SAW,3,22622,36576,0,0,1
SAW,3,22638,36592,0,0,1
SAW,3,22645,36599,0,0,1
SAW,3,22651,36605,0,0,1
SAW,3,22658,36612,0,0,1
SAW,3,22664,36618,0,0,1
SAW,3,22697,36651,0,0,1
SAW,3,22703,36657,0,0,1
SAW,3,22734,36688,0,0,1
SAW,3,22742,36696,0,0,1
SAW,3,22744,36698,0,0,1
SAW,3,22760,36714,0,0,1
SAW,3,22780,36734,0,0,1
SAW,3,22800,36754,0,0,1
SAW,3,22809,36763,0,0,1
SAW,3,22829,36783,0,0,1
SAW,3,22839,36793,0,0,1
SAW,3,22847,36801,0,0,1
SAW,3,22854,36808,0,0,1
SAW,3,22860,36814,0,0,1
SAW,3,22881,36835,0,0,1
SAW,3,22892,36846,0,0,1
SAW,3,22893,36847,0,0,1
SAW,3,22902,36856,0,0,1
SAW,3,22904,36858,0,0,1
SAW,3,22918,36872,0,0,1
SAW,3,22938,36892,0,0,1
SAW,3,22960,36914,0,0,1
SAW,3,22962,36916,0,0,1
SAW,3,22965,36919,0,0,1
SAW,3,22968,36922,0,0,1
SAW,3,22981,36935,0,0,1
SAW,3,22994,36948,0,0,1
SAW,3,22998,36952,0,0,1
SAW,3,22999,36953,0,0,1
SAW,3,23003,36957,0,0,1
SAW,3,23006,36960,0,0,1
SAW,3,23007,36961,0,0,1
SAW,3,23011,36965,0,0,1
SAW,3,23025,36979,0,0,1
SAW,3,23032,36986,0,0,1
SAW,3,23039,36993,0,0,1
SAW,3,23052,37006,0,0,1
SAW,3,23060,37014,0,0,1
SAW,3,23071,37025,0,0,1
SAW,3,23083,37037,0,0,1
SAW,3,23109,37063,0,0,1
SAW,3,23111,37065,0,0,1
SAW,3,23128,37082,0,0,1
SAW,3,23133,37087,0,0,1
SAW,3,23146,37100,0,0,1
SAW,3,23156,37110,0,0,1
SAW,3,23163,37117,0,0,1
SAW,3,23166,37120,0,0,1
SAW,3,23190,37144,0,1,0
SAW,3,23200,37154,0,0,1
SAW,3,23228,37182,0,0,1
SAW,3,23244,37198,0,0,1
SAW,3,23272,37226,0,0,1
SAW,3,23290,37244,0,0,1
SAW,3,23325,37279,0,0,1
SAW,3,23339,37293,0,0,1
SAW,3,23342,37296,0,0,1
SAW,3,23348,37302,0,0,1
SAW,3,23382,37336,0,0,1
SAW,3,23393,37347,0,0,1
SAW,3,23395,37349,0,0,1
SAW,3,23397,37351,0,0,1
SAW,3,23419,37373,0,0,1
SAW,3,23423,37377,0,0,1
SAW,3,23429,37383,0,0,1
SAW,3,23439,37393,0,1,0
SAW,3,23442,37396,0,0,1
SAW,3,23448,37402,0,0,1
SAW,3,23503,37457,0,0,1
SAW,3,23514,37468,0,0,1
SAW,3,23530,37484,0,0,1
SAW,3,23550,37504,0,0,1
SAW,4,19047,33000,1,1,1
SAW,4,19048,33001,1,1,1
SAW,4,19054,33007,1,1,1
SAW,4,19061,33014,1,1,1
SAW,4,19066,33019,1,1,1
SAW,4,19067,33020,1,1,1
SAW,4,19082,33035,1,1,1
SAW,4,19083,33036,1,1,1
SAW,4,19094,33047,1,1,1
SAW,4,19105,33058,1,1,1
SAW,4,19107,33060,1,1,1
SAW,4,19145,33098,1,1,1
SAW,4,19146,33099,1,1,1
SAW,4,19147,33100,1,1,1
SAW,4,19155,33108,1,1,1
SAW,4,19157,33110,1,1,1
SAW,4,19170,33123,1,1,1
SAW,4,19172,33125,1,1,1
SAW,4,19191,33144,1,1,1
SAW,4,19192,33145,1,1,1
SAW,4,19217,33170,1,1,1
SAW,4,19219,33172,1,1,1
SAW,4,19248,33201,1,1,1
SAW,4,19272,33225,1,1,1
SAW,4,19280,33233,1,1,1
SAW,4,19311,33264,1,1,1
SAW,4,19312,33265,1,1,1
SAW,4,19326,33279,1,1,1
SAW,4,19327,33280,1,1,1
SAW,4,19339,33292,1,1,1
SAW,4,19345,33298,1,1,1
SAW,4,19356,33309,1,1,1
SAW,4,19371,33324,1,1,1
SAW,4,19384,33337,1,1,1
SAW,4,19409,33362,1,1,1
SAW,4,19422,33375,1,1,1
SAW,4,19431,33384,1,1,1
SAW,4,19435,33388,1,1,1
SAW,4,19462,33415,1,1,1
SAW,4,19468,33421,1,1,1
SAW,4,19485,33438,1,1,1
SAW,4,19510,33463,1,1,1
SAW,4,19516,33469,1,1,1
SAW,4,19517,33470,1,0,0
SAW,4,19519,33472,1,1,1
SAW,4,19521,33474,1,1,1
SAW,4,19534,33487,1,1,1
SAW,4,19551,33504,1,1,1
SAW,4,19552,33505,1,1,1
SAW,4,19570,33523,1,1,1
SAW,4,19576,33529,1,1,1
SAW,4,19578,33531,1,1,1
SAW,4,19582,33535,1,1,1
SAW,4,19584,33537,1,1,1
SAW,4,19595,33548,1,1,1
SAW,4,19604,33557,1,1,1
SAW,4,19610,33563,1,1,1
SAW,4,19627,33580,1,1,1
SAW,4,19631,33584,1,1,1
SAW,4,19643,33596,1,1,1
SAW,4,19651,33604,1,1,1
SAW,4,19670,33623,1,1,1
SAW,4,19672,33625,1,1,1
SAW,4,19725,33678,1,1,1
SAW,4,19730,33683,1,1,1
SAW,4,19766,33719,1,1,1
SAW,4,19767,33720,1,1,1
SAW,4,19795,33748,1,1,1
SAW,4,19810,33763,1,1,1
SAW,4,19811,33764,1,1,1
SAW,4,19812,33765,1,1,1
SAW,4,19816,33769,1,1,1
SAW,4,19833,33786,1,1,1
SAW,4,19846,33799,1,1,1
SAW,4,19860,33813,1,1,1
SAW,4,19866,33819,1,1,1
SAW,4,19870,33823,1,1,1
SAW,4,19880,33833,1,1,1
SAW,4,19892,33845,1,1,1
SAW,4,19896,33849,1,1,1
SAW,4,19898,33851,1,1,1
SAW,4,19913,33866,1,1,1
SAW,4,19914,33867,1,1,1
SAW,4,19920,33873,1,1,1
SAW,4,19931,33884,1,1,1
SAW,4,19935,33888,1,1,1
SAW,4,19943,33896,1,1,1
SAW,4,19957,33910,1,1,1
SAW,4,19967,33920,1,1,1
SAW,4,19969,33922,1,1,1
SAW,4,19970,33923,1,1,1
SAW,4,19973,33926,1,1,1
SAW,4,19983,33936,1,1,1
SAW,4,19992,33945,1,1,1
SAW,4,19994,33947,1,1,1
SAW,4,19998,33951,1,1,1
SAW,4,19999,33952,1,1,1
SAW,4,20009,33962,1,1,1
SAW,4,20010,33963,1,1,1
SAW,4,20011,33964,1,1,1
SAW,4,20021,33974,1,1,1
SAW,4,20036,33989,1,1,1
SAW,4,20042,33995,1,1,1
SAW,4,20045,33998,1,1,1
SAW,4,20049,34002,1,1,1
SAW,4,20050,34003,1,1,1
SAW,4,20056,34009,1,1,1
SAW,4,20058,34011,1,1,1
SAW,4,20059,34012,1,1,1
SAW,4,20066,34019,1,1,1
SAW,4,20069,34022,1,1,1
SAW,4,20095,34048,1,1,1
SAW,4,20123,34076,1,1,1
SAW,4,20188,34141,1,1,1
SAW,4,20197,34150,1,1,1
SAW,4,20198,34151,1,1,1
SAW,4,20207,34160,1,1,1
SAW,4,20212,34165,1,1,1
SAW,4,20224,34177,1,1,1
SAW,4,20226,34179,1,1,1
SAW,4,20234,34187,1,1,1
SAW,4,20236,34189,1,1,1
SAW,4,20241,34194,1,1,1
SAW,4,20260,34213,1,1,1
SAW,4,20262,34215,1,1,1
SAW,4,20269,34222,1,1,1
SAW,4,20270,34223,1,1,1
SAW,4,20277,34230,1,1,1
SAW,4,20278,34231,1,1,1
SAW,4,20281,34234,1,1,1
SAW,4,20297,34250,1,1,1
SAW,4,20321,34274,1,1,1
SAW,4,20325,34278,1,1,1
SAW,4,20341,34294,1,1,1
SAW,4,20346,34299,1,1,1
SAW,4,20357,34310,1,1,1
SAW,4,20366,34319,1,1,1
SAW,4,20373,34326,1,1,1
SAW,4,20384,34337,1,0,0
SAW,4,20393,34346,1,1,1
SAW,4,20415,34368,1,1,1
SAW,4,20424,34377,1,0,0
SAW,4,20426,34379,1,1,1
SAW,4,20427,34380,1,1,1
SAW,4,20431,34384,1,1,1
SAW,4,20442,34395,1,1,1
SAW,4,20454,34407,1,1,1
SAW,4,20468,34421,1,1,1
SAW,4,20482,34435,1,1,1
SAW,4,20487,34440,1,1,1
SAW,4,20493,34446,1,1,1
SAW,4,20526,34479,1,1,1
SAW,4,20529,34482,1,1,1
SAW,4,20530,34483,1,1,1
SAW,4,20539,34492,1,1,1
SAW,4,20540,34493,1,1,1
SAW,4,20545,34498,1,1,1
SAW,4,20550,34503,1,1,1
SAW,4,20562,34515,1,1,1
SAW,4,20577,34530,1,1,1
SAW,4,20580,34533,1,1,1
SAW,4,20586,34539,1,1,1
SAW,4,20591,34544,1,1,1
SAW,4,20616,34569,1,1,1
SAW,4,20626,34579,1,1,1
SAW,4,20632,34585,1,1,1
SAW,4,20644,34597,1,1,1
SAW,4,20654,34607,1,1,1
SAW,4,20662,34615,1,1,1
SAW,4,20696,34649,1,1,1
SAW,4,20703,34656,1,1,1
SAW,4,20709,34662,1,1,1
SAW,4,20718,34671,1,1,1
SAW,4,20726,34679,1,1,1
SAW,4,20736,34689,1,0,0
SAW,4,20742,34695,1,1,1
SAW,4,20765,34718,1,1,1
SAW,4,20770,34723,1,1,1
SAW,4,20790,34743,1,1,1
SAW,4,20802,34755,1,1,1
SAW,4,20809,34762,1,1,1
SAW,4,20827,34780,1,1,1
SAW,4,20831,34784,1,1,1
SAW,4,20833,34786,1,0,0
SAW,4,20835,34788,1,0,0
SAW,4,20847,34800,1,1,1
SAW,4,20864,34817,1,1,1
SAW,4,20873,34826,1,1,1
SAW,4,20882,34835,1,1,1
SAW,4,20897,34850,1,1,1
SAW,4,20905,34858,1,1,1
SAW,4,20906,34859,1,1,1
SAW,4,20909,34862,1,1,1
SAW,4,20913,34866,1,1,1
SAW,4,20930,34883,1,1,1
SAW,4,20938,34891,1,1,1
SAW,4,20942,34895,1,1,1
SAW,4,20992,34945,1,1,1
SAW,4,21007,34960,1,1,1
SAW,4,21019,34972,1,1,1
SAW,4,21033,34986,1,1,1
SAW,4,21056,35009,1,1,1
SAW,4,21057,35010,1,0,0
SAW,4,21073,35026,1,1,1
SAW,4,21078,35031,1,1,1
SAW,4,21087,35040,1,1,1
SAW,4,21099,35052,1,1,1
SAW,4,21104,35057,1,1,1
SAW,4,21113,35066,1,1,1
SAW,4,21126,35079,1,1,1
SAW,4,21133,35086,1,1,1
SAW,4,21138,35091,1,0,0
SAW,4,21142,35095,1,1,1
SAW,4,21152,35105,1,1,1
SAW,4,21166,35119,1,1,1
SAW,4,21168,35121,1,1,1
SAW,4,21183,35136,1,1,1
SAW,4,21201,35154,1,1,1
SAW,4,21202,35155,1,1,1
SAW,4,21212,35165,1,1,1
SAW,4,21213,35166,1,1,1
SAW,4,21223,35176,1,1,1
SAW,4,21228,35181,1,1,1
SAW,4,21237,35190,1,0,0
SAW,4,21244,35197,1,1,1
SAW,4,21252,35205,1,1,1
SAW,4,21296,35249,1,1,1
SAW,4,21328,35281,1,1,1
SAW,4,21329,35282,1,1,1
SAW,4,21343,35296,1,1,1
SAW,4,21369,35322,1,1,1
SAW,4,21394,35347,1,1,1
SAW,4,21405,35358,1,1,1
SAW,4,21411,35364,1,1,1
SAW,4,21416,35369,1,1,1
SAW,4,21418,35371,1,1,1
SAW,4,21424,35377,1,1,1
SAW,4,21433,35386,1,1,1
SAW,4,21440,35393,1,1,1
SAW,4,21457,35410,1,1,1
SAW,4,21463,35416,1,1,1
SAW,4,21468,35421,1,1,1
SAW,4,21492,35445,1,1,1
SAW,4,21501,35454,1,1,1
SAW,4,21502,35455,1,1,1
SAW,4,21503,35456,1,1,1
SAW,4,21525,35478,1,1,1
SAW,4,21529,35482,1,1,1
SAW,4,21532,35485,1,1,1
SAW,4,21539,35492,1,1,1
SAW,4,21556,35509,0,0,1
SAW,4,21596,35549,0,0,1
SAW,4,21605,35558,0,0,1
SAW,4,21617,35570,0,0,1
SAW,4,21631,35584,0,0,1
SAW,4,21636,35589,0,0,1
SAW,4,21656,35609,0,0,1
SAW,4,21658,35611,0,0,1
SAW,4,21678,35631,0,0,1
SAW,4,21687,35640,0,0,1
SAW,4,21693,35646,0,1,0
SAW,4,21729,35682,0,0,1
SAW,4,21731,35684,0,1,0
SAW,4,21735,35688,0,0,1
SAW,4,21736,35689,0,0,1
SAW,4,21742,35695,0,0,1
SAW,4,21764,35717,0,0,1
SAW,4,21765,35718,0,0,1
SAW,4,21767,35720,0,1,0
SAW,4,21768,35721,0,0,1
SAW,4,21804,35757,0,0,1
SAW,4,21833,35786,0,0,1
SAW,4,21835,35788,0,0,1
SAW,4,21840,35793,0,1,0
SAW,4,21842,35795,0,1,0
SAW,4,21865,35818,0,1,0
SAW,4,21899,35852,0,0,1
SAW,4,21904,35857,0,0,1
SAW,4,21905,35858,0,0,1
SAW,4,21906,35859,0,0,1
SAW,4,21924,35877,0,0,1
SAW,4,21929,35882,0,0,1
SAW,4,21952,35905,0,0,1
SAW,4,21961,35914,0,0,1
SAW,4,21970,35923,0,0,1
SAW,4,21983,35936,0,0,1
SAW,4,21994,35947,0,0,1
SAW,4,22001,35954,0,0,1
SAW,4,22003,35956,0,0,1
SAW,4,22014,35967,0,0,1
SAW,4,22040,35993,0,0,1
SAW,4,22055,36008,0,0,1
SAW,4,22059,36012,0,1,0
SAW,4,22073,36026,0,0,1
SAW,4,22078,36031,0,0,1
SAW,4,22086,36039,0,1,0
SAW,4,22087,36040,0,0,1
SAW,4,22090,36043,0,0,1
SAW,4,22091,36044,0,0,1
SAW,4,22100,36053,0,0,1
SAW,4,22109,36062,0,0,1
SAW,4,22129,36082,0,0,1
SAW,4,22130,36083,0,0,1
SAW,4,22134,36087,0,0,1
SAW,4,22137,36090,0,0,1
SAW,4,22151,36104,0,0,1
SAW,4,22158,36111,0,0,1
SAW,4,22213,36166,0,0,1
SAW,4,22237,36190,0,0,1
SAW,4,22248,36201,0,0,1
SAW,4,22252,36206,0,0,1
SAW,4,22267,36221,0,0,1
SAW,4,22277,36231,0,0,1
SAW,4,22329,36283,0,0,1
SAW,4,22331,36285,0,0,1
SAW,4,22354,36308,0,0,1
SAW,4,22355,36309,0,0,1
SAW,4,22363,36317,0,0,1
SAW,4,22370,36324,0,0,1
SAW,4,22381,36335,0,0,1
SAW,4,22392,36346,0,0,1
SAW,4,22401,36355,0,0,1
SAW,4,22404,36358,0,0,1
SAW,4,22407,36361,0,0,1
SAW,4,22409,36363,0,0,1
SAW,4,22410,36364,0,0,1
SAW,4,22420,36374,0,0,1
SAW,4,22429,36383,0,0,1
SAW,4,22432,36386,0,0,1
SAW,4,22435,36389,0,0,1
SAW,4,22443,36397,0,0,1
SAW,4,22446,36400,0,0,1
SAW,4,22447,36401,0,1,0
SAW,4,22448,36402,0,0,1
SAW,4,22456,36410,0,0,1
SAW,4,22470,36424,0,0,1
SAW,4,22471,36425,0,0,1
SAW,4,22493,36447,0,0,1
SAW,4,22515,36469,0,0,1
SAW,4,22520,36474,0,0,1
SAW,4,22530,36484,0,0,1
SAW,4,22534,36488,0,0,1
SAW,4,22539,36493,0,0,1
SAW,4,22548,36502,0,0,1
SAW,4,22549,36503,0,0,1
SAW,4,22552,36506,0,0,1
SAW,4,22560,36514,0,0,1
SAW,4,22574,36528,0,0,1
SAW,4,22580,36534,0,0,1
SAW,4,22598,36552,0,0,1
SAW,4,22599,36553,0,0,1
SAW,4,22602,36556,0,0,1
SAW,4,22610,36564,0,0,1
SAW,4,22617,36571,0,0,1
SAW,4,22644,36598,0,0,1
SAW,4,22646,36600,0,0,1
SAW,4,22659,36613,0,0,1
SAW,4,22675,36629,0,0,1
SAW,4,22676,36630,0,0,1
SAW,4,22682,36636,0,0,1
SAW,4,22705,36659,0,0,1
SAW,4,22713,36667,0,0,1
SAW,4,22720,36674,0,0,1
SAW,4,22724,36678,0,0,1
SAW,4,22727,36681,0,0,1
SAW,4,22746,36700,0,0,1
SAW,4,22770,36724,0,0,1
SAW,4,22772,36726,0,0,1
SAW,4,22784,36738,0,0,1
SAW,4,22786,36740,0,0,1
SAW,4,22821,36775,0,0,1
SAW,4,22825,36779,0,0,1
SAW,4,22828,36782,0,0,1
SAW,4,22830,36784,0,0,1
SAW,4,22845,36799,0,0,1
SAW,4,22848,36802,0,0,1
SAW,4,22850,36804,0,0,1
SAW,4,22858,36812,0,0,1
SAW,4,22876,36830,0,0,1
SAW,4,22878,36832,0,0,1
SAW,4,22897,36851,0,0,1
SAW,4,22916,36870,0,0,1
SAW,4,22922,36876,0,0,1
SAW,4,22937,36891,0,0,1
SAW,4,22950,36904,0,0,1
SAW,4,22953,36907,0,0,1
SAW,4,22956,36910,0,0,1
SAW,4,22957,36911,0,0,1
SAW,4,22966,36920,0,0,1
SAW,4,22975,36929,0,0,1
SAW,4,22988,36942,0,0,1
SAW,4,22995,36949,0,0,1
SAW,4,23008,36962,0,0,1
SAW,4,23009,36963,0,0,1
SAW,4,23010,36964,0,0,1
SAW,4,23020,36974,0,1,0
SAW,4,23021,36975,0,0,1
SAW,4,23028,36982,0,0,1
SAW,4,23037,36991,0,0,1
SAW,4,23044,36998,0,0,1
SAW,4,23045,36999,0,0,1
SAW,4,23089,37043,0,0,1
SAW,4,23090,37044,0,1,0
SAW,4,23103,37057,0,0,1
SAW,4,23118,37072,0,0,1
SAW,4,23124,37078,0,0,1
SAW,4,23140,37094,0,0,1
SAW,4,23141,37095,0,0,1
SAW,4,23150,37104,0,0,1
SAW,4,23152,37106,0,0,1
SAW,4,23164,37118,0,0,1
SAW,4,23165,37119,0,0,1
SAW,4,23172,37126,0,1,0
SAW,4,23186,37140,0,0,1
SAW,4,23189,37143,0,0,1
SAW,4,23195,37149,0,0,1
SAW,4,23226,37180,0,0,1
SAW,4,23230,37184,0,0,1
SAW,4,23233,37187,0,0,1
SAW,4,23238,37192,0,0,1
SAW,4,23248,37202,0,0,1
SAW,4,23251,37205,0,0,1
SAW,4,23261,37215,0,0,1
SAW,4,23263,37217,0,0,1
SAW,4,23267,37221,0,0,1
SAW,4,23282,37236,0,0,1
SAW,4,23313,37267,0,0,1
SAW,4,23315,37269,0,0,1
SAW,4,23338,37292,0,0,1
SAW,4,23343,37297,0,0,1
SAW,4,23354,37308,0,0,1
SAW,4,23365,37319,0,0,1
SAW,4,23392,37346,0,0,1
SAW,4,23394,37348,0,0,1
SAW,4,23412,37366,0,0,1
SAW,4,23431,37385,0,0,1
SAW,4,23433,37387,0,0,1
SAW,4,23435,37389,0,0,1
SAW,4,23440,37394,0,0,1
SAW,4,23445,37399,0,0,1
SAW,4,23457,37411,0,0,1
SAW,4,23464,37418,0,0,1
SAW,4,23466,37420,0,0,1
SAW,4,23478,37432,0,0,1
SAW,4,23480,37434,0,0,1
SAW,4,23494,37448,0,0,1
SAW,4,23500,37454,0,0,1
SAW,4,23509,37463,0,1,0
SAW,4,23517,37471,0,0,1
SAW,4,23520,37474,0,0,1
SAW,4,23525,37479,0,0,1
SAW,4,23540,37494,0,0,1
SAW,5,19060,33013,1,1,1
SAW,5,19092,33045,1,0,0
SAW,5,19098,33051,1,1,1
SAW,5,19125,33078,1,1,1
SAW,5,19134,33087,1,1,1
SAW,5,19161,33114,1,1,1
SAW,5,19174,33127,1,1,1
SAW,5,19187,33140,1,1,1
SAW,5,19188,33141,1,1,1
SAW,5,19189,33142,1,1,1
SAW,5,19196,33149,1,1,1
SAW,5,19202,33155,1,1,1
SAW,5,19207,33160,1,1,1
SAW,5,19212,33165,1,1,1
SAW,5,19214,33167,1,1,1
SAW,5,19222,33175,1,1,1
SAW,5,19234,33187,1,1,1
SAW,5,19251,33204,1,1,1
SAW,5,19264,33217,1,1,1
SAW,5,19267,33220,1,1,1
SAW,5,19294,33247,1,1,1
SAW,5,19308,33261,1,1,1
SAW,5,19313,33266,1,1,1
SAW,5,19323,33276,1,1,1
SAW,5,19331,33284,1,1,1
SAW,5,19340,33293,1,1,1
SAW,5,19341,33294,1,1,1
SAW,5,19350,33303,1,1,1
SAW,5,19377,33330,1,1,1
SAW,5,19386,33339,1,1,1
SAW,5,19392,33345,1,1,1
SAW,5,19428,33381,1,1,1
SAW,5,19445,33398,1,1,1
SAW,5,19447,33400,1,1,1
SAW,5,19449,33402,1,1,1
SAW,5,19473,33426,1,1,1
SAW,5,19476,33429,1,1,1
SAW,5,19477,33430,1,1,1
SAW,5,19484,33437,1,1,1
SAW,5,19493,33446,1,1,1
SAW,5,19496,33449,1,1,1
SAW,5,19498,33451,1,1,1
SAW,5,19509,33462,1,1,1
SAW,5,19514,33467,1,1,1
SAW,5,19528,33481,1,1,1
SAW,5,19535,33488,1,1,1
SAW,5,19537,33490,1,1,1
SAW,5,19544,33497,1,1,1
SAW,5,19550,33503,1,1,1
SAW,5,19553,33506,1,1,1
SAW,5,19605,33558,1,1,1
SAW,5,19617,33570,1,1,1
SAW,5,19619,33572,1,1,1
SAW,5,19626,33579,1,1,1
SAW,5,19630,33583,1,1,1
SAW,5,19636,33589,1,1,1
SAW,5,19642,33595,1,1,1
SAW,5,19650,33603,1,1,1
SAW,5,19688,33641,1,1,1
SAW,5,19711,33664,1,1,1
SAW,5,19726,33679,1,1,1
SAW,5,19728,33681,1,1,1
SAW,5,19737,33690,1,1,1
SAW,5,19738,33691,1,1,1
SAW,5,19751,33704,1,1,1
SAW,5,19760,33713,1,1,1
SAW,5,19765,33718,1,1,1
SAW,5,19769,33722,1,1,1
SAW,5,19772,33725,1,1,1
SAW,5,19775,33728,1,1,1
SAW,5,19781,33734,1,1,1
SAW,5,19784,33737,1,1,1
SAW,5,19785,33738,1,1,1
SAW,5,19786,33739,1,1,1
SAW,5,19796,33749,1,1,1
SAW,5,19799,33752,1,1,1
SAW,5,19824,33777,1,1,1
SAW,5,19831,33784,1,1,1
SAW,5,19851,33804,1,1,1
SAW,5,19852,33805,1,1,1
SAW,5,19855,33808,1,1,1
SAW,5,19858,33811,1,1,1
SAW,5,19859,33812,1,1,1
SAW,5,19868,33821,1,1,1
SAW,5,19872,33825,1,1,1
SAW,5,19875,33828,1,1,1
SAW,5,19900,33853,1,1,1
SAW,5,19901,33854,1,1,1
SAW,5,19902,33855,1,1,1
SAW,5,19903,33856,1,1,1
SAW,5,19910,33863,1,1,1
SAW,5,19915,33868,1,1,1
SAW,5,19929,33882,1,1,1
SAW,5,19944,33897,1,1,1
SAW,5,19948,33901,1,1,1
SAW,5,19950,33903,1,1,1
SAW,5,19964,33917,1,1,1
SAW,5,19977,33930,1,0,0
SAW,5,20012,33965,1,1,1
SAW,5,20016,33969,1,1,1
SAW,5,20017,33970,1,1,1
SAW,5,20020,33973,1,1,1
SAW,5,20052,34005,1,1,1
SAW,5,20055,34008,1,1,1
SAW,5,20061,34014,1,1,1
SAW,5,20063,34016,1,1,1
SAW,5,20067,34020,1,1,1
SAW,5,20075,34028,1,1,1
SAW,5,20076,34029,1,1,1
SAW,5,20077,34030,1,1,1
SAW,5,20080,34033,1,1,1
SAW,5,20084,34037,1,1,1
SAW,5,20085,34038,1,1,1
SAW,5,20089,34042,1,1,1
SAW,5,20105,34058,1,1,1
SAW,5,20114,34067,1,1,1
SAW,5,20142,34095,1,1,1
SAW,5,20145,34098,1,1,1
SAW,5,20149,34102,1,1,1
SAW,5,20151,34104,1,1,1
SAW,5,20161,34114,1,1,1
SAW,5,20191,34144,1,1,1
SAW,5,20201,34154,1,1,1
SAW,5,20252,34205,1,1,1
SAW,5,20265,34218,1,1,1
SAW,5,20268,34221,1,1,1
SAW,5,20279,34232,1,1,1
SAW,5,20298,34251,1,1,1
SAW,5,20300,34253,1,1,1
SAW,5,20306,34259,1,1,1
SAW,5,20309,34262,1,1,1
SAW,5,20318,34271,1,1,1
SAW,5,20331,34284,1,1,1
SAW,5,20337,34290,1,1,1
SAW,5,20339,34292,1,1,1
SAW,5,20349,34302,1,1,1
SAW,5,20355,34308,1,1,1
SAW,5,20368,34321,1,1,1
SAW,5,20377,34330,1,1,1
SAW,5,20378,34331,1,1,1
SAW,5,20382,34335,1,1,1
SAW,5,20385,34338,1,1,1
SAW,5,20390,34343,1,1,1
SAW,5,20395,34348,1,1,1
SAW,5,20402,34355,1,1,1
SAW,5,20409,34362,1,1,1
SAW,5,20416,34369,1,0,0
SAW,5,20420,34373,1,1,1
SAW,5,20423,34376,1,1,1
SAW,5,20428,34381,1,1,1
SAW,5,20437,34390,1,1,1
SAW,5,20459,34412,1,1,1
SAW,5,20460,34413,1,1,1
SAW,5,20500,34453,1,1,1
SAW,5,20527,34480,1,1,1
SAW,5,20551,34504,1,1,1
SAW,5,20552,34505,1,1,1
SAW,5,20579,34532,1,1,1
SAW,5,20611,34564,1,1,1
SAW,5,20617,34570,1,1,1
SAW,5,20619,34572,1,1,1
SAW,5,20624,34577,1,1,1
SAW,5,20639,34592,1,1,1
SAW,5,20640,34593,1,1,1
SAW,5,20645,34598,1,1,1
SAW,5,20652,34605,1,1,1
SAW,5,20677,34630,1,1,1
SAW,5,20688,34641,1,1,1
SAW,5,20704,34657,1,1,1
SAW,5,20714,34667,1,1,1
SAW,5,20715,34668,1,0,0
SAW,5,20723,34676,1,1,1
SAW,5,20781,34734,1,1,1
SAW,5,20782,34735,1,1,1
SAW,5,20786,34739,1,1,1
SAW,5,20789,34742,1,1,1
SAW,5,20799,34752,1,1,1
SAW,5,20816,34769,1,1,1
SAW,5,20820,34773,1,1,1
SAW,5,20830,34783,1,1,1
SAW,5,20839,34792,1,1,1
SAW,5,20842,34795,1,1,1
SAW,5,20856,34809,1,1,1
SAW,5,20869,34822,1,1,1
SAW,5,20874,34827,1,1,1
SAW,5,20876,34829,1,1,1
SAW,5,20892,34845,1,1,1
SAW,5,20917,34870,1,1,1
SAW,5,20933,34886,1,1,1
SAW,5,20939,34892,1,1,1
SAW,5,20941,34894,1,1,1
SAW,5,20945,34898,1,1,1
SAW,5,20954,34907,1,1,1
SAW,5,20961,34914,1,1,1
SAW,5,20974,34927,1,1,1
SAW,5,20985,34938,1,1,1
SAW,5,20989,34942,1,1,1
SAW,5,21005,34958,1,1,1
SAW,5,21011,34964,1,1,1
SAW,5,21013,34966,1,1,1
SAW,5,21025,34978,1,1,1
SAW,5,21026,34979,1,1,1
SAW,5,21031,34984,1,1,1
SAW,5,21039,34992,1,0,0
SAW,5,21047,35000,1,1,1
SAW,5,21049,35002,1,1,1
SAW,5,21084,35037,1,1,1
SAW,5,21110,35063,1,1,1
SAW,5,21131,35084,1,1,1
SAW,5,21149,35102,1,1,1
SAW,5,21165,35118,1,1,1
SAW,5,21167,35120,1,1,1
SAW,5,21178,35131,1,1,1
SAW,5,21186,35139,1,1,1
SAW,5,21207,35160,1,1,1
SAW,5,21211,35164,1,1,1
SAW,5,21217,35170,1,1,1
SAW,5,21227,35180,1,1,1
SAW,5,21236,35189,1,1,1
SAW,5,21238,35191,1,1,1
SAW,5,21240,35193,1,1,1
SAW,5,21241,35194,1,1,1
SAW,5,21260,35213,1,1,1
SAW,5,21269,35222,1,1,1
SAW,5,21281,35234,1,1,1
SAW,5,21288,35241,1,1,1
SAW,5,21293,35246,1,1,1
SAW,5,21298,35251,1,1,1
SAW,5,21305,35258,1,1,1
SAW,5,21313,35266,1,1,1
SAW,5,21315,35268,1,1,1
SAW,5,21316,35269,1,1,1
SAW,5,21331,35284,1,1,1
SAW,5,21337,35290,1,1,1
SAW,5,21342,35295,1,0,0
SAW,5,21346,35299,1,1,1
SAW,5,21359,35312,1,1,1
SAW,5,21378,35331,1,1,1
SAW,5,21383,35336,1,1,1
SAW,5,21385,35338,1,1,1
SAW,5,21387,35340,1,1,1
SAW,5,21396,35349,1,1,1
SAW,5,21401,35354,1,1,1
SAW,5,21407,35360,1,1,1
SAW,5,21435,35388,1,1,1
SAW,5,21455,35408,1,1,1
SAW,5,21474,35427,1,1,1
SAW,5,21475,35428,1,1,1
SAW,5,21490,35443,1,1,1
SAW,5,21494,35447,1,1,1
SAW,5,21545,35498,0,0,1
SAW,5,21548,35501,0,0,1
SAW,5,21554,35507,0,0,1
SAW,5,21555,35508,0,0,1
SAW,5,21570,35523,0,0,1
SAW,5,21572,35525,0,0,1
SAW,5,21573,35526,0,0,1
SAW,5,21575,35528,0,0,1
SAW,5,21606,35559,0,0,1
SAW,5,21615,35568,0,0,1
SAW,5,21628,35581,0,0,1
SAW,5,21639,35592,0,0,1
SAW,5,21640,35593,0,0,1
SAW,5,21659,35612,0,0,1
SAW,5,21660,35613,0,0,1
SAW,5,21664,35617,0,0,1
SAW,5,21672,35625,0,0,1
SAW,5,21696,35649,0,0,1
SAW,5,21701,35654,0,0,1
SAW,5,21710,35663,0,0,1
SAW,5,21724,35677,0,0,1
SAW,5,21726,35679,0,0,1
SAW,5,21728,35681,0,0,1
SAW,5,21749,35702,0,0,1
SAW,5,21770,35723,0,0,1
SAW,5,21774,35727,0,0,1
SAW,5,21775,35728,0,0,1
SAW,5,21777,35730,0,0,1
SAW,5,21781,35734,0,0,1
SAW,5,21791,35744,0,0,1
SAW,5,21797,35750,0,0,1
SAW,5,21801,35754,0,0,1
SAW,5,21816,35769,0,0,1
SAW,5,21839,35792,0,0,1
SAW,5,21841,35794,0,0,1
SAW,5,21861,35814,0,0,1
SAW,5,21879,35832,0,0,1
SAW,5,21889,35842,0,0,1
SAW,5,21897,35850,0,0,1
SAW,5,21910,35863,0,0,1
SAW,5,21932,35885,0,0,1
SAW,5,21941,35894,0,0,1
SAW,5,21966,35919,0,0,1
SAW,5,21974,35927,0,0,1
SAW,5,22004,35957,0,0,1
SAW,5,22021,35974,0,0,1
SAW,5,22033,35986,0,0,1
SAW,5,22043,35996,0,0,1
SAW,5,22050,36003,0,0,1
SAW,5,22053,36006,0,0,1
SAW,5,22075,36028,0,0,1
SAW,5,22095,36048,0,0,1
SAW,5,22104,36057,0,0,1
SAW,5,22105,36058,0,0,1
SAW,5,22116,36069,0,0,1
SAW,5,22127,36080,0,0,1
SAW,5,22133,36086,0,0,1
SAW,5,22153,36106,0,0,1
SAW,5,22154,36107,0,0,1
SAW,5,22163,36116,0,0,1
SAW,5,22164,36117,0,0,1
SAW,5,22168,36121,0,0,1
SAW,5,22182,36135,0,0,1
SAW,5,22190,36143,0,0,1
SAW,5,22215,36168,0,0,1
SAW,5,22279,36233,0,0,1
SAW,5,22305,36259,0,0,1
SAW,5,22312,36266,0,0,1
SAW,5,22316,36270,0,0,1
SAW,5,22317,36271,0,1,0
SAW,5,22320,36274,0,1,0
SAW,5,22325,36279,0,0,1
SAW,5,22327,36281,0,0,1
SAW,5,22337,36291,0,0,1
SAW,5,22343,36297,0,0,1
SAW,5,22347,36301,0,0,1
SAW,5,22348,36302,0,1,0
SAW,5,22350,36304,0,0,1
SAW,5,22365,36319,0,1,0
SAW,5,22369,36323,0,0,1
SAW,5,22378,36332,0,0,1
SAW,5,22379,36333,0,0,1
SAW,5,22402,36356,0,0,1
SAW,5,22408,36362,0,0,1
SAW,5,22411,36365,0,0,1
SAW,5,22414,36368,0,0,1
SAW,5,22427,36381,0,0,1
SAW,5,22430,36384,0,0,1
SAW,5,22436,36390,0,0,1
SAW,5,22437,36391,0,0,1
SAW,5,22444,36398,0,0,1
SAW,5,22449,36403,0,0,1
SAW,5,22467,36421,0,1,0
SAW,5,22473,36427,0,1,0
SAW,5,22474,36428,0,0,1
SAW,5,22482,36436,0,0,1
SAW,5,22486,36440,0,0,1
SAW,5,22489,36443,0,0,1
SAW,5,22494,36448,0,0,1
SAW,5,22532,36486,0,0,1
SAW,5,22537,36491,0,0,1
SAW,5,22550,36504,0,0,1
SAW,5,22570,36524,0,0,1
SAW,5,22571,36525,0,0,1
SAW,5,22587,36541,0,0,1
SAW,5,22589,36543,0,0,1
SAW,5,22596,36550,0,0,1
SAW,5,22609,36563,0,0,1
SAW,5,22621,36575,0,0,1
SAW,5,22623,36577,0,0,1
SAW,5,22626,36580,0,0,1
SAW,5,22629,36583,0,0,1
SAW,5,22648,36602,0,0,1
SAW,5,22652,36606,0,0,1
SAW,5,22660,36614,0,0,1
SAW,5,22670,36624,0,0,1
SAW,5,22680,36634,0,0,1
SAW,5,22691,36645,0,0,1
SAW,5,22716,36670,0,0,1
SAW,5,22721,36675,0,0,1
SAW,5,22729,36683,0,1,0
SAW,5,22737,36691,0,0,1
SAW,5,22741,36695,0,0,1
SAW,5,22748,36702,0,0,1
SAW,5,22763,36717,0,0,1
SAW,5,22785,36739,0,0,1
SAW,5,22788,36742,0,0,1
SAW,5,22789,36743,0,0,1
SAW,5,22814,36768,0,0,1
SAW,5,22818,36772,0,1,0
SAW,5,22841,36795,0,0,1
SAW,5,22842,36796,0,0,1
SAW,5,22871,36825,0,0,1
SAW,5,22873,36827,0,0,1
SAW,5,22874,36828,0,0,1
SAW,5,22875,36829,0,0,1
SAW,5,22877,36831,0,0,1
SAW,5,22880,36834,0,0,1
SAW,5,22886,36840,0,0,1
SAW,5,22888,36842,0,0,1
SAW,5,22913,36867,0,1,0
SAW,5,22928,36882,0,0,1
SAW,5,22942,36896,0,0,1
SAW,5,22954,36908,0,0,1
SAW,5,22958,36912,0,1,0
SAW,5,22971,36925,0,0,1
SAW,5,22986,36940,0,0,1
SAW,5,22996,36950,0,0,1
SAW,5,23019,36973,0,0,1
SAW,5,23049,37003,0,0,1
SAW,5,23058,37012,0,0,1
SAW,5,23061,37015,0,0,1
SAW,5,23064,37018,0,0,1
SAW,5,23074,37028,0,0,1
SAW,5,23081,37035,0,0,1
SAW,5,23084,37038,0,0,1
SAW,5,23086,37040,0,0,1
SAW,5,23101,37055,0,0,1
SAW,5,23110,37064,0,0,1
SAW,5,23112,37066,0,0,1
SAW,5,23135,37089,0,0,1
SAW,5,23138,37092,0,0,1
SAW,5,23157,37111,0,0,1
SAW,5,23160,37114,0,1,0
SAW,5,23170,37124,0,0,1
SAW,5,23176,37130,0,0,1
SAW,5,23177,37131,0,0,1
SAW,5,23179,37133,0,0,1
SAW,5,23182,37136,0,0,1
SAW,5,23184,37138,0,0,1
SAW,5,23191,37145,0,1,0
SAW,5,23193,37147,0,0,1
SAW,5,23201,37155,0,0,1
SAW,5,23216,37170,0,0,1
SAW,5,23221,37175,0,0,1
SAW,5,23234,37188,0,0,1
SAW,5,23239,37193,0,0,1
SAW,5,23243,37197,0,0,1
SAW,5,23266,37220,0,0,1
SAW,5,23287,37241,0,0,1
SAW,5,23300,37254,0,0,1
SAW,5,23301,37255,0,0,1
SAW,5,23308,37262,0,0,1
SAW,5,23318,37272,0,1,0
SAW,5,23332,37286,0,1,0
SAW,5,23344,37298,0,0,1
SAW,5,23380,37334,0,0,1
SAW,5,23389,37343,0,0,1
SAW,5,23390,37344,0,0,1
SAW,5,23400,37354,0,0,1
SAW,5,23410,37364,0,0,1
SAW,5,23415,37369,0,0,1
SAW,5,23441,37395,0,0,1
SAW,5,23470,37424,0,0,1
SAW,5,23472,37426,0,0,1
SAW,5,23487,37441,0,0,1
SAW,5,23488,37442,0,0,1
SAW,5,23489,37443,0,0,1
SAW,5,23522,37476,0,0,1
SAW,5,23547,37501,0,0,1
SAW,5,23549,37503,0,0,1
SAW,5,23552,37506,0,0,1
SAW,6,19045,32998,1,1,1
SAW,6,19050,33003,1,1,1
SAW,6,19111,33064,1,1,1
SAW,6,19121,33074,1,1,1
SAW,6,19129,33082,1,1,1
SAW,6,19139,33092,1,1,1
SAW,6,19143,33096,1,1,1
SAW,6,19148,33101,1,1,1
SAW,6,19149,33102,1,1,1
SAW,6,19153,33106,1,1,1
SAW,6,19156,33109,1,1,1
SAW,6,19168,33121,1,1,1
SAW,6,19190,33143,1,1,1
SAW,6,19232,33185,1,1,1
SAW,6,19237,33190,1,1,1
SAW,6,19238,33191,1,1,1
SAW,6,19250,33203,1,1,1
SAW,6,19262,33215,1,1,1
SAW,6,19302,33255,1,1,1
SAW,6,19315,33268,1,0,0
SAW,6,19322,33275,1,1,1
SAW,6,19330,33283,1,1,1
SAW,6,19346,33299,1,1,1
SAW,6,19353,33306,1,1,1
SAW,6,19357,33310,1,1,1
SAW,6,19365,33318,1,1,1
SAW,6,19366,33319,1,1,1
SAW,6,19372,33325,1,1,1
SAW,6,19373,33326,1,1,1
SAW,6,19376,33329,1,1,1
SAW,6,19387,33340,1,1,1
SAW,6,19388,33341,1,1,1
SAW,6,19402,33355,1,1,1
SAW,6,19406,33359,1,1,1
SAW,6,19416,33369,1,1,1
SAW,6,19419,33372,1,1,1
SAW,6,19424,33377,1,1,1
SAW,6,19425,33378,1,1,1
SAW,6,19460,33413,1,1,1
SAW,6,19466,33419,1,0,0
SAW,6,19470,33423,1,1,1
SAW,6,19478,33431,1,1,1
SAW,6,19492,33445,1,1,1
SAW,6,19520,33473,1,1,1
SAW,6,19524,33477,1,1,1
SAW,6,19540,33493,1,1,1
SAW,6,19547,33500,1,1,1
SAW,6,19560,33513,1,1,1
SAW,6,19573,33526,1,1,1
SAW,6,19580,33533,1,1,1
SAW,6,19600,33553,1,1,1
SAW,6,19602,33555,1,0,0
SAW,6,19603,33556,1,1,1
SAW,6,19613,33566,1,1,1
SAW,6,19625,33578,1,1,1
SAW,6,19633,33586,1,1,1
SAW,6,19640,33593,1,1,1
SAW,6,19652,33605,1,1,1
SAW,6,19654,33607,1,1,1
SAW,6,19655,33608,1,1,1
SAW,6,19667,33620,1,1,1
SAW,6,19681,33634,1,1,1
SAW,6,19691,33644,1,1,1
SAW,6,19696,33649,1,1,1
SAW,6,19700,33653,1,1,1
SAW,6,19703,33656,1,1,1
SAW,6,19708,33661,1,1,1
SAW,6,19714,33667,1,1,1
SAW,6,19715,33668,1,1,1
SAW,6,19716,33669,1,1,1
SAW,6,19717,33670,1,1,1
SAW,6,19719,33672,1,1,1
SAW,6,19724,33677,1,1,1
SAW,6,19753,33706,1,1,1
SAW,6,19792,33745,1,1,1
SAW,6,19793,33746,1,1,1
SAW,6,19798,33751,1,1,1
SAW,6,19821,33774,1,1,1
SAW,6,19830,33783,1,1,1
SAW,6,19839,33792,1,1,1
SAW,6,19840,33793,1,1,1
SAW,6,19881,33834,1,1,1
SAW,6,19889,33842,1,1,1
SAW,6,19890,33843,1,1,1
SAW,6,19893,33846,1,1,1
SAW,6,19904,33857,1,1,1
SAW,6,19906,33859,1,0,0
SAW,6,19926,33879,1,1,1
SAW,6,19960,33913,1,1,1
SAW,6,19966,33919,1,1,1
SAW,6,19980,33933,1,1,1
SAW,6,19995,33948,1,1,1
SAW,6,20005,33958,1,1,1
SAW,6,20015,33968,1,1,1
SAW,6,20027,33980,1,1,1
SAW,6,20035,33988,1,1,1
SAW,6,20051,34004,1,1,1
SAW,6,20062,34015,1,1,1
SAW,6,20072,34025,1,1,1
SAW,6,20087,34040,1,1,1
SAW,6,20093,34046,1,1,1
SAW,6,20108,34061,1,1,1
SAW,6,20115,34068,1,1,1
SAW,6,20132,34085,1,1,1
SAW,6,20137,34090,1,1,1
SAW,6,20138,34091,1,1,1
SAW,6,20147,34100,1,1,1
SAW,6,20177,34130,1,1,1
SAW,6,20181,34134,1,1,1
SAW,6,20186,34139,1,1,1
SAW,6,20190,34143,1,1,1
SAW,6,20192,34145,1,1,1
SAW,6,20205,34158,1,1,1
SAW,6,20208,34161,1,1,1
SAW,6,20218,34171,1,1,1
SAW,6,20220,34173,1,1,1
SAW,6,20231,34184,1,1,1
SAW,6,20235,34188,1,1,1
SAW,6,20237,34190,1,1,1
SAW,6,20246,34199,1,1,1
SAW,6,20253,34206,1,1,1
SAW,6,20255,34208,1,1,1
SAW,6,20272,34225,1,1,1
SAW,6,20273,34226,1,1,1
SAW,6,20280,34233,1,1,1
SAW,6,20283,34236,1,1,1
SAW,6,20285,34238,1,1,1
SAW,6,20290,34243,1,1,1
SAW,6,20292,34245,1,1,1
SAW,6,20296,34249,1,1,1
SAW,6,20316,34269,1,1,1
SAW,6,20322,34275,1,1,1
SAW,6,20350,34303,1,1,1
SAW,6,20358,34311,1,1,1
SAW,6,20372,34325,1,1,1
SAW,6,20386,34339,1,1,1
SAW,6,20414,34367,1,0,0
SAW,6,20450,34403,1,1,1
SAW,6,20453,34406,1,1,1
SAW,6,20458,34411,1,1,1
SAW,6,20476,34429,1,1,1
SAW,6,20481,34434,1,1,1
SAW,6,20486,34439,1,1,1
SAW,6,20512,34465,1,1,1
SAW,6,20515,34468,1,1,1
SAW,6,20524,34477,1,0,0
SAW,6,20525,34478,1,1,1
SAW,6,20534,34487,1,0,0
SAW,6,20538,34491,1,1,1
SAW,6,20542,34495,1,1,1
SAW,6,20558,34511,1,1,1
SAW,6,20583,34536,1,1,1
SAW,6,20585,34538,1,1,1
SAW,6,20588,34541,1,1,1
SAW,6,20593,34546,1,1,1
SAW,6,20594,34547,1,1,1
SAW,6,20606,34559,1,1,1
SAW,6,20607,34560,1,1,1
SAW,6,20613,34566,1,1,1
SAW,6,20623,34576,1,1,1
SAW,6,20627,34580,1,1,1
SAW,6,20647,34600,1,1,1
SAW,6,20651,34604,1,1,1
SAW,6,20664,34617,1,1,1
SAW,6,20676,34629,1,1,1
SAW,6,20679,34632,1,1,1
SAW,6,20681,34634,1,1,1
SAW,6,20682,34635,1,1,1
SAW,6,20707,34660,1,1,1
SAW,6,20712,34665,1,1,1
SAW,6,20713,34666,1,1,1
SAW,6,20719,34672,1,1,1
SAW,6,20729,34682,1,1,1
SAW,6,20740,34693,1,1,1
SAW,6,20746,34699,1,1,1
SAW,6,20751,34704,1,1,1
SAW,6,20762,34715,1,1,1
SAW,6,20767,34720,1,1,1
SAW,6,20768,34721,1,1,1
SAW,6,20772,34725,1,0,0
SAW,6,20777,34730,1,1,1
SAW,6,20787,34740,1,1,1
SAW,6,20792,34745,1,1,1
SAW,6,20795,34748,1,0,0
SAW,6,20807,34760,1,1,1
SAW,6,20829,34782,1,1,1
SAW,6,20832,34785,1,0,0
SAW,6,20845,34798,1,1,1
SAW,6,20848,34801,1,1,1
SAW,6,20855,34808,1,1,1
SAW,6,20858,34811,1,1,1
SAW,6,20860,34813,1,1,1
SAW,6,20862,34815,1,1,1
SAW,6,20884,34837,1,1,1
SAW,6,20893,34846,1,1,1
SAW,6,20895,34848,1,1,1
SAW,6,20900,34853,1,0,0
SAW,6,20918,34871,1,1,1
SAW,6,20923,34876,1,1,1
SAW,6,20948,34901,1,1,1
SAW,6,20976,34929,1,1,1
SAW,6,20977,34930,1,1,1
SAW,6,20979,34932,1,1,1
SAW,6,20982,34935,1,1,1
SAW,6,20986,34939,1,1,1
SAW,6,20988,34941,1,1,1
SAW,6,21003,34956,1,1,1
SAW,6,21008,34961,1,1,1
SAW,6,21029,34982,1,1,1
SAW,6,21048,35001,1,1,1
SAW,6,21050,35003,1,1,1
SAW,6,21053,35006,1,1,1
SAW,6,21054,35007,1,1,1
SAW,6,21066,35019,1,1,1
SAW,6,21067,35020,1,1,1
SAW,6,21075,35028,1,1,1
SAW,6,21076,35029,1,1,1
SAW,6,21092,35045,1,1,1
SAW,6,21095,35048,1,1,1
SAW,6,21108,35061,1,1,1
SAW,6,21153,35106,1,1,1
SAW,6,21195,35148,1,0,0
SAW,6,21209,35162,1,0,0
SAW,6,21256,35209,1,1,1
SAW,6,21264,35217,1,1,1
SAW,6,21275,35228,1,1,1
SAW,6,21285,35238,1,1,1
SAW,6,21323,35276,1,1,1
SAW,6,21345,35298,1,1,1
SAW,6,21351,35304,1,0,0
SAW,6,21358,35311,1,1,1
SAW,6,21371,35324,1,1,1
SAW,6,21393,35346,1,1,1
SAW,6,21399,35352,1,1,1
SAW,6,21415,35368,1,1,1
SAW,6,21428,35381,1,1,1
SAW,6,21436,35389,1,1,1
SAW,6,21446,35399,1,1,1
SAW,6,21451,35404,1,1,1
SAW,6,21460,35413,1,1,1
SAW,6,21461,35414,1,1,1
SAW,6,21482,35435,1,1,1
SAW,6,21489,35442,1,1,1
SAW,6,21497,35450,1,1,1
SAW,6,21498,35451,1,1,1
SAW,6,21499,35452,1,1,1
SAW,6,21504,35457,1,1,1
SAW,6,21512,35465,1,1,1
SAW,6,21514,35467,1,1,1
SAW,6,21537,35490,1,1,1
SAW,6,21551,35504,0,0,1
SAW,6,21552,35505,0,0,1
SAW,6,21560,35513,0,0,1
SAW,6,21561,35514,0,0,1
SAW,6,21579,35532,0,0,1
SAW,6,21584,35537,0,0,1
SAW,6,21633,35586,0,0,1
SAW,6,21647,35600,0,0,1
SAW,6,21650,35603,0,0,1
SAW,6,21652,35605,0,0,1
SAW,6,21654,35607,0,0,1
SAW,6,21684,35637,0,0,1
SAW,6,21686,35639,0,0,1
SAW,6,21699,35652,0,0,1
SAW,6,21714,35667,0,0,1
SAW,6,21719,35672,0,1,0
SAW,6,21721,35674,0,0,1
SAW,6,21737,35690,0,0,1
SAW,6,21748,35701,0,0,1
SAW,6,21761,35714,0,0,1
SAW,6,21773,35726,0,0,1
SAW,6,21778,35731,0,0,1
SAW,6,21787,35740,0,0,1
SAW,6,21789,35742,0,0,1
SAW,6,21828,35781,0,0,1
SAW,6,21836,35789,0,0,1
SAW,6,21844,35797,0,0,1
SAW,6,21851,35804,0,0,1
SAW,6,21857,35810,0,0,1
SAW,6,21864,35817,0,0,1
SAW,6,21868,35821,0,0,1
SAW,6,21882,35835,0,0,1
SAW,6,21885,35838,0,0,1
SAW,6,21888,35841,0,0,1
SAW,6,21893,35846,0,0,1
SAW,6,21912,35865,0,0,1
SAW,6,21914,35867,0,0,1
SAW,6,21918,35871,0,0,1
SAW,6,21937,35890,0,0,1
SAW,6,21942,35895,0,0,1
SAW,6,21950,35903,0,0,1
SAW,6,21951,35904,0,0,1
SAW,6,21969,35922,0,0,1
SAW,6,21985,35938,0,0,1
SAW,6,22023,35976,0,0,1
SAW,6,22036,35989,0,1,0
SAW,6,22079,36032,0,0,1
SAW,6,22080,36033,0,0,1
SAW,6,22092,36045,0,0,1
SAW,6,22141,36094,0,0,1
SAW,6,22165,36118,0,1,0
SAW,6,22166,36119,0,0,1
SAW,6,22172,36125,0,0,1
SAW,6,22188,36141,0,0,1
SAW,6,22193,36146,0,0,1
SAW,6,22197,36150,0,0,1
SAW,6,22201,36154,0,0,1
SAW,6,22222,36175,0,0,1
SAW,6,22224,36177,0,0,1
SAW,6,22239,36192,0,0,1
SAW,6,22240,36193,0,0,1
SAW,6,22251,36205,0,0,1
SAW,6,22254,36208,0,1,0
SAW,6,22258,36212,0,1,0
SAW,6,22260,36214,0,0,1
SAW,6,22286,36240,0,0,1
SAW,6,22287,36241,0,0,1
SAW,6,22289,36243,0,0,1
SAW,6,22296,36250,0,0,1
SAW,6,22346,36300,0,0,1
SAW,6,22358,36312,0,0,1
SAW,6,22373,36327,0,0,1
SAW,6,22374,36328,0,0,1
SAW,6,22376,36330,0,0,1
SAW,6,22413,36367,0,0,1
SAW,6,22416,36370,0,0,1
SAW,6,22421,36375,0,0,1
SAW,6,22434,36388,0,0,1
SAW,6,22439,36393,0,0,1
SAW,6,22445,36399,0,0,1
SAW,6,22453,36407,0,0,1
SAW,6,22461,36415,0,0,1
SAW,6,22462,36416,0,0,1
SAW,6,22483,36437,0,0,1
SAW,6,22491,36445,0,0,1
SAW,6,22499,36453,0,0,1
SAW,6,22502,36456,0,0,1
SAW,6,22513,36467,0,0,1
SAW,6,22517,36471,0,1,0
SAW,6,22529,36483,0,0,1
SAW,6,22531,36485,0,0,1
SAW,6,22559,36513,0,0,1
SAW,6,22567,36521,0,0,1
SAW,6,22601,36555,0,0,1
SAW,6,22619,36573,0,0,1
SAW,6,22653,36607,0,0,1
SAW,6,22662,36616,0,0,1
SAW,6,22685,36639,0,0,1
SAW,6,22696,36650,0,0,1
SAW,6,22709,36663,0,0,1
SAW,6,22715,36669,0,0,1
SAW,6,22723,36677,0,0,1
SAW,6,22736,36690,0,0,1
SAW,6,22749,36703,0,0,1
SAW,6,22769,36723,0,0,1
SAW,6,22775,36729,0,0,1
SAW,6,22776,36730,0,0,1
SAW,6,22779,36733,0,0,1
SAW,6,22781,36735,0,0,1
SAW,6,22795,36749,0,0,1
SAW,6,22805,36759,0,0,1
SAW,6,22810,36764,0,0,1
SAW,6,22813,36767,0,0,1
SAW,6,22823,36777,0,0,1
SAW,6,22833,36787,0,0,1
SAW,6,22834,36788,0,0,1
SAW,6,22837,36791,0,0,1
SAW,6,22843,36797,0,0,1
SAW,6,22844,36798,0,0,1
SAW,6,22846,36800,0,0,1
SAW,6,22857,36811,0,0,1
SAW,6,22864,36818,0,0,1
SAW,6,22867,36821,0,0,1
SAW,6,22869,36823,0,0,1
SAW,6,22894,36848,0,0,1
SAW,6,22900,36854,0,0,1
SAW,6,22905,36859,0,0,1
SAW,6,22914,36868,0,0,1
SAW,6,22921,36875,0,0,1
SAW,6,22925,36879,0,0,1
SAW,6,22926,36880,0,0,1
SAW,6,22934,36888,0,0,1
SAW,6,22947,36901,0,0,1
SAW,6,22974,36928,0,0,1
SAW,6,22976,36930,0,0,1
SAW,6,22989,36943,0,0,1
SAW,6,22990,36944,0,0,1
SAW,6,22992,36946,0,0,1
SAW,6,22993,36947,0,0,1
SAW,6,23005,36959,0,0,1
SAW,6,23030,36984,0,0,1
SAW,6,23031,36985,0,0,1
SAW,6,23033,36987,0,0,1
SAW,6,23034,36988,0,0,1
SAW,6,23036,36990,0,0,1
SAW,6,23041,36995,0,0,1
SAW,6,23063,37017,0,0,1
SAW,6,23066,37020,0,0,1
SAW,6,23070,37024,0,0,1
SAW,6,23096,37050,0,0,1
SAW,6,23131,37085,0,0,1
SAW,6,23145,37099,0,0,1
SAW,6,23161,37115,0,0,1
SAW,6,23171,37125,0,0,1
SAW,6,23185,37139,0,0,1
SAW,6,23208,37162,0,0,1
SAW,6,23211,37165,0,0,1
SAW,6,23212,37166,0,0,1
SAW,6,23214,37168,0,0,1
SAW,6,23220,37174,0,0,1
SAW,6,23223,37177,0,0,1
SAW,6,23253,37207,0,0,1
SAW,6,23256,37210,0,0,1
SAW,6,23257,37211,0,0,1
SAW,6,23260,37214,0,1,0
SAW,6,23262,37216,0,0,1
SAW,6,23268,37222,0,0,1
SAW,6,23271,37225,0,0,1
SAW,6,23274,37228,0,0,1
SAW,6,23275,37229,0,1,0
SAW,6,23279,37233,0,1,0
SAW,6,23280,37234,0,0,1
SAW,6,23297,37251,0,0,1
SAW,6,23310,37264,0,0,1
SAW,6,23314,37268,0,0,1
SAW,6,23316,37270,0,0,1
SAW,6,23334,37288,0,0,1
SAW,6,23355,37309,0,0,1
SAW,6,23366,37320,0,0,1
SAW,6,23372,37326,0,0,1
SAW,6,23375,37329,0,0,1
SAW,6,23399,37353,0,0,1
SAW,6,23420,37374,0,0,1
SAW,6,23425,37379,0,0,1
SAW,6,23436,37390,0,0,1
SAW,6,23443,37397,0,0,1
SAW,6,23447,37401,0,0,1
SAW,6,23455,37409,0,0,1
SAW,6,23458,37412,0,0,1
SAW,6,23465,37419,0,0,1
SAW,6,23483,37437,0,0,1
SAW,6,23492,37446,0,0,1
SAW,6,23499,37453,0,0,1
SAW,6,23506,37460,0,0,1
SAW,6,23527,37481,0,0,1
SAW,6,23528,37482,0,0,1
SAW,6,23531,37485,0,0,1
SAW,6,23536,37490,0,0,1
SAW,6,23538,37492,0,0,1
SAW,6,23543,37497,0,0,1
SAW,6,23546,37500,0,0,1
SAW,7,19051,33004,1,1,1
SAW,7,19064,33017,1,1,1
SAW,7,19074,33027,1,1,1
SAW,7,19078,33031,1,1,1
SAW,7,19089,33042,1,1,1
SAW,7,19091,33044,1,1,1
SAW,7,19095,33048,1,1,1
SAW,7,19122,33075,1,1,1
SAW,7,19124,33077,1,1,1
SAW,7,19142,33095,1,1,1
SAW,7,19158,33111,1,1,1
SAW,7,19181,33134,1,1,1
SAW,7,19193,33146,1,1,1
SAW,7,19197,33150,1,1,1
SAW,7,19203,33156,1,1,1
SAW,7,19236,33189,1,1,1
SAW,7,19246,33199,1,1,1
SAW,7,19263,33216,1,1,1
SAW,7,19270,33223,1,1,1
SAW,7,19279,33232,1,1,1
SAW,7,19296,33249,1,1,1
SAW,7,19303,33256,1,1,1
SAW,7,19332,33285,1,1,1
SAW,7,19333,33286,1,1,1
SAW,7,19352,33305,1,1,1
SAW,7,19355,33308,1,1,1
SAW,7,19367,33320,1,1,1
SAW,7,19370,33323,1,1,1
SAW,7,19375,33328,1,1,1
SAW,7,19378,33331,1,1,1
SAW,7,19380,33333,1,1,1
SAW,7,19389,33342,1,1,1
SAW,7,19390,33343,1,1,1
SAW,7,19394,33347,1,1,1
SAW,7,19396,33349,1,1,1
SAW,7,19398,33351,1,1,1
SAW,7,19408,33361,1,1,1
SAW,7,19433,33386,1,1,1
SAW,7,19440,33393,1,1,1
SAW,7,19448,33401,1,1,1
SAW,7,19456,33409,1,1,1
SAW,7,19457,33410,1,1,1
SAW,7,19461,33414,1,1,1
SAW,7,19489,33442,1,1,1
SAW,7,19495,33448,1,1,1
SAW,7,19497,33450,1,1,1
SAW,7,19499,33452,1,1,1
SAW,7,19500,33453,1,1,1
SAW,7,19506,33459,1,1,1
SAW,7,19512,33465,1,1,1
SAW,7,19515,33468,1,1,1
SAW,7,19518,33471,1,1,1
SAW,7,19546,33499,1,1,1
SAW,7,19554,33507,1,1,1
SAW,7,19561,33514,1,1,1
SAW,7,19575,33528,1,0,0
SAW,7,19586,33539,1,1,1
SAW,7,19587,33540,1,1,1
SAW,7,19590,33543,1,1,1
SAW,7,19592,33545,1,1,1
SAW,7,19601,33554,1,1,1
SAW,7,19608,33561,1,1,1
SAW,7,19614,33567,1,1,1
SAW,7,19624,33577,1,1,1
SAW,7,19639,33592,1,1,1
SAW,7,19646,33599,1,1,1
SAW,7,19647,33600,1,0,0
SAW,7,19653,33606,1,1,1
SAW,7,19656,33609,1,1,1
SAW,7,19668,33621,1,1,1
SAW,7,19677,33630,1,1,1
SAW,7,19701,33654,1,1,1
SAW,7,19718,33671,1,1,1
SAW,7,19720,33673,1,1,1
SAW,7,19791,33744,1,0,0
SAW,7,19804,33757,1,1,1
SAW,7,19808,33761,1,1,1
SAW,7,19818,33771,1,1,1
SAW,7,19842,33795,1,1,1
SAW,7,19850,33803,1,1,1
SAW,7,19862,33815,1,1,1
SAW,7,19882,33835,1,1,1
SAW,7,19883,33836,1,1,1
SAW,7,19907,33860,1,1,1
SAW,7,19924,33877,1,1,1
SAW,7,19930,33883,1,1,1
SAW,7,19932,33885,1,1,1
SAW,7,19949,33902,1,1,1
SAW,7,19951,33904,1,1,1
SAW,7,19952,33905,1,1,1
SAW,7,19954,33907,1,1,1
SAW,7,19956,33909,1,0,0
SAW,7,19987,33940,1,1,1
SAW,7,19991,33944,1,1,1
SAW,7,19997,33950,1,1,1
SAW,7,20000,33953,1,1,1
SAW,7,20048,34001,1,1,1
SAW,7,20068,34021,1,1,1
SAW,7,20090,34043,1,1,1
SAW,7,20102,34055,1,1,1
SAW,7,20107,34060,1,1,1
SAW,7,20118,34071,1,1,1
SAW,7,20122,34075,1,1,1
SAW,7,20141,34094,1,1,1
SAW,7,20146,34099,1,1,1
SAW,7,20148,34101,1,1,1
SAW,7,20155,34108,1,1,1
SAW,7,20182,34135,1,1,1
SAW,7,20185,34138,1,1,1
SAW,7,20209,34162,1,1,1
SAW,7,20228,34181,1,1,1
SAW,7,20245,34198,1,1,1
SAW,7,20248,34201,1,1,1
SAW,7,20266,34219,1,1,1
SAW,7,20299,34252,1,1,1
SAW,7,20304,34257,1,1,1
SAW,7,20305,34258,1,1,1
SAW,7,20312,34265,1,1,1
SAW,7,20333,34286,1,1,1
SAW,7,20335,34288,1,1,1
SAW,7,20342,34295,1,1,1
SAW,7,20343,34296,1,1,1
SAW,7,20348,34301,1,1,1
SAW,7,20352,34305,1,1,1
SAW,7,20367,34320,1,1,1
SAW,7,20379,34332,1,1,1
SAW,7,20397,34350,1,1,1
SAW,7,20398,34351,1,1,1
SAW,7,20405,34358,1,1,1
SAW,7,20407,34360,1,1,1
SAW,7,20410,34363,1,1,1
SAW,7,20411,34364,1,1,1
SAW,7,20417,34370,1,1,1
SAW,7,20418,34371,1,1,1
SAW,7,20430,34383,1,0,0
SAW,7,20434,34387,1,1,1
SAW,7,20440,34393,1,1,1
SAW,7,20451,34404,1,1,1
SAW,7,20455,34408,1,1,1
SAW,7,20457,34410,1,1,1
SAW,7,20462,34415,1,1,1
SAW,7,20464,34417,1,1,1
SAW,7,20467,34420,1,1,1
SAW,7,20471,34424,1,1,1
SAW,7,20505,34458,1,1,1
SAW,7,20513,34466,1,1,1
SAW,7,20523,34476,1,1,1
SAW,7,20528,34481,1,1,1
SAW,7,20536,34489,1,1,1
SAW,7,20563,34516,1,1,1
SAW,7,20569,34522,1,1,1
SAW,7,20573,34526,1,1,1
SAW,7,20575,34528,1,1,1
SAW,7,20602,34555,1,1,1
SAW,7,20620,34573,1,1,1
SAW,7,20628,34581,1,1,1
SAW,7,20643,34596,1,1,1
SAW,7,20649,34602,1,1,1
SAW,7,20661,34614,1,1,1
SAW,7,20684,34637,1,1,1
SAW,7,20698,34651,1,1,1
SAW,7,20706,34659,1,1,1
SAW,7,20724,34677,1,1,1
SAW,7,20732,34685,1,1,1
SAW,7,20733,34686,1,0,0
SAW,7,20741,34694,1,0,0
SAW,7,20748,34701,1,1,1
SAW,7,20749,34702,1,1,1
SAW,7,20753,34706,1,1,1
SAW,7,20754,34707,1,1,1
SAW,7,20755,34708,1,1,1
SAW,7,20775,34728,1,1,1
SAW,7,20796,34749,1,1,1
SAW,7,20800,34753,1,1,1
SAW,7,20823,34776,1,0,0
SAW,7,20828,34781,1,1,1
SAW,7,20840,34793,1,1,1
SAW,7,20843,34796,1,1,1
SAW,7,20861,34814,1,1,1
SAW,7,20867,34820,1,1,1
SAW,7,20896,34849,1,1,1
SAW,7,20903,34856,1,1,1
SAW,7,20934,34887,1,1,1
SAW,7,20935,34888,1,1,1
SAW,7,20940,34893,1,1,1
SAW,7,20963,34916,1,1,1
SAW,7,20964,34917,1,1,1
SAW,7,20968,34921,1,1,1
SAW,7,20973,34926,1,1,1
SAW,7,20981,34934,1,1,1
SAW,7,20996,34949,1,1,1
SAW,7,21001,34954,1,1,1
SAW,7,21023,34976,1,1,1
SAW,7,21028,34981,1,1,1
SAW,7,21038,34991,1,1,1
SAW,7,21044,34997,1,1,1
SAW,7,21055,35008,1,1,1
SAW,7,21058,35011,1,1,1
SAW,7,21060,35013,1,1,1
SAW,7,21062,35015,1,1,1
SAW,7,21080,35033,1,1,1
SAW,7,21088,35041,1,1,1
SAW,7,21100,35053,1,1,1
SAW,7,21124,35077,1,1,1
SAW,7,21143,35096,1,1,1
SAW,7,21161,35114,1,1,1
SAW,7,21189,35142,1,1,1
SAW,7,21197,35150,1,1,1
SAW,7,21198,35151,1,1,1
SAW,7,21205,35158,1,1,1
SAW,7,21219,35172,1,1,1
SAW,7,21231,35184,1,1,1
SAW,7,21234,35187,1,1,1
SAW,7,21250,35203,1,1,1
SAW,7,21258,35211,1,1,1
SAW,7,21274,35227,1,1,1
SAW,7,21290,35243,1,1,1
SAW,7,21299,35252,1,1,1
SAW,7,21304,35257,1,1,1
SAW,7,21308,35261,1,1,1
SAW,7,21319,35272,1,1,1
SAW,7,21330,35283,1,1,1
SAW,7,21336,35289,1,1,1
SAW,7,21348,35301,1,1,1
SAW,7,21355,35308,1,1,1
SAW,7,21361,35314,1,1,1
SAW,7,21392,35345,1,1,1
SAW,7,21402,35355,1,1,1
SAW,7,21408,35361,1,1,1
SAW,7,21417,35370,1,1,1
SAW,7,21443,35396,1,1,1
SAW,7,21444,35397,1,1,1
SAW,7,21450,35403,1,1,1
SAW,7,21466,35419,1,1,1
SAW,7,21471,35424,1,0,0
SAW,7,21473,35426,1,1,1
SAW,7,21478,35431,1,1,1
SAW,7,21483,35436,1,1,1
SAW,7,21487,35440,1,1,1
SAW,7,21506,35459,1,1,1
SAW,7,21509,35462,1,1,1
SAW,7,21510,35463,1,1,1
SAW,7,21513,35466,1,1,1
SAW,7,21519,35472,1,1,1
SAW,7,21526,35479,1,1,1
SAW,7,21530,35483,1,1,1
SAW,7,21531,35484,1,1,1
SAW,7,21536,35489,1,1,1
SAW,7,21538,35491,1,1,1
SAW,7,21550,35503,0,0,1
SAW,7,21564,35517,0,0,1
SAW,7,21566,35519,0,0,1
SAW,7,21583,35536,0,0,1
SAW,7,21600,35553,0,0,1
SAW,7,21603,35556,0,0,1
SAW,7,21609,35562,0,0,1
SAW,7,21620,35573,0,0,1
SAW,7,21627,35580,0,0,1
SAW,7,21635,35588,0,1,0
SAW,7,21663,35616,0,0,1
SAW,7,21685,35638,0,1,0
SAW,7,21691,35644,0,0,1
SAW,7,21703,35656,0,0,1
SAW,7,21704,35657,0,0,1
SAW,7,21709,35662,0,0,1
SAW,7,21727,35680,0,0,1
SAW,7,21740,35693,0,0,1
SAW,7,21772,35725,0,0,1
SAW,7,21779,35732,0,0,1
SAW,7,21808,35761,0,0,1
SAW,7,21811,35764,0,0,1
SAW,7,21817,35770,0,0,1
SAW,7,21823,35776,0,0,1
SAW,7,21834,35787,0,0,1
SAW,7,21838,35791,0,0,1
SAW,7,21850,35803,0,0,1
SAW,7,21866,35819,0,0,1
SAW,7,21867,35820,0,0,1
SAW,7,21870,35823,0,0,1
SAW,7,21873,35826,0,0,1
SAW,7,21874,35827,0,0,1
SAW,7,21880,35833,0,0,1
SAW,7,21902,35855,0,0,1
SAW,7,21909,35862,0,0,1
SAW,7,21934,35887,0,0,1
SAW,7,21939,35892,0,0,1
SAW,7,21962,35915,0,0,1
SAW,7,21967,35920,0,1,0
SAW,7,21971,35924,0,0,1
SAW,7,21977,35930,0,0,1
SAW,7,21978,35931,0,0,1
SAW,7,21982,35935,0,0,1
SAW,7,21996,35949,0,0,1
SAW,7,21998,35951,0,1,0
SAW,7,22005,35958,0,0,1
SAW,7,22010,35963,0,0,1
SAW,7,22016,35969,0,0,1
SAW,7,22018,35971,0,0,1
SAW,7,22046,35999,0,0,1
SAW,7,22064,36017,0,0,1
SAW,7,22076,36029,0,0,1
SAW,7,22083,36036,0,0,1
SAW,7,22085,36038,0,0,1
SAW,7,22118,36071,0,0,1
SAW,7,22121,36074,0,1,0
SAW,7,22122,36075,0,0,1
SAW,7,22124,36077,0,0,1
SAW,7,22126,36079,0,0,1
SAW,7,22132,36085,0,0,1
SAW,7,22145,36098,0,0,1
SAW,7,22156,36109,0,0,1
SAW,7,22161,36114,0,0,1
SAW,7,22187,36140,0,0,1
SAW,7,22206,36159,0,1,0
SAW,7,22230,36183,0,0,1
SAW,7,22236,36189,0,0,1
SAW,7,22241,36194,0,0,1
SAW,7,22244,36197,0,0,1
SAW,7,22261,36215,0,0,1
SAW,7,22262,36216,0,0,1
SAW,7,22276,36230,0,0,1
SAW,7,22311,36265,0,0,1
SAW,7,22321,36275,0,0,1
SAW,7,22333,36287,0,0,1
SAW,7,22336,36290,0,0,1
SAW,7,22339,36293,0,1,0
SAW,7,22360,36314,0,0,1
SAW,7,22372,36326,0,0,1
SAW,7,22380,36334,0,0,1
SAW,7,22389,36343,0,0,1
SAW,7,22391,36345,0,0,1
SAW,7,22393,36347,0,0,1
SAW,7,22394,36348,0,0,1
SAW,7,22405,36359,0,0,1
SAW,7,22412,36366,0,0,1
SAW,7,22415,36369,0,0,1
SAW,7,22417,36371,0,0,1
SAW,7,22433,36387,0,0,1
SAW,7,22440,36394,0,0,1
SAW,7,22457,36411,0,0,1
SAW,7,22460,36414,0,0,1
SAW,7,22463,36417,0,0,1
SAW,7,22464,36418,0,0,1
SAW,7,22476,36430,0,0,1
SAW,7,22479,36433,0,0,1
SAW,7,22484,36438,0,0,1
SAW,7,22497,36451,0,0,1
SAW,7,22528,36482,0,0,1
SAW,7,22544,36498,0,1,0
SAW,7,22564,36518,0,0,1
SAW,7,22579,36533,0,0,1
SAW,7,22586,36540,0,0,1
SAW,7,22590,36544,0,0,1
SAW,7,22591,36545,0,0,1
SAW,7,22613,36567,0,0,1
SAW,7,22615,36569,0,0,1
SAW,7,22618,36572,0,0,1
SAW,7,22624,36578,0,0,1
SAW,7,22625,36579,0,0,1
SAW,7,22631,36585,0,0,1
SAW,7,22633,36587,0,0,1
SAW,7,22655,36609,0,0,1
SAW,7,22657,36611,0,0,1
SAW,7,22677,36631,0,0,1
SAW,7,22693,36647,0,0,1
SAW,7,22706,36660,0,0,1
SAW,7,22718,36672,0,0,1
SAW,7,22726,36680,0,0,1
SAW,7,22732,36686,0,0,1
SAW,7,22735,36689,0,0,1
SAW,7,22740,36694,0,0,1
SAW,7,22743,36697,0,0,1
SAW,7,22745,36699,0,0,1
SAW,7,22752,36706,0,0,1
SAW,7,22755,36709,0,0,1
SAW,7,22767,36721,0,0,1
SAW,7,22777,36731,0,0,1
SAW,7,22804,36758,0,0,1
SAW,7,22807,36761,0,0,1
SAW,7,22815,36769,0,0,1
SAW,7,22819,36773,0,0,1
SAW,7,22849,36803,0,0,1
SAW,7,22855,36809,0,0,1
SAW,7,22868,36822,0,0,1
SAW,7,22882,36836,0,0,1
SAW,7,22884,36838,0,0,1
SAW,7,22898,36852,0,0,1
SAW,7,22899,36853,0,0,1
SAW,7,22903,36857,0,0,1
SAW,7,22919,36873,0,0,1
SAW,7,22927,36881,0,0,1
SAW,7,22944,36898,0,0,1
SAW,7,22951,36905,0,0,1
SAW,7,22955,36909,0,0,1
SAW,7,22973,36927,0,0,1
SAW,7,22978,36932,0,0,1
SAW,7,22983,36937,0,0,1
SAW,7,22985,36939,0,0,1
SAW,7,23013,36967,0,0,1
SAW,7,23027,36981,0,0,1
SAW,7,23040,36994,0,0,1
SAW,7,23042,36996,0,0,1
SAW,7,23053,37007,0,0,1
SAW,7,23054,37008,0,0,1
SAW,7,23094,37048,0,0,1
SAW,7,23095,37049,0,0,1
SAW,7,23100,37054,0,0,1
SAW,7,23104,37058,0,0,1
SAW,7,23151,37105,0,0,1
SAW,7,23153,37107,0,0,1
SAW,7,23198,37152,0,0,1
SAW,7,23202,37156,0,0,1
SAW,7,23210,37164,0,0,1
SAW,7,23213,37167,0,1,0
SAW,7,23217,37171,0,0,1
SAW,7,23273,37227,0,0,1
SAW,7,23277,37231,0,0,1
SAW,7,23293,37247,0,0,1
SAW,7,23295,37249,0,0,1
SAW,7,23309,37263,0,0,1
SAW,7,23321,37275,0,0,1
SAW,7,23323,37277,0,0,1
SAW,7,23324,37278,0,0,1
SAW,7,23329,37283,0,0,1
SAW,7,23337,37291,0,0,1
SAW,7,23340,37294,0,0,1
SAW,7,23347,37301,0,0,1
SAW,7,23353,37307,0,0,1
SAW,7,23359,37313,0,0,1
SAW,7,23363,37317,0,0,1
SAW,7,23381,37335,0,0,1
SAW,7,23386,37340,0,1,0
SAW,7,23388,37342,0,0,1
SAW,7,23391,37345,0,0,1
SAW,7,23401,37355,0,0,1
SAW,7,23404,37358,0,0,1
SAW,7,23451,37405,0,0,1
SAW,7,23469,37423,0,0,1
SAW,7,23474,37428,0,0,1
SAW,7,23476,37430,0,0,1
SAW,7,23481,37435,0,0,1
SAW,7,23482,37436,0,0,1
SAW,7,23486,37440,0,0,1
SAW,7,23493,37447,0,0,1
SAW,7,23496,37450,0,0,1
SAW,7,23497,37451,0,0,1
SAW,7,23510,37464,0,0,1
SAW,7,23521,37475,0,0,1
SAW,7,23532,37486,0,0,1
SAW,7,23544,37498,0,0,1
SAW,7,23554,37508,0,0,1
SAW,8,19058,33011,1,1,1
SAW,8,19063,33016,1,1,1
SAW,8,19065,33018,1,1,1
SAW,8,19075,33028,1,1,1
SAW,8,19079,33032,1,1,1
SAW,8,19084,33037,1,1,1
SAW,8,19085,33038,1,1,1
SAW,8,19106,33059,1,1,1
SAW,8,19109,33062,1,1,1
SAW,8,19113,33066,1,1,1
SAW,8,19119,33072,1,1,1
SAW,8,19123,33076,1,1,1
SAW,8,19144,33097,1,1,1
SAW,8,19150,33103,1,1,1
SAW,8,19159,33112,1,1,1
SAW,8,19160,33113,1,0,0
SAW,8,19164,33117,1,1,1
SAW,8,19166,33119,1,1,1
SAW,8,19175,33128,1,1,1
SAW,8,19180,33133,1,1,1
SAW,8,19195,33148,1,1,1
SAW,8,19218,33171,1,1,1
SAW,8,19227,33180,1,1,1
SAW,8,19233,33186,1,1,1
SAW,8,19235,33188,1,1,1
SAW,8,19239,33192,1,1,1
SAW,8,19254,33207,1,1,1
SAW,8,19278,33231,1,1,1
SAW,8,19283,33236,1,0,0
SAW,8,19284,33237,1,1,1
SAW,8,19309,33262,1,1,1
SAW,8,19319,33272,1,1,1
SAW,8,19334,33287,1,1,1
SAW,8,19343,33296,1,1,1
SAW,8,19347,33300,1,1,1
SAW,8,19395,33348,1,1,1
SAW,8,19405,33358,1,1,1
SAW,8,19420,33373,1,1,1
SAW,8,19427,33380,1,1,1
SAW,8,19432,33385,1,1,1
SAW,8,19437,33390,1,1,1
SAW,8,19488,33441,1,1,1
SAW,8,19504,33457,1,1,1
SAW,8,19507,33460,1,1,1
SAW,8,19513,33466,1,1,1
SAW,8,19525,33478,1,1,1
SAW,8,19530,33483,1,1,1
SAW,8,19531,33484,1,1,1
SAW,8,19533,33486,1,1,1
SAW,8,19557,33510,1,1,1
SAW,8,19562,33515,1,1,1
SAW,8,19566,33519,1,1,1
SAW,8,19577,33530,1,1,1
SAW,8,19581,33534,1,1,1
SAW,8,19594,33547,1,1,1
SAW,8,19607,33560,1,1,1
SAW,8,19662,33615,1,1,1
SAW,8,19673,33626,1,1,1
SAW,8,19675,33628,1,1,1
SAW,8,19690,33643,1,1,1
SAW,8,19702,33655,1,1,1
SAW,8,19705,33658,1,1,1
SAW,8,19727,33680,1,1,1
SAW,8,19736,33689,1,1,1
SAW,8,19743,33696,1,1,1
SAW,8,19745,33698,1,1,1
SAW,8,19759,33712,1,1,1
SAW,8,19777,33730,1,1,1
SAW,8,19779,33732,1,1,1
SAW,8,19809,33762,1,1,1
SAW,8,19814,33767,1,1,1
SAW,8,19820,33773,1,1,1
SAW,8,19838,33791,1,0,0
SAW,8,19843,33796,1,0,0
SAW,8,19844,33797,1,1,1
SAW,8,19849,33802,1,1,1
SAW,8,19853,33806,1,1,1
SAW,8,19856,33809,1,1,1
SAW,8,19874,33827,1,1,1
SAW,8,19876,33829,1,1,1
SAW,8,19894,33847,1,1,1
SAW,8,19895,33848,1,1,1
SAW,8,19923,33876,1,1,1
SAW,8,19925,33878,1,1,1
SAW,8,19936,33889,1,1,1
SAW,8,19938,33891,1,1,1
SAW,8,19939,33892,1,1,1
SAW,8,19941,33894,1,1,1
SAW,8,19946,33899,1,0,0
SAW,8,19953,33906,1,1,1
SAW,8,19958,33911,1,1,1
SAW,8,19961,33914,1,1,1
SAW,8,19962,33915,1,1,1
SAW,8,19982,33935,1,1,1
SAW,8,19993,33946,1,1,1
SAW,8,20002,33955,1,1,1
SAW,8,20004,33957,1,1,1
SAW,8,20018,33971,1,1,1
SAW,8,20031,33984,1,1,1
SAW,8,20032,33985,1,1,1
SAW,8,20033,33986,1,1,1
SAW,8,20039,33992,1,1,1
SAW,8,20040,33993,1,1,1
SAW,8,20041,33994,1,1,1
SAW,8,20073,34026,1,1,1
SAW,8,20110,34063,1,1,1
SAW,8,20113,34066,1,1,1
SAW,8,20135,34088,1,1,1
SAW,8,20139,34092,1,1,1
SAW,8,20144,34097,1,1,1
SAW,8,20158,34111,1,1,1
SAW,8,20164,34117,1,1,1
SAW,8,20166,34119,1,1,1
SAW,8,20189,34142,1,1,1
SAW,8,20202,34155,1,1,1
SAW,8,20204,34157,1,1,1
SAW,8,20222,34175,1,1,1
SAW,8,20227,34180,1,1,1
SAW,8,20242,34195,1,1,1
SAW,8,20250,34203,1,1,1
SAW,8,20267,34220,1,0,0
SAW,8,20286,34239,1,1,1
SAW,8,20288,34241,1,1,1
SAW,8,20291,34244,1,1,1
SAW,8,20295,34248,1,1,1
SAW,8,20301,34254,1,1,1
SAW,8,20326,34279,1,1,1
SAW,8,20338,34291,1,1,1
SAW,8,20347,34300,1,1,1
SAW,8,20361,34314,1,1,1
SAW,8,20363,34316,1,1,1
SAW,8,20364,34317,1,1,1
SAW,8,20369,34322,1,1,1
SAW,8,20371,34324,1,1,1
SAW,8,20374,34327,1,1,1
SAW,8,20383,34336,1,1,1
SAW,8,20387,34340,1,1,1
SAW,8,20391,34344,1,1,1
SAW,8,20396,34349,1,1,1
SAW,8,20412,34365,1,1,1
SAW,8,20425,34378,1,1,1
SAW,8,20438,34391,1,1,1
SAW,8,20441,34394,1,1,1
SAW,8,20452,34405,1,0,0
SAW,8,20463,34416,1,1,1
SAW,8,20466,34419,1,1,1
SAW,8,20472,34425,1,1,1
SAW,8,20480,34433,1,1,1
SAW,8,20495,34448,1,1,1
SAW,8,20508,34461,1,1,1
SAW,8,20520,34473,1,1,1
SAW,8,20521,34474,1,1,1
SAW,8,20522,34475,1,1,1
SAW,8,20537,34490,1,1,1
SAW,8,20567,34520,1,1,1
SAW,8,20572,34525,1,1,1
SAW,8,20582,34535,1,1,1
SAW,8,20596,34549,1,1,1
SAW,8,20599,34552,1,1,1
SAW,8,20600,34553,1,1,1
SAW,8,20601,34554,1,0,0
SAW,8,20621,34574,1,1,1
SAW,8,20625,34578,1,1,1
SAW,8,20641,34594,1,1,1
SAW,8,20646,34599,1,1,1
SAW,8,20648,34601,1,1,1
SAW,8,20656,34609,1,1,1
SAW,8,20659,34612,1,1,1
SAW,8,20665,34618,1,1,1
SAW,8,20680,34633,1,1,1
SAW,8,20689,34642,1,1,1
SAW,8,20695,34648,1,1,1
SAW,8,20702,34655,1,1,1
SAW,8,20711,34664,1,1,1
SAW,8,20717,34670,1,1,1
SAW,8,20720,34673,1,1,1
SAW,8,20730,34683,1,1,1
SAW,8,20734,34687,1,0,0
SAW,8,20750,34703,1,1,1
SAW,8,20779,34732,1,1,1
SAW,8,20783,34736,1,1,1
SAW,8,20821,34774,1,1,1
SAW,8,20826,34779,1,1,1
SAW,8,20846,34799,1,1,1
SAW,8,20850,34803,1,1,1
SAW,8,20852,34805,1,1,1
SAW,8,20854,34807,1,1,1
SAW,8,20890,34843,1,1,1
SAW,8,20904,34857,1,1,1
SAW,8,20919,34872,1,1,1
SAW,8,20921,34874,1,1,1
SAW,8,20929,34882,1,1,1
SAW,8,20958,34911,1,1,1
SAW,8,20959,34912,1,1,1
SAW,8,20960,34913,1,1,1
SAW,8,20970,34923,1,1,1
SAW,8,20975,34928,1,1,1
SAW,8,20991,34944,1,1,1
SAW,8,20995,34948,1,1,1
SAW,8,21017,34970,1,1,1
SAW,8,21022,34975,1,1,1
SAW,8,21040,34993,1,0,0
SAW,8,21051,35004,1,1,1
SAW,8,21097,35050,1,1,1
SAW,8,21103,35056,1,1,1
SAW,8,21122,35075,1,1,1
SAW,8,21128,35081,1,1,1
SAW,8,21134,35087,1,1,1
SAW,8,21135,35088,1,1,1
SAW,8,21141,35094,1,1,1
SAW,8,21146,35099,1,1,1
SAW,8,21160,35113,1,1,1
SAW,8,21193,35146,1,1,1
SAW,8,21196,35149,1,1,1
SAW,8,21203,35156,1,0,0
SAW,8,21208,35161,1,1,1
SAW,8,21220,35173,1,1,1
SAW,8,21242,35195,1,1,1
SAW,8,21243,35196,1,1,1
SAW,8,21249,35202,1,1,1
SAW,8,21257,35210,1,1,1
SAW,8,21266,35219,1,0,0
SAW,8,21267,35220,1,1,1
SAW,8,21286,35239,1,1,1
SAW,8,21289,35242,1,1,1
SAW,8,21300,35253,1,1,1
SAW,8,21302,35255,1,1,1
SAW,8,21306,35259,1,1,1
SAW,8,21312,35265,1,1,1
SAW,8,21317,35270,1,1,1
SAW,8,21318,35271,1,1,1
SAW,8,21324,35277,1,0,0
SAW,8,21327,35280,1,1,1
SAW,8,21350,35303,1,1,1
SAW,8,21365,35318,1,1,1
SAW,8,21374,35327,1,1,1
SAW,8,21377,35330,1,1,1
SAW,8,21389,35342,1,1,1
SAW,8,21398,35351,1,1,1
SAW,8,21409,35362,1,1,1
SAW,8,21420,35373,1,1,1
SAW,8,21421,35374,1,1,1
SAW,8,21447,35400,1,1,1
SAW,8,21479,35432,1,1,1
SAW,8,21481,35434,1,1,1
SAW,8,21484,35437,1,1,1
SAW,8,21488,35441,1,1,1
SAW,8,21516,35469,1,1,1
SAW,8,21521,35474,1,1,1
SAW,8,21541,35494,0,0,1
SAW,8,21542,35495,0,0,1
SAW,8,21544,35497,0,0,1
SAW,8,21546,35499,0,0,1
SAW,8,21549,35502,0,1,0
SAW,8,21563,35516,0,0,1
SAW,8,21567,35520,0,0,1
SAW,8,21589,35542,0,0,1
SAW,8,21595,35548,0,0,1
SAW,8,21599,35552,0,0,1
SAW,8,21613,35566,0,0,1
SAW,8,21637,35590,0,0,1
SAW,8,21644,35597,0,0,1
SAW,8,21645,35598,0,0,1
SAW,8,21648,35601,0,0,1
SAW,8,21665,35618,0,0,1
SAW,8,21679,35632,0,0,1
SAW,8,21680,35633,0,0,1
SAW,8,21683,35636,0,0,1
SAW,8,21690,35643,0,0,1
SAW,8,21712,35665,0,1,0
SAW,8,21730,35683,0,0,1
SAW,8,21746,35699,0,1,0
SAW,8,21755,35708,0,0,1
SAW,8,21759,35712,0,0,1
SAW,8,21766,35719,0,0,1
SAW,8,21783,35736,0,0,1
SAW,8,21794,35747,0,0,1
SAW,8,21798,35751,0,0,1
SAW,8,21802,35755,0,0,1
SAW,8,21819,35772,0,0,1
SAW,8,21821,35774,0,0,1
SAW,8,21832,35785,0,0,1
SAW,8,21848,35801,0,0,1
SAW,8,21869,35822,0,0,1
SAW,8,21871,35824,0,0,1
SAW,8,21875,35828,0,0,1
SAW,8,21876,35829,0,0,1
SAW,8,21881,35834,0,0,1
SAW,8,21884,35837,0,0,1
SAW,8,21887,35840,0,0,1
SAW,8,21896,35849,0,0,1
SAW,8,21908,35861,0,0,1
SAW,8,21911,35864,0,0,1
SAW,8,21923,35876,0,0,1
SAW,8,21938,35891,0,1,0
SAW,8,21946,35899,0,0,1
SAW,8,21957,35910,0,0,1
SAW,8,21960,35913,0,0,1
SAW,8,21964,35917,0,0,1
SAW,8,21975,35928,0,0,1
SAW,8,21976,35929,0,0,1
SAW,8,21987,35940,0,0,1
SAW,8,22008,35961,0,0,1
SAW,8,22017,35970,0,0,1
SAW,8,22042,35995,0,0,1
SAW,8,22052,36005,0,0,1
SAW,8,22054,36007,0,0,1
SAW,8,22094,36047,0,0,1
SAW,8,22111,36064,0,0,1
SAW,8,22114,36067,0,0,1
SAW,8,22136,36089,0,0,1
SAW,8,22142,36095,0,0,1
SAW,8,22148,36101,0,0,1
SAW,8,22149,36102,0,0,1
SAW,8,22157,36110,0,0,1
SAW,8,22160,36113,0,1,0
SAW,8,22195,36148,0,0,1
SAW,8,22204,36157,0,0,1
SAW,8,22205,36158,0,0,1
SAW,8,22217,36170,0,0,1
SAW,8,22218,36171,0,0,1
SAW,8,22225,36178,0,1,0
SAW,8,22229,36182,0,0,1
SAW,8,22234,36187,0,0,1
SAW,8,22238,36191,0,0,1
SAW,8,22255,36209,0,1,0
SAW,8,22257,36211,0,0,1
SAW,8,22271,36225,0,0,1
SAW,8,22278,36232,0,0,1
SAW,8,22281,36235,0,0,1
SAW,8,22282,36236,0,1,0
SAW,8,22284,36238,0,0,1
SAW,8,22288,36242,0,0,1
SAW,8,22300,36254,0,0,1
SAW,8,22314,36268,0,0,1
SAW,8,22318,36272,0,0,1
SAW,8,22319,36273,0,0,1
SAW,8,22322,36276,0,0,1
SAW,8,22326,36280,0,1,0
SAW,8,22332,36286,0,0,1
SAW,8,22352,36306,0,0,1
SAW,8,22368,36322,0,0,1
SAW,8,22371,36325,0,1,0
SAW,8,22382,36336,0,0,1
SAW,8,22387,36341,0,0,1
SAW,8,22406,36360,0,0,1
SAW,8,22423,36377,0,0,1
SAW,8,22438,36392,0,0,1
SAW,8,22442,36396,0,0,1
SAW,8,22450,36404,0,0,1
SAW,8,22459,36413,0,0,1
SAW,8,22503,36457,0,0,1
SAW,8,22508,36462,0,0,1
SAW,8,22509,36463,0,0,1
SAW,8,22510,36464,0,0,1
SAW,8,22526,36480,0,0,1
SAW,8,22540,36494,0,0,1
SAW,8,22547,36501,0,0,1
SAW,8,22553,36507,0,0,1
SAW,8,22556,36510,0,0,1
SAW,8,22563,36517,0,0,1
SAW,8,22569,36523,0,0,1
SAW,8,22573,36527,0,0,1
SAW,8,22581,36535,0,0,1
SAW,8,22592,36546,0,0,1
SAW,8,22604,36558,0,0,1
SAW,8,22620,36574,0,0,1
SAW,8,22639,36593,0,0,1
SAW,8,22643,36597,0,0,1
SAW,8,22679,36633,0,0,1
SAW,8,22688,36642,0,0,1
SAW,8,22694,36648,0,0,1
SAW,8,22698,36652,0,0,1
SAW,8,22702,36656,0,0,1
SAW,8,22708,36662,0,1,0
SAW,8,22711,36665,0,0,1
SAW,8,22717,36671,0,0,1
SAW,8,22725,36679,0,0,1
SAW,8,22731,36685,0,0,1
SAW,8,22733,36687,0,1,0
SAW,8,22754,36708,0,0,1
SAW,8,22756,36710,0,0,1
SAW,8,22759,36713,0,0,1
SAW,8,22765,36719,0,0,1
SAW,8,22771,36725,0,0,1
SAW,8,22773,36727,0,0,1
SAW,8,22826,36780,0,0,1
SAW,8,22870,36824,0,0,1
SAW,8,22885,36839,0,0,1
SAW,8,22887,36841,0,0,1
SAW,8,22906,36860,0,0,1
SAW,8,22931,36885,0,0,1
SAW,8,22945,36899,0,0,1
SAW,8,22979,36933,0,0,1
SAW,8,22980,36934,0,0,1
SAW,8,22987,36941,0,0,1
SAW,8,23000,36954,0,0,1
SAW,8,23015,36969,0,0,1
SAW,8,23016,36970,0,0,1
SAW,8,23017,36971,0,0,1
SAW,8,23023,36977,0,0,1
SAW,8,23035,36989,0,0,1
SAW,8,23038,36992,0,1,0
SAW,8,23050,37004,0,0,1
SAW,8,23055,37009,0,0,1
SAW,8,23075,37029,0,0,1
SAW,8,23099,37053,0,0,1
SAW,8,23102,37056,0,0,1
SAW,8,23106,37060,0,0,1
SAW,8,23108,37062,0,0,1
SAW,8,23127,37081,0,1,0
SAW,8,23132,37086,0,0,1
SAW,8,23136,37090,0,0,1
SAW,8,23169,37123,0,0,1
SAW,8,23192,37146,0,1,0
SAW,8,23206,37160,0,0,1
SAW,8,23207,37161,0,0,1
SAW,8,23219,37173,0,0,1
SAW,8,23235,37189,0,0,1
SAW,8,23236,37190,0,0,1
SAW,8,23242,37196,0,0,1
SAW,8,23252,37206,0,0,1
SAW,8,23254,37208,0,0,1
SAW,8,23255,37209,0,1,0
SAW,8,23286,37240,0,0,1
SAW,8,23294,37248,0,0,1
SAW,8,23296,37250,0,0,1
SAW,8,23306,37260,0,0,1
SAW,8,23317,37271,0,0,1
SAW,8,23319,37273,0,0,1
SAW,8,23322,37276,0,0,1
SAW,8,23326,37280,0,0,1
SAW,8,23331,37285,0,0,1
SAW,8,23350,37304,0,1,0
SAW,8,23361,37315,0,0,1
SAW,8,23411,37365,0,0,1
SAW,8,23413,37367,0,0,1
SAW,8,23422,37376,0,0,1
SAW,8,23438,37392,0,0,1
SAW,8,23454,37408,0,0,1
SAW,8,23475,37429,0,0,1
SAW,8,23479,37433,0,0,1
SAW,8,23491,37445,0,0,1
SAW,8,23495,37449,0,0,1
SAW,8,23502,37456,0,0,1
SAW,8,23508,37462,0,0,1
SAW,8,23516,37470,0,0,1
SAW,8,23518,37472,0,0,1
SAW,8,23556,37510,0,0,1
SAW,8,23557,37511,0,0,1
SAW,8,23558,37512,0,0,1
SAW,9,19053,33006,1,1,1
SAW,9,19055,33008,1,1,1
SAW,9,19059,33012,1,1,1
SAW,9,19071,33024,1,1,1
SAW,9,19086,33039,1,1,1
SAW,9,19087,33040,1,1,1
SAW,9,19100,33053,1,1,1
SAW,9,19112,33065,1,1,1
SAW,9,19116,33069,1,1,1
SAW,9,19118,33071,1,1,1
SAW,9,19120,33073,1,1,1
SAW,9,19130,33083,1,1,1
SAW,9,19131,33084,1,1,1
SAW,9,19133,33086,1,0,0
SAW,9,19137,33090,1,1,1
SAW,9,19183,33136,1,1,1
SAW,9,19185,33138,1,1,1
SAW,9,19205,33158,1,1,1
SAW,9,19208,33161,1,1,1
SAW,9,19209,33162,1,1,1
SAW,9,19223,33176,1,1,1
SAW,9,19242,33195,1,1,1
SAW,9,19243,33196,1,1,1
SAW,9,19244,33197,1,1,1
SAW,9,19249,33202,1,1,1
SAW,9,19269,33222,1,1,1
SAW,9,19271,33224,1,1,1
SAW,9,19273,33226,1,1,1
SAW,9,19297,33250,1,1,1
SAW,9,19299,33252,1,1,1
SAW,9,19300,33253,1,1,1
SAW,9,19301,33254,1,1,1
SAW,9,19310,33263,1,0,0
SAW,9,19314,33267,1,1,1
SAW,9,19324,33277,1,1,1
SAW,9,19337,33290,1,1,1
SAW,9,19342,33295,1,1,1
SAW,9,19362,33315,1,1,1
SAW,9,19382,33335,1,1,1
SAW,9,19407,33360,1,1,1
SAW,9,19429,33382,1,1,1
SAW,9,19434,33387,1,1,1
SAW,9,19455,33408,1,1,1
SAW,9,19465,33418,1,1,1
SAW,9,19482,33435,1,1,1
SAW,9,19529,33482,1,1,1
SAW,9,19539,33492,1,0,0
SAW,9,19548,33501,1,1,1
SAW,9,19556,33509,1,1,1
SAW,9,19567,33520,1,1,1
SAW,9,19588,33541,1,1,1
SAW,9,19635,33588,1,0,0
SAW,9,19660,33613,1,1,1
SAW,9,19676,33629,1,1,1
SAW,9,19680,33633,1,1,1
SAW,9,19692,33645,1,1,1
SAW,9,19693,33646,1,1,1
SAW,9,19697,33650,1,1,1
SAW,9,19704,33657,1,1,1
SAW,9,19707,33660,1,0,0
SAW,9,19710,33663,1,1,1
SAW,9,19712,33665,1,1,1
SAW,9,19713,33666,1,1,1
SAW,9,19722,33675,1,1,1
SAW,9,19723,33676,1,1,1
SAW,9,19735,33688,1,1,1
SAW,9,19740,33693,1,1,1
SAW,9,19744,33697,1,1,1
SAW,9,19746,33699,1,1,1
SAW,9,19747,33700,1,1,1
SAW,9,19754,33707,1,1,1
SAW,9,19763,33716,1,1,1
SAW,9,19771,33724,1,1,1
SAW,9,19774,33727,1,1,1
SAW,9,19778,33731,1,1,1
SAW,9,19783,33736,1,1,1
SAW,9,19794,33747,1,1,1
SAW,9,19801,33754,1,1,1
SAW,9,19805,33758,1,1,1
SAW,9,19806,33759,1,1,1
SAW,9,19815,33768,1,1,1
SAW,9,19819,33772,1,1,1
SAW,9,19826,33779,1,1,1
SAW,9,19861,33814,1,1,1
SAW,9,19871,33824,1,1,1
SAW,9,19879,33832,1,1,1
SAW,9,19891,33844,1,1,1
SAW,9,19927,33880,1,1,1
SAW,9,19928,33881,1,1,1
SAW,9,19933,33886,1,1,1
SAW,9,19959,33912,1,1,1
SAW,9,19996,33949,1,1,1
SAW,9,20007,33960,1,1,1
SAW,9,20013,33966,1,1,1
SAW,9,20026,33979,1,1,1
SAW,9,20030,33983,1,1,1
SAW,9,20053,34006,1,1,1
SAW,9,20057,34010,1,1,1
SAW,9,20071,34024,1,1,1
SAW,9,20079,34032,1,1,1
SAW,9,20081,34034,1,1,1
SAW,9,20083,34036,1,1,1
SAW,9,20097,34050,1,1,1
SAW,9,20101,34054,1,1,1
SAW,9,20120,34073,1,1,1
SAW,9,20126,34079,1,1,1
SAW,9,20127,34080,1,1,1
SAW,9,20134,34087,1,1,1
SAW,9,20167,34120,1,1,1
SAW,9,20169,34122,1,1,1
SAW,9,20170,34123,1,1,1
SAW,9,20172,34125,1,1,1
SAW,9,20179,34132,1,1,1
SAW,9,20180,34133,1,1,1
SAW,9,20193,34146,1,1,1
SAW,9,20194,34147,1,1,1
SAW,9,20203,34156,1,0,0
SAW,9,20216,34169,1,1,1
SAW,9,20217,34170,1,1,1
SAW,9,20244,34197,1,1,1
SAW,9,20249,34202,1,1,1
SAW,9,20257,34210,1,1,1
SAW,9,20261,34214,1,1,1
SAW,9,20294,34247,1,1,1
SAW,9,20302,34255,1,1,1
SAW,9,20310,34263,1,1,1
SAW,9,20323,34276,1,1,1
SAW,9,20324,34277,1,1,1
SAW,9,20327,34280,1,1,1
SAW,9,20334,34287,1,1,1
SAW,9,20336,34289,1,1,1
SAW,9,20344,34297,1,1,1
SAW,9,20362,34315,1,0,0
SAW,9,20376,34329,1,1,1
SAW,9,20404,34357,1,0,0
SAW,9,20419,34372,1,0,0
SAW,9,20445,34398,1,1,1
SAW,9,20470,34423,1,1,1
SAW,9,20478,34431,1,1,1
SAW,9,20479,34432,1,1,1
SAW,9,20499,34452,1,1,1
SAW,9,20503,34456,1,1,1
SAW,9,20510,34463,1,0,0
SAW,9,20519,34472,1,1,1
SAW,9,20541,34494,1,1,1
SAW,9,20549,34502,1,1,1
SAW,9,20560,34513,1,1,1
SAW,9,20565,34518,1,0,0
SAW,9,20570,34523,1,1,1
SAW,9,20574,34527,1,1,1
SAW,9,20604,34557,1,1,1
SAW,9,20669,34622,1,1,1
SAW,9,20685,34638,1,1,1
SAW,9,20694,34647,1,1,1
SAW,9,20708,34661,1,1,1
SAW,9,20722,34675,1,1,1
SAW,9,20739,34692,1,1,1
SAW,9,20758,34711,1,1,1
SAW,9,20760,34713,1,1,1
SAW,9,20763,34716,1,1,1
SAW,9,20784,34737,1,1,1
SAW,9,20794,34747,1,1,1
SAW,9,20798,34751,1,1,1
SAW,9,20801,34754,1,1,1
SAW,9,20806,34759,1,1,1
SAW,9,20812,34765,1,1,1
SAW,9,20813,34766,1,1,1
SAW,9,20815,34768,1,1,1
SAW,9,20817,34770,1,1,1
SAW,9,20822,34775,1,1,1
SAW,9,20838,34791,1,1,1
SAW,9,20849,34802,1,1,1
SAW,9,20875,34828,1,1,1
SAW,9,20887,34840,1,1,1
SAW,9,20888,34841,1,1,1
SAW,9,20891,34844,1,1,1
SAW,9,20898,34851,1,1,1
SAW,9,20922,34875,1,1,1
SAW,9,20927,34880,1,1,1
SAW,9,20928,34881,1,1,1
SAW,9,20950,34903,1,1,1
SAW,9,20951,34904,1,1,1
SAW,9,20957,34910,1,1,1
SAW,9,20962,34915,1,1,1
SAW,9,20969,34922,1,1,1
SAW,9,20987,34940,1,1,1
SAW,9,21002,34955,1,1,1
SAW,9,21016,34969,1,1,1
SAW,9,21020,34973,1,1,1
SAW,9,21024,34977,1,1,1
SAW,9,21034,34987,1,0,0
SAW,9,21035,34988,1,1,1
SAW,9,21041,34994,1,1,1
SAW,9,21052,35005,1,1,1
SAW,9,21059,35012,1,1,1
SAW,9,21070,35023,1,1,1
SAW,9,21083,35036,1,1,1
SAW,9,21085,35038,1,1,1
SAW,9,21098,35051,1,1,1
SAW,9,21106,35059,1,0,0
SAW,9,21109,35062,1,1,1
SAW,9,21156,35109,1,1,1
SAW,9,21159,35112,1,1,1
SAW,9,21164,35117,1,1,1
SAW,9,21171,35124,1,1,1
SAW,9,21177,35130,1,1,1
SAW,9,21180,35133,1,1,1
SAW,9,21199,35152,1,1,1
SAW,9,21200,35153,1,0,0
SAW,9,21214,35167,1,1,1
SAW,9,21221,35174,1,1,1
SAW,9,21222,35175,1,0,0
SAW,9,21225,35178,1,1,1
SAW,9,21235,35188,1,1,1
SAW,9,21251,35204,1,1,1
SAW,9,21253,35206,1,1,1
SAW,9,21259,35212,1,1,1
SAW,9,21263,35216,1,1,1
SAW,9,21277,35230,1,1,1
SAW,9,21280,35233,1,1,1
SAW,9,21284,35237,1,1,1
SAW,9,21291,35244,1,1,1
SAW,9,21307,35260,1,1,1
SAW,9,21326,35279,1,1,1
SAW,9,21338,35291,1,1,1
SAW,9,21340,35293,1,1,1
SAW,9,21344,35297,1,1,1
SAW,9,21349,35302,1,1,1
SAW,9,21353,35306,1,1,1
SAW,9,21362,35315,1,1,1
SAW,9,21367,35320,1,1,1
SAW,9,21376,35329,1,1,1
SAW,9,21380,35333,1,1,1
SAW,9,21388,35341,1,1,1
SAW,9,21404,35357,1,1,1
SAW,9,21406,35359,1,1,1
SAW,9,21423,35376,1,1,1
SAW,9,21432,35385,1,1,1
SAW,9,21438,35391,1,1,1
SAW,9,21441,35394,1,1,1
SAW,9,21442,35395,1,1,1
SAW,9,21453,35406,1,1,1
SAW,9,21459,35412,1,1,1
SAW,9,21469,35422,1,1,1
SAW,9,21507,35460,1,1,1
SAW,9,21515,35468,1,1,1
SAW,9,21518,35471,1,1,1
SAW,9,21523,35476,1,1,1
SAW,9,21534,35487,1,1,1
SAW,9,21543,35496,0,0,1
SAW,9,21547,35500,0,0,1
SAW,9,21562,35515,0,0,1
SAW,9,21574,35527,0,0,1
SAW,9,21585,35538,0,0,1
SAW,9,21586,35539,0,0,1
SAW,9,21587,35540,0,0,1
SAW,9,21594,35547,0,0,1
SAW,9,21601,35554,0,0,1
SAW,9,21611,35564,0,0,1
SAW,9,21612,35565,0,0,1
SAW,9,21622,35575,0,0,1
SAW,9,21626,35579,0,0,1
SAW,9,21651,35604,0,0,1
SAW,9,21655,35608,0,0,1
SAW,9,21657,35610,0,0,1
SAW,9,21661,35614,0,0,1
SAW,9,21671,35624,0,0,1
SAW,9,21674,35627,0,0,1
SAW,9,21675,35628,0,0,1
SAW,9,21682,35635,0,0,1
SAW,9,21688,35641,0,0,1
SAW,9,21695,35648,0,0,1
SAW,9,21705,35658,0,0,1
SAW,9,21723,35676,0,0,1
SAW,9,21754,35707,0,0,1
SAW,9,21782,35735,0,0,1
SAW,9,21790,35743,0,0,1
SAW,9,21795,35748,0,0,1
SAW,9,21800,35753,0,1,0
SAW,9,21806,35759,0,0,1
SAW,9,21814,35767,0,0,1
SAW,9,21818,35771,0,0,1
SAW,9,21825,35778,0,0,1
SAW,9,21837,35790,0,0,1
SAW,9,21843,35796,0,0,1
SAW,9,21847,35800,0,0,1
SAW,9,21855,35808,0,0,1
SAW,9,21859,35812,0,0,1
SAW,9,21892,35845,0,0,1
SAW,9,21894,35847,0,0,1
SAW,9,21900,35853,0,0,1
SAW,9,21901,35854,0,0,1
SAW,9,21913,35866,0,0,1
SAW,9,21917,35870,0,0,1
SAW,9,21919,35872,0,0,1
SAW,9,21936,35889,0,0,1
SAW,9,21947,35900,0,0,1
SAW,9,21949,35902,0,0,1
SAW,9,21959,35912,0,0,1
SAW,9,21980,35933,0,0,1
SAW,9,21984,35937,0,1,0
SAW,9,21990,35943,0,0,1
SAW,9,21993,35946,0,0,1
SAW,9,22002,35955,0,0,1
SAW,9,22013,35966,0,0,1
SAW,9,22039,35992,0,0,1
SAW,9,22041,35994,0,0,1
SAW,9,22044,35997,0,0,1
SAW,9,22045,35998,0,0,1
SAW,9,22068,36021,0,0,1
SAW,9,22069,36022,0,0,1
SAW,9,22077,36030,0,0,1
SAW,9,22089,36042,0,0,1
SAW,9,22102,36055,0,0,1
SAW,9,22107,36060,0,0,1
SAW,9,22110,36063,0,0,1
SAW,9,22120,36073,0,0,1
SAW,9,22131,36084,0,0,1
SAW,9,22140,36093,0,0,1
SAW,9,22144,36097,0,1,0
SAW,9,22150,36103,0,0,1
SAW,9,22152,36105,0,0,1
SAW,9,22177,36130,0,1,0
SAW,9,22183,36136,0,1,0
SAW,9,22208,36161,0,0,1
SAW,9,22212,36165,0,0,1
SAW,9,22219,36172,0,0,1
SAW,9,22227,36180,0,0,1
SAW,9,22231,36184,0,0,1
SAW,9,22232,36185,0,0,1
SAW,9,22235,36188,0,0,1
SAW,9,22249,36203,0,0,1
SAW,9,22265,36219,0,0,1
SAW,9,22268,36222,0,0,1
SAW,9,22270,36224,0,0,1
SAW,9,22293,36247,0,0,1
SAW,9,22323,36277,0,0,1
SAW,9,22328,36282,0,0,1
SAW,9,22330,36284,0,1,0
SAW,9,22334,36288,0,0,1
SAW,9,22338,36292,0,0,1
SAW,9,22342,36296,0,0,1
SAW,9,22345,36299,0,0,1
SAW,9,22361,36315,0,0,1
SAW,9,22398,36352,0,1,0
SAW,9,22419,36373,0,0,1
SAW,9,22455,36409,0,0,1
SAW,9,22465,36419,0,0,1
SAW,9,22466,36420,0,0,1
SAW,9,22477,36431,0,0,1
SAW,9,22507,36461,0,0,1
SAW,9,22511,36465,0,0,1
SAW,9,22523,36477,0,1,0
SAW,9,22525,36479,0,0,1
SAW,9,22557,36511,0,0,1
SAW,9,22565,36519,0,0,1
SAW,9,22568,36522,0,1,0
SAW,9,22578,36532,0,0,1
SAW,9,22582,36536,0,0,1
SAW,9,22584,36538,0,0,1
SAW,9,22593,36547,0,0,1
SAW,9,22616,36570,0,0,1
SAW,9,22630,36584,0,0,1
SAW,9,22635,36589,0,0,1
SAW,9,22637,36591,0,0,1
SAW,9,22640,36594,0,0,1
SAW,9,22642,36596,0,0,1
SAW,9,22654,36608,0,0,1
SAW,9,22665,36619,0,0,1
SAW,9,22667,36621,0,0,1
SAW,9,22669,36623,0,0,1
SAW,9,22673,36627,0,1,0
SAW,9,22678,36632,0,0,1
SAW,9,22692,36646,0,0,1
SAW,9,22695,36649,0,0,1
SAW,9,22700,36654,0,0,1
SAW,9,22722,36676,0,0,1
SAW,9,22738,36692,0,0,1
SAW,9,22758,36712,0,0,1
SAW,9,22764,36718,0,0,1
SAW,9,22774,36728,0,0,1
SAW,9,22782,36736,0,0,1
SAW,9,22783,36737,0,0,1
SAW,9,22792,36746,0,0,1
SAW,9,22794,36748,0,0,1
SAW,9,22797,36751,0,0,1
SAW,9,22799,36753,0,0,1
SAW,9,22817,36771,0,0,1
SAW,9,22827,36781,0,0,1
SAW,9,22851,36805,0,0,1
SAW,9,22852,36806,0,0,1
SAW,9,22862,36816,0,0,1
SAW,9,22863,36817,0,0,1
SAW,9,22872,36826,0,0,1
SAW,9,22883,36837,0,0,1
SAW,9,22923,36877,0,0,1
SAW,9,22930,36884,0,0,1
SAW,9,22941,36895,0,0,1
SAW,9,22946,36900,0,0,1
SAW,9,22964,36918,0,0,1
SAW,9,23002,36956,0,0,1
SAW,9,23024,36978,0,0,1
SAW,9,23062,37016,0,0,1
SAW,9,23067,37021,0,1,0
SAW,9,23079,37033,0,0,1
SAW,9,23087,37041,0,1,0
SAW,9,23088,37042,0,0,1
SAW,9,23091,37045,0,0,1
SAW,9,23097,37051,0,0,1
SAW,9,23098,37052,0,0,1
SAW,9,23113,37067,0,0,1
SAW,9,23117,37071,0,0,1
SAW,9,23144,37098,0,0,1
SAW,9,23148,37102,0,0,1
SAW,9,23175,37129,0,0,1
SAW,9,23178,37132,0,0,1
SAW,9,23181,37135,0,0,1
SAW,9,23197,37151,0,0,1
SAW,9,23199,37153,0,0,1
SAW,9,23215,37169,0,0,1
SAW,9,23229,37183,0,1,0
SAW,9,23240,37194,0,0,1
SAW,9,23265,37219,0,0,1
SAW,9,23276,37230,0,1,0
SAW,9,23288,37242,0,0,1
SAW,9,23291,37245,0,0,1
SAW,9,23305,37259,0,0,1
SAW,9,23327,37281,0,0,1
SAW,9,23333,37287,0,1,0
SAW,9,23346,37300,0,0,1
SAW,9,23349,37303,0,0,1
SAW,9,23351,37305,0,0,1
SAW,9,23357,37311,0,0,1
SAW,9,23360,37314,0,0,1
SAW,9,23369,37323,0,0,1
SAW,9,23373,37327,0,1,0
SAW,9,23379,37333,0,1,0
SAW,9,23405,37359,0,0,1
SAW,9,23408,37362,0,0,1
SAW,9,23428,37382,0,0,1
SAW,9,23452,37406,0,0,1
SAW,9,23459,37413,0,0,1
SAW,9,23460,37414,0,0,1
SAW,9,23461,37415,0,0,1
SAW,9,23462,37416,0,0,1
SAW,9,23468,37422,0,0,1
SAW,9,23473,37427,0,0,1
SAW,9,23513,37467,0,0,1
SAW,9,23524,37478,0,0,1
SAW,9,23539,37493,0,0,1
SAW,9,23553,37507,0,0,1
SAW,10,19049,33002,1,1,1
SAW,10,19052,33005,1,1,1
SAW,10,19056,33009,1,1,1
SAW,10,19073,33026,1,1,1
SAW,10,19088,33041,1,1,1
SAW,10,19099,33052,1,0,0
SAW,10,19110,33063,1,0,0
SAW,10,19135,33088,1,1,1
SAW,10,19140,33093,1,1,1
SAW,10,19152,33105,1,1,1
SAW,10,19169,33122,1,1,1
SAW,10,19171,33124,1,1,1
SAW,10,19211,33164,1,1,1
SAW,10,19220,33173,1,1,1
SAW,10,19228,33181,1,1,1
SAW,10,19259,33212,1,1,1
SAW,10,19260,33213,1,1,1
SAW,10,19261,33214,1,1,1
SAW,10,19285,33238,1,1,1
SAW,10,19288,33241,1,1,1
SAW,10,19304,33257,1,1,1
SAW,10,19307,33260,1,1,1
SAW,10,19318,33271,1,1,1
SAW,10,19320,33273,1,1,1
SAW,10,19321,33274,1,1,1
SAW,10,19344,33297,1,1,1
SAW,10,19351,33304,1,1,1
SAW,10,19360,33313,1,1,1
SAW,10,19361,33314,1,1,1
SAW,10,19381,33334,1,1,1
SAW,10,19400,33353,1,1,1
SAW,10,19404,33357,1,1,1
SAW,10,19411,33364,1,1,1
SAW,10,19414,33367,1,1,1
SAW,10,19415,33368,1,1,1
SAW,10,19421,33374,1,1,1
SAW,10,19426,33379,1,0,0
SAW,10,19443,33396,1,1,1
SAW,10,19446,33399,1,1,1
SAW,10,19452,33405,1,1,1
SAW,10,19453,33406,1,1,1
SAW,10,19459,33412,1,1,1
SAW,10,19464,33417,1,1,1
SAW,10,19479,33432,1,1,1
SAW,10,19481,33434,1,1,1
SAW,10,19490,33443,1,1,1
SAW,10,19511,33464,1,1,1
SAW,10,19532,33485,1,1,1
SAW,10,19538,33491,1,1,1
SAW,10,19542,33495,1,1,1
SAW,10,19558,33511,1,1,1
SAW,10,19559,33512,1,1,1
SAW,10,19568,33521,1,1,1
SAW,10,19571,33524,1,1,1
SAW,10,19579,33532,1,1,1
SAW,10,19616,33569,1,1,1
SAW,10,19620,33573,1,1,1
SAW,10,19628,33581,1,1,1
SAW,10,19638,33591,1,1,1
SAW,10,19644,33597,1,1,1
SAW,10,19649,33602,1,1,1
SAW,10,19657,33610,1,1,1
SAW,10,19659,33612,1,1,1
SAW,10,19663,33616,1,1,1
SAW,10,19669,33622,1,1,1
SAW,10,19687,33640,1,1,1
SAW,10,19695,33648,1,1,1
SAW,10,19741,33694,1,0,0
SAW,10,19752,33705,1,1,1
SAW,10,19757,33710,1,1,1
SAW,10,19768,33721,1,1,1
SAW,10,19773,33726,1,0,0
SAW,10,19807,33760,1,1,1
SAW,10,19823,33776,1,1,1
SAW,10,19828,33781,1,1,1
SAW,10,19837,33790,1,1,1
SAW,10,19845,33798,1,1,1
SAW,10,19863,33816,1,1,1
SAW,10,19865,33818,1,1,1
SAW,10,19869,33822,1,1,1
SAW,10,19884,33837,1,1,1
SAW,10,19887,33840,1,1,1
SAW,10,19905,33858,1,1,1
SAW,10,19916,33869,1,1,1
SAW,10,19917,33870,1,1,1
SAW,10,19922,33875,1,1,1
SAW,10,19934,33887,1,1,1
SAW,10,19937,33890,1,1,1
SAW,10,19945,33898,1,1,1
SAW,10,19989,33942,1,1,1
SAW,10,20025,33978,1,1,1
SAW,10,20028,33981,1,1,1
SAW,10,20038,33991,1,1,1
SAW,10,20043,33996,1,1,1
SAW,10,20065,34018,1,1,1
SAW,10,20074,34027,1,1,1
SAW,10,20082,34035,1,1,1
SAW,10,20086,34039,1,1,1
SAW,10,20098,34051,1,1,1
SAW,10,20103,34056,1,1,1
SAW,10,20106,34059,1,1,1
SAW,10,20112,34065,1,1,1
SAW,10,20140,34093,1,1,1
SAW,10,20153,34106,1,0,0
SAW,10,20156,34109,1,1,1
SAW,10,20159,34112,1,1,1
SAW,10,20160,34113,1,1,1
SAW,10,20162,34115,1,1,1
SAW,10,20165,34118,1,1,1
SAW,10,20168,34121,1,1,1
SAW,10,20173,34126,1,1,1
SAW,10,20175,34128,1,1,1
SAW,10,20178,34131,1,1,1
SAW,10,20199,34152,1,1,1
SAW,10,20229,34182,1,1,1
SAW,10,20232,34185,1,1,1
SAW,10,20240,34193,1,0,0
SAW,10,20243,34196,1,1,1
SAW,10,20254,34207,1,1,1
SAW,10,20264,34217,1,1,1
SAW,10,20276,34229,1,1,1
SAW,10,20308,34261,1,1,1
SAW,10,20315,34268,1,1,1
SAW,10,20320,34273,1,1,1
SAW,10,20328,34281,1,1,1
SAW,10,20330,34283,1,1,1
SAW,10,20354,34307,1,1,1
SAW,10,20365,34318,1,1,1
SAW,10,20380,34333,1,1,1
SAW,10,20401,34354,1,1,1
SAW,10,20403,34356,1,1,1
SAW,10,20413,34366,1,1,1
SAW,10,20421,34374,1,1,1
SAW,10,20439,34392,1,1,1
SAW,10,20444,34397,1,1,1
SAW,10,20447,34400,1,1,1
SAW,10,20461,34414,1,1,1
SAW,10,20465,34418,1,1,1
SAW,10,20484,34437,1,1,1
SAW,10,20489,34442,1,1,1
SAW,10,20517,34470,1,1,1
SAW,10,20532,34485,1,1,1
SAW,10,20544,34497,1,1,1
SAW,10,20554,34507,1,1,1
SAW,10,20555,34508,1,1,1
SAW,10,20556,34509,1,1,1
SAW,10,20561,34514,1,1,1
SAW,10,20564,34517,1,1,1
SAW,10,20576,34529,1,1,1
SAW,10,20578,34531,1,1,1
SAW,10,20589,34542,1,1,1
SAW,10,20609,34562,1,1,1
SAW,10,20615,34568,1,1,1
SAW,10,20622,34575,1,1,1
SAW,10,20630,34583,1,1,1
SAW,10,20635,34588,1,1,1
SAW,10,20638,34591,1,1,1
SAW,10,20653,34606,1,1,1
SAW,10,20657,34610,1,0,0
SAW,10,20658,34611,1,1,1
SAW,10,20666,34619,1,1,1
SAW,10,20671,34624,1,1,1
SAW,10,20673,34626,1,1,1
SAW,10,20674,34627,1,1,1
SAW,10,20678,34631,1,1,1
SAW,10,20683,34636,1,1,1
SAW,10,20686,34639,1,1,1
SAW,10,20693,34646,1,1,1
SAW,10,20701,34654,1,1,1
SAW,10,20716,34669,1,1,1
SAW,10,20728,34681,1,1,1
SAW,10,20731,34684,1,1,1
SAW,10,20743,34696,1,1,1
SAW,10,20756,34709,1,1,1
SAW,10,20773,34726,1,1,1
SAW,10,20788,34741,1,1,1
SAW,10,20791,34744,1,1,1
SAW,10,20805,34758,1,1,1
SAW,10,20825,34778,1,1,1
SAW,10,20836,34789,1,1,1
SAW,10,20853,34806,1,1,1
SAW,10,20857,34810,1,0,0
SAW,10,20863,34816,1,1,1
SAW,10,20872,34825,1,0,0
SAW,10,20885,34838,1,1,1
SAW,10,20886,34839,1,1,1
SAW,10,20901,34854,1,1,1
SAW,10,20910,34863,1,1,1
SAW,10,20924,34877,1,1,1
SAW,10,20926,34879,1,1,1
SAW,10,20943,34896,1,1,1
SAW,10,20952,34905,1,1,1
SAW,10,20965,34918,1,1,1
SAW,10,20980,34933,1,1,1
SAW,10,21004,34957,1,1,1
SAW,10,21030,34983,1,1,1
SAW,10,21036,34989,1,1,1
SAW,10,21046,34999,1,1,1
SAW,10,21068,35021,1,1,1
SAW,10,21072,35025,1,1,1
SAW,10,21079,35032,1,1,1
SAW,10,21081,35034,1,1,1
SAW,10,21090,35043,1,1,1
SAW,10,21091,35044,1,1,1
SAW,10,21096,35049,1,1,1
SAW,10,21105,35058,1,1,1
SAW,10,21107,35060,1,1,1
SAW,10,21123,35076,1,1,1
SAW,10,21129,35082,1,1,1
SAW,10,21148,35101,1,1,1
SAW,10,21157,35110,1,1,1
SAW,10,21181,35134,1,1,1
SAW,10,21184,35137,1,1,1
SAW,10,21187,35140,1,1,1
SAW,10,21239,35192,1,1,1
SAW,10,21245,35198,1,1,1
SAW,10,21254,35207,1,1,1
SAW,10,21261,35214,1,1,1
SAW,10,21271,35224,1,1,1
SAW,10,21279,35232,1,1,1
SAW,10,21297,35250,1,1,1
SAW,10,21311,35264,1,1,1
SAW,10,21314,35267,1,1,1
SAW,10,21320,35273,1,1,1
SAW,10,21334,35287,1,1,1
SAW,10,21352,35305,1,1,1
SAW,10,21354,35307,1,1,1
SAW,10,21357,35310,1,1,1
SAW,10,21370,35323,1,1,1
SAW,10,21382,35335,1,1,1
SAW,10,21386,35339,1,1,1
SAW,10,21400,35353,1,1,1
SAW,10,21414,35367,1,1,1
SAW,10,21419,35372,1,1,1
SAW,10,21427,35380,1,1,1
SAW,10,21430,35383,1,1,1
SAW,10,21431,35384,1,1,1
SAW,10,21449,35402,1,1,1
SAW,10,21454,35407,1,1,1
SAW,10,21456,35409,1,1,1
SAW,10,21462,35415,1,1,1
SAW,10,21472,35425,1,1,1
SAW,10,21476,35429,1,1,1
SAW,10,21480,35433,1,1,1
SAW,10,21491,35444,1,1,1
SAW,10,21493,35446,1,1,1
SAW,10,21505,35458,1,1,1
SAW,10,21511,35464,1,1,1
SAW,10,21528,35481,1,1,1
SAW,10,21557,35510,0,0,1
SAW,10,21568,35521,0,0,1
SAW,10,21588,35541,0,0,1
SAW,10,21608,35561,0,0,1
SAW,10,21623,35576,0,0,1
SAW,10,21634,35587,0,0,1
SAW,10,21667,35620,0,0,1
SAW,10,21670,35623,0,0,1
SAW,10,21673,35626,0,0,1
SAW,10,21676,35629,0,0,1
SAW,10,21677,35630,0,0,1
SAW,10,21681,35634,0,0,1
SAW,10,21692,35645,0,1,0
SAW,10,21694,35647,0,0,1
SAW,10,21698,35651,0,0,1
SAW,10,21706,35659,0,0,1
SAW,10,21708,35661,0,0,1
SAW,10,21734,35687,0,0,1
SAW,10,21750,35703,0,0,1
SAW,10,21751,35704,0,0,1
SAW,10,21762,35715,0,0,1
SAW,10,21769,35722,0,0,1
SAW,10,21785,35738,0,0,1
SAW,10,21788,35741,0,0,1
SAW,10,21792,35745,0,1,0
SAW,10,21805,35758,0,0,1
SAW,10,21824,35777,0,0,1
SAW,10,21830,35783,0,0,1
SAW,10,21853,35806,0,0,1
SAW,10,21854,35807,0,0,1
SAW,10,21878,35831,0,0,1
SAW,10,21883,35836,0,1,0
SAW,10,21890,35843,0,0,1
SAW,10,21898,35851,0,0,1
SAW,10,21926,35879,0,0,1
SAW,10,21928,35881,0,0,1
SAW,10,21930,35883,0,0,1
SAW,10,21935,35888,0,0,1
SAW,10,21943,35896,0,0,1
SAW,10,21945,35898,0,0,1
SAW,10,21948,35901,0,0,1
SAW,10,21968,35921,0,0,1
SAW,10,21973,35926,0,0,1
SAW,10,21986,35939,0,0,1
SAW,10,21991,35944,0,0,1
SAW,10,21997,35950,0,0,1
SAW,10,21999,35952,0,0,1
SAW,10,22007,35960,0,0,1
SAW,10,22009,35962,0,0,1
SAW,10,22012,35965,0,0,1
SAW,10,22025,35978,0,0,1
SAW,10,22028,35981,0,0,1
SAW,10,22031,35984,0,0,1
SAW,10,22037,35990,0,0,1
SAW,10,22048,36001,0,0,1
SAW,10,22051,36004,0,0,1
SAW,10,22072,36025,0,0,1
SAW,10,22082,36035,0,0,1
SAW,10,22096,36049,0,0,1
SAW,10,22098,36051,0,0,1
SAW,10,22119,36072,0,0,1
SAW,10,22135,36088,0,0,1
SAW,10,22138,36091,0,0,1
SAW,10,22159,36112,0,0,1
SAW,10,22169,36122,0,0,1
SAW,10,22184,36137,0,0,1
SAW,10,22186,36139,0,0,1
SAW,10,22189,36142,0,0,1
SAW,10,22191,36144,0,0,1
SAW,10,22192,36145,0,0,1
SAW,10,22198,36151,0,0,1
SAW,10,22216,36169,0,0,1
SAW,10,22247,36200,0,1,0
SAW,10,22253,36207,0,0,1
SAW,10,22263,36217,0,0,1
SAW,10,22264,36218,0,0,1
SAW,10,22280,36234,0,0,1
SAW,10,22290,36244,0,0,1
SAW,10,22291,36245,0,1,0
SAW,10,22294,36248,0,0,1
SAW,10,22295,36249,0,0,1
SAW,10,22308,36262,0,0,1
SAW,10,22309,36263,0,1,0
SAW,10,22344,36298,0,0,1
SAW,10,22353,36307,0,0,1
SAW,10,22377,36331,0,0,1
SAW,10,22388,36342,0,0,1
SAW,10,22400,36354,0,0,1
SAW,10,22418,36372,0,0,1
SAW,10,22422,36376,0,0,1
SAW,10,22425,36379,0,0,1
SAW,10,22426,36380,0,1,0
SAW,10,22431,36385,0,0,1
SAW,10,22458,36412,0,0,1
SAW,10,22469,36423,0,0,1
SAW,10,22475,36429,0,0,1
SAW,10,22487,36441,0,0,1
SAW,10,22490,36444,0,0,1
SAW,10,22506,36460,0,0,1
SAW,10,22535,36489,0,0,1
SAW,10,22541,36495,0,0,1
SAW,10,22542,36496,0,0,1
SAW,10,22545,36499,0,0,1
SAW,10,22551,36505,0,0,1
SAW,10,22562,36516,0,0,1
SAW,10,22577,36531,0,0,1
SAW,10,22612,36566,0,0,1
SAW,10,22627,36581,0,0,1
SAW,10,22636,36590,0,0,1
SAW,10,22647,36601,0,0,1
SAW,10,22674,36628,0,0,1
SAW,10,22681,36635,0,0,1
SAW,10,22701,36655,0,0,1
SAW,10,22704,36658,0,0,1
SAW,10,22719,36673,0,0,1
SAW,10,22747,36701,0,0,1
SAW,10,22750,36704,0,0,1
SAW,10,22761,36715,0,0,1
SAW,10,22766,36720,0,0,1
SAW,10,22768,36722,0,0,1
SAW,10,22778,36732,0,0,1
SAW,10,22787,36741,0,0,1
SAW,10,22790,36744,0,0,1
SAW,10,22791,36745,0,0,1
SAW,10,22803,36757,0,0,1
SAW,10,22808,36762,0,0,1
SAW,10,22811,36765,0,0,1
SAW,10,22812,36766,0,0,1
SAW,10,22816,36770,0,0,1
SAW,10,22822,36776,0,0,1
SAW,10,22838,36792,0,0,1
SAW,10,22856,36810,0,1,0
SAW,10,22889,36843,0,0,1
SAW,10,22896,36850,0,0,1
SAW,10,22911,36865,0,0,1
SAW,10,22912,36866,0,0,1
SAW,10,22917,36871,0,0,1
SAW,10,22924,36878,0,0,1
SAW,10,22943,36897,0,0,1
SAW,10,22961,36915,0,0,1
SAW,10,22967,36921,0,0,1
SAW,10,22972,36926,0,1,0
SAW,10,22984,36938,0,0,1
SAW,10,23004,36958,0,0,1
SAW,10,23046,37000,0,0,1
SAW,10,23048,37002,0,0,1
SAW,10,23057,37011,0,0,1
SAW,10,23059,37013,0,0,1
SAW,10,23069,37023,0,0,1
SAW,10,23076,37030,0,0,1
SAW,10,23077,37031,0,0,1
SAW,10,23080,37034,0,0,1
SAW,10,23105,37059,0,0,1
SAW,10,23115,37069,0,0,1
SAW,10,23116,37070,0,0,1
SAW,10,23120,37074,0,0,1
SAW,10,23121,37075,0,0,1
SAW,10,23122,37076,0,0,1
SAW,10,23125,37079,0,0,1
SAW,10,23129,37083,0,0,1
SAW,10,23130,37084,0,0,1
SAW,10,23137,37091,0,0,1
SAW,10,23142,37096,0,0,1
SAW,10,23143,37097,0,0,1
SAW,10,23149,37103,0,0,1
SAW,10,23155,37109,0,0,1
SAW,10,23158,37112,0,0,1
SAW,10,23159,37113,0,1,0
SAW,10,23180,37134,0,0,1
SAW,10,23196,37150,0,0,1
SAW,10,23218,37172,0,0,1
SAW,10,23222,37176,0,0,1
SAW,10,23232,37186,0,0,1
SAW,10,23241,37195,0,0,1
SAW,10,23264,37218,0,0,1
SAW,10,23284,37238,0,0,1
SAW,10,23285,37239,0,0,1
SAW,10,23298,37252,0,0,1
SAW,10,23303,37257,0,0,1
SAW,10,23307,37261,0,0,1
SAW,10,23352,37306,0,0,1
SAW,10,23362,37316,0,0,1
SAW,10,23368,37322,0,0,1
SAW,10,23370,37324,0,0,1
SAW,10,23376,37330,0,0,1
SAW,10,23383,37337,0,0,1
SAW,10,23387,37341,0,0,1
SAW,10,23398,37352,0,0,1
SAW,10,23402,37356,0,0,1
SAW,10,23418,37372,0,0,1
SAW,10,23427,37381,0,0,1
SAW,10,23430,37384,0,0,1
SAW,10,23453,37407,0,0,1
SAW,10,23456,37410,0,0,1
SAW,10,23498,37452,0,0,1
SAW,10,23501,37455,0,0,1
SAW,10,23504,37458,0,0,1
SAW,10,23534,37488,0,0,1
SAW,10,23535,37489,0,0,1
SAW,10,23541,37495,0,0,1
SAW,10,23542,37496,0,0,1
SAW,10,23551,37505,0,0,1
SCM,1,23563,37517,1,1,1
SCM,1,23566,37520,1,1,1
SCM,1,23579,37533,1,1,1
SCM,1,23588,37542,1,1,1
SCM,1,23595,37549,1,0,0
SCM,1,23600,37554,1,1,1
SCM,1,23606,37560,1,1,1
SCM,1,23614,37568,1,1,1
SCM,1,23621,37575,1,1,1
SCM,1,23626,37580,1,1,1
SCM,1,23637,37591,1,1,1
SCM,1,23640,37594,1,1,1
SCM,1,23660,37614,1,1,1
SCM,1,23681,37635,1,1,1
SCM,1,23684,37638,1,1,1
SCM,1,23685,37639,1,0,0
SCM,1,23693,37647,1,1,1
SCM,1,23695,37649,1,1,1
SCM,1,23698,37652,1,1,1
SCM,1,23702,37656,1,1,1
SCM,1,23707,37661,1,1,1
SCM,1,23717,37671,1,1,1
SCM,1,23718,37672,1,1,1
SCM,1,23721,37675,1,1,1
SCM,1,23748,37702,1,1,1
SCM,1,23753,37707,1,1,1
SCM,1,23777,37731,1,1,1
SCM,1,23785,37739,1,1,1
SCM,1,23815,37769,1,1,1
SCM,1,23820,37774,1,1,1
SCM,1,23829,37783,1,1,1
SCM,1,23831,37785,1,1,1
SCM,1,23843,37797,1,1,1
SCM,1,23854,37808,1,1,1
SCM,1,23855,37809,1,1,1
SCM,1,23860,37814,1,1,1
SCM,1,23865,37819,1,1,1
SCM,1,23880,37834,1,1,1
SCM,1,23883,37837,1,1,1
SCM,1,23885,37839,1,1,1
SCM,1,23892,37846,1,1,1
SCM,1,23899,37853,1,1,1
SCM,1,23904,37858,1,1,1
SCM,1,23907,37861,1,1,1
SCM,1,23919,37873,1,1,1
SCM,1,23922,37876,1,1,1
SCM,1,23928,37882,1,1,1
SCM,1,23938,37892,1,1,1
SCM,1,23953,37907,1,1,1
SCM,1,23981,37935,1,1,1
SCM,1,23989,37943,1,1,1
SCM,1,23994,37948,1,1,1
SCM,1,23995,37949,1,1,1
SCM,1,24000,37954,1,1,1
SCM,1,24005,37959,1,1,1
SCM,1,24015,37969,1,1,1
SCM,1,24026,37980,1,1,1
SCM,1,24029,37983,1,1,1
SCM,1,24042,37996,1,1,1
SCM,1,24044,37998,1,1,1
SCM,1,24048,38002,1,1,1
SCM,1,24063,38017,1,1,1
SCM,1,24065,38019,1,1,1
SCM,1,24068,38022,1,1,1
SCM,1,24074,38028,1,1,1
SCM,1,24080,38034,1,1,1
SCM,1,24087,38041,1,1,1
SCM,1,24090,38044,1,1,1
SCM,1,24095,38049,1,1,1
SCM,1,24125,38079,1,1,1
SCM,1,24136,38090,1,1,1
SCM,1,24138,38092,1,1,1
SCM,1,24150,38104,1,1,1
SCM,1,24159,38113,1,1,1
SCM,1,24169,38123,1,1,1
SCM,1,24176,38130,1,1,1
SCM,1,24197,38151,1,1,1
SCM,1,24198,38152,1,1,1
SCM,1,24200,38154,1,1,1
SCM,1,24224,38178,1,1,1
SCM,1,24256,38210,1,1,1
SCM,1,24259,38213,1,1,1
SCM,1,24266,38220,1,1,1
SCM,1,24275,38229,1,1,1
SCM,1,24278,38232,1,1,1
SCM,1,24279,38233,1,0,0
SCM,1,24285,38239,1,1,1
SCM,1,24306,38260,1,1,1
SCM,1,24307,38261,1,1,1
SCM,1,24311,38265,1,1,1
SCM,1,24312,38266,1,0,0
SCM,1,24322,38276,1,1,1
SCM,1,24330,38284,1,1,1
SCM,1,24374,38328,1,1,1
SCM,1,24379,38333,1,1,1
SCM,1,24380,38334,1,1,1
SCM,1,24390,38344,1,1,1
SCM,1,24391,38345,1,1,1
SCM,1,24403,38357,1,1,1
SCM,1,24410,38364,1,1,1
SCM,1,24418,38372,1,1,1
SCM,1,24422,38376,1,1,1
SCM,1,24427,38381,1,1,1
SCM,1,24443,38397,1,1,1
SCM,1,24449,38403,1,1,1
SCM,1,24458,38412,1,1,1
SCM,1,24476,38430,1,1,1
SCM,1,24477,38431,1,1,1
SCM,1,24481,38435,1,1,1
SCM,1,24483,38437,1,1,1
SCM,1,24491,38445,1,1,1
SCM,1,24492,38446,1,1,1
SCM,1,24493,38447,1,1,1
SCM,1,24506,38460,1,1,1
SCM,1,24508,38462,1,1,1
SCM,1,24525,38479,1,1,1
SCM,1,24526,38480,1,1,1
SCM,1,24529,38483,1,1,1
SCM,1,24539,38493,1,1,1
SCM,1,24546,38500,1,1,1
SCM,1,24559,38513,1,1,1
SCM,1,24566,38520,1,1,1
SCM,1,24571,38525,1,1,1
SCM,1,24573,38527,1,1,1
SCM,1,24579,38533,1,1,1
SCM,1,24595,38549,1,1,1
SCM,1,24608,38562,1,1,1
SCM,1,24628,38582,1,1,1
SCM,1,24629,38583,1,1,1
SCM,1,24631,38585,1,1,1
SCM,1,24649,38603,1,1,1
SCM,1,24654,38608,1,1,1
SCM,1,24689,38643,1,1,1
SCM,1,24700,38654,1,1,1
SCM,1,24704,38658,1,1,1
SCM,1,24714,38668,1,1,1
SCM,1,24721,38675,1,1,1
SCM,1,24723,38677,1,1,1
SCM,1,24732,38686,1,1,1
SCM,1,24750,38704,1,1,1
SCM,1,24765,38719,1,1,1
SCM,1,24768,38722,1,0,0
SCM,1,24794,38748,1,1,1
SCM,1,24814,38768,1,1,1
SCM,1,24831,38785,1,1,1
SCM,1,24839,38793,1,1,1
SCM,1,24865,38819,1,1,1
SCM,1,24878,38832,1,1,1
SCM,1,24904,38858,1,1,1
SCM,1,24921,38875,1,1,1
SCM,1,24923,38877,1,1,1
SCM,1,24961,38915,1,1,1
SCM,1,24972,38926,1,1,1
SCM,1,24984,38938,1,1,1
SCM,1,25003,38957,1,1,1
SCM,1,25017,38971,1,1,1
SCM,1,25036,38990,1,1,1
SCM,1,25053,39007,1,1,1
SCM,1,25055,39009,1,1,1
SCM,1,25056,39010,1,1,1
SCM,1,25058,39012,1,1,1
SCM,1,25071,39025,1,1,1
SCM,1,25081,39035,1,1,1
SCM,1,25085,39039,1,1,1
SCM,1,25086,39040,1,1,1
SCM,1,25123,39077,1,1,1
SCM,1,25128,39082,1,1,1
SCM,1,25141,39095,1,1,1
SCM,1,25153,39107,1,1,1
SCM,1,25154,39108,1,1,1
SCM,1,25161,39115,1,1,1
SCM,1,25163,39117,1,1,1
SCM,1,25173,39127,1,1,1
SCM,1,25175,39129,1,1,1
SCM,1,25198,39152,1,1,1
SCM,1,25225,39179,1,1,1
SCM,1,25261,39215,1,1,1
SCM,1,25274,39228,1,1,1
SCM,1,25285,39239,1,1,1
SCM,1,25286,39240,1,1,1
SCM,1,25287,39241,1,1,1
SCM,1,25289,39243,1,1,1
SCM,1,25291,39245,1,1,1
SCM,1,25307,39261,1,1,1
SCM,1,25319,39273,1,1,1
SCM,1,25338,39292,1,1,1
SCM,1,25342,39296,1,1,1
SCM,1,25353,39307,1,1,1
SCM,1,25355,39309,1,1,1
SCM,1,25361,39315,1,1,1
SCM,1,25373,39327,1,1,1
SCM,1,25384,39338,1,1,1
SCM,1,25394,39348,1,1,1
SCM,1,25395,39349,1,1,1
SCM,1,25399,39353,1,1,1
SCM,1,25401,39355,1,1,1
SCM,1,25410,39364,1,1,1
SCM,1,25418,39372,1,1,1
SCM,1,25431,39385,1,1,1
SCM,1,25440,39394,1,1,1
SCM,1,25471,39425,1,1,1
SCM,1,25490,39444,1,1,1
SCM,1,25510,39464,1,1,1
SCM,1,25518,39472,1,1,1
SCM,1,25521,39475,1,1,1
SCM,1,25529,39483,1,1,1
SCM,1,25530,39484,1,1,1
SCM,1,25538,39492,1,1,1
SCM,1,25545,39499,1,1,1
SCM,1,25576,39530,1,1,1
SCM,1,25579,39533,1,1,1
SCM,1,25586,39540,1,1,1
SCM,1,25613,39567,1,0,0
SCM,1,25616,39570,1,1,1
SCM,1,25628,39582,1,1,1
SCM,1,25634,39588,1,1,1
SCM,1,25646,39600,1,1,1
SCM,1,25702,39656,1,1,1
SCM,1,25703,39657,1,1,1
SCM,1,25717,39671,1,1,1
SCM,1,25720,39674,1,1,1
SCM,1,25733,39687,1,1,1
SCM,1,25738,39692,1,1,1
SCM,1,25750,39704,1,1,1
SCM,1,25758,39712,1,1,1
SCM,1,25809,39763,1,1,1
SCM,1,25817,39771,1,1,1
SCM,1,25819,39773,1,1,1
SCM,1,25821,39775,1,1,1
SCM,1,25824,39778,1,1,1
SCM,1,25840,39794,1,1,1
SCM,1,25841,39795,1,1,1
SCM,1,25845,39799,1,1,1
SCM,1,25852,39806,1,1,1
SCM,1,25861,39815,1,1,1
SCM,1,25862,39816,1,1,1
SCM,1,25876,39830,1,1,1
SCM,1,25891,39845,1,1,1
SCM,1,25909,39863,1,1,1
SCM,1,25915,39869,1,1,1
SCM,1,25922,39876,1,0,0
SCM,1,25966,39920,1,1,1
SCM,1,25977,39931,1,1,1
SCM,1,25984,39938,0,0,1
SCM,1,25997,39951,0,0,1
SCM,1,26012,39966,0,0,1
SCM,1,26016,39970,0,0,1
SCM,1,26032,39986,0,0,1
SCM,1,26040,39994,0,0,1
SCM,1,26045,39999,0,0,1
SCM,1,26059,40013,0,0,1
SCM,1,26064,40018,0,0,1
SCM,1,26078,40032,0,0,1
SCM,1,26080,40034,0,0,1
SCM,1,26092,40046,0,0,1
SCM,1,26095,40049,0,0,1
SCM,1,26113,40067,0,0,1
SCM,1,26117,40071,0,0,1
SCM,1,26126,40080,0,0,1
SCM,1,26131,40085,0,0,1
SCM,1,26133,40087,0,0,1
SCM,1,26142,40096,0,0,1
SCM,1,26145,40099,0,0,1
SCM,1,26148,40102,0,0,1
SCM,1,26156,40110,0,0,1
SCM,1,26175,40129,0,0,1
SCM,1,26185,40139,0,1,0
SCM,1,26188,40142,0,0,1
SCM,1,26193,40147,0,0,1
SCM,1,26198,40152,0,0,1
SCM,1,26215,40169,0,0,1
SCM,1,26221,40175,0,0,1
SCM,1,26236,40190,0,0,1
SCM,1,26238,40192,0,0,1
SCM,1,26240,40194,0,0,1
SCM,1,26248,40202,0,0,1
SCM,1,26252,40206,0,0,1
SCM,1,26253,40207,0,0,1
SCM,1,26277,40231,0,0,1
SCM,1,26299,40253,0,0,1
SCM,1,26313,40267,0,0,1
SCM,1,26323,40277,0,0,1
SCM,1,26324,40278,0,0,1
SCM,1,26342,40296,0,0,1
SCM,1,26361,40315,0,0,1
SCM,1,26367,40321,0,0,1
SCM,1,26379,40333,0,0,1
SCM,1,26393,40347,0,0,1
SCM,1,26414,40368,0,0,1
SCM,1,26417,40371,0,0,1
SCM,1,26420,40374,0,0,1
SCM,1,26427,40381,0,0,1
SCM,1,26429,40383,0,0,1
SCM,1,26451,40405,0,0,1
SCM,1,26455,40409,0,0,1
SCM,1,26461,40415,0,0,1
SCM,1,26477,40431,0,0,1
SCM,1,26487,40441,0,0,1
SCM,1,26488,40442,0,0,1
SCM,1,26506,40460,0,0,1
SCM,1,26509,40463,0,1,0
SCM,1,26531,40485,0,0,1
SCM,1,26553,40507,0,0,1
SCM,1,26562,40516,0,0,1
SCM,1,26583,40537,0,0,1
SCM,1,26587,40541,0,0,1
SCM,1,26594,40548,0,0,1
SCM,1,26602,40556,0,0,1
SCM,1,26608,40562,0,0,1
SCM,1,26625,40579,0,0,1
SCM,1,26637,40591,0,0,1
SCM,1,26639,40593,0,0,1
SCM,1,26649,40603,0,0,1
SCM,1,26652,40606,0,0,1
SCM,1,26654,40608,0,0,1
SCM,1,26655,40609,0,0,1
SCM,1,26674,40628,0,0,1
SCM,1,26675,40629,0,0,1
SCM,1,26676,40630,0,0,1
SCM,1,26678,40632,0,0,1
SCM,1,26687,40641,0,0,1
SCM,1,26730,40684,0,0,1
SCM,1,26735,40689,0,0,1
SCM,1,26736,40690,0,0,1
SCM,1,26764,40718,0,0,1
SCM,1,26765,40719,0,0,1
SCM,1,26823,40777,0,0,1
SCM,1,26839,40793,0,0,1
SCM,1,26841,40795,0,0,1
SCM,1,26848,40802,0,1,0
SCM,1,26857,40811,0,0,1
SCM,1,26867,40821,0,0,1
SCM,1,26878,40832,0,0,1
SCM,1,26897,40851,0,0,1
SCM,1,26923,40877,0,0,1
SCM,1,26928,40882,0,0,1
SCM,1,26944,40898,0,0,1
SCM,1,26947,40901,0,0,1
SCM,1,26949,40903,0,1,0
SCM,1,26951,40905,0,0,1
SCM,1,26953,40907,0,0,1
SCM,1,26954,40908,0,0,1
SCM,1,26971,40925,0,0,1
SCM,1,26972,40926,0,0,1
SCM,1,26986,40940,0,1,0
SCM,1,26995,40949,0,1,0
SCM,1,27002,40956,0,0,1
SCM,1,27003,40957,0,0,1
SCM,1,27032,40986,0,0,1
SCM,1,27034,40988,0,0,1
SCM,1,27040,40994,0,0,1
SCM,1,27054,41008,0,0,1
SCM,1,27059,41013,0,0,1
SCM,1,27061,41015,0,0,1
SCM,1,27066,41020,0,0,1
SCM,1,27069,41023,0,0,1
SCM,1,27080,41034,0,0,1
SCM,1,27081,41035,0,0,1
SCM,1,27086,41040,0,0,1
SCM,1,27107,41061,0,0,1
SCM,1,27121,41075,0,0,1
SCM,1,27144,41098,0,0,1
SCM,1,27148,41102,0,0,1
SCM,1,27186,41140,0,0,1
SCM,1,27207,41161,0,0,1
SCM,1,27211,41165,0,0,1
SCM,1,27218,41172,0,1,0
SCM,1,27240,41194,0,0,1
SCM,1,27246,41200,0,0,1
SCM,1,27253,41207,0,0,1
SCM,1,27266,41220,0,0,1
SCM,1,27278,41232,0,0,1
SCM,1,27282,41236,0,0,1
SCM,1,27292,41246,0,0,1
SCM,1,27293,41247,0,0,1
SCM,1,27294,41248,0,0,1
SCM,1,27295,41249,0,1,0
SCM,1,27305,41259,0,0,1
SCM,1,27313,41267,0,0,1
SCM,1,27316,41270,0,0,1
SCM,1,27319,41273,0,1,0
SCM,1,27323,41277,0,0,1
SCM,1,27332,41286,0,0,1
SCM,1,27345,41299,0,0,1
SCM,1,27371,41325,0,0,1
SCM,1,27377,41331,0,0,1
SCM,1,27381,41335,0,0,1
SCM,1,27394,41348,0,0,1
SCM,1,27400,41354,0,0,1
SCM,1,27407,41361,0,0,1
SCM,1,27425,41379,0,0,1
SCM,1,27429,41383,0,0,1
SCM,1,27434,41388,0,0,1
SCM,1,27469,41423,0,0,1
SCM,1,27484,41438,0,0,1
SCM,1,27491,41445,0,0,1
SCM,1,27499,41453,0,0,1
SCM,1,27502,41456,0,0,1
SCM,1,27543,41497,0,0,1
SCM,1,27556,41510,0,0,1
SCM,1,27595,41549,0,0,1
SCM,1,27596,41550,0,0,1
SCM,1,27598,41552,0,0,1
SCM,1,27619,41573,0,0,1
SCM,1,27628,41582,0,0,1
SCM,1,27629,41583,0,0,1
SCM,1,27639,41593,0,0,1
SCM,1,27640,41594,0,0,1
SCM,1,27647,41601,0,0,1
SCM,1,27650,41604,0,0,1
SCM,1,27652,41606,0,0,1
SCM,1,27658,41612,0,0,1
SCM,1,27668,41622,0,0,1
SCM,1,27671,41625,0,0,1
SCM,1,27688,41642,0,0,1
SCM,1,27702,41656,0,0,1
SCM,1,27708,41662,0,0,1
SCM,1,27724,41678,0,0,1
SCM,1,27730,41684,0,0,1
SCM,1,27742,41696,0,0,1
SCM,1,27747,41701,0,0,1
SCM,1,27764,41718,0,0,1
SCM,1,27767,41721,0,0,1
SCM,1,27768,41722,0,0,1
SCM,1,27777,41731,0,0,1
SCM,1,27778,41732,0,0,1
SCM,1,27782,41736,0,1,0
SCM,1,27805,41759,0,0,1
SCM,1,27811,41765,0,0,1
SCM,1,27827,41781,0,0,1
SCM,1,27831,41785,0,0,1
SCM,1,27837,41791,0,1,0
SCM,1,27844,41798,0,1,0
SCM,1,27850,41804,0,0,1
SCM,1,27863,41817,0,0,1
SCM,1,27865,41819,0,0,1
SCM,1,27869,41823,0,0,1
SCM,1,27873,41827,0,0,1
SCM,1,27881,41835,0,0,1
SCM,1,27884,41838,0,0,1
SCM,1,27891,41845,0,0,1
SCM,1,27902,41856,0,0,1
SCM,1,27918,41872,0,0,1
SCM,1,27965,41919,0,0,1
SCM,1,27990,41944,0,0,1
SCM,1,27997,41951,0,0,1
SCM,1,27999,41953,0,0,1
SCM,2,23572,37526,1,1,1
SCM,2,23577,37531,1,1,1
SCM,2,23604,37558,1,1,1
SCM,2,23610,37564,1,1,1
SCM,2,23617,37571,1,1,1
SCM,2,23623,37577,1,1,1
SCM,2,23632,37586,1,1,1
SCM,2,23688,37642,1,1,1
SCM,2,23700,37654,1,1,1
SCM,2,23729,37683,1,1,1
SCM,2,23740,37694,1,1,1
SCM,2,23744,37698,1,1,1
SCM,2,23765,37719,1,1,1
SCM,2,23772,37726,1,1,1
SCM,2,23779,37733,1,1,1
SCM,2,23781,37735,1,1,1
SCM,2,23787,37741,1,1,1
SCM,2,23816,37770,1,1,1
SCM,2,23817,37771,1,1,1
SCM,2,23837,37791,1,1,1
SCM,2,23844,37798,1,1,1
SCM,2,23846,37800,1,1,1
SCM,2,23850,37804,1,1,1
SCM,2,23851,37805,1,1,1
SCM,2,23852,37806,1,1,1
SCM,2,23859,37813,1,1,1
SCM,2,23861,37815,1,1,1
SCM,2,23867,37821,1,1,1
SCM,2,23874,37828,1,0,0
SCM,2,23906,37860,1,1,1
SCM,2,23926,37880,1,1,1
SCM,2,23931,37885,1,1,1
SCM,2,23941,37895,1,1,1
SCM,2,23954,37908,1,1,1
SCM,2,23955,37909,1,1,1
SCM,2,23958,37912,1,1,1
SCM,2,23968,37922,1,1,1
SCM,2,23973,37927,1,1,1
SCM,2,23976,37930,1,1,1
SCM,2,23986,37940,1,1,1
SCM,2,23988,37942,1,1,1
SCM,2,23990,37944,1,1,1
SCM,2,24014,37968,1,1,1
SCM,2,24024,37978,1,1,1
SCM,2,24027,37981,1,1,1
SCM,2,24033,37987,1,1,1
SCM,2,24047,38001,1,1,1
SCM,2,24049,38003,1,1,1
SCM,2,24071,38025,1,1,1
SCM,2,24077,38031,1,1,1
SCM,2,24082,38036,1,1,1
SCM,2,24128,38082,1,1,1
SCM,2,24132,38086,1,1,1
SCM,2,24133,38087,1,1,1
SCM,2,24149,38103,1,1,1
SCM,2,24178,38132,1,1,1
SCM,2,24179,38133,1,1,1
SCM,2,24191,38145,1,1,1
SCM,2,24212,38166,1,1,1
SCM,2,24226,38180,1,1,1
SCM,2,24234,38188,1,1,1
SCM,2,24237,38191,1,1,1
SCM,2,24252,38206,1,1,1
SCM,2,24270,38224,1,1,1
SCM,2,24288,38242,1,1,1
SCM,2,24294,38248,1,1,1
SCM,2,24331,38285,1,1,1
SCM,2,24333,38287,1,1,1
SCM,2,24339,38293,1,1,1
SCM,2,24340,38294,1,1,1
SCM,2,24356,38310,1,1,1
SCM,2,24369,38323,1,1,1
SCM,2,24381,38335,1,1,1
SCM,2,24385,38339,1,1,1
SCM,2,24386,38340,1,1,1
SCM,2,24387,38341,1,1,1
SCM,2,24405,38359,1,1,1
SCM,2,24408,38362,1,1,1
SCM,2,24421,38375,1,1,1
SCM,2,24423,38377,1,1,1
SCM,2,24435,38389,1,1,1
SCM,2,24441,38395,1,1,1
SCM,2,24498,38452,1,1,1
SCM,2,24501,38455,1,1,1
SCM,2,24505,38459,1,1,1
SCM,2,24514,38468,1,1,1
SCM,2,24521,38475,1,1,1
SCM,2,24535,38489,1,1,1
SCM,2,24537,38491,1,1,1
SCM,2,24554,38508,1,1,1
SCM,2,24562,38516,1,1,1
SCM,2,24568,38522,1,1,1
SCM,2,24576,38530,1,1,1
SCM,2,24597,38551,1,1,1
SCM,2,24599,38553,1,1,1
SCM,2,24602,38556,1,1,1
SCM,2,24619,38573,1,1,1
SCM,2,24621,38575,1,1,1
SCM,2,24644,38598,1,1,1
SCM,2,24657,38611,1,1,1
SCM,2,24658,38612,1,1,1
SCM,2,24662,38616,1,1,1
SCM,2,24664,38618,1,1,1
SCM,2,24665,38619,1,1,1
SCM,2,24675,38629,1,1,1
SCM,2,24681,38635,1,1,1
SCM,2,24699,38653,1,1,1
SCM,2,24726,38680,1,1,1
SCM,2,24728,38682,1,1,1
SCM,2,24748,38702,1,1,1
SCM,2,24751,38705,1,1,1
SCM,2,24754,38708,1,1,1
SCM,2,24781,38735,1,1,1
SCM,2,24786,38740,1,1,1
SCM,2,24788,38742,1,1,1
SCM,2,24791,38745,1,1,1
SCM,2,24819,38773,1,1,1
SCM,2,24820,38774,1,1,1
SCM,2,24823,38777,1,1,1
SCM,2,24859,38813,1,1,1
SCM,2,24886,38840,1,1,1
SCM,2,24899,38853,1,1,1
SCM,2,24903,38857,1,1,1
SCM,2,24905,38859,1,1,1
SCM,2,24917,38871,1,1,1
SCM,2,24919,38873,1,1,1
SCM,2,24925,38879,1,0,0
SCM,2,24926,38880,1,1,1
SCM,2,24927,38881,1,1,1
SCM,2,24930,38884,1,1,1
SCM,2,24931,38885,1,1,1
SCM,2,24933,38887,1,1,1
SCM,2,24936,38890,1,1,1
SCM,2,24942,38896,1,1,1
SCM,2,24944,38898,1,1,1
SCM,2,24968,38922,1,1,1
SCM,2,24971,38925,1,1,1
SCM,2,24978,38932,1,1,1
SCM,2,24992,38946,1,1,1
SCM,2,24994,38948,1,1,1
SCM,2,25014,38968,1,1,1
SCM,2,25025,38979,1,1,1
SCM,2,25027,38981,1,1,1
SCM,2,25030,38984,1,1,1
SCM,2,25032,38986,1,1,1
SCM,2,25034,38988,1,1,1
SCM,2,25059,39013,1,1,1
SCM,2,25064,39018,1,1,1
SCM,2,25075,39029,1,1,1
SCM,2,25088,39042,1,1,1
SCM,2,25090,39044,1,1,1
SCM,2,25138,39092,1,1,1
SCM,2,25143,39097,1,1,1
SCM,2,25151,39105,1,1,1
SCM,2,25178,39132,1,1,1
SCM,2,25180,39134,1,1,1
SCM,2,25185,39139,1,1,1
SCM,2,25193,39147,1,1,1
SCM,2,25229,39183,1,1,1
SCM,2,25234,39188,1,1,1
SCM,2,25254,39208,1,1,1
SCM,2,25276,39230,1,1,1
SCM,2,25288,39242,1,1,1
SCM,2,25318,39272,1,0,0
SCM,2,25321,39275,1,0,0
SCM,2,25322,39276,1,1,1
SCM,2,25327,39281,1,1,1
SCM,2,25332,39286,1,1,1
SCM,2,25337,39291,1,1,1
SCM,2,25350,39304,1,1,1
SCM,2,25352,39306,1,1,1
SCM,2,25358,39312,1,1,1
SCM,2,25369,39323,1,1,1
SCM,2,25379,39333,1,1,1
SCM,2,25385,39339,1,1,1
SCM,2,25398,39352,1,1,1
SCM,2,25400,39354,1,1,1
SCM,2,25411,39365,1,1,1
SCM,2,25426,39380,1,1,1
SCM,2,25442,39396,1,1,1
SCM,2,25457,39411,1,1,1
SCM,2,25459,39413,1,1,1
SCM,2,25463,39417,1,0,0
SCM,2,25475,39429,1,1,1
SCM,2,25479,39433,1,1,1
SCM,2,25488,39442,1,1,1
SCM,2,25494,39448,1,1,1
SCM,2,25503,39457,1,1,1
SCM,2,25509,39463,1,0,0
SCM,2,25514,39468,1,1,1
SCM,2,25520,39474,1,1,1
SCM,2,25525,39479,1,1,1
SCM,2,25531,39485,1,1,1
SCM,2,25532,39486,1,1,1
SCM,2,25539,39493,1,1,1
SCM,2,25541,39495,1,1,1
SCM,2,25543,39497,1,1,1
SCM,2,25544,39498,1,1,1
SCM,2,25547,39501,1,1,1
SCM,2,25553,39507,1,1,1
SCM,2,25563,39517,1,1,1
SCM,2,25565,39519,1,1,1
SCM,2,25572,39526,1,1,1
SCM,2,25583,39537,1,1,1
SCM,2,25584,39538,1,1,1
SCM,2,25596,39550,1,1,1
SCM,2,25600,39554,1,1,1
SCM,2,25609,39563,1,1,1
SCM,2,25620,39574,1,1,1
SCM,2,25627,39581,1,1,1
SCM,2,25630,39584,1,1,1
SCM,2,25631,39585,1,1,1
SCM,2,25633,39587,1,1,1
SCM,2,25636,39590,1,1,1
SCM,2,25641,39595,1,1,1
SCM,2,25644,39598,1,1,1
SCM,2,25671,39625,1,1,1
SCM,2,25679,39633,1,1,1
SCM,2,25685,39639,1,1,1
SCM,2,25723,39677,1,1,1
SCM,2,25728,39682,1,1,1
SCM,2,25737,39691,1,1,1
SCM,2,25742,39696,1,1,1
SCM,2,25756,39710,1,1,1
SCM,2,25764,39718,1,1,1
SCM,2,25776,39730,1,1,1
SCM,2,25777,39731,1,1,1
SCM,2,25780,39734,1,1,1
SCM,2,25788,39742,1,1,1
SCM,2,25789,39743,1,1,1
SCM,2,25813,39767,1,1,1
SCM,2,25869,39823,1,1,1
SCM,2,25883,39837,1,1,1
SCM,2,25885,39839,1,1,1
SCM,2,25894,39848,1,1,1
SCM,2,25898,39852,1,1,1
SCM,2,25912,39866,1,1,1
SCM,2,25930,39884,1,1,1
SCM,2,25939,39893,1,1,1
SCM,2,25944,39898,1,1,1
SCM,2,25952,39906,1,1,1
SCM,2,25961,39915,1,1,1
SCM,2,25968,39922,1,1,1
SCM,2,25999,39953,0,0,1
SCM,2,26011,39965,0,0,1
SCM,2,26043,39997,0,0,1
SCM,2,26052,40006,0,0,1
SCM,2,26060,40014,0,0,1
SCM,2,26069,40023,0,0,1
SCM,2,26070,40024,0,0,1
SCM,2,26074,40028,0,0,1
SCM,2,26106,40060,0,0,1
SCM,2,26115,40069,0,0,1
SCM,2,26116,40070,0,0,1
SCM,2,26122,40076,0,1,0
SCM,2,26146,40100,0,0,1
SCM,2,26209,40163,0,0,1
SCM,2,26220,40174,0,0,1
SCM,2,26234,40188,0,1,0
SCM,2,26246,40200,0,0,1
SCM,2,26250,40204,0,0,1
SCM,2,26303,40257,0,0,1
SCM,2,26309,40263,0,0,1
SCM,2,26312,40266,0,0,1
SCM,2,26329,40283,0,0,1
SCM,2,26330,40284,0,0,1
SCM,2,26337,40291,0,0,1
SCM,2,26355,40309,0,0,1
SCM,2,26358,40312,0,0,1
SCM,2,26380,40334,0,0,1
SCM,2,26383,40337,0,0,1
SCM,2,26385,40339,0,0,1
SCM,2,26387,40341,0,0,1
SCM,2,26388,40342,0,0,1
SCM,2,26392,40346,0,0,1
SCM,2,26408,40362,0,0,1
SCM,2,26425,40379,0,1,0
SCM,2,26433,40387,0,0,1
SCM,2,26438,40392,0,0,1
SCM,2,26466,40420,0,0,1
SCM,2,26489,40443,0,0,1
SCM,2,26497,40451,0,0,1
SCM,2,26507,40461,0,1,0
SCM,2,26515,40469,0,0,1
SCM,2,26520,40474,0,1,0
SCM,2,26559,40513,0,0,1
SCM,2,26565,40519,0,0,1
SCM,2,26570,40524,0,0,1
SCM,2,26580,40534,0,0,1
SCM,2,26586,40540,0,0,1
SCM,2,26591,40545,0,0,1
SCM,2,26595,40549,0,0,1
SCM,2,26597,40551,0,0,1
SCM,2,26627,40581,0,0,1
SCM,2,26632,40586,0,0,1
SCM,2,26646,40600,0,0,1
SCM,2,26664,40618,0,0,1
SCM,2,26669,40623,0,0,1
SCM,2,26677,40631,0,0,1
SCM,2,26679,40633,0,0,1
SCM,2,26682,40636,0,0,1
SCM,2,26689,40643,0,0,1
SCM,2,26698,40652,0,0,1
SCM,2,26709,40663,0,0,1
SCM,2,26723,40677,0,0,1
SCM,2,26728,40682,0,0,1
SCM,2,26737,40691,0,0,1
SCM,2,26754,40708,0,0,1
SCM,2,26755,40709,0,0,1
SCM,2,26768,40722,0,0,1
SCM,2,26772,40726,0,0,1
SCM,2,26809,40763,0,0,1
SCM,2,26847,40801,0,0,1
SCM,2,26850,40804,0,1,0
SCM,2,26852,40806,0,0,1
SCM,2,26865,40819,0,0,1
SCM,2,26869,40823,0,0,1
SCM,2,26872,40826,0,0,1
SCM,2,26875,40829,0,0,1
SCM,2,26889,40843,0,0,1
SCM,2,26894,40848,0,0,1
SCM,2,26904,40858,0,0,1
SCM,2,26905,40859,0,1,0
SCM,2,26926,40880,0,0,1
SCM,2,26934,40888,0,0,1
SCM,2,26935,40889,0,0,1
SCM,2,26940,40894,0,0,1
SCM,2,26941,40895,0,0,1
SCM,2,26959,40913,0,0,1
SCM,2,26962,40916,0,0,1
SCM,2,26978,40932,0,0,1
SCM,2,26982,40936,0,0,1
SCM,2,26985,40939,0,0,1
SCM,2,27001,40955,0,1,0
SCM,2,27014,40968,0,0,1
SCM,2,27028,40982,0,0,1
SCM,2,27048,41002,0,0,1
SCM,2,27049,41003,0,0,1
SCM,2,27064,41018,0,0,1
SCM,2,27070,41024,0,1,0
SCM,2,27083,41037,0,0,1
SCM,2,27084,41038,0,0,1
SCM,2,27087,41041,0,1,0
SCM,2,27095,41049,0,1,0
SCM,2,27102,41056,0,0,1
SCM,2,27105,41059,0,0,1
SCM,2,27109,41063,0,0,1
SCM,2,27123,41077,0,0,1
SCM,2,27131,41085,0,0,1
SCM,2,27142,41096,0,0,1
SCM,2,27153,41107,0,1,0
SCM,2,27182,41136,0,0,1
SCM,2,27184,41138,0,0,1
SCM,2,27189,41143,0,0,1
SCM,2,27190,41144,0,0,1
SCM,2,27194,41148,0,0,1
SCM,2,27219,41173,0,0,1
SCM,2,27222,41176,0,0,1
SCM,2,27223,41177,0,0,1
SCM,2,27227,41181,0,0,1
SCM,2,27234,41188,0,0,1
SCM,2,27248,41202,0,0,1
SCM,2,27252,41206,0,0,1
SCM,2,27277,41231,0,0,1
SCM,2,27287,41241,0,0,1
SCM,2,27300,41254,0,0,1
SCM,2,27317,41271,0,0,1
SCM,2,27320,41274,0,1,0
SCM,2,27324,41278,0,0,1
SCM,2,27331,41285,0,0,1
SCM,2,27335,41289,0,0,1
SCM,2,27341,41295,0,1,0
SCM,2,27351,41305,0,0,1
SCM,2,27352,41306,0,0,1
SCM,2,27359,41313,0,0,1
SCM,2,27363,41317,0,0,1
SCM,2,27392,41346,0,0,1
SCM,2,27396,41350,0,0,1
SCM,2,27404,41358,0,0,1
SCM,2,27421,41375,0,0,1
SCM,2,27443,41397,0,0,1
SCM,2,27446,41400,0,0,1
SCM,2,27450,41404,0,0,1
SCM,2,27451,41405,0,0,1
SCM,2,27455,41409,0,0,1
SCM,2,27459,41413,0,0,1
SCM,2,27462,41416,0,0,1
SCM,2,27470,41424,0,0,1
SCM,2,27496,41450,0,0,1
SCM,2,27510,41464,0,0,1
SCM,2,27515,41469,0,0,1
SCM,2,27522,41476,0,0,1
SCM,2,27529,41483,0,0,1
SCM,2,27537,41491,0,0,1
SCM,2,27542,41496,0,0,1
SCM,2,27547,41501,0,0,1
SCM,2,27548,41502,0,0,1
SCM,2,27560,41514,0,0,1
SCM,2,27561,41515,0,0,1
SCM,2,27567,41521,0,1,0
SCM,2,27575,41529,0,0,1
SCM,2,27576,41530,0,0,1
SCM,2,27577,41531,0,0,1
SCM,2,27580,41534,0,0,1
SCM,2,27602,41556,0,0,1
SCM,2,27615,41569,0,0,1
SCM,2,27616,41570,0,0,1
SCM,2,27617,41571,0,0,1
SCM,2,27620,41574,0,0,1
SCM,2,27659,41613,0,0,1
SCM,2,27661,41615,0,1,0
SCM,2,27673,41627,0,0,1
SCM,2,27679,41633,0,0,1
SCM,2,27680,41634,0,0,1
SCM,2,27696,41650,0,0,1
SCM,2,27698,41652,0,0,1
SCM,2,27703,41657,0,0,1
SCM,2,27712,41666,0,0,1
SCM,2,27722,41676,0,0,1
SCM,2,27733,41687,0,0,1
SCM,2,27736,41690,0,0,1
SCM,2,27741,41695,0,0,1
SCM,2,27748,41702,0,0,1
SCM,2,27759,41713,0,0,1
SCM,2,27770,41724,0,0,1
SCM,2,27775,41729,0,0,1
SCM,2,27785,41739,0,1,0
SCM,2,27787,41741,0,0,1
SCM,2,27793,41747,0,0,1
SCM,2,27795,41749,0,0,1
SCM,2,27798,41752,0,0,1
SCM,2,27807,41761,0,0,1
SCM,2,27810,41764,0,0,1
SCM,2,27823,41777,0,0,1
SCM,2,27870,41824,0,0,1
SCM,2,27877,41831,0,0,1
SCM,2,27887,41841,0,1,0
SCM,2,27894,41848,0,0,1
SCM,2,27905,41859,0,0,1
SCM,2,27911,41865,0,0,1
SCM,2,27915,41869,0,0,1
SCM,2,27939,41893,0,0,1
SCM,2,27958,41912,0,0,1
SCM,2,27980,41934,0,0,1
SCM,2,27982,41936,0,0,1
SCM,2,27985,41939,0,0,1
SCM,2,28014,41968,0,0,1
SCM,3,23564,37518,1,1,1
SCM,3,23585,37539,1,1,1
SCM,3,23591,37545,1,1,1
SCM,3,23592,37546,1,1,1
SCM,3,23599,37553,1,1,1
SCM,3,23603,37557,1,1,1
SCM,3,23612,37566,1,1,1
SCM,3,23625,37579,1,1,1
SCM,3,23629,37583,1,1,1
SCM,3,23633,37587,1,1,1
SCM,3,23634,37588,1,1,1
SCM,3,23636,37590,1,1,1
SCM,3,23648,37602,1,1,1
SCM,3,23683,37637,1,1,1
SCM,3,23694,37648,1,1,1
SCM,3,23704,37658,1,1,1
SCM,3,23716,37670,1,1,1
SCM,3,23730,37684,1,1,1
SCM,3,23733,37687,1,1,1
SCM,3,23742,37696,1,1,1
SCM,3,23749,37703,1,1,1
SCM,3,23763,37717,1,1,1
SCM,3,23776,37730,1,1,1
SCM,3,23783,37737,1,1,1
SCM,3,23792,37746,1,1,1
SCM,3,23795,37749,1,1,1
SCM,3,23800,37754,1,1,1
SCM,3,23802,37756,1,1,1
SCM,3,23813,37767,1,1,1
SCM,3,23827,37781,1,1,1
SCM,3,23830,37784,1,1,1
SCM,3,23863,37817,1,1,1
SCM,3,23872,37826,1,1,1
SCM,3,23876,37830,1,1,1
SCM,3,23881,37835,1,1,1
SCM,3,23886,37840,1,1,1
SCM,3,23903,37857,1,1,1
SCM,3,23909,37863,1,1,1
SCM,3,23911,37865,1,1,1
SCM,3,23930,37884,1,1,1
SCM,3,23943,37897,1,1,1
SCM,3,23951,37905,1,1,1
SCM,3,23964,37918,1,1,1
SCM,3,23965,37919,1,1,1
SCM,3,23966,37920,1,1,1
SCM,3,23992,37946,1,1,1
SCM,3,23997,37951,1,1,1
SCM,3,23998,37952,1,1,1
SCM,3,24006,37960,1,1,1
SCM,3,24009,37963,1,1,1
SCM,3,24022,37976,1,1,1
SCM,3,24046,38000,1,1,1
SCM,3,24051,38005,1,1,1
SCM,3,24055,38009,1,1,1
SCM,3,24061,38015,1,1,1
SCM,3,24067,38021,1,1,1
SCM,3,24081,38035,1,1,1
SCM,3,24091,38045,1,1,1
SCM,3,24096,38050,1,1,1
SCM,3,24099,38053,1,1,1
SCM,3,24130,38084,1,1,1
SCM,3,24140,38094,1,1,1
SCM,3,24192,38146,1,1,1
SCM,3,24203,38157,1,1,1
SCM,3,24206,38160,1,1,1
SCM,3,24218,38172,1,1,1
SCM,3,24222,38176,1,0,0
SCM,3,24225,38179,1,1,1
SCM,3,24249,38203,1,1,1
SCM,3,24263,38217,1,1,1
SCM,3,24268,38222,1,1,1
SCM,3,24302,38256,1,1,1
SCM,3,24314,38268,1,1,1
SCM,3,24320,38274,1,1,1
SCM,3,24338,38292,1,1,1
SCM,3,24376,38330,1,1,1
SCM,3,24382,38336,1,1,1
SCM,3,24383,38337,1,1,1
SCM,3,24384,38338,1,1,1
SCM,3,24388,38342,1,1,1
SCM,3,24393,38347,1,1,1
SCM,3,24414,38368,1,1,1
SCM,3,24432,38386,1,1,1
SCM,3,24454,38408,1,1,1
SCM,3,24489,38443,1,1,1
SCM,3,24495,38449,1,1,1
SCM,3,24499,38453,1,1,1
SCM,3,24512,38466,1,1,1
SCM,3,24513,38467,1,1,1
SCM,3,24547,38501,1,1,1
SCM,3,24560,38514,1,1,1
SCM,3,24561,38515,1,1,1
SCM,3,24570,38524,1,1,1
SCM,3,24575,38529,1,1,1
SCM,3,24590,38544,1,1,1
SCM,3,24616,38570,1,1,1
SCM,3,24639,38593,1,1,1
SCM,3,24640,38594,1,1,1
SCM,3,24653,38607,1,1,1
SCM,3,24656,38610,1,1,1
SCM,3,24667,38621,1,1,1
SCM,3,24672,38626,1,1,1
SCM,3,24680,38634,1,1,1
SCM,3,24692,38646,1,1,1
SCM,3,24711,38665,1,1,1
SCM,3,24715,38669,1,1,1
SCM,3,24741,38695,1,1,1
SCM,3,24745,38699,1,1,1
SCM,3,24755,38709,1,1,1
SCM,3,24776,38730,1,1,1
SCM,3,24795,38749,1,1,1
SCM,3,24804,38758,1,1,1
SCM,3,24808,38762,1,0,0
SCM,3,24825,38779,1,1,1
SCM,3,24830,38784,1,1,1
SCM,3,24852,38806,1,1,1
SCM,3,24862,38816,1,1,1
SCM,3,24863,38817,1,1,1
SCM,3,24866,38820,1,1,1
SCM,3,24873,38827,1,1,1
SCM,3,24876,38830,1,1,1
SCM,3,24879,38833,1,1,1
SCM,3,24907,38861,1,1,1
SCM,3,24913,38867,1,1,1
SCM,3,24915,38869,1,1,1
SCM,3,24920,38874,1,1,1
SCM,3,24935,38889,1,1,1
SCM,3,24938,38892,1,1,1
SCM,3,24940,38894,1,1,1
SCM,3,24946,38900,1,1,1
SCM,3,24957,38911,1,1,1
SCM,3,24959,38913,1,1,1
SCM,3,24973,38927,1,1,1
SCM,3,24982,38936,1,1,1
SCM,3,24990,38944,1,1,1
SCM,3,25006,38960,1,1,1
SCM,3,25009,38963,1,1,1
SCM,3,25019,38973,1,1,1
SCM,3,25020,38974,1,1,1
SCM,3,25040,38994,1,1,1
SCM,3,25051,39005,1,1,1
SCM,3,25078,39032,1,1,1
SCM,3,25093,39047,1,1,1
SCM,3,25105,39059,1,1,1
SCM,3,25108,39062,1,1,1
SCM,3,25110,39064,1,1,1
SCM,3,25115,39069,1,1,1
SCM,3,25118,39072,1,1,1
SCM,3,25167,39121,1,1,1
SCM,3,25171,39125,1,1,1
SCM,3,25183,39137,1,1,1
SCM,3,25188,39142,1,1,1
SCM,3,25191,39145,1,1,1
SCM,3,25214,39168,1,1,1
SCM,3,25215,39169,1,1,1
SCM,3,25221,39175,1,1,1
SCM,3,25222,39176,1,1,1
SCM,3,25230,39184,1,1,1
SCM,3,25247,39201,1,1,1
SCM,3,25251,39205,1,1,1
SCM,3,25268,39222,1,1,1
SCM,3,25273,39227,1,1,1
SCM,3,25278,39232,1,1,1
SCM,3,25279,39233,1,1,1
SCM,3,25297,39251,1,1,1
SCM,3,25302,39256,1,1,1
SCM,3,25310,39264,1,1,1
SCM,3,25314,39268,1,1,1
SCM,3,25315,39269,1,1,1
SCM,3,25323,39277,1,1,1
SCM,3,25343,39297,1,1,1
SCM,3,25360,39314,1,1,1
SCM,3,25368,39322,1,1,1
SCM,3,25391,39345,1,1,1
SCM,3,25407,39361,1,1,1
SCM,3,25413,39367,1,1,1
SCM,3,25415,39369,1,1,1
SCM,3,25416,39370,1,1,1
SCM,3,25421,39375,1,1,1
SCM,3,25435,39389,1,1,1
SCM,3,25439,39393,1,1,1
SCM,3,25455,39409,1,1,1
SCM,3,25465,39419,1,1,1
SCM,3,25468,39422,1,1,1
SCM,3,25482,39436,1,1,1
SCM,3,25486,39440,1,1,1
SCM,3,25491,39445,1,1,1
SCM,3,25493,39447,1,1,1
SCM,3,25504,39458,1,1,1
SCM,3,25513,39467,1,1,1
SCM,3,25517,39471,1,0,0
SCM,3,25527,39481,1,1,1
SCM,3,25556,39510,1,1,1
SCM,3,25557,39511,1,1,1
SCM,3,25562,39516,1,1,1
SCM,3,25567,39521,1,1,1
SCM,3,25571,39525,1,1,1
SCM,3,25598,39552,1,1,1
SCM,3,25608,39562,1,1,1
SCM,3,25612,39566,1,1,1
SCM,3,25621,39575,1,1,1
SCM,3,25632,39586,1,1,1
SCM,3,25638,39592,1,1,1
SCM,3,25647,39601,1,1,1
SCM,3,25648,39602,1,1,1
SCM,3,25650,39604,1,1,1
SCM,3,25659,39613,1,1,1
SCM,3,25661,39615,1,1,1
SCM,3,25665,39619,1,1,1
SCM,3,25670,39624,1,1,1
SCM,3,25673,39627,1,1,1
SCM,3,25681,39635,1,1,1
SCM,3,25684,39638,1,1,1
SCM,3,25687,39641,1,1,1
SCM,3,25688,39642,1,1,1
SCM,3,25701,39655,1,1,1
SCM,3,25710,39664,1,1,1
SCM,3,25725,39679,1,1,1
SCM,3,25727,39681,1,1,1
SCM,3,25731,39685,1,1,1
SCM,3,25747,39701,1,1,1
SCM,3,25749,39703,1,1,1
SCM,3,25765,39719,1,1,1
SCM,3,25787,39741,1,1,1
SCM,3,25793,39747,1,1,1
SCM,3,25795,39749,1,1,1
SCM,3,25801,39755,1,1,1
SCM,3,25825,39779,1,1,1
SCM,3,25827,39781,1,1,1
SCM,3,25831,39785,1,1,1
SCM,3,25833,39787,1,1,1
SCM,3,25835,39789,1,1,1
SCM,3,25847,39801,1,1,1
SCM,3,25859,39813,1,1,1
SCM,3,25872,39826,1,1,1
SCM,3,25873,39827,1,1,1
SCM,3,25880,39834,1,1,1
SCM,3,25904,39858,1,1,1
SCM,3,25910,39864,1,1,1
SCM,3,25929,39883,1,1,1
SCM,3,25940,39894,1,1,1
SCM,3,25964,39918,1,1,1
SCM,3,25979,39933,1,1,1
SCM,3,25989,39943,0,0,1
SCM,3,25993,39947,0,0,1
SCM,3,26004,39958,0,0,1
SCM,3,26008,39962,0,0,1
SCM,3,26013,39967,0,0,1
SCM,3,26017,39971,0,0,1
SCM,3,26031,39985,0,0,1
SCM,3,26034,39988,0,0,1
SCM,3,26058,40012,0,0,1
SCM,3,26062,40016,0,0,1
SCM,3,26063,40017,0,0,1
SCM,3,26068,40022,0,0,1
SCM,3,26075,40029,0,0,1
SCM,3,26086,40040,0,0,1
SCM,3,26090,40044,0,0,1
SCM,3,26098,40052,0,1,0
SCM,3,26101,40055,0,0,1
SCM,3,26108,40062,0,0,1
SCM,3,26120,40074,0,0,1
SCM,3,26128,40082,0,0,1
SCM,3,26154,40108,0,0,1
SCM,3,26159,40113,0,0,1
SCM,3,26167,40121,0,0,1
SCM,3,26170,40124,0,0,1
SCM,3,26174,40128,0,0,1
SCM,3,26187,40141,0,0,1
SCM,3,26190,40144,0,0,1
SCM,3,26204,40158,0,0,1
SCM,3,26208,40162,0,0,1
SCM,3,26219,40173,0,0,1
SCM,3,26222,40176,0,0,1
SCM,3,26223,40177,0,0,1
SCM,3,26254,40208,0,0,1
SCM,3,26255,40209,0,0,1
SCM,3,26260,40214,0,1,0
SCM,3,26265,40219,0,0,1
SCM,3,26291,40245,0,1,0
SCM,3,26296,40250,0,1,0
SCM,3,26317,40271,0,0,1
SCM,3,26327,40281,0,0,1
SCM,3,26334,40288,0,1,0
SCM,3,26343,40297,0,0,1
SCM,3,26344,40298,0,0,1
SCM,3,26350,40304,0,0,1
SCM,3,26351,40305,0,0,1
SCM,3,26356,40310,0,0,1
SCM,3,26372,40326,0,0,1
SCM,3,26386,40340,0,1,0
SCM,3,26394,40348,0,0,1
SCM,3,26415,40369,0,0,1
SCM,3,26434,40388,0,1,0
SCM,3,26436,40390,0,0,1
SCM,3,26446,40400,0,0,1
SCM,3,26456,40410,0,0,1
SCM,3,26462,40416,0,0,1
SCM,3,26465,40419,0,0,1
SCM,3,26467,40421,0,0,1
SCM,3,26470,40424,0,0,1
SCM,3,26500,40454,0,0,1
SCM,3,26502,40456,0,0,1
SCM,3,26503,40457,0,0,1
SCM,3,26516,40470,0,1,0
SCM,3,26525,40479,0,0,1
SCM,3,26528,40482,0,0,1
SCM,3,26534,40488,0,0,1
SCM,3,26535,40489,0,0,1
SCM,3,26557,40511,0,0,1
SCM,3,26564,40518,0,0,1
SCM,3,26566,40520,0,0,1
SCM,3,26567,40521,0,0,1
SCM,3,26578,40532,0,0,1
SCM,3,26584,40538,0,0,1
SCM,3,26593,40547,0,0,1
SCM,3,26628,40582,0,0,1
SCM,3,26653,40607,0,0,1
SCM,3,26662,40616,0,0,1
SCM,3,26680,40634,0,0,1
SCM,3,26681,40635,0,0,1
SCM,3,26685,40639,0,0,1
SCM,3,26703,40657,0,0,1
SCM,3,26714,40668,0,0,1
SCM,3,26721,40675,0,0,1
SCM,3,26727,40681,0,0,1
SCM,3,26733,40687,0,0,1
SCM,3,26752,40706,0,0,1
SCM,3,26753,40707,0,0,1
SCM,3,26766,40720,0,0,1
SCM,3,26787,40741,0,0,1
SCM,3,26790,40744,0,0,1
SCM,3,26800,40754,0,0,1
SCM,3,26810,40764,0,0,1
SCM,3,26812,40766,0,1,0
SCM,3,26827,40781,0,0,1
SCM,3,26832,40786,0,1,0
SCM,3,26834,40788,0,0,1
SCM,3,26835,40789,0,0,1
SCM,3,26844,40798,0,0,1
SCM,3,26864,40818,0,0,1
SCM,3,26866,40820,0,0,1
SCM,3,26870,40824,0,0,1
SCM,3,26873,40827,0,1,0
SCM,3,26884,40838,0,0,1
SCM,3,26887,40841,0,0,1
SCM,3,26908,40862,0,0,1
SCM,3,26911,40865,0,0,1
SCM,3,26917,40871,0,0,1
SCM,3,26919,40873,0,1,0
SCM,3,26925,40879,0,0,1
SCM,3,26950,40904,0,0,1
SCM,3,26957,40911,0,0,1
SCM,3,26966,40920,0,0,1
SCM,3,26979,40933,0,0,1
SCM,3,26987,40941,0,0,1
SCM,3,26990,40944,0,0,1
SCM,3,26996,40950,0,0,1
SCM,3,26999,40953,0,0,1
SCM,3,27005,40959,0,0,1
SCM,3,27006,40960,0,0,1
SCM,3,27007,40961,0,0,1
SCM,3,27008,40962,0,0,1
SCM,3,27011,40965,0,0,1
SCM,3,27022,40976,0,0,1
SCM,3,27038,40992,0,0,1
SCM,3,27044,40998,0,0,1
SCM,3,27050,41004,0,0,1
SCM,3,27056,41010,0,0,1
SCM,3,27062,41016,0,0,1
SCM,3,27093,41047,0,0,1
SCM,3,27099,41053,0,0,1
SCM,3,27127,41081,0,0,1
SCM,3,27134,41088,0,0,1
SCM,3,27136,41090,0,0,1
SCM,3,27138,41092,0,0,1
SCM,3,27151,41105,0,0,1
SCM,3,27170,41124,0,0,1
SCM,3,27188,41142,0,0,1
SCM,3,27197,41151,0,0,1
SCM,3,27216,41170,0,0,1
SCM,3,27226,41180,0,0,1
SCM,3,27241,41195,0,0,1
SCM,3,27247,41201,0,0,1
SCM,3,27265,41219,0,0,1
SCM,3,27268,41222,0,0,1
SCM,3,27279,41233,0,0,1
SCM,3,27280,41234,0,0,1
SCM,3,27288,41242,0,0,1
SCM,3,27289,41243,0,0,1
SCM,3,27303,41257,0,0,1
SCM,3,27322,41276,0,0,1
SCM,3,27342,41296,0,0,1
SCM,3,27344,41298,0,0,1
SCM,3,27347,41301,0,0,1
SCM,3,27350,41304,0,1,0
SCM,3,27362,41316,0,0,1
SCM,3,27374,41328,0,0,1
SCM,3,27378,41332,0,0,1
SCM,3,27379,41333,0,0,1
SCM,3,27386,41340,0,0,1
SCM,3,27387,41341,0,0,1
SCM,3,27391,41345,0,0,1
SCM,3,27403,41357,0,0,1
SCM,3,27410,41364,0,0,1
SCM,3,27417,41371,0,0,1
SCM,3,27430,41384,0,0,1
SCM,3,27438,41392,0,0,1
SCM,3,27449,41403,0,0,1
SCM,3,27460,41414,0,0,1
SCM,3,27486,41440,0,0,1
SCM,3,27488,41442,0,0,1
SCM,3,27504,41458,0,0,1
SCM,3,27509,41463,0,0,1
SCM,3,27521,41475,0,0,1
SCM,3,27531,41485,0,0,1
SCM,3,27538,41492,0,0,1
SCM,3,27541,41495,0,0,1
SCM,3,27563,41517,0,0,1
SCM,3,27572,41526,0,0,1
SCM,3,27599,41553,0,0,1
SCM,3,27614,41568,0,0,1
SCM,3,27642,41596,0,0,1
SCM,3,27693,41647,0,0,1
SCM,3,27706,41660,0,0,1
SCM,3,27709,41663,0,0,1
SCM,3,27714,41668,0,0,1
SCM,3,27745,41699,0,0,1
SCM,3,27756,41710,0,0,1
SCM,3,27758,41712,0,0,1
SCM,3,27760,41714,0,0,1
SCM,3,27780,41734,0,0,1
SCM,3,27784,41738,0,1,0
SCM,3,27790,41744,0,0,1
SCM,3,27803,41757,0,0,1
SCM,3,27809,41763,0,0,1
SCM,3,27861,41815,0,0,1
SCM,3,27872,41826,0,1,0
SCM,3,27888,41842,0,0,1
SCM,3,27907,41861,0,0,1
SCM,3,27931,41885,0,0,1
SCM,3,27952,41906,0,0,1
SCM,3,27964,41918,0,0,1
SCM,3,27970,41924,0,0,1
SCM,3,27979,41933,0,0,1
SCM,3,27991,41945,0,0,1
SCM,3,28012,41966,0,0,1
SCM,4,23560,37514,1,1,1
SCM,4,23574,37528,1,1,1
SCM,4,23581,37535,1,1,1
SCM,4,23589,37543,1,1,1
SCM,4,23607,37561,1,1,1
SCM,4,23618,37572,1,1,1
SCM,4,23638,37592,1,0,0
SCM,4,23643,37597,1,1,1
SCM,4,23653,37607,1,1,1
SCM,4,23655,37609,1,1,1
SCM,4,23663,37617,1,1,1
SCM,4,23668,37622,1,1,1
SCM,4,23670,37624,1,1,1
SCM,4,23671,37625,1,1,1
SCM,4,23682,37636,1,1,1
SCM,4,23689,37643,1,1,1
SCM,4,23692,37646,1,1,1
SCM,4,23701,37655,1,1,1
SCM,4,23713,37667,1,1,1
SCM,4,23720,37674,1,1,1
SCM,4,23722,37676,1,1,1
SCM,4,23736,37690,1,1,1
SCM,4,23738,37692,1,1,1
SCM,4,23764,37718,1,1,1
SCM,4,23782,37736,1,1,1
SCM,4,23803,37757,1,1,1
SCM,4,23808,37762,1,1,1
SCM,4,23814,37768,1,1,1
SCM,4,23825,37779,1,1,1
SCM,4,23828,37782,1,1,1
SCM,4,23839,37793,1,1,1
SCM,4,23845,37799,1,1,1
SCM,4,23847,37801,1,1,1
SCM,4,23858,37812,1,1,1
SCM,4,23866,37820,1,1,1
SCM,4,23878,37832,1,1,1
SCM,4,23900,37854,1,1,1
SCM,4,23908,37862,1,1,1
SCM,4,23916,37870,1,1,1
SCM,4,23917,37871,1,1,1
SCM,4,23921,37875,1,1,1
SCM,4,23927,37881,1,1,1
SCM,4,23929,37883,1,1,1
SCM,4,23948,37902,1,1,1
SCM,4,23952,37906,1,1,1
SCM,4,23957,37911,1,1,1
SCM,4,23969,37923,1,1,1
SCM,4,23970,37924,1,1,1
SCM,4,23975,37929,1,1,1
SCM,4,23979,37933,1,1,1
SCM,4,24012,37966,1,1,1
SCM,4,24017,37971,1,1,1
SCM,4,24018,37972,1,1,1
SCM,4,24036,37990,1,1,1
SCM,4,24058,38012,1,1,1
SCM,4,24066,38020,1,1,1
SCM,4,24086,38040,1,1,1
SCM,4,24103,38057,1,1,1
SCM,4,24106,38060,1,1,1
SCM,4,24108,38062,1,1,1
SCM,4,24124,38078,1,1,1
SCM,4,24126,38080,1,1,1
SCM,4,24158,38112,1,1,1
SCM,4,24164,38118,1,1,1
SCM,4,24172,38126,1,1,1
SCM,4,24175,38129,1,1,1
SCM,4,24180,38134,1,1,1
SCM,4,24194,38148,1,1,1
SCM,4,24213,38167,1,1,1
SCM,4,24217,38171,1,1,1
SCM,4,24227,38181,1,1,1
SCM,4,24247,38201,1,1,1
SCM,4,24251,38205,1,1,1
SCM,4,24257,38211,1,1,1
SCM,4,24261,38215,1,1,1
SCM,4,24265,38219,1,1,1
SCM,4,24274,38228,1,1,1
SCM,4,24287,38241,1,1,1
SCM,4,24297,38251,1,1,1
SCM,4,24299,38253,1,1,1
SCM,4,24301,38255,1,1,1
SCM,4,24317,38271,1,1,1
SCM,4,24321,38275,1,1,1
SCM,4,24325,38279,1,1,1
SCM,4,24335,38289,1,1,1
SCM,4,24343,38297,1,1,1
SCM,4,24349,38303,1,1,1
SCM,4,24358,38312,1,1,1
SCM,4,24362,38316,1,1,1
SCM,4,24371,38325,1,0,0
SCM,4,24395,38349,1,1,1
SCM,4,24400,38354,1,1,1
SCM,4,24401,38355,1,1,1
SCM,4,24411,38365,1,1,1
SCM,4,24420,38374,1,1,1
SCM,4,24434,38388,1,1,1
SCM,4,24442,38396,1,1,1
SCM,4,24444,38398,1,1,1
SCM,4,24446,38400,1,1,1
SCM,4,24451,38405,1,1,1
SCM,4,24453,38407,1,1,1
SCM,4,24473,38427,1,1,1
SCM,4,24479,38433,1,1,1
SCM,4,24496,38450,1,1,1
SCM,4,24497,38451,1,1,1
SCM,4,24504,38458,1,1,1
SCM,4,24511,38465,1,1,1
SCM,4,24516,38470,1,1,1
SCM,4,24528,38482,1,1,1
SCM,4,24536,38490,1,1,1
SCM,4,24540,38494,1,1,1
SCM,4,24558,38512,1,1,1
SCM,4,24569,38523,1,1,1
SCM,4,24642,38596,1,1,1
SCM,4,24666,38620,1,1,1
SCM,4,24668,38622,1,1,1
SCM,4,24676,38630,1,1,1
SCM,4,24678,38632,1,1,1
SCM,4,24701,38655,1,1,1
SCM,4,24703,38657,1,1,1
SCM,4,24709,38663,1,1,1
SCM,4,24710,38664,1,1,1
SCM,4,24717,38671,1,1,1
SCM,4,24718,38672,1,1,1
SCM,4,24720,38674,1,1,1
SCM,4,24735,38689,1,1,1
SCM,4,24757,38711,1,1,1
SCM,4,24761,38715,1,1,1
SCM,4,24777,38731,1,1,1
SCM,4,24782,38736,1,1,1
SCM,4,24792,38746,1,1,1
SCM,4,24800,38754,1,1,1
SCM,4,24806,38760,1,1,1
SCM,4,24824,38778,1,1,1
SCM,4,24837,38791,1,0,0
SCM,4,24845,38799,1,1,1
SCM,4,24854,38808,1,1,1
SCM,4,24856,38810,1,1,1
SCM,4,24857,38811,1,1,1
SCM,4,24861,38815,1,1,1
SCM,4,24872,38826,1,1,1
SCM,4,24884,38838,1,1,1
SCM,4,24898,38852,1,1,1
SCM,4,24912,38866,1,1,1
SCM,4,24916,38870,1,1,1
SCM,4,24922,38876,1,1,1
SCM,4,24955,38909,1,1,1
SCM,4,24956,38910,1,1,1
SCM,4,24970,38924,1,1,1
SCM,4,24975,38929,1,0,0
SCM,4,25002,38956,1,1,1
SCM,4,25008,38962,1,1,1
SCM,4,25013,38967,1,1,1
SCM,4,25038,38992,1,1,1
SCM,4,25048,39002,1,1,1
SCM,4,25054,39008,1,1,1
SCM,4,25066,39020,1,1,1
SCM,4,25074,39028,1,1,1
SCM,4,25114,39068,1,1,1
SCM,4,25121,39075,1,1,1
SCM,4,25127,39081,1,1,1
SCM,4,25135,39089,1,1,1
SCM,4,25142,39096,1,1,1
SCM,4,25158,39112,1,1,1
SCM,4,25160,39114,1,1,1
SCM,4,25184,39138,1,0,0
SCM,4,25203,39157,1,1,1
SCM,4,25213,39167,1,1,1
SCM,4,25219,39173,1,1,1
SCM,4,25220,39174,1,1,1
SCM,4,25237,39191,1,1,1
SCM,4,25243,39197,1,1,1
SCM,4,25245,39199,1,1,1
SCM,4,25257,39211,1,1,1
SCM,4,25272,39226,1,1,1
SCM,4,25281,39235,1,1,1
SCM,4,25290,39244,1,1,1
SCM,4,25305,39259,1,1,1
SCM,4,25312,39266,1,1,1
SCM,4,25313,39267,1,1,1
SCM,4,25316,39270,1,1,1
SCM,4,25320,39274,1,0,0
SCM,4,25336,39290,1,1,1
SCM,4,25344,39298,1,1,1
SCM,4,25348,39302,1,1,1
SCM,4,25374,39328,1,1,1
SCM,4,25393,39347,1,1,1
SCM,4,25408,39362,1,1,1
SCM,4,25419,39373,1,1,1
SCM,4,25432,39386,1,1,1
SCM,4,25450,39404,1,1,1
SCM,4,25451,39405,1,1,1
SCM,4,25467,39421,1,0,0
SCM,4,25472,39426,1,1,1
SCM,4,25487,39441,1,1,1
SCM,4,25506,39460,1,1,1
SCM,4,25524,39478,1,0,0
SCM,4,25537,39491,1,1,1
SCM,4,25540,39494,1,1,1
SCM,4,25542,39496,1,1,1
SCM,4,25549,39503,1,1,1
SCM,4,25568,39522,1,0,0
SCM,4,25574,39528,1,1,1
SCM,4,25582,39536,1,1,1
SCM,4,25591,39545,1,1,1
SCM,4,25597,39551,1,0,0
SCM,4,25603,39557,1,1,1
SCM,4,25606,39560,1,1,1
SCM,4,25610,39564,1,1,1
SCM,4,25624,39578,1,1,1
SCM,4,25626,39580,1,1,1
SCM,4,25639,39593,1,1,1
SCM,4,25656,39610,1,0,0
SCM,4,25657,39611,1,1,1
SCM,4,25667,39621,1,1,1
SCM,4,25668,39622,1,0,0
SCM,4,25678,39632,1,1,1
SCM,4,25683,39637,1,1,1
SCM,4,25692,39646,1,1,1
SCM,4,25699,39653,1,1,1
SCM,4,25707,39661,1,1,1
SCM,4,25751,39705,1,1,1
SCM,4,25797,39751,1,1,1
SCM,4,25816,39770,1,1,1
SCM,4,25822,39776,1,1,1
SCM,4,25844,39798,1,1,1
SCM,4,25854,39808,1,1,1
SCM,4,25860,39814,1,1,1
SCM,4,25864,39818,1,1,1
SCM,4,25866,39820,1,1,1
SCM,4,25871,39825,1,1,1
SCM,4,25879,39833,1,1,1
SCM,4,25886,39840,1,1,1
SCM,4,25903,39857,1,1,1
SCM,4,25908,39862,1,1,1
SCM,4,25913,39867,1,1,1
SCM,4,25936,39890,1,0,0
SCM,4,25945,39899,1,1,1
SCM,4,25946,39900,1,1,1
SCM,4,25969,39923,1,1,1
SCM,4,25971,39925,1,1,1
SCM,4,25973,39927,1,1,1
SCM,4,25983,39937,1,1,1
SCM,4,25992,39946,0,0,1
SCM,4,26001,39955,0,1,0
SCM,4,26009,39963,0,0,1
SCM,4,26023,39977,0,0,1
SCM,4,26028,39982,0,0,1
SCM,4,26048,40002,0,0,1
SCM,4,26049,40003,0,0,1
SCM,4,26079,40033,0,0,1
SCM,4,26081,40035,0,0,1
SCM,4,26094,40048,0,0,1
SCM,4,26110,40064,0,0,1
SCM,4,26124,40078,0,0,1
SCM,4,26130,40084,0,0,1
SCM,4,26135,40089,0,0,1
SCM,4,26161,40115,0,0,1
SCM,4,26172,40126,0,0,1
SCM,4,26181,40135,0,0,1
SCM,4,26191,40145,0,0,1
SCM,4,26196,40150,0,0,1
SCM,4,26199,40153,0,0,1
SCM,4,26207,40161,0,0,1
SCM,4,26211,40165,0,0,1
SCM,4,26212,40166,0,0,1
SCM,4,26216,40170,0,0,1
SCM,4,26225,40179,0,0,1
SCM,4,26228,40182,0,0,1
SCM,4,26232,40186,0,0,1
SCM,4,26281,40235,0,0,1
SCM,4,26310,40264,0,0,1
SCM,4,26332,40286,0,0,1
SCM,4,26346,40300,0,0,1
SCM,4,26347,40301,0,0,1
SCM,4,26348,40302,0,0,1
SCM,4,26360,40314,0,0,1
SCM,4,26373,40327,0,0,1
SCM,4,26374,40328,0,0,1
SCM,4,26377,40331,0,0,1
SCM,4,26402,40356,0,0,1
SCM,4,26412,40366,0,0,1
SCM,4,26437,40391,0,0,1
SCM,4,26469,40423,0,1,0
SCM,4,26482,40436,0,0,1
SCM,4,26486,40440,0,0,1
SCM,4,26495,40449,0,0,1
SCM,4,26524,40478,0,1,0
SCM,4,26529,40483,0,0,1
SCM,4,26537,40491,0,0,1
SCM,4,26540,40494,0,0,1
SCM,4,26568,40522,0,0,1
SCM,4,26575,40529,0,0,1
SCM,4,26611,40565,0,0,1
SCM,4,26619,40573,0,1,0
SCM,4,26630,40584,0,0,1
SCM,4,26647,40601,0,0,1
SCM,4,26665,40619,0,0,1
SCM,4,26695,40649,0,0,1
SCM,4,26705,40659,0,0,1
SCM,4,26726,40680,0,0,1
SCM,4,26729,40683,0,0,1
SCM,4,26734,40688,0,0,1
SCM,4,26740,40694,0,1,0
SCM,4,26761,40715,0,0,1
SCM,4,26770,40724,0,0,1
SCM,4,26773,40727,0,0,1
SCM,4,26776,40730,0,0,1
SCM,4,26777,40731,0,0,1
SCM,4,26784,40738,0,0,1
SCM,4,26791,40745,0,0,1
SCM,4,26793,40747,0,0,1
SCM,4,26796,40750,0,0,1
SCM,4,26802,40756,0,0,1
SCM,4,26804,40758,0,0,1
SCM,4,26805,40759,0,0,1
SCM,4,26813,40767,0,0,1
SCM,4,26825,40779,0,0,1
SCM,4,26826,40780,0,0,1
SCM,4,26845,40799,0,0,1
SCM,4,26871,40825,0,1,0
SCM,4,26883,40837,0,1,0
SCM,4,26885,40839,0,0,1
SCM,4,26890,40844,0,0,1
SCM,4,26899,40853,0,0,1
SCM,4,26900,40854,0,0,1
SCM,4,26902,40856,0,0,1
SCM,4,26910,40864,0,0,1
SCM,4,26932,40886,0,0,1
SCM,4,26938,40892,0,1,0
SCM,4,26942,40896,0,0,1
SCM,4,26967,40921,0,1,0
SCM,4,26980,40934,0,0,1
SCM,4,26991,40945,0,0,1
SCM,4,26994,40948,0,0,1
SCM,4,26998,40952,0,0,1
SCM,4,27010,40964,0,0,1
SCM,4,27017,40971,0,0,1
SCM,4,27043,40997,0,0,1
SCM,4,27045,40999,0,0,1
SCM,4,27057,41011,0,0,1
SCM,4,27068,41022,0,0,1
SCM,4,27072,41026,0,0,1
SCM,4,27073,41027,0,0,1
SCM,4,27079,41033,0,0,1
SCM,4,27100,41054,0,0,1
SCM,4,27108,41062,0,0,1
SCM,4,27114,41068,0,0,1
SCM,4,27117,41071,0,0,1
SCM,4,27120,41074,0,0,1
SCM,4,27161,41115,0,0,1
SCM,4,27163,41117,0,0,1
SCM,4,27173,41127,0,0,1
SCM,4,27175,41129,0,0,1
SCM,4,27205,41159,0,0,1
SCM,4,27208,41162,0,0,1
SCM,4,27212,41166,0,0,1
SCM,4,27215,41169,0,0,1
SCM,4,27217,41171,0,0,1
SCM,4,27232,41186,0,0,1
SCM,4,27235,41189,0,0,1
SCM,4,27245,41199,0,0,1
SCM,4,27284,41238,0,0,1
SCM,4,27301,41255,0,0,1
SCM,4,27321,41275,0,0,1
SCM,4,27333,41287,0,0,1
SCM,4,27336,41290,0,1,0
SCM,4,27337,41291,0,0,1
SCM,4,27338,41292,0,0,1
SCM,4,27339,41293,0,0,1
SCM,4,27348,41302,0,0,1
SCM,4,27357,41311,0,0,1
SCM,4,27368,41322,0,0,1
SCM,4,27375,41329,0,0,1
SCM,4,27388,41342,0,0,1
SCM,4,27389,41343,0,1,0
SCM,4,27390,41344,0,0,1
SCM,4,27398,41352,0,0,1
SCM,4,27406,41360,0,0,1
SCM,4,27415,41369,0,0,1
SCM,4,27422,41376,0,0,1
SCM,4,27423,41377,0,0,1
SCM,4,27466,41420,0,0,1
SCM,4,27467,41421,0,0,1
SCM,4,27480,41434,0,0,1
SCM,4,27495,41449,0,0,1
SCM,4,27500,41454,0,0,1
SCM,4,27516,41470,0,0,1
SCM,4,27517,41471,0,0,1
SCM,4,27527,41481,0,0,1
SCM,4,27539,41493,0,0,1
SCM,4,27540,41494,0,0,1
SCM,4,27546,41500,0,0,1
SCM,4,27559,41513,0,0,1
SCM,4,27562,41516,0,0,1
SCM,4,27597,41551,0,0,1
SCM,4,27601,41555,0,0,1
SCM,4,27604,41558,0,0,1
SCM,4,27609,41563,0,1,0
SCM,4,27618,41572,0,0,1
SCM,4,27621,41575,0,0,1
SCM,4,27631,41585,0,0,1
SCM,4,27633,41587,0,0,1
SCM,4,27651,41605,0,0,1
SCM,4,27681,41635,0,1,0
SCM,4,27683,41637,0,0,1
SCM,4,27705,41659,0,0,1
SCM,4,27710,41664,0,0,1
SCM,4,27720,41674,0,0,1
SCM,4,27731,41685,0,0,1
SCM,4,27755,41709,0,0,1
SCM,4,27757,41711,0,0,1
SCM,4,27773,41727,0,0,1
SCM,4,27792,41746,0,0,1
SCM,4,27794,41748,0,0,1
SCM,4,27796,41750,0,0,1
SCM,4,27801,41755,0,1,0
SCM,4,27806,41760,0,0,1
SCM,4,27817,41771,0,0,1
SCM,4,27824,41778,0,0,1
SCM,4,27826,41780,0,0,1
SCM,4,27838,41792,0,0,1
SCM,4,27840,41794,0,0,1
SCM,4,27848,41802,0,0,1
SCM,4,27854,41808,0,0,1
SCM,4,27859,41813,0,0,1
SCM,4,27867,41821,0,0,1
SCM,4,27875,41829,0,0,1
SCM,4,27878,41832,0,0,1
SCM,4,27883,41837,0,0,1
SCM,4,27897,41851,0,0,1
SCM,4,27919,41873,0,0,1
SCM,4,27921,41875,0,0,1
SCM,4,27924,41878,0,0,1
SCM,4,27933,41887,0,0,1
SCM,4,27935,41889,0,0,1
SCM,4,27945,41899,0,0,1
SCM,4,27948,41902,0,0,1
SCM,4,27951,41905,0,0,1
SCM,4,27954,41908,0,0,1
SCM,4,27975,41929,0,0,1
SCM,4,27987,41941,0,0,1
SCM,4,27993,41947,0,0,1
SCM,4,27995,41949,0,0,1
SCM,4,28005,41959,0,0,1
SCM,4,28007,41961,0,0,1
SCM,5,23565,37519,1,1,1
SCM,5,23571,37525,1,1,1
SCM,5,23597,37551,1,1,1
SCM,5,23635,37589,1,1,1
SCM,5,23651,37605,1,0,0
SCM,5,23672,37626,1,1,1
SCM,5,23679,37633,1,1,1
SCM,5,23714,37668,1,1,1
SCM,5,23728,37682,1,1,1
SCM,5,23741,37695,1,1,1
SCM,5,23757,37711,1,1,1
SCM,5,23766,37720,1,0,0
SCM,5,23784,37738,1,1,1
SCM,5,23791,37745,1,1,1
SCM,5,23805,37759,1,1,1
SCM,5,23807,37761,1,1,1
SCM,5,23824,37778,1,1,1
SCM,5,23840,37794,1,1,1
SCM,5,23853,37807,1,1,1
SCM,5,23868,37822,1,1,1
SCM,5,23869,37823,1,1,1
SCM,5,23879,37833,1,1,1
SCM,5,23890,37844,1,1,1
SCM,5,23891,37845,1,1,1
SCM,5,23924,37878,1,1,1
SCM,5,23937,37891,1,1,1
SCM,5,23960,37914,1,1,1
SCM,5,23961,37915,1,1,1
SCM,5,24001,37955,1,1,1
SCM,5,24020,37974,1,0,0
SCM,5,24021,37975,1,1,1
SCM,5,24023,37977,1,1,1
SCM,5,24031,37985,1,1,1
SCM,5,24034,37988,1,1,1
SCM,5,24040,37994,1,1,1
SCM,5,24053,38007,1,1,1
SCM,5,24060,38014,1,1,1
SCM,5,24070,38024,1,1,1
SCM,5,24083,38037,1,1,1
SCM,5,24084,38038,1,1,1
SCM,5,24094,38048,1,1,1
SCM,5,24105,38059,1,1,1
SCM,5,24109,38063,1,0,0
SCM,5,24116,38070,1,1,1
SCM,5,24118,38072,1,1,1
SCM,5,24121,38075,1,1,1
SCM,5,24127,38081,1,1,1
SCM,5,24143,38097,1,1,1
SCM,5,24154,38108,1,0,0
SCM,5,24162,38116,1,1,1
SCM,5,24171,38125,1,1,1
SCM,5,24181,38135,1,1,1
SCM,5,24182,38136,1,1,1
SCM,5,24183,38137,1,1,1
SCM,5,24186,38140,1,1,1
SCM,5,24187,38141,1,1,1
SCM,5,24193,38147,1,1,1
SCM,5,24195,38149,1,1,1
SCM,5,24209,38163,1,1,1
SCM,5,24211,38165,1,1,1
SCM,5,24233,38187,1,1,1
SCM,5,24239,38193,1,1,1
SCM,5,24242,38196,1,1,1
SCM,5,24246,38200,1,1,1
SCM,5,24258,38212,1,1,1
SCM,5,24267,38221,1,1,1
SCM,5,24282,38236,1,0,0
SCM,5,24286,38240,1,1,1
SCM,5,24291,38245,1,0,0
SCM,5,24293,38247,1,1,1
SCM,5,24304,38258,1,1,1
SCM,5,24319,38273,1,1,1
SCM,5,24326,38280,1,1,1
SCM,5,24332,38286,1,1,1
SCM,5,24334,38288,1,1,1
SCM,5,24336,38290,1,1,1
SCM,5,24337,38291,1,1,1
SCM,5,24345,38299,1,1,1
SCM,5,24347,38301,1,1,1
SCM,5,24363,38317,1,1,1
SCM,5,24375,38329,1,1,1
SCM,5,24397,38351,1,1,1
SCM,5,24407,38361,1,1,1
SCM,5,24415,38369,1,1,1
SCM,5,24416,38370,1,1,1
SCM,5,24429,38383,1,1,1
SCM,5,24440,38394,1,1,1
SCM,5,24445,38399,1,1,1
SCM,5,24455,38409,1,1,1
SCM,5,24456,38410,1,1,1
SCM,5,24457,38411,1,1,1
SCM,5,24460,38414,1,1,1
SCM,5,24461,38415,1,1,1
SCM,5,24462,38416,1,1,1
SCM,5,24470,38424,1,1,1
SCM,5,24471,38425,1,1,1
SCM,5,24474,38428,1,1,1
SCM,5,24482,38436,1,1,1
SCM,5,24484,38438,1,1,1
SCM,5,24485,38439,1,1,1
SCM,5,24488,38442,1,1,1
SCM,5,24500,38454,1,1,1
SCM,5,24509,38463,1,1,1
SCM,5,24527,38481,1,1,1
SCM,5,24534,38488,1,1,1
SCM,5,24552,38506,1,1,1
SCM,5,24557,38511,1,1,1
SCM,5,24584,38538,1,1,1
SCM,5,24587,38541,1,1,1
SCM,5,24589,38543,1,1,1
SCM,5,24594,38548,1,1,1
SCM,5,24596,38550,1,1,1
SCM,5,24604,38558,1,1,1
SCM,5,24606,38560,1,1,1
SCM,5,24610,38564,1,1,1
SCM,5,24635,38589,1,1,1
SCM,5,24641,38595,1,1,1
SCM,5,24652,38606,1,1,1
SCM,5,24655,38609,1,1,1
SCM,5,24683,38637,1,1,1
SCM,5,24688,38642,1,1,1
SCM,5,24706,38660,1,1,1
SCM,5,24738,38692,1,1,1
SCM,5,24744,38698,1,1,1
SCM,5,24767,38721,1,1,1
SCM,5,24773,38727,1,1,1
SCM,5,24775,38729,1,1,1
SCM,5,24785,38739,1,1,1
SCM,5,24790,38744,1,1,1
SCM,5,24802,38756,1,1,1
SCM,5,24815,38769,1,1,1
SCM,5,24816,38770,1,1,1
SCM,5,24817,38771,1,1,1
SCM,5,24821,38775,1,1,1
SCM,5,24826,38780,1,1,1
SCM,5,24833,38787,1,1,1
SCM,5,24840,38794,1,1,1
SCM,5,24846,38800,1,1,1
SCM,5,24850,38804,1,1,1
SCM,5,24858,38812,1,1,1
SCM,5,24867,38821,1,1,1
SCM,5,24890,38844,1,1,1
SCM,5,24929,38883,1,1,1
SCM,5,24953,38907,1,1,1
SCM,5,24964,38918,1,1,1
SCM,5,24965,38919,1,1,1
SCM,5,24976,38930,1,1,1
SCM,5,24977,38931,1,1,1
SCM,5,24986,38940,1,1,1
SCM,5,24999,38953,1,1,1
SCM,5,25001,38955,1,1,1
SCM,5,25033,38987,1,0,0
SCM,5,25039,38993,1,1,1
SCM,5,25046,39000,1,1,1
SCM,5,25061,39015,1,1,1
SCM,5,25062,39016,1,1,1
SCM,5,25067,39021,1,1,1
SCM,5,25080,39034,1,1,1
SCM,5,25095,39049,1,1,1
SCM,5,25106,39060,1,1,1
SCM,5,25122,39076,1,1,1
SCM,5,25131,39085,1,1,1
SCM,5,25132,39086,1,1,1
SCM,5,25140,39094,1,1,1
SCM,5,25152,39106,1,1,1
SCM,5,25194,39148,1,1,1
SCM,5,25195,39149,1,1,1
SCM,5,25199,39153,1,1,1
SCM,5,25202,39156,1,1,1
SCM,5,25231,39185,1,1,1
SCM,5,25240,39194,1,1,1
SCM,5,25241,39195,1,1,1
SCM,5,25249,39203,1,1,1
SCM,5,25265,39219,1,1,1
SCM,5,25277,39231,1,1,1
SCM,5,25284,39238,1,1,1
SCM,5,25300,39254,1,1,1
SCM,5,25324,39278,1,1,1
SCM,5,25339,39293,1,1,1
SCM,5,25345,39299,1,1,1
SCM,5,25347,39301,1,1,1
SCM,5,25359,39313,1,1,1
SCM,5,25363,39317,1,1,1
SCM,5,25376,39330,1,1,1
SCM,5,25390,39344,1,1,1
SCM,5,25406,39360,1,1,1
SCM,5,25414,39368,1,1,1
SCM,5,25424,39378,1,1,1
SCM,5,25425,39379,1,1,1
SCM,5,25430,39384,1,1,1
SCM,5,25443,39397,1,1,1
SCM,5,25445,39399,1,1,1
SCM,5,25477,39431,1,1,1
SCM,5,25480,39434,1,1,1
SCM,5,25492,39446,1,1,1
SCM,5,25496,39450,1,1,1
SCM,5,25498,39452,1,1,1
SCM,5,25501,39455,1,0,0
SCM,5,25516,39470,1,1,1
SCM,5,25522,39476,1,1,1
SCM,5,25564,39518,1,1,1
SCM,5,25589,39543,1,1,1
SCM,5,25604,39558,1,1,1
SCM,5,25623,39577,1,1,1
SCM,5,25625,39579,1,1,1
SCM,5,25635,39589,1,1,1
SCM,5,25642,39596,1,1,1
SCM,5,25662,39616,1,1,1
SCM,5,25666,39620,1,1,1
SCM,5,25672,39626,1,1,1
SCM,5,25682,39636,1,1,1
SCM,5,25696,39650,1,1,1
SCM,5,25715,39669,1,1,1
SCM,5,25724,39678,1,1,1
SCM,5,25736,39690,1,1,1
SCM,5,25743,39697,1,1,1
SCM,5,25748,39702,1,1,1
SCM,5,25753,39707,1,1,1
SCM,5,25760,39714,1,1,1
SCM,5,25768,39722,1,1,1
SCM,5,25770,39724,1,1,1
SCM,5,25771,39725,1,1,1
SCM,5,25783,39737,1,1,1
SCM,5,25784,39738,1,1,1
SCM,5,25786,39740,1,1,1
SCM,5,25791,39745,1,1,1
SCM,5,25796,39750,1,1,1
SCM,5,25800,39754,1,1,1
SCM,5,25830,39784,1,1,1
SCM,5,25834,39788,1,1,1
SCM,5,25836,39790,1,1,1
SCM,5,25837,39791,1,1,1
SCM,5,25846,39800,1,1,1
SCM,5,25850,39804,1,1,1
SCM,5,25856,39810,1,1,1
SCM,5,25881,39835,1,1,1
SCM,5,25901,39855,1,1,1
SCM,5,25919,39873,1,1,1
SCM,5,25920,39874,1,1,1
SCM,5,25934,39888,1,1,1
SCM,5,25938,39892,1,0,0
SCM,5,25947,39901,1,1,1
SCM,5,25976,39930,1,1,1
SCM,5,25987,39941,0,0,1
SCM,5,25996,39950,0,0,1
SCM,5,26003,39957,0,0,1
SCM,5,26036,39990,0,0,1
SCM,5,26038,39992,0,0,1
SCM,5,26044,39998,0,0,1
SCM,5,26050,40004,0,0,1
SCM,5,26057,40011,0,0,1
SCM,5,26071,40025,0,0,1
SCM,5,26087,40041,0,0,1
SCM,5,26088,40042,0,0,1
SCM,5,26102,40056,0,0,1
SCM,5,26103,40057,0,1,0
SCM,5,26104,40058,0,0,1
SCM,5,26109,40063,0,0,1
SCM,5,26118,40072,0,0,1
SCM,5,26119,40073,0,0,1
SCM,5,26125,40079,0,0,1
SCM,5,26129,40083,0,0,1
SCM,5,26144,40098,0,0,1
SCM,5,26151,40105,0,0,1
SCM,5,26157,40111,0,0,1
SCM,5,26158,40112,0,0,1
SCM,5,26165,40119,0,0,1
SCM,5,26168,40122,0,0,1
SCM,5,26182,40136,0,0,1
SCM,5,26195,40149,0,0,1
SCM,5,26200,40154,0,0,1
SCM,5,26226,40180,0,0,1
SCM,5,26227,40181,0,0,1
SCM,5,26249,40203,0,0,1
SCM,5,26263,40217,0,0,1
SCM,5,26269,40223,0,0,1
SCM,5,26282,40236,0,0,1
SCM,5,26284,40238,0,0,1
SCM,5,26287,40241,0,0,1
SCM,5,26293,40247,0,0,1
SCM,5,26308,40262,0,0,1
SCM,5,26321,40275,0,0,1
SCM,5,26341,40295,0,0,1
SCM,5,26369,40323,0,0,1
SCM,5,26381,40335,0,0,1
SCM,5,26395,40349,0,0,1
SCM,5,26410,40364,0,0,1
SCM,5,26418,40372,0,0,1
SCM,5,26431,40385,0,0,1
SCM,5,26444,40398,0,0,1
SCM,5,26450,40404,0,0,1
SCM,5,26452,40406,0,0,1
SCM,5,26454,40408,0,0,1
SCM,5,26460,40414,0,0,1
SCM,5,26468,40422,0,0,1
SCM,5,26472,40426,0,0,1
SCM,5,26494,40448,0,0,1
SCM,5,26498,40452,0,0,1
SCM,5,26499,40453,0,0,1
SCM,5,26501,40455,0,1,0
SCM,5,26521,40475,0,0,1
SCM,5,26523,40477,0,0,1
SCM,5,26546,40500,0,0,1
SCM,5,26549,40503,0,0,1
SCM,5,26582,40536,0,0,1
SCM,5,26590,40544,0,0,1
SCM,5,26603,40557,0,0,1
SCM,5,26605,40559,0,0,1
SCM,5,26610,40564,0,0,1
SCM,5,26635,40589,0,0,1
SCM,5,26638,40592,0,0,1
SCM,5,26672,40626,0,0,1
SCM,5,26690,40644,0,0,1
SCM,5,26691,40645,0,0,1
SCM,5,26694,40648,0,0,1
SCM,5,26701,40655,0,0,1
SCM,5,26724,40678,0,0,1
SCM,5,26749,40703,0,0,1
SCM,5,26760,40714,0,0,1
SCM,5,26780,40734,0,0,1
SCM,5,26785,40739,0,0,1
SCM,5,26789,40743,0,0,1
SCM,5,26797,40751,0,0,1
SCM,5,26803,40757,0,0,1
SCM,5,26807,40761,0,0,1
SCM,5,26824,40778,0,1,0
SCM,5,26828,40782,0,1,0
SCM,5,26829,40783,0,0,1
SCM,5,26831,40785,0,0,1
SCM,5,26846,40800,0,0,1
SCM,5,26856,40810,0,0,1
SCM,5,26861,40815,0,0,1
SCM,5,26881,40835,0,0,1
SCM,5,26888,40842,0,0,1
SCM,5,26927,40881,0,0,1
SCM,5,26961,40915,0,0,1
SCM,5,26965,40919,0,0,1
SCM,5,26969,40923,0,0,1
SCM,5,26983,40937,0,0,1
SCM,5,26988,40942,0,0,1
SCM,5,26989,40943,0,0,1
SCM,5,26997,40951,0,0,1
SCM,5,27004,40958,0,0,1
SCM,5,27009,40963,0,0,1
SCM,5,27021,40975,0,0,1
SCM,5,27023,40977,0,0,1
SCM,5,27026,40980,0,0,1
SCM,5,27029,40983,0,0,1
SCM,5,27047,41001,0,0,1
SCM,5,27051,41005,0,0,1
SCM,5,27058,41012,0,0,1
SCM,5,27077,41031,0,0,1
SCM,5,27088,41042,0,0,1
SCM,5,27110,41064,0,0,1
SCM,5,27115,41069,0,0,1
SCM,5,27122,41076,0,0,1
SCM,5,27129,41083,0,0,1
SCM,5,27133,41087,0,0,1
SCM,5,27140,41094,0,0,1
SCM,5,27154,41108,0,0,1
SCM,5,27167,41121,0,0,1
SCM,5,27177,41131,0,0,1
SCM,5,27178,41132,0,0,1
SCM,5,27202,41156,0,0,1
SCM,5,27228,41182,0,0,1
SCM,5,27229,41183,0,0,1
SCM,5,27258,41212,0,0,1
SCM,5,27260,41214,0,0,1
SCM,5,27261,41215,0,0,1
SCM,5,27262,41216,0,0,1
SCM,5,27264,41218,0,0,1
SCM,5,27267,41221,0,0,1
SCM,5,27273,41227,0,0,1
SCM,5,27298,41252,0,0,1
SCM,5,27312,41266,0,0,1
SCM,5,27326,41280,0,0,1
SCM,5,27330,41284,0,0,1
SCM,5,27353,41307,0,0,1
SCM,5,27367,41321,0,0,1
SCM,5,27376,41330,0,0,1
SCM,5,27397,41351,0,0,1
SCM,5,27427,41381,0,0,1
SCM,5,27436,41390,0,0,1
SCM,5,27439,41393,0,0,1
SCM,5,27442,41396,0,0,1
SCM,5,27452,41406,0,0,1
SCM,5,27458,41412,0,0,1
SCM,5,27461,41415,0,0,1
SCM,5,27463,41417,0,0,1
SCM,5,27478,41432,0,0,1
SCM,5,27487,41441,0,0,1
SCM,5,27489,41443,0,0,1
SCM,5,27511,41465,0,0,1
SCM,5,27532,41486,0,0,1
SCM,5,27535,41489,0,1,0
SCM,5,27544,41498,0,0,1
SCM,5,27550,41504,0,0,1
SCM,5,27551,41505,0,0,1
SCM,5,27552,41506,0,0,1
SCM,5,27555,41509,0,0,1
SCM,5,27557,41511,0,0,1
SCM,5,27564,41518,0,0,1
SCM,5,27566,41520,0,0,1
SCM,5,27573,41527,0,0,1
SCM,5,27587,41541,0,0,1
SCM,5,27592,41546,0,0,1
SCM,5,27605,41559,0,0,1
SCM,5,27610,41564,0,0,1
SCM,5,27613,41567,0,0,1
SCM,5,27636,41590,0,0,1
SCM,5,27656,41610,0,0,1
SCM,5,27669,41623,0,0,1
SCM,5,27670,41624,0,0,1
SCM,5,27676,41630,0,0,1
SCM,5,27686,41640,0,0,1
SCM,5,27711,41665,0,0,1
SCM,5,27743,41697,0,0,1
SCM,5,27752,41706,0,0,1
SCM,5,27753,41707,0,0,1
SCM,5,27762,41716,0,0,1
SCM,5,27771,41725,0,0,1
SCM,5,27776,41730,0,0,1
SCM,5,27802,41756,0,0,1
SCM,5,27830,41784,0,1,0
SCM,5,27832,41786,0,0,1
SCM,5,27847,41801,0,0,1
SCM,5,27849,41803,0,0,1
SCM,5,27880,41834,0,0,1
SCM,5,27904,41858,0,0,1
SCM,5,27906,41860,0,0,1
SCM,5,27908,41862,0,0,1
SCM,5,27920,41874,0,0,1
SCM,5,27932,41886,0,0,1
SCM,5,27936,41890,0,0,1
SCM,5,27943,41897,0,1,0
SCM,5,27953,41907,0,0,1
SCM,5,27957,41911,0,0,1
SCM,5,27976,41930,0,0,1
SCM,5,27977,41931,0,0,1
SCM,5,27992,41946,0,0,1
SCM,5,27996,41950,0,0,1
SCM,5,28002,41956,0,1,0
SCM,5,28009,41963,0,0,1
SCM,5,28011,41965,0,0,1
SCM,5,28013,41967,0,0,1
SCM,5,28016,41970,0,0,1
SCM,6,23584,37538,1,1,1
SCM,6,23598,37552,1,1,1
SCM,6,23619,37573,1,1,1
SCM,6,23627,37581,1,1,1
SCM,6,23641,37595,1,1,1
SCM,6,23644,37598,1,1,1
SCM,6,23656,37610,1,1,1
SCM,6,23658,37612,1,1,1
SCM,6,23666,37620,1,1,1
SCM,6,23675,37629,1,1,1
SCM,6,23677,37631,1,1,1
SCM,6,23680,37634,1,1,1
SCM,6,23697,37651,1,1,1
SCM,6,23703,37657,1,1,1
SCM,6,23706,37660,1,1,1
SCM,6,23708,37662,1,1,1
SCM,6,23709,37663,1,0,0
SCM,6,23715,37669,1,1,1
SCM,6,23724,37678,1,1,1
SCM,6,23734,37688,1,1,1
SCM,6,23747,37701,1,1,1
SCM,6,23758,37712,1,1,1
SCM,6,23771,37725,1,1,1
SCM,6,23774,37728,1,1,1
SCM,6,23790,37744,1,1,1
SCM,6,23797,37751,1,1,1
SCM,6,23804,37758,1,1,1
SCM,6,23809,37763,1,1,1
SCM,6,23819,37773,1,1,1
SCM,6,23821,37775,1,1,1
SCM,6,23834,37788,1,1,1
SCM,6,23842,37796,1,1,1
SCM,6,23849,37803,1,1,1
SCM,6,23856,37810,1,1,1
SCM,6,23871,37825,1,0,0
SCM,6,23877,37831,1,1,1
SCM,6,23898,37852,1,1,1
SCM,6,23902,37856,1,1,1
SCM,6,23942,37896,1,1,1
SCM,6,23950,37904,1,1,1
SCM,6,23963,37917,1,1,1
SCM,6,23974,37928,1,1,1
SCM,6,23987,37941,1,1,1
SCM,6,23991,37945,1,1,1
SCM,6,24003,37957,1,1,1
SCM,6,24019,37973,1,1,1
SCM,6,24030,37984,1,1,1
SCM,6,24038,37992,1,1,1
SCM,6,24057,38011,1,1,1
SCM,6,24062,38016,1,0,0
SCM,6,24098,38052,1,1,1
SCM,6,24107,38061,1,1,1
SCM,6,24122,38076,1,1,1
SCM,6,24139,38093,1,1,1
SCM,6,24144,38098,1,1,1
SCM,6,24151,38105,1,1,1
SCM,6,24153,38107,1,1,1
SCM,6,24155,38109,1,1,1
SCM,6,24157,38111,1,1,1
SCM,6,24165,38119,1,1,1
SCM,6,24167,38121,1,1,1
SCM,6,24177,38131,1,1,1
SCM,6,24185,38139,1,1,1
SCM,6,24205,38159,1,1,1
SCM,6,24214,38168,1,1,1
SCM,6,24235,38189,1,1,1
SCM,6,24241,38195,1,1,1
SCM,6,24250,38204,1,0,0
SCM,6,24253,38207,1,1,1
SCM,6,24262,38216,1,1,1
SCM,6,24273,38227,1,1,1
SCM,6,24276,38230,1,1,1
SCM,6,24277,38231,1,1,1
SCM,6,24280,38234,1,1,1
SCM,6,24283,38237,1,1,1
SCM,6,24284,38238,1,1,1
SCM,6,24303,38257,1,1,1
SCM,6,24313,38267,1,1,1
SCM,6,24315,38269,1,1,1
SCM,6,24316,38270,1,1,1
SCM,6,24328,38282,1,1,1
SCM,6,24341,38295,1,1,1
SCM,6,24342,38296,1,1,1
SCM,6,24344,38298,1,1,1
SCM,6,24366,38320,1,1,1
SCM,6,24370,38324,1,1,1
SCM,6,24377,38331,1,1,1
SCM,6,24378,38332,1,1,1
SCM,6,24399,38353,1,1,1
SCM,6,24419,38373,1,1,1
SCM,6,24424,38378,1,1,1
SCM,6,24425,38379,1,1,1
SCM,6,24448,38402,1,1,1
SCM,6,24467,38421,1,1,1
SCM,6,24524,38478,1,1,1
SCM,6,24531,38485,1,1,1
SCM,6,24533,38487,1,1,1
SCM,6,24541,38495,1,1,1
SCM,6,24548,38502,1,1,1
SCM,6,24549,38503,1,1,1
SCM,6,24550,38504,1,1,1
SCM,6,24551,38505,1,1,1
SCM,6,24578,38532,1,1,1
SCM,6,24582,38536,1,1,1
SCM,6,24585,38539,1,1,1
SCM,6,24600,38554,1,1,1
SCM,6,24617,38571,1,1,1
SCM,6,24618,38572,1,1,1
SCM,6,24620,38574,1,1,1
SCM,6,24622,38576,1,1,1
SCM,6,24626,38580,1,1,1
SCM,6,24634,38588,1,1,1
SCM,6,24636,38590,1,1,1
SCM,6,24661,38615,1,1,1
SCM,6,24663,38617,1,1,1
SCM,6,24679,38633,1,1,1
SCM,6,24687,38641,1,1,1
SCM,6,24719,38673,1,1,1
SCM,6,24727,38681,1,1,1
SCM,6,24729,38683,1,1,1
SCM,6,24731,38685,1,1,1
SCM,6,24734,38688,1,1,1
SCM,6,24742,38696,1,1,1
SCM,6,24743,38697,1,1,1
SCM,6,24746,38700,1,1,1
SCM,6,24753,38707,1,1,1
SCM,6,24756,38710,1,1,1
SCM,6,24766,38720,1,1,1
SCM,6,24771,38725,1,1,1
SCM,6,24789,38743,1,1,1
SCM,6,24793,38747,1,1,1
SCM,6,24811,38765,1,1,1
SCM,6,24818,38772,1,1,1
SCM,6,24832,38786,1,0,0
SCM,6,24853,38807,1,1,1
SCM,6,24870,38824,1,1,1
SCM,6,24883,38837,1,1,1
SCM,6,24888,38842,1,1,1
SCM,6,24889,38843,1,1,1
SCM,6,24894,38848,1,1,1
SCM,6,24906,38860,1,1,1
SCM,6,24911,38865,1,1,1
SCM,6,24941,38895,1,1,1
SCM,6,24943,38897,1,1,1
SCM,6,24952,38906,1,1,1
SCM,6,24954,38908,1,1,1
SCM,6,24960,38914,1,1,1
SCM,6,24967,38921,1,1,1
SCM,6,24983,38937,1,1,1
SCM,6,25005,38959,1,1,1
SCM,6,25007,38961,1,1,1
SCM,6,25010,38964,1,1,1
SCM,6,25015,38969,1,1,1
SCM,6,25016,38970,1,1,1
SCM,6,25028,38982,1,1,1
SCM,6,25029,38983,1,1,1
SCM,6,25035,38989,1,1,1
SCM,6,25041,38995,1,1,1
SCM,6,25069,39023,1,1,1
SCM,6,25072,39026,1,0,0
SCM,6,25082,39036,1,1,1
SCM,6,25094,39048,1,1,1
SCM,6,25097,39051,1,1,1
SCM,6,25099,39053,1,1,1
SCM,6,25100,39054,1,1,1
SCM,6,25125,39079,1,1,1
SCM,6,25129,39083,1,1,1
SCM,6,25136,39090,1,1,1
SCM,6,25145,39099,1,1,1
SCM,6,25156,39110,1,1,1
SCM,6,25162,39116,1,1,1
SCM,6,25176,39130,1,1,1
SCM,6,25181,39135,1,1,1
SCM,6,25182,39136,1,1,1
SCM,6,25186,39140,1,1,1
SCM,6,25190,39144,1,1,1
SCM,6,25200,39154,1,1,1
SCM,6,25205,39159,1,1,1
SCM,6,25208,39162,1,1,1
SCM,6,25211,39165,1,1,1
SCM,6,25218,39172,1,1,1
SCM,6,25227,39181,1,1,1
SCM,6,25239,39193,1,1,1
SCM,6,25242,39196,1,0,0
SCM,6,25255,39209,1,1,1
SCM,6,25258,39212,1,0,0
SCM,6,25267,39221,1,0,0
SCM,6,25282,39236,1,1,1
SCM,6,25292,39246,1,1,1
SCM,6,25301,39255,1,1,1
SCM,6,25325,39279,1,1,1
SCM,6,25330,39284,1,1,1
SCM,6,25351,39305,1,1,1
SCM,6,25354,39308,1,1,1
SCM,6,25378,39332,1,1,1
SCM,6,25380,39334,1,1,1
SCM,6,25383,39337,1,1,1
SCM,6,25386,39340,1,1,1
SCM,6,25387,39341,1,1,1
SCM,6,25389,39343,1,1,1
SCM,6,25404,39358,1,1,1
SCM,6,25409,39363,1,1,1
SCM,6,25412,39366,1,1,1
SCM,6,25437,39391,1,1,1
SCM,6,25444,39398,1,1,1
SCM,6,25446,39400,1,1,1
SCM,6,25448,39402,1,1,1
SCM,6,25461,39415,1,1,1
SCM,6,25469,39423,1,1,1
SCM,6,25470,39424,1,1,1
SCM,6,25495,39449,1,1,1
SCM,6,25526,39480,1,1,1
SCM,6,25536,39490,1,1,1
SCM,6,25585,39539,1,1,1
SCM,6,25607,39561,1,1,1
SCM,6,25611,39565,1,1,1
SCM,6,25651,39605,1,1,1
SCM,6,25691,39645,1,1,1
SCM,6,25693,39647,1,1,1
SCM,6,25695,39649,1,1,1
SCM,6,25719,39673,1,1,1
SCM,6,25730,39684,1,1,1
SCM,6,25740,39694,1,1,1
SCM,6,25778,39732,1,1,1
SCM,6,25805,39759,1,1,1
SCM,6,25811,39765,1,1,1
SCM,6,25812,39766,1,1,1
SCM,6,25823,39777,1,1,1
SCM,6,25849,39803,1,1,1
SCM,6,25863,39817,1,1,1
SCM,6,25875,39829,1,1,1
SCM,6,25882,39836,1,1,1
SCM,6,25897,39851,1,1,1
SCM,6,25906,39860,1,1,1
SCM,6,25907,39861,1,1,1
SCM,6,25926,39880,1,1,1
SCM,6,25941,39895,1,1,1
SCM,6,25942,39896,1,1,1
SCM,6,25948,39902,1,1,1
SCM,6,25956,39910,1,1,1
SCM,6,25958,39912,1,1,1
SCM,6,25981,39935,1,1,1
SCM,6,26019,39973,0,0,1
SCM,6,26030,39984,0,0,1
SCM,6,26067,40021,0,0,1
SCM,6,26076,40030,0,0,1
SCM,6,26085,40039,0,0,1
SCM,6,26114,40068,0,0,1
SCM,6,26137,40091,0,0,1
SCM,6,26140,40094,0,0,1
SCM,6,26152,40106,0,1,0
SCM,6,26169,40123,0,0,1
SCM,6,26176,40130,0,0,1
SCM,6,26177,40131,0,0,1
SCM,6,26178,40132,0,0,1
SCM,6,26194,40148,0,0,1
SCM,6,26197,40151,0,0,1
SCM,6,26202,40156,0,0,1
SCM,6,26206,40160,0,0,1
SCM,6,26217,40171,0,0,1
SCM,6,26235,40189,0,0,1
SCM,6,26239,40193,0,0,1
SCM,6,26241,40195,0,0,1
SCM,6,26257,40211,0,0,1
SCM,6,26259,40213,0,0,1
SCM,6,26261,40215,0,0,1
SCM,6,26264,40218,0,0,1
SCM,6,26285,40239,0,0,1
SCM,6,26300,40254,0,0,1
SCM,6,26304,40258,0,0,1
SCM,6,26307,40261,0,0,1
SCM,6,26315,40269,0,0,1
SCM,6,26322,40276,0,0,1
SCM,6,26354,40308,0,0,1
SCM,6,26357,40311,0,0,1
SCM,6,26363,40317,0,0,1
SCM,6,26371,40325,0,0,1
SCM,6,26384,40338,0,0,1
SCM,6,26409,40363,0,0,1
SCM,6,26419,40373,0,0,1
SCM,6,26426,40380,0,0,1
SCM,6,26463,40417,0,0,1
SCM,6,26464,40418,0,0,1
SCM,6,26475,40429,0,0,1
SCM,6,26478,40432,0,0,1
SCM,6,26492,40446,0,0,1
SCM,6,26512,40466,0,0,1
SCM,6,26514,40468,0,0,1
SCM,6,26518,40472,0,0,1
SCM,6,26533,40487,0,0,1
SCM,6,26536,40490,0,0,1
SCM,6,26541,40495,0,0,1
SCM,6,26548,40502,0,0,1
SCM,6,26552,40506,0,0,1
SCM,6,26560,40514,0,0,1
SCM,6,26574,40528,0,0,1
SCM,6,26577,40531,0,0,1
SCM,6,26579,40533,0,0,1
SCM,6,26581,40535,0,0,1
SCM,6,26588,40542,0,0,1
SCM,6,26600,40554,0,0,1
SCM,6,26612,40566,0,0,1
SCM,6,26620,40574,0,0,1
SCM,6,26621,40575,0,0,1
SCM,6,26623,40577,0,0,1
SCM,6,26626,40580,0,0,1
SCM,6,26650,40604,0,0,1
SCM,6,26688,40642,0,0,1
SCM,6,26693,40647,0,0,1
SCM,6,26704,40658,0,0,1
SCM,6,26732,40686,0,0,1
SCM,6,26744,40698,0,0,1
SCM,6,26758,40712,0,0,1
SCM,6,26778,40732,0,0,1
SCM,6,26795,40749,0,0,1
SCM,6,26814,40768,0,0,1
SCM,6,26819,40773,0,0,1
SCM,6,26837,40791,0,1,0
SCM,6,26843,40797,0,0,1
SCM,6,26849,40803,0,0,1
SCM,6,26851,40805,0,0,1
SCM,6,26876,40830,0,0,1
SCM,6,26882,40836,0,0,1
SCM,6,26903,40857,0,1,0
SCM,6,26906,40860,0,0,1
SCM,6,26909,40863,0,0,1
SCM,6,26914,40868,0,0,1
SCM,6,26915,40869,0,0,1
SCM,6,26921,40875,0,0,1
SCM,6,26963,40917,0,0,1
SCM,6,27024,40978,0,0,1
SCM,6,27046,41000,0,0,1
SCM,6,27053,41007,0,0,1
SCM,6,27074,41028,0,0,1
SCM,6,27078,41032,0,0,1
SCM,6,27090,41044,0,0,1
SCM,6,27096,41050,0,0,1
SCM,6,27104,41058,0,0,1
SCM,6,27113,41067,0,0,1
SCM,6,27119,41073,0,0,1
SCM,6,27141,41095,0,0,1
SCM,6,27160,41114,0,0,1
SCM,6,27166,41120,0,0,1
SCM,6,27168,41122,0,0,1
SCM,6,27169,41123,0,0,1
SCM,6,27193,41147,0,0,1
SCM,6,27198,41152,0,0,1
SCM,6,27201,41155,0,0,1
SCM,6,27210,41164,0,0,1
SCM,6,27220,41174,0,1,0
SCM,6,27221,41175,0,0,1
SCM,6,27224,41178,0,0,1
SCM,6,27230,41184,0,0,1
SCM,6,27231,41185,0,0,1
SCM,6,27233,41187,0,0,1
SCM,6,27236,41190,0,0,1
SCM,6,27244,41198,0,1,0
SCM,6,27251,41205,0,0,1
SCM,6,27254,41208,0,0,1
SCM,6,27255,41209,0,1,0
SCM,6,27256,41210,0,0,1
SCM,6,27281,41235,0,0,1
SCM,6,27286,41240,0,0,1
SCM,6,27290,41244,0,0,1
SCM,6,27299,41253,0,0,1
SCM,6,27306,41260,0,1,0
SCM,6,27310,41264,0,0,1
SCM,6,27311,41265,0,0,1
SCM,6,27318,41272,0,0,1
SCM,6,27356,41310,0,0,1
SCM,6,27358,41312,0,0,1
SCM,6,27369,41323,0,0,1
SCM,6,27370,41324,0,0,1
SCM,6,27372,41326,0,0,1
SCM,6,27373,41327,0,0,1
SCM,6,27385,41339,0,0,1
SCM,6,27408,41362,0,1,0
SCM,6,27409,41363,0,1,0
SCM,6,27411,41365,0,0,1
SCM,6,27412,41366,0,0,1
SCM,6,27414,41368,0,0,1
SCM,6,27419,41373,0,0,1
SCM,6,27441,41395,0,0,1
SCM,6,27444,41398,0,0,1
SCM,6,27448,41402,0,0,1
SCM,6,27473,41427,0,0,1
SCM,6,27507,41461,0,0,1
SCM,6,27520,41474,0,0,1
SCM,6,27536,41490,0,0,1
SCM,6,27545,41499,0,0,1
SCM,6,27558,41512,0,0,1
SCM,6,27571,41525,0,0,1
SCM,6,27579,41533,0,0,1
SCM,6,27582,41536,0,0,1
SCM,6,27583,41537,0,0,1
SCM,6,27585,41539,0,0,1
SCM,6,27591,41545,0,0,1
SCM,6,27594,41548,0,0,1
SCM,6,27623,41577,0,0,1
SCM,6,27626,41580,0,0,1
SCM,6,27627,41581,0,0,1
SCM,6,27630,41584,0,0,1
SCM,6,27632,41586,0,0,1
SCM,6,27638,41592,0,0,1
SCM,6,27641,41595,0,0,1
SCM,6,27644,41598,0,0,1
SCM,6,27645,41599,0,0,1
SCM,6,27648,41602,0,0,1
SCM,6,27649,41603,0,0,1
SCM,6,27678,41632,0,0,1
SCM,6,27682,41636,0,0,1
SCM,6,27684,41638,0,0,1
SCM,6,27701,41655,0,0,1
SCM,6,27713,41667,0,0,1
SCM,6,27721,41675,0,0,1
SCM,6,27732,41686,0,0,1
SCM,6,27737,41691,0,0,1
SCM,6,27740,41694,0,0,1
SCM,6,27761,41715,0,0,1
SCM,6,27781,41735,0,1,0
SCM,6,27786,41740,0,0,1
SCM,6,27797,41751,0,0,1
SCM,6,27804,41758,0,0,1
SCM,6,27808,41762,0,0,1
SCM,6,27816,41770,0,0,1
SCM,6,27818,41772,0,0,1
SCM,6,27825,41779,0,0,1
SCM,6,27841,41795,0,0,1
SCM,6,27843,41797,0,0,1
SCM,6,27856,41810,0,0,1
SCM,6,27858,41812,0,0,1
SCM,6,27864,41818,0,0,1
SCM,6,27885,41839,0,0,1
SCM,6,27886,41840,0,0,1
SCM,6,27889,41843,0,0,1
SCM,6,27893,41847,0,0,1
SCM,6,27895,41849,0,0,1
SCM,6,27900,41854,0,0,1
SCM,6,27903,41857,0,0,1
SCM,6,27917,41871,0,0,1
SCM,6,27925,41879,0,0,1
SCM,6,27959,41913,0,0,1
SCM,6,27962,41916,0,0,1
SCM,6,27973,41927,0,0,1
SCM,6,27998,41952,0,0,1
SCM,6,28017,41971,0,0,1
SCM,7,23559,37513,1,1,1
SCM,7,23570,37524,1,1,1
SCM,7,23575,37529,1,1,1
SCM,7,23576,37530,1,1,1
SCM,7,23578,37532,1,1,1
SCM,7,23583,37537,1,1,1
SCM,7,23590,37544,1,1,1
SCM,7,23593,37547,1,1,1
SCM,7,23594,37548,1,1,1
SCM,7,23596,37550,1,1,1
SCM,7,23601,37555,1,1,1
SCM,7,23611,37565,1,1,1
SCM,7,23616,37570,1,1,1
SCM,7,23647,37601,1,1,1
SCM,7,23664,37618,1,1,1
SCM,7,23667,37621,1,1,1
SCM,7,23673,37627,1,1,1
SCM,7,23691,37645,1,1,1
SCM,7,23710,37664,1,1,1
SCM,7,23725,37679,1,1,1
SCM,7,23732,37686,1,1,1
SCM,7,23737,37691,1,1,1
SCM,7,23739,37693,1,1,1
SCM,7,23756,37710,1,1,1
SCM,7,23760,37714,1,1,1
SCM,7,23793,37747,1,1,1
SCM,7,23812,37766,1,1,1
SCM,7,23818,37772,1,1,1
SCM,7,23823,37777,1,1,1
SCM,7,23835,37789,1,1,1
SCM,7,23841,37795,1,1,1
SCM,7,23875,37829,1,1,1
SCM,7,23882,37836,1,1,1
SCM,7,23884,37838,1,1,1
SCM,7,23887,37841,1,1,1
SCM,7,23897,37851,1,1,1
SCM,7,23932,37886,1,1,1
SCM,7,23933,37887,1,1,1
SCM,7,23934,37888,1,1,1
SCM,7,23936,37890,1,1,1
SCM,7,23946,37900,1,1,1
SCM,7,23947,37901,1,1,1
SCM,7,23949,37903,1,1,1
SCM,7,23959,37913,1,1,1
SCM,7,23982,37936,1,1,1
SCM,7,24007,37961,1,1,1
SCM,7,24016,37970,1,0,0
SCM,7,24028,37982,1,1,1
SCM,7,24032,37986,1,1,1
SCM,7,24045,37999,1,1,1
SCM,7,24054,38008,1,1,1
SCM,7,24056,38010,1,0,0
SCM,7,24069,38023,1,1,1
SCM,7,24078,38032,1,1,1
SCM,7,24088,38042,1,1,1
SCM,7,24092,38046,1,1,1
SCM,7,24093,38047,1,1,1
SCM,7,24097,38051,1,1,1
SCM,7,24101,38055,1,1,1
SCM,7,24102,38056,1,1,1
SCM,7,24129,38083,1,1,1
SCM,7,24135,38089,1,1,1
SCM,7,24161,38115,1,1,1
SCM,7,24166,38120,1,1,1
SCM,7,24168,38122,1,1,1
SCM,7,24170,38124,1,1,1
SCM,7,24196,38150,1,1,1
SCM,7,24236,38190,1,1,1
SCM,7,24244,38198,1,1,1
SCM,7,24245,38199,1,1,1
SCM,7,24260,38214,1,1,1
SCM,7,24290,38244,1,1,1
SCM,7,24292,38246,1,1,1
SCM,7,24295,38249,1,1,1
SCM,7,24308,38262,1,1,1
SCM,7,24318,38272,1,1,1
SCM,7,24348,38302,1,1,1
SCM,7,24351,38305,1,1,1
SCM,7,24359,38313,1,1,1
SCM,7,24364,38318,1,1,1
SCM,7,24367,38321,1,1,1
SCM,7,24392,38346,1,1,1
SCM,7,24402,38356,1,1,1
SCM,7,24406,38360,1,1,1
SCM,7,24439,38393,1,1,1
SCM,7,24450,38404,1,1,1
SCM,7,24459,38413,1,1,1
SCM,7,24472,38426,1,1,1
SCM,7,24475,38429,1,1,1
SCM,7,24490,38444,1,1,1
SCM,7,24517,38471,1,1,1
SCM,7,24522,38476,1,1,1
SCM,7,24530,38484,1,1,1
SCM,7,24538,38492,1,1,1
SCM,7,24544,38498,1,1,1
SCM,7,24577,38531,1,1,1
SCM,7,24580,38534,1,1,1
SCM,7,24593,38547,1,1,1
SCM,7,24609,38563,1,1,1
SCM,7,24611,38565,1,1,1
SCM,7,24623,38577,1,1,1
SCM,7,24630,38584,1,1,1
SCM,7,24633,38587,1,1,1
SCM,7,24643,38597,1,0,0
SCM,7,24669,38623,1,1,1
SCM,7,24673,38627,1,1,1
SCM,7,24677,38631,1,1,1
SCM,7,24702,38656,1,1,1
SCM,7,24707,38661,1,1,1
SCM,7,24724,38678,1,1,1
SCM,7,24725,38679,1,1,1
SCM,7,24737,38691,1,1,1
SCM,7,24740,38694,1,1,1
SCM,7,24749,38703,1,1,1
SCM,7,24770,38724,1,1,1
SCM,7,24778,38732,1,1,1
SCM,7,24779,38733,1,1,1
SCM,7,24780,38734,1,1,1
SCM,7,24784,38738,1,1,1
SCM,7,24787,38741,1,1,1
SCM,7,24801,38755,1,1,1
SCM,7,24803,38757,1,1,1
SCM,7,24812,38766,1,1,1
SCM,7,24822,38776,1,1,1
SCM,7,24827,38781,1,1,1
SCM,7,24838,38792,1,1,1
SCM,7,24860,38814,1,1,1
SCM,7,24864,38818,1,1,1
SCM,7,24868,38822,1,1,1
SCM,7,24869,38823,1,1,1
SCM,7,24881,38835,1,1,1
SCM,7,24885,38839,1,1,1
SCM,7,24892,38846,1,1,1
SCM,7,24896,38850,1,1,1
SCM,7,24897,38851,1,1,1
SCM,7,24901,38855,1,1,1
SCM,7,24910,38864,1,1,1
SCM,7,24962,38916,1,1,1
SCM,7,24991,38945,1,1,1
SCM,7,24995,38949,1,1,1
SCM,7,24997,38951,1,1,1
SCM,7,25022,38976,1,1,1
SCM,7,25024,38978,1,1,1
SCM,7,25043,38997,1,1,1
SCM,7,25044,38998,1,1,1
SCM,7,25045,38999,1,1,1
SCM,7,25047,39001,1,1,1
SCM,7,25049,39003,1,1,1
SCM,7,25065,39019,1,1,1
SCM,7,25076,39030,1,1,1
SCM,7,25079,39033,1,1,1
SCM,7,25102,39056,1,1,1
SCM,7,25103,39057,1,1,1
SCM,7,25107,39061,1,1,1
SCM,7,25113,39067,1,1,1
SCM,7,25120,39074,1,1,1
SCM,7,25124,39078,1,1,1
SCM,7,25149,39103,1,1,1
SCM,7,25157,39111,1,1,1
SCM,7,25164,39118,1,1,1
SCM,7,25168,39122,1,1,1
SCM,7,25169,39123,1,1,1
SCM,7,25212,39166,1,1,1
SCM,7,25238,39192,1,1,1
SCM,7,25250,39204,1,1,1
SCM,7,25253,39207,1,1,1
SCM,7,25264,39218,1,1,1
SCM,7,25269,39223,1,1,1
SCM,7,25275,39229,1,1,1
SCM,7,25303,39257,1,1,1
SCM,7,25304,39258,1,1,1
SCM,7,25340,39294,1,1,1
SCM,7,25341,39295,1,1,1
SCM,7,25346,39300,1,1,1
SCM,7,25365,39319,1,1,1
SCM,7,25366,39320,1,0,0
SCM,7,25375,39329,1,1,1
SCM,7,25377,39331,1,1,1
SCM,7,25382,39336,1,1,1
SCM,7,25402,39356,1,1,1
SCM,7,25422,39376,1,1,1
SCM,7,25427,39381,1,0,0
SCM,7,25428,39382,1,1,1
SCM,7,25436,39390,1,1,1
SCM,7,25441,39395,1,1,1
SCM,7,25447,39401,1,1,1
SCM,7,25449,39403,1,1,1
SCM,7,25452,39406,1,1,1
SCM,7,25454,39408,1,1,1
SCM,7,25456,39410,1,1,1
SCM,7,25460,39414,1,1,1
SCM,7,25485,39439,1,1,1
SCM,7,25502,39456,1,1,1
SCM,7,25512,39466,1,1,1
SCM,7,25523,39477,1,1,1
SCM,7,25548,39502,1,1,1
SCM,7,25552,39506,1,1,1
SCM,7,25573,39527,1,1,1
SCM,7,25577,39531,1,1,1
SCM,7,25592,39546,1,1,1
SCM,7,25602,39556,1,1,1
SCM,7,25619,39573,1,1,1
SCM,7,25645,39599,1,1,1
SCM,7,25653,39607,1,1,1
SCM,7,25660,39614,1,1,1
SCM,7,25664,39618,1,1,1
SCM,7,25686,39640,1,1,1
SCM,7,25689,39643,1,1,1
SCM,7,25705,39659,1,1,1
SCM,7,25711,39665,1,1,1
SCM,7,25729,39683,1,1,1
SCM,7,25745,39699,1,1,1
SCM,7,25754,39708,1,1,1
SCM,7,25763,39717,1,1,1
SCM,7,25774,39728,1,1,1
SCM,7,25790,39744,1,1,1
SCM,7,25799,39753,1,1,1
SCM,7,25802,39756,1,1,1
SCM,7,25808,39762,1,0,0
SCM,7,25814,39768,1,1,1
SCM,7,25842,39796,1,1,1
SCM,7,25843,39797,1,1,1
SCM,7,25851,39805,1,1,1
SCM,7,25889,39843,1,1,1
SCM,7,25890,39844,1,1,1
SCM,7,25892,39846,1,1,1
SCM,7,25911,39865,1,1,1
SCM,7,25916,39870,1,1,1
SCM,7,25923,39877,1,0,0
SCM,7,25927,39881,1,1,1
SCM,7,25931,39885,1,0,0
SCM,7,25933,39887,1,1,1
SCM,7,25943,39897,1,1,1
SCM,7,25950,39904,1,1,1
SCM,7,25953,39907,1,1,1
SCM,7,25954,39908,1,1,1
SCM,7,25957,39911,1,1,1
SCM,7,25963,39917,1,1,1
SCM,7,25974,39928,1,1,1
SCM,7,25975,39929,1,1,1
SCM,7,25980,39934,1,1,1
SCM,7,25982,39936,1,1,1
SCM,7,25986,39940,0,1,0
SCM,7,25988,39942,0,0,1
SCM,7,26002,39956,0,0,1
SCM,7,26022,39976,0,0,1
SCM,7,26026,39980,0,0,1
SCM,7,26027,39981,0,0,1
SCM,7,26037,39991,0,1,0
SCM,7,26042,39996,0,0,1
SCM,7,26046,40000,0,0,1
SCM,7,26051,40005,0,0,1
SCM,7,26054,40008,0,0,1
SCM,7,26072,40026,0,0,1
SCM,7,26073,40027,0,0,1
SCM,7,26097,40051,0,0,1
SCM,7,26107,40061,0,0,1
SCM,7,26111,40065,0,0,1
SCM,7,26134,40088,0,0,1
SCM,7,26136,40090,0,0,1
SCM,7,26141,40095,0,0,1
SCM,7,26153,40107,0,0,1
SCM,7,26173,40127,0,0,1
SCM,7,26186,40140,0,0,1
SCM,7,26203,40157,0,1,0
SCM,7,26210,40164,0,0,1
SCM,7,26214,40168,0,0,1
SCM,7,26231,40185,0,0,1
SCM,7,26245,40199,0,0,1
SCM,7,26251,40205,0,1,0
SCM,7,26258,40212,0,0,1
SCM,7,26276,40230,0,0,1
SCM,7,26278,40232,0,0,1
SCM,7,26290,40244,0,0,1
SCM,7,26297,40251,0,1,0
SCM,7,26328,40282,0,0,1
SCM,7,26345,40299,0,0,1
SCM,7,26368,40322,0,0,1
SCM,7,26382,40336,0,0,1
SCM,7,26390,40344,0,0,1
SCM,7,26413,40367,0,0,1
SCM,7,26432,40386,0,0,1
SCM,7,26474,40428,0,0,1
SCM,7,26479,40433,0,1,0
SCM,7,26480,40434,0,0,1
SCM,7,26483,40437,0,0,1
SCM,7,26493,40447,0,0,1
SCM,7,26508,40462,0,1,0
SCM,7,26510,40464,0,0,1
SCM,7,26511,40465,0,0,1
SCM,7,26538,40492,0,0,1
SCM,7,26543,40497,0,0,1
SCM,7,26545,40499,0,0,1
SCM,7,26569,40523,0,0,1
SCM,7,26589,40543,0,0,1
SCM,7,26604,40558,0,0,1
SCM,7,26633,40587,0,0,1
SCM,7,26640,40594,0,0,1
SCM,7,26641,40595,0,0,1
SCM,7,26644,40598,0,0,1
SCM,7,26656,40610,0,0,1
SCM,7,26657,40611,0,0,1
SCM,7,26659,40613,0,0,1
SCM,7,26660,40614,0,0,1
SCM,7,26671,40625,0,0,1
SCM,7,26673,40627,0,0,1
SCM,7,26692,40646,0,0,1
SCM,7,26706,40660,0,0,1
SCM,7,26707,40661,0,0,1
SCM,7,26712,40666,0,1,0
SCM,7,26720,40674,0,1,0
SCM,7,26725,40679,0,0,1
SCM,7,26731,40685,0,0,1
SCM,7,26743,40697,0,0,1
SCM,7,26762,40716,0,0,1
SCM,7,26781,40735,0,0,1
SCM,7,26782,40736,0,0,1
SCM,7,26786,40740,0,0,1
SCM,7,26794,40748,0,0,1
SCM,7,26799,40753,0,0,1
SCM,7,26808,40762,0,0,1
SCM,7,26815,40769,0,0,1
SCM,7,26816,40770,0,0,1
SCM,7,26822,40776,0,0,1
SCM,7,26833,40787,0,0,1
SCM,7,26836,40790,0,0,1
SCM,7,26838,40792,0,0,1
SCM,7,26854,40808,0,0,1
SCM,7,26860,40814,0,0,1
SCM,7,26862,40816,0,0,1
SCM,7,26868,40822,0,0,1
SCM,7,26879,40833,0,0,1
SCM,7,26892,40846,0,0,1
SCM,7,26907,40861,0,1,0
SCM,7,26912,40866,0,1,0
SCM,7,26913,40867,0,0,1
SCM,7,26916,40870,0,0,1
SCM,7,26930,40884,0,0,1
SCM,7,26931,40885,0,0,1
SCM,7,26943,40897,0,0,1
SCM,7,26960,40914,0,0,1
SCM,7,26973,40927,0,0,1
SCM,7,26974,40928,0,0,1
SCM,7,26975,40929,0,0,1
SCM,7,26981,40935,0,0,1
SCM,7,26993,40947,0,0,1
SCM,7,27012,40966,0,0,1
SCM,7,27013,40967,0,0,1
SCM,7,27018,40972,0,0,1
SCM,7,27025,40979,0,0,1
SCM,7,27033,40987,0,0,1
SCM,7,27039,40993,0,0,1
SCM,7,27042,40996,0,0,1
SCM,7,27055,41009,0,0,1
SCM,7,27091,41045,0,0,1
SCM,7,27098,41052,0,0,1
SCM,7,27112,41066,0,1,0
SCM,7,27118,41072,0,0,1
SCM,7,27125,41079,0,0,1
SCM,7,27126,41080,0,0,1
SCM,7,27128,41082,0,0,1
SCM,7,27132,41086,0,0,1
SCM,7,27135,41089,0,0,1
SCM,7,27143,41097,0,0,1
SCM,7,27145,41099,0,0,1
SCM,7,27146,41100,0,0,1
SCM,7,27149,41103,0,0,1
SCM,7,27150,41104,0,0,1
SCM,7,27162,41116,0,0,1
SCM,7,27192,41146,0,0,1
SCM,7,27195,41149,0,0,1
SCM,7,27206,41160,0,0,1
SCM,7,27238,41192,0,0,1
SCM,7,27271,41225,0,0,1
SCM,7,27272,41226,0,0,1
SCM,7,27291,41245,0,0,1
SCM,7,27297,41251,0,0,1
SCM,7,27304,41258,0,0,1
SCM,7,27315,41269,0,0,1
SCM,7,27327,41281,0,0,1
SCM,7,27328,41282,0,0,1
SCM,7,27334,41288,0,0,1
SCM,7,27355,41309,0,0,1
SCM,7,27364,41318,0,0,1
SCM,7,27366,41320,0,0,1
SCM,7,27393,41347,0,0,1
SCM,7,27401,41355,0,0,1
SCM,7,27405,41359,0,1,0
SCM,7,27418,41372,0,0,1
SCM,7,27420,41374,0,0,1
SCM,7,27431,41385,0,0,1
SCM,7,27432,41386,0,0,1
SCM,7,27471,41425,0,0,1
SCM,7,27472,41426,0,0,1
SCM,7,27477,41431,0,0,1
SCM,7,27481,41435,0,0,1
SCM,7,27526,41480,0,1,0
SCM,7,27528,41482,0,0,1
SCM,7,27574,41528,0,0,1
SCM,7,27581,41535,0,0,1
SCM,7,27584,41538,0,0,1
SCM,7,27588,41542,0,0,1
SCM,7,27643,41597,0,0,1
SCM,7,27646,41600,0,0,1
SCM,7,27662,41616,0,0,1
SCM,7,27664,41618,0,0,1
SCM,7,27677,41631,0,0,1
SCM,7,27685,41639,0,0,1
SCM,7,27689,41643,0,1,0
SCM,7,27690,41644,0,0,1
SCM,7,27691,41645,0,0,1
SCM,7,27692,41646,0,0,1
SCM,7,27697,41651,0,1,0
SCM,7,27704,41658,0,0,1
SCM,7,27707,41661,0,0,1
SCM,7,27725,41679,0,0,1
SCM,7,27729,41683,0,0,1
SCM,7,27744,41698,0,0,1
SCM,7,27749,41703,0,0,1
SCM,7,27751,41705,0,0,1
SCM,7,27754,41708,0,0,1
SCM,7,27765,41719,0,0,1
SCM,7,27834,41788,0,0,1
SCM,7,27836,41790,0,0,1
SCM,7,27842,41796,0,0,1
SCM,7,27846,41800,0,0,1
SCM,7,27851,41805,0,0,1
SCM,7,27853,41807,0,0,1
SCM,7,27857,41811,0,0,1
SCM,7,27868,41822,0,0,1
SCM,7,27879,41833,0,0,1
SCM,7,27890,41844,0,0,1
SCM,7,27901,41855,0,0,1
SCM,7,27910,41864,0,0,1
SCM,7,27912,41866,0,0,1
SCM,7,27927,41881,0,0,1
SCM,7,27937,41891,0,0,1
SCM,7,27944,41898,0,0,1
SCM,7,27950,41904,0,0,1
SCM,7,27960,41914,0,0,1
SCM,7,27969,41923,0,0,1
SCM,7,27972,41926,0,0,1
SCM,7,27978,41932,0,0,1
SCM,7,27981,41935,0,1,0
SCM,7,28006,41960,0,0,1
SCM,7,28018,41972,0,0,1
SCM,8,23561,37515,1,1,1
SCM,8,23568,37522,1,1,1
SCM,8,23580,37534,1,1,1
SCM,8,23586,37540,1,0,0
SCM,8,23602,37556,1,1,1
SCM,8,23605,37559,1,1,1
SCM,8,23613,37567,1,1,1
SCM,8,23624,37578,1,1,1
SCM,8,23649,37603,1,1,1
SCM,8,23652,37606,1,1,1
SCM,8,23665,37619,1,1,1
SCM,8,23669,37623,1,1,1
SCM,8,23686,37640,1,1,1
SCM,8,23696,37650,1,0,0
SCM,8,23705,37659,1,1,1
SCM,8,23711,37665,1,1,1
SCM,8,23731,37685,1,0,0
SCM,8,23735,37689,1,1,1
SCM,8,23750,37704,1,1,1
SCM,8,23751,37705,1,1,1
SCM,8,23767,37721,1,1,1
SCM,8,23778,37732,1,1,1
SCM,8,23780,37734,1,1,1
SCM,8,23796,37750,1,1,1
SCM,8,23801,37755,1,1,1
SCM,8,23806,37760,1,1,1
SCM,8,23810,37764,1,1,1
SCM,8,23822,37776,1,1,1
SCM,8,23826,37780,1,1,1
SCM,8,23833,37787,1,1,1
SCM,8,23862,37816,1,1,1
SCM,8,23873,37827,1,1,1
SCM,8,23912,37866,1,1,1
SCM,8,23918,37872,1,1,1
SCM,8,23925,37879,1,1,1
SCM,8,23935,37889,1,1,1
SCM,8,23962,37916,1,1,1
SCM,8,23971,37925,1,1,1
SCM,8,23983,37937,1,1,1
SCM,8,23996,37950,1,1,1
SCM,8,23999,37953,1,1,1
SCM,8,24011,37965,1,0,0
SCM,8,24025,37979,1,1,1
SCM,8,24037,37991,1,1,1
SCM,8,24041,37995,1,1,1
SCM,8,24052,38006,1,1,1
SCM,8,24059,38013,1,1,1
SCM,8,24064,38018,1,1,1
SCM,8,24073,38027,1,1,1
SCM,8,24089,38043,1,0,0
SCM,8,24110,38064,1,1,1
SCM,8,24120,38074,1,1,1
SCM,8,24148,38102,1,1,1
SCM,8,24152,38106,1,1,1
SCM,8,24156,38110,1,1,1
SCM,8,24174,38128,1,1,1
SCM,8,24184,38138,1,1,1
SCM,8,24188,38142,1,1,1
SCM,8,24208,38162,1,1,1
SCM,8,24215,38169,1,1,1
SCM,8,24219,38173,1,1,1
SCM,8,24223,38177,1,1,1
SCM,8,24228,38182,1,1,1
SCM,8,24248,38202,1,1,1
SCM,8,24272,38226,1,1,1
SCM,8,24281,38235,1,1,1
SCM,8,24289,38243,1,1,1
SCM,8,24300,38254,1,1,1
SCM,8,24305,38259,1,1,1
SCM,8,24309,38263,1,1,1
SCM,8,24327,38281,1,0,0
SCM,8,24329,38283,1,1,1
SCM,8,24352,38306,1,1,1
SCM,8,24354,38308,1,1,1
SCM,8,24355,38309,1,1,1
SCM,8,24360,38314,1,1,1
SCM,8,24365,38319,1,1,1
SCM,8,24368,38322,1,0,0
SCM,8,24372,38326,1,1,1
SCM,8,24394,38348,1,1,1
SCM,8,24404,38358,1,1,1
SCM,8,24430,38384,1,1,1
SCM,8,24431,38385,1,1,1
SCM,8,24433,38387,1,1,1
SCM,8,24437,38391,1,1,1
SCM,8,24438,38392,1,1,1
SCM,8,24447,38401,1,1,1
SCM,8,24469,38423,1,1,1
SCM,8,24480,38434,1,1,1
SCM,8,24487,38441,1,1,1
SCM,8,24515,38469,1,1,1
SCM,8,24519,38473,1,1,1
SCM,8,24543,38497,1,1,1
SCM,8,24553,38507,1,1,1
SCM,8,24565,38519,1,1,1
SCM,8,24574,38528,1,1,1
SCM,8,24586,38540,1,1,1
SCM,8,24588,38542,1,1,1
SCM,8,24591,38545,1,1,1
SCM,8,24592,38546,1,1,1
SCM,8,24601,38555,1,1,1
SCM,8,24603,38557,1,1,1
SCM,8,24607,38561,1,1,1
SCM,8,24615,38569,1,1,1
SCM,8,24624,38578,1,1,1
SCM,8,24646,38600,1,1,1
SCM,8,24651,38605,1,1,1
SCM,8,24670,38624,1,1,1
SCM,8,24684,38638,1,1,1
SCM,8,24690,38644,1,1,1
SCM,8,24691,38645,1,1,1
SCM,8,24694,38648,1,1,1
SCM,8,24696,38650,1,1,1
SCM,8,24697,38651,1,1,1
SCM,8,24708,38662,1,1,1
SCM,8,24713,38667,1,1,1
SCM,8,24722,38676,1,1,1
SCM,8,24730,38684,1,1,1
SCM,8,24739,38693,1,1,1
SCM,8,24762,38716,1,1,1
SCM,8,24772,38726,1,1,1
SCM,8,24774,38728,1,1,1
SCM,8,24783,38737,1,1,1
SCM,8,24797,38751,1,1,1
SCM,8,24798,38752,1,1,1
SCM,8,24805,38759,1,1,1
SCM,8,24807,38761,1,1,1
SCM,8,24810,38764,1,1,1
SCM,8,24829,38783,1,1,1
SCM,8,24836,38790,1,1,1
SCM,8,24843,38797,1,1,1
SCM,8,24847,38801,1,1,1
SCM,8,24848,38802,1,1,1
SCM,8,24849,38803,1,1,1
SCM,8,24855,38809,1,1,1
SCM,8,24871,38825,1,1,1
SCM,8,24882,38836,1,1,1
SCM,8,24891,38845,1,1,1
SCM,8,24893,38847,1,1,1
SCM,8,24895,38849,1,1,1
SCM,8,24902,38856,1,1,1
SCM,8,24909,38863,1,1,1
SCM,8,24924,38878,1,1,1
SCM,8,24937,38891,1,1,1
SCM,8,24939,38893,1,1,1
SCM,8,24949,38903,1,1,1
SCM,8,24950,38904,1,1,1
SCM,8,24963,38917,1,1,1
SCM,8,24988,38942,1,1,1
SCM,8,24996,38950,1,1,1
SCM,8,25011,38965,1,1,1
SCM,8,25021,38975,1,1,1
SCM,8,25023,38977,1,1,1
SCM,8,25026,38980,1,1,1
SCM,8,25057,39011,1,1,1
SCM,8,25068,39022,1,1,1
SCM,8,25070,39024,1,1,1
SCM,8,25073,39027,1,1,1
SCM,8,25089,39043,1,1,1
SCM,8,25098,39052,1,1,1
SCM,8,25117,39071,1,1,1
SCM,8,25134,39088,1,1,1
SCM,8,25147,39101,1,1,1
SCM,8,25150,39104,1,1,1
SCM,8,25170,39124,1,1,1
SCM,8,25192,39146,1,1,1
SCM,8,25196,39150,1,1,1
SCM,8,25207,39161,1,1,1
SCM,8,25210,39164,1,1,1
SCM,8,25217,39171,1,1,1
SCM,8,25223,39177,1,1,1
SCM,8,25224,39178,1,1,1
SCM,8,25226,39180,1,1,1
SCM,8,25236,39190,1,1,1
SCM,8,25256,39210,1,1,1
SCM,8,25260,39214,1,1,1
SCM,8,25263,39217,1,1,1
SCM,8,25280,39234,1,1,1
SCM,8,25298,39252,1,1,1
SCM,8,25326,39280,1,1,1
SCM,8,25328,39282,1,1,1
SCM,8,25329,39283,1,1,1
SCM,8,25356,39310,1,1,1
SCM,8,25362,39316,1,1,1
SCM,8,25370,39324,1,1,1
SCM,8,25371,39325,1,1,1
SCM,8,25372,39326,1,1,1
SCM,8,25392,39346,1,1,1
SCM,8,25396,39350,1,1,1
SCM,8,25438,39392,1,1,1
SCM,8,25478,39432,1,1,1
SCM,8,25481,39435,1,1,1
SCM,8,25499,39453,1,1,1
SCM,8,25505,39459,1,1,1
SCM,8,25528,39482,1,1,1
SCM,8,25533,39487,1,1,1
SCM,8,25546,39500,1,1,1
SCM,8,25550,39504,1,1,1
SCM,8,25554,39508,1,1,1
SCM,8,25558,39512,1,1,1
SCM,8,25566,39520,1,1,1
SCM,8,25569,39523,1,1,1
SCM,8,25570,39524,1,1,1
SCM,8,25575,39529,1,1,1
SCM,8,25587,39541,1,1,1
SCM,8,25618,39572,1,1,1
SCM,8,25649,39603,1,1,1
SCM,8,25652,39606,1,1,1
SCM,8,25654,39608,1,1,1
SCM,8,25658,39612,1,1,1
SCM,8,25663,39617,1,1,1
SCM,8,25674,39628,1,1,1
SCM,8,25675,39629,1,1,1
SCM,8,25698,39652,1,1,1
SCM,8,25704,39658,1,1,1
SCM,8,25712,39666,1,1,1
SCM,8,25713,39667,1,1,1
SCM,8,25721,39675,1,1,1
SCM,8,25722,39676,1,1,1
SCM,8,25755,39709,1,1,1
SCM,8,25757,39711,1,1,1
SCM,8,25759,39713,1,0,0
SCM,8,25767,39721,1,1,1
SCM,8,25773,39727,1,1,1
SCM,8,25779,39733,1,1,1
SCM,8,25782,39736,1,1,1
SCM,8,25785,39739,1,1,1
SCM,8,25804,39758,1,1,1
SCM,8,25826,39780,1,1,1
SCM,8,25829,39783,1,1,1
SCM,8,25839,39793,1,1,1
SCM,8,25848,39802,1,1,1
SCM,8,25857,39811,1,1,1
SCM,8,25865,39819,1,1,1
SCM,8,25893,39847,1,0,0
SCM,8,25896,39850,1,1,1
SCM,8,25918,39872,1,1,1
SCM,8,25924,39878,1,1,1
SCM,8,25925,39879,1,1,1
SCM,8,25932,39886,1,1,1
SCM,8,25965,39919,1,1,1
SCM,8,25970,39924,1,1,1
SCM,8,25994,39948,0,0,1
SCM,8,25995,39949,0,0,1
SCM,8,26000,39954,0,0,1
SCM,8,26010,39964,0,0,1
SCM,8,26020,39974,0,0,1
SCM,8,26021,39975,0,0,1
SCM,8,26025,39979,0,0,1
SCM,8,26029,39983,0,0,1
SCM,8,26033,39987,0,0,1
SCM,8,26061,40015,0,0,1
SCM,8,26091,40045,0,0,1
SCM,8,26093,40047,0,0,1
SCM,8,26099,40053,0,0,1
SCM,8,26105,40059,0,0,1
SCM,8,26138,40092,0,0,1
SCM,8,26143,40097,0,0,1
SCM,8,26147,40101,0,0,1
SCM,8,26149,40103,0,0,1
SCM,8,26163,40117,0,0,1
SCM,8,26180,40134,0,0,1
SCM,8,26189,40143,0,0,1
SCM,8,26192,40146,0,0,1
SCM,8,26213,40167,0,0,1
SCM,8,26229,40183,0,0,1
SCM,8,26242,40196,0,0,1
SCM,8,26243,40197,0,1,0
SCM,8,26247,40201,0,0,1
SCM,8,26267,40221,0,0,1
SCM,8,26268,40222,0,0,1
SCM,8,26270,40224,0,0,1
SCM,8,26271,40225,0,0,1
SCM,8,26274,40228,0,0,1
SCM,8,26280,40234,0,1,0
SCM,8,26283,40237,0,0,1
SCM,8,26286,40240,0,0,1
SCM,8,26288,40242,0,0,1
SCM,8,26289,40243,0,0,1
SCM,8,26294,40248,0,0,1
SCM,8,26295,40249,0,0,1
SCM,8,26318,40272,0,0,1
SCM,8,26353,40307,0,0,1
SCM,8,26375,40329,0,0,1
SCM,8,26398,40352,0,0,1
SCM,8,26399,40353,0,0,1
SCM,8,26405,40359,0,0,1
SCM,8,26411,40365,0,0,1
SCM,8,26423,40377,0,0,1
SCM,8,26424,40378,0,0,1
SCM,8,26428,40382,0,0,1
SCM,8,26430,40384,0,0,1
SCM,8,26441,40395,0,0,1
SCM,8,26447,40401,0,0,1
SCM,8,26458,40412,0,0,1
SCM,8,26473,40427,0,0,1
SCM,8,26496,40450,0,0,1
SCM,8,26517,40471,0,0,1
SCM,8,26530,40484,0,0,1
SCM,8,26532,40486,0,0,1
SCM,8,26539,40493,0,0,1
SCM,8,26542,40496,0,0,1
SCM,8,26544,40498,0,0,1
SCM,8,26547,40501,0,0,1
SCM,8,26550,40504,0,0,1
SCM,8,26558,40512,0,0,1
SCM,8,26572,40526,0,0,1
SCM,8,26573,40527,0,0,1
SCM,8,26592,40546,0,0,1
SCM,8,26596,40550,0,0,1
SCM,8,26601,40555,0,0,1
SCM,8,26606,40560,0,0,1
SCM,8,26609,40563,0,0,1
SCM,8,26613,40567,0,0,1
SCM,8,26614,40568,0,0,1
SCM,8,26616,40570,0,0,1
SCM,8,26617,40571,0,0,1
SCM,8,26622,40576,0,0,1
SCM,8,26634,40588,0,1,0
SCM,8,26636,40590,0,0,1
SCM,8,26642,40596,0,0,1
SCM,8,26661,40615,0,0,1
SCM,8,26663,40617,0,0,1
SCM,8,26666,40620,0,0,1
SCM,8,26668,40622,0,0,1
SCM,8,26686,40640,0,0,1
SCM,8,26696,40650,0,0,1
SCM,8,26697,40651,0,0,1
SCM,8,26716,40670,0,0,1
SCM,8,26739,40693,0,0,1
SCM,8,26741,40695,0,0,1
SCM,8,26748,40702,0,0,1
SCM,8,26756,40710,0,0,1
SCM,8,26798,40752,0,0,1
SCM,8,26801,40755,0,0,1
SCM,8,26811,40765,0,0,1
SCM,8,26817,40771,0,0,1
SCM,8,26818,40772,0,0,1
SCM,8,26855,40809,0,1,0
SCM,8,26859,40813,0,0,1
SCM,8,26863,40817,0,0,1
SCM,8,26874,40828,0,0,1
SCM,8,26877,40831,0,0,1
SCM,8,26886,40840,0,0,1
SCM,8,26891,40845,0,0,1
SCM,8,26898,40852,0,0,1
SCM,8,26924,40878,0,0,1
SCM,8,26929,40883,0,0,1
SCM,8,26939,40893,0,0,1
SCM,8,26946,40900,0,0,1
SCM,8,26976,40930,0,0,1
SCM,8,26984,40938,0,0,1
SCM,8,27020,40974,0,0,1
SCM,8,27037,40991,0,0,1
SCM,8,27041,40995,0,1,0
SCM,8,27060,41014,0,0,1
SCM,8,27063,41017,0,0,1
SCM,8,27065,41019,0,0,1
SCM,8,27067,41021,0,0,1
SCM,8,27076,41030,0,0,1
SCM,8,27089,41043,0,0,1
SCM,8,27094,41048,0,0,1
SCM,8,27097,41051,0,0,1
SCM,8,27101,41055,0,0,1
SCM,8,27103,41057,0,0,1
SCM,8,27106,41060,0,0,1
SCM,8,27124,41078,0,0,1
SCM,8,27147,41101,0,0,1
SCM,8,27156,41110,0,0,1
SCM,8,27164,41118,0,0,1
SCM,8,27165,41119,0,0,1
SCM,8,27185,41139,0,0,1
SCM,8,27187,41141,0,1,0
SCM,8,27199,41153,0,0,1
SCM,8,27203,41157,0,1,0
SCM,8,27213,41167,0,0,1
SCM,8,27225,41179,0,0,1
SCM,8,27257,41211,0,0,1
SCM,8,27259,41213,0,0,1
SCM,8,27270,41224,0,1,0
SCM,8,27274,41228,0,0,1
SCM,8,27296,41250,0,0,1
SCM,8,27309,41263,0,0,1
SCM,8,27314,41268,0,0,1
SCM,8,27329,41283,0,0,1
SCM,8,27360,41314,0,0,1
SCM,8,27361,41315,0,0,1
SCM,8,27380,41334,0,0,1
SCM,8,27382,41336,0,0,1
SCM,8,27395,41349,0,0,1
SCM,8,27413,41367,0,0,1
SCM,8,27428,41382,0,0,1
SCM,8,27433,41387,0,0,1
SCM,8,27445,41399,0,0,1
SCM,8,27456,41410,0,0,1
SCM,8,27465,41419,0,0,1
SCM,8,27479,41433,0,0,1
SCM,8,27483,41437,0,0,1
SCM,8,27485,41439,0,0,1
SCM,8,27490,41444,0,0,1
SCM,8,27494,41448,0,0,1
SCM,8,27503,41457,0,0,1
SCM,8,27508,41462,0,0,1
SCM,8,27512,41466,0,0,1
SCM,8,27554,41508,0,0,1
SCM,8,27565,41519,0,0,1
SCM,8,27570,41524,0,0,1
SCM,8,27578,41532,0,0,1
SCM,8,27590,41544,0,1,0
SCM,8,27606,41560,0,0,1
SCM,8,27607,41561,0,0,1
SCM,8,27612,41566,0,0,1
SCM,8,27622,41576,0,0,1
SCM,8,27624,41578,0,0,1
SCM,8,27625,41579,0,0,1
SCM,8,27655,41609,0,0,1
SCM,8,27663,41617,0,0,1
SCM,8,27674,41628,0,0,1
SCM,8,27687,41641,0,0,1
SCM,8,27694,41648,0,0,1
SCM,8,27699,41653,0,0,1
SCM,8,27716,41670,0,0,1
SCM,8,27727,41681,0,0,1
SCM,8,27772,41726,0,0,1
SCM,8,27774,41728,0,0,1
SCM,8,27783,41737,0,0,1
SCM,8,27799,41753,0,0,1
SCM,8,27815,41769,0,0,1
SCM,8,27835,41789,0,0,1
SCM,8,27839,41793,0,0,1
SCM,8,27855,41809,0,0,1
SCM,8,27860,41814,0,0,1
SCM,8,27866,41820,0,0,1
SCM,8,27874,41828,0,0,1
SCM,8,27876,41830,0,0,1
SCM,8,27913,41867,0,0,1
SCM,8,27914,41868,0,0,1
SCM,8,27916,41870,0,0,1
SCM,8,27929,41883,0,0,1
SCM,8,27934,41888,0,0,1
SCM,8,27940,41894,0,0,1
SCM,8,27966,41920,0,0,1
SCM,8,27971,41925,0,0,1
SCM,8,27974,41928,0,0,1
SCM,8,27994,41948,0,0,1
SCM,8,28000,41954,0,0,1
SCM,9,23562,37516,1,1,1
SCM,9,23573,37527,1,1,1
SCM,9,23608,37562,1,1,1
SCM,9,23609,37563,1,1,1
SCM,9,23620,37574,1,1,1
SCM,9,23628,37582,1,1,1
SCM,9,23631,37585,1,0,0
SCM,9,23639,37593,1,1,1
SCM,9,23642,37596,1,1,1
SCM,9,23654,37608,1,1,1
SCM,9,23657,37611,1,1,1
SCM,9,23678,37632,1,1,1
SCM,9,23687,37641,1,1,1
SCM,9,23699,37653,1,1,1
SCM,9,23712,37666,1,1,1
SCM,9,23719,37673,1,1,1
SCM,9,23726,37680,1,1,1
SCM,9,23727,37681,1,1,1
SCM,9,23743,37697,1,1,1
SCM,9,23746,37700,1,1,1
SCM,9,23752,37706,1,1,1
SCM,9,23754,37708,1,1,1
SCM,9,23759,37713,1,1,1
SCM,9,23768,37722,1,1,1
SCM,9,23770,37724,1,1,1
SCM,9,23773,37727,1,1,1
SCM,9,23775,37729,1,1,1
SCM,9,23786,37740,1,1,1
SCM,9,23788,37742,1,1,1
SCM,9,23794,37748,1,1,1
SCM,9,23798,37752,1,1,1
SCM,9,23811,37765,1,1,1
SCM,9,23832,37786,1,1,1
SCM,9,23838,37792,1,1,1
SCM,9,23848,37802,1,1,1
SCM,9,23870,37824,1,1,1
SCM,9,23888,37842,1,1,1
SCM,9,23889,37843,1,1,1
SCM,9,23893,37847,1,1,1
SCM,9,23894,37848,1,1,1
SCM,9,23895,37849,1,1,1
SCM,9,23896,37850,1,1,1
SCM,9,23910,37864,1,1,1
SCM,9,23915,37869,1,1,1
SCM,9,23939,37893,1,1,1
SCM,9,23940,37894,1,1,1
SCM,9,23945,37899,1,1,1
SCM,9,23977,37931,1,1,1
SCM,9,23978,37932,1,1,1
SCM,9,23984,37938,1,1,1
SCM,9,24002,37956,1,1,1
SCM,9,24008,37962,1,1,1
SCM,9,24010,37964,1,1,1
SCM,9,24050,38004,1,1,1
SCM,9,24085,38039,1,1,1
SCM,9,24104,38058,1,1,1
SCM,9,24113,38067,1,1,1
SCM,9,24114,38068,1,1,1
SCM,9,24119,38073,1,1,1
SCM,9,24134,38088,1,1,1
SCM,9,24141,38095,1,1,1
SCM,9,24142,38096,1,1,1
SCM,9,24160,38114,1,1,1
SCM,9,24189,38143,1,1,1
SCM,9,24201,38155,1,0,0
SCM,9,24202,38156,1,1,1
SCM,9,24204,38158,1,1,1
SCM,9,24207,38161,1,1,1
SCM,9,24216,38170,1,1,1
SCM,9,24220,38174,1,1,1
SCM,9,24231,38185,1,0,0
SCM,9,24238,38192,1,1,1
SCM,9,24240,38194,1,1,1
SCM,9,24254,38208,1,1,1
SCM,9,24296,38250,1,1,1
SCM,9,24310,38264,1,1,1
SCM,9,24346,38300,1,1,1
SCM,9,24353,38307,1,1,1
SCM,9,24396,38350,1,1,1
SCM,9,24409,38363,1,1,1
SCM,9,24413,38367,1,1,1
SCM,9,24428,38382,1,1,1
SCM,9,24452,38406,1,1,1
SCM,9,24463,38417,1,1,1
SCM,9,24464,38418,1,1,1
SCM,9,24465,38419,1,1,1
SCM,9,24503,38457,1,1,1
SCM,9,24507,38461,1,1,1
SCM,9,24532,38486,1,1,1
SCM,9,24542,38496,1,1,1
SCM,9,24563,38517,1,1,1
SCM,9,24564,38518,1,1,1
SCM,9,24567,38521,1,1,1
SCM,9,24572,38526,1,1,1
SCM,9,24605,38559,1,1,1
SCM,9,24612,38566,1,1,1
SCM,9,24614,38568,1,1,1
SCM,9,24625,38579,1,1,1
SCM,9,24632,38586,1,1,1
SCM,9,24637,38591,1,1,1
SCM,9,24645,38599,1,1,1
SCM,9,24650,38604,1,1,1
SCM,9,24659,38613,1,1,1
SCM,9,24660,38614,1,1,1
SCM,9,24682,38636,1,1,1
SCM,9,24686,38640,1,1,1
SCM,9,24693,38647,1,1,1
SCM,9,24698,38652,1,1,1
SCM,9,24705,38659,1,1,1
SCM,9,24716,38670,1,1,1
SCM,9,24747,38701,1,1,1
SCM,9,24758,38712,1,1,1
SCM,9,24759,38713,1,0,0
SCM,9,24760,38714,1,1,1
SCM,9,24763,38717,1,1,1
SCM,9,24796,38750,1,1,1
SCM,9,24835,38789,1,1,1
SCM,9,24875,38829,1,1,1
SCM,9,24880,38834,1,1,1
SCM,9,24908,38862,1,1,1
SCM,9,24928,38882,1,1,1
SCM,9,24934,38888,1,1,1
SCM,9,24947,38901,1,1,1
SCM,9,24966,38920,1,1,1
SCM,9,24974,38928,1,1,1
SCM,9,24985,38939,1,1,1
SCM,9,24998,38952,1,1,1
SCM,9,25012,38966,1,1,1
SCM,9,25042,38996,1,1,1
SCM,9,25063,39017,1,1,1
SCM,9,25087,39041,1,1,1
SCM,9,25091,39045,1,1,1
SCM,9,25092,39046,1,1,1
SCM,9,25109,39063,1,1,1
SCM,9,25119,39073,1,1,1
SCM,9,25126,39080,1,1,1
SCM,9,25130,39084,1,1,1
SCM,9,25139,39093,1,1,1
SCM,9,25144,39098,1,1,1
SCM,9,25146,39100,1,1,1
SCM,9,25166,39120,1,1,1
SCM,9,25172,39126,1,1,1
SCM,9,25174,39128,1,0,0
SCM,9,25177,39131,1,1,1
SCM,9,25179,39133,1,1,1
SCM,9,25189,39143,1,1,1
SCM,9,25197,39151,1,1,1
SCM,9,25206,39160,1,1,1
SCM,9,25209,39163,1,1,1
SCM,9,25216,39170,1,1,1
SCM,9,25228,39182,1,1,1
SCM,9,25232,39186,1,1,1
SCM,9,25233,39187,1,1,1
SCM,9,25235,39189,1,1,1
SCM,9,25244,39198,1,1,1
SCM,9,25259,39213,1,1,1
SCM,9,25270,39224,1,1,1
SCM,9,25283,39237,1,1,1
SCM,9,25295,39249,1,1,1
SCM,9,25296,39250,1,1,1
SCM,9,25299,39253,1,1,1
SCM,9,25306,39260,1,1,1
SCM,9,25311,39265,1,1,1
SCM,9,25335,39289,1,1,1
SCM,9,25357,39311,1,1,1
SCM,9,25364,39318,1,1,1
SCM,9,25367,39321,1,1,1
SCM,9,25388,39342,1,1,1
SCM,9,25397,39351,1,1,1
SCM,9,25403,39357,1,1,1
SCM,9,25417,39371,1,1,1
SCM,9,25420,39374,1,1,1
SCM,9,25423,39377,1,1,1
SCM,9,25433,39387,1,1,1
SCM,9,25453,39407,1,1,1
SCM,9,25464,39418,1,1,1
SCM,9,25466,39420,1,1,1
SCM,9,25476,39430,1,1,1
SCM,9,25515,39469,1,1,1
SCM,9,25534,39488,1,1,1
SCM,9,25535,39489,1,1,1
SCM,9,25555,39509,1,1,1
SCM,9,25560,39514,1,1,1
SCM,9,25561,39515,1,1,1
SCM,9,25590,39544,1,1,1
SCM,9,25593,39547,1,1,1
SCM,9,25594,39548,1,1,1
SCM,9,25595,39549,1,1,1
SCM,9,25599,39553,1,1,1
SCM,9,25605,39559,1,1,1
SCM,9,25614,39568,1,1,1
SCM,9,25622,39576,1,1,1
SCM,9,25629,39583,1,1,1
SCM,9,25637,39591,1,1,1
SCM,9,25640,39594,1,1,1
SCM,9,25655,39609,1,0,0
SCM,9,25669,39623,1,1,1
SCM,9,25676,39630,1,1,1
SCM,9,25677,39631,1,1,1
SCM,9,25680,39634,1,1,1
SCM,9,25690,39644,1,1,1
SCM,9,25697,39651,1,1,1
SCM,9,25706,39660,1,1,1
SCM,9,25708,39662,1,1,1
SCM,9,25714,39668,1,1,1
SCM,9,25718,39672,1,1,1
SCM,9,25732,39686,1,1,1
SCM,9,25735,39689,1,1,1
SCM,9,25739,39693,1,0,0
SCM,9,25741,39695,1,1,1
SCM,9,25744,39698,1,1,1
SCM,9,25746,39700,1,1,1
SCM,9,25761,39715,1,1,1
SCM,9,25762,39716,1,1,1
SCM,9,25772,39726,1,0,0
SCM,9,25792,39746,1,1,1
SCM,9,25798,39752,1,1,1
SCM,9,25803,39757,1,1,1
SCM,9,25806,39760,1,0,0
SCM,9,25818,39772,1,1,1
SCM,9,25820,39774,1,1,1
SCM,9,25828,39782,1,1,1
SCM,9,25832,39786,1,1,1
SCM,9,25838,39792,1,1,1
SCM,9,25853,39807,1,1,1
SCM,9,25855,39809,1,1,1
SCM,9,25858,39812,1,1,1
SCM,9,25867,39821,1,1,1
SCM,9,25868,39822,1,1,1
SCM,9,25870,39824,1,1,1
SCM,9,25878,39832,1,1,1
SCM,9,25884,39838,1,1,1
SCM,9,25887,39841,1,1,1
SCM,9,25888,39842,1,1,1
SCM,9,25899,39853,1,1,1
SCM,9,25914,39868,1,1,1
SCM,9,25928,39882,1,1,1
SCM,9,25951,39905,1,1,1
SCM,9,25959,39913,1,1,1
SCM,9,25960,39914,1,1,1
SCM,9,25967,39921,1,1,1
SCM,9,25978,39932,1,1,1
SCM,9,25985,39939,0,0,1
SCM,9,25998,39952,0,0,1
SCM,9,26005,39959,0,0,1
SCM,9,26014,39968,0,0,1
SCM,9,26015,39969,0,0,1
SCM,9,26035,39989,0,0,1
SCM,9,26041,39995,0,0,1
SCM,9,26053,40007,0,0,1
SCM,9,26066,40020,0,0,1
SCM,9,26083,40037,0,0,1
SCM,9,26089,40043,0,0,1
SCM,9,26100,40054,0,0,1
SCM,9,26121,40075,0,1,0
SCM,9,26127,40081,0,0,1
SCM,9,26150,40104,0,0,1
SCM,9,26164,40118,0,0,1
SCM,9,26183,40137,0,0,1
SCM,9,26201,40155,0,0,1
SCM,9,26205,40159,0,0,1
SCM,9,26218,40172,0,1,0
SCM,9,26224,40178,0,0,1
SCM,9,26230,40184,0,0,1
SCM,9,26237,40191,0,0,1
SCM,9,26262,40216,0,0,1
SCM,9,26279,40233,0,0,1
SCM,9,26292,40246,0,0,1
SCM,9,26298,40252,0,0,1
SCM,9,26305,40259,0,0,1
SCM,9,26311,40265,0,0,1
SCM,9,26316,40270,0,0,1
SCM,9,26319,40273,0,0,1
SCM,9,26338,40292,0,0,1
SCM,9,26339,40293,0,0,1
SCM,9,26349,40303,0,0,1
SCM,9,26366,40320,0,0,1
SCM,9,26370,40324,0,0,1
SCM,9,26378,40332,0,0,1
SCM,9,26389,40343,0,1,0
SCM,9,26391,40345,0,0,1
SCM,9,26396,40350,0,0,1
SCM,9,26400,40354,0,0,1
SCM,9,26401,40355,0,0,1
SCM,9,26403,40357,0,0,1
SCM,9,26404,40358,0,0,1
SCM,9,26439,40393,0,0,1
SCM,9,26442,40396,0,0,1
SCM,9,26443,40397,0,0,1
SCM,9,26453,40407,0,1,0
SCM,9,26457,40411,0,0,1
SCM,9,26471,40425,0,0,1
SCM,9,26481,40435,0,0,1
SCM,9,26490,40444,0,0,1
SCM,9,26504,40458,0,0,1
SCM,9,26526,40480,0,0,1
SCM,9,26551,40505,0,0,1
SCM,9,26555,40509,0,0,1
SCM,9,26563,40517,0,0,1
SCM,9,26585,40539,0,0,1
SCM,9,26607,40561,0,1,0
SCM,9,26618,40572,0,0,1
SCM,9,26629,40583,0,0,1
SCM,9,26631,40585,0,0,1
SCM,9,26645,40599,0,0,1
SCM,9,26648,40602,0,0,1
SCM,9,26667,40621,0,0,1
SCM,9,26683,40637,0,0,1
SCM,9,26684,40638,0,0,1
SCM,9,26700,40654,0,0,1
SCM,9,26702,40656,0,1,0
SCM,9,26710,40664,0,0,1
SCM,9,26715,40669,0,0,1
SCM,9,26718,40672,0,0,1
SCM,9,26719,40673,0,0,1
SCM,9,26738,40692,0,0,1
SCM,9,26746,40700,0,0,1
SCM,9,26750,40704,0,0,1
SCM,9,26757,40711,0,1,0
SCM,9,26767,40721,0,0,1
SCM,9,26774,40728,0,0,1
SCM,9,26775,40729,0,0,1
SCM,9,26779,40733,0,0,1
SCM,9,26783,40737,0,1,0
SCM,9,26792,40746,0,0,1
SCM,9,26821,40775,0,0,1
SCM,9,26830,40784,0,0,1
SCM,9,26840,40794,0,0,1
SCM,9,26893,40847,0,0,1
SCM,9,26895,40849,0,0,1
SCM,9,26918,40872,0,0,1
SCM,9,26920,40874,0,0,1
SCM,9,26922,40876,0,0,1
SCM,9,26936,40890,0,0,1
SCM,9,26937,40891,0,0,1
SCM,9,26945,40899,0,0,1
SCM,9,26952,40906,0,1,0
SCM,9,26964,40918,0,0,1
SCM,9,26970,40924,0,0,1
SCM,9,26992,40946,0,0,1
SCM,9,27000,40954,0,0,1
SCM,9,27015,40969,0,0,1
SCM,9,27016,40970,0,0,1
SCM,9,27027,40981,0,0,1
SCM,9,27030,40984,0,0,1
SCM,9,27031,40985,0,0,1
SCM,9,27035,40989,0,0,1
SCM,9,27052,41006,0,0,1
SCM,9,27071,41025,0,0,1
SCM,9,27075,41029,0,0,1
SCM,9,27092,41046,0,1,0
SCM,9,27111,41065,0,0,1
SCM,9,27116,41070,0,0,1
SCM,9,27130,41084,0,0,1
SCM,9,27139,41093,0,0,1
SCM,9,27152,41106,0,0,1
SCM,9,27155,41109,0,0,1
SCM,9,27157,41111,0,0,1
SCM,9,27176,41130,0,0,1
SCM,9,27180,41134,0,0,1
SCM,9,27181,41135,0,0,1
SCM,9,27183,41137,0,0,1
SCM,9,27191,41145,0,0,1
SCM,9,27200,41154,0,0,1
SCM,9,27204,41158,0,0,1
SCM,9,27214,41168,0,0,1
SCM,9,27239,41193,0,0,1
SCM,9,27243,41197,0,0,1
SCM,9,27249,41203,0,0,1
SCM,9,27250,41204,0,0,1
SCM,9,27276,41230,0,0,1
SCM,9,27285,41239,0,0,1
SCM,9,27325,41279,0,0,1
SCM,9,27343,41297,0,0,1
SCM,9,27346,41300,0,0,1
SCM,9,27349,41303,0,0,1
SCM,9,27384,41338,0,0,1
SCM,9,27402,41356,0,0,1
SCM,9,27435,41389,0,0,1
SCM,9,27440,41394,0,0,1
SCM,9,27454,41408,0,0,1
SCM,9,27464,41418,0,0,1
SCM,9,27468,41422,0,0,1
SCM,9,27474,41428,0,0,1
SCM,9,27475,41429,0,0,1
SCM,9,27493,41447,0,0,1
SCM,9,27497,41451,0,0,1
SCM,9,27498,41452,0,0,1
SCM,9,27513,41467,0,1,0
SCM,9,27518,41472,0,0,1
SCM,9,27519,41473,0,0,1
SCM,9,27523,41477,0,0,1
SCM,9,27524,41478,0,0,1
SCM,9,27533,41487,0,0,1
SCM,9,27534,41488,0,0,1
SCM,9,27549,41503,0,0,1
SCM,9,27553,41507,0,0,1
SCM,9,27569,41523,0,0,1
SCM,9,27586,41540,0,1,0
SCM,9,27593,41547,0,1,0
SCM,9,27600,41554,0,0,1
SCM,9,27634,41588,0,1,0
SCM,9,27635,41589,0,0,1
SCM,9,27653,41607,0,0,1
SCM,9,27654,41608,0,0,1
SCM,9,27657,41611,0,0,1
SCM,9,27660,41614,0,0,1
SCM,9,27667,41621,0,0,1
SCM,9,27675,41629,0,0,1
SCM,9,27695,41649,0,0,1
SCM,9,27715,41669,0,0,1
SCM,9,27717,41671,0,0,1
SCM,9,27723,41677,0,0,1
SCM,9,27726,41680,0,0,1
SCM,9,27728,41682,0,0,1
SCM,9,27766,41720,0,0,1
SCM,9,27769,41723,0,0,1
SCM,9,27788,41742,0,0,1
SCM,9,27789,41743,0,0,1
SCM,9,27791,41745,0,0,1
SCM,9,27813,41767,0,0,1
SCM,9,27819,41773,0,0,1
SCM,9,27821,41775,0,0,1
SCM,9,27822,41776,0,0,1
SCM,9,27828,41782,0,0,1
SCM,9,27833,41787,0,0,1
SCM,9,27871,41825,0,0,1
SCM,9,27882,41836,0,0,1
SCM,9,27896,41850,0,0,1
SCM,9,27899,41853,0,0,1
SCM,9,27909,41863,0,0,1
SCM,9,27922,41876,0,0,1
SCM,9,27926,41880,0,0,1
SCM,9,27938,41892,0,0,1
SCM,9,27942,41896,0,0,1
SCM,9,27946,41900,0,0,1
SCM,9,27947,41901,0,0,1
SCM,9,27949,41903,0,0,1
SCM,9,27961,41915,0,0,1
SCM,9,27963,41917,0,0,1
SCM,9,27968,41922,0,0,1
SCM,9,27984,41938,0,0,1
SCM,9,27986,41940,0,0,1
SCM,9,28003,41957,0,0,1
SCM,9,28008,41962,0,0,1
SCM,9,28021,41975,0,0,1
SCM,10,23567,37521,1,1,1
SCM,10,23569,37523,1,1,1
SCM,10,23582,37536,1,1,1
SCM,10,23587,37541,1,1,1
SCM,10,23615,37569,1,1,1
SCM,10,23622,37576,1,1,1
SCM,10,23630,37584,1,1,1
SCM,10,23645,37599,1,1,1
SCM,10,23646,37600,1,1,1
SCM,10,23650,37604,1,1,1
SCM,10,23659,37613,1,1,1
SCM,10,23661,37615,1,1,1
SCM,10,23662,37616,1,1,1
SCM,10,23674,37628,1,1,1
SCM,10,23676,37630,1,1,1
SCM,10,23690,37644,1,1,1
SCM,10,23723,37677,1,1,1
SCM,10,23745,37699,1,1,1
SCM,10,23755,37709,1,0,0
SCM,10,23761,37715,1,1,1
SCM,10,23762,37716,1,1,1
SCM,10,23769,37723,1,1,1
SCM,10,23789,37743,1,1,1
SCM,10,23799,37753,1,1,1
SCM,10,23836,37790,1,1,1
SCM,10,23857,37811,1,1,1
SCM,10,23864,37818,1,1,1
SCM,10,23901,37855,1,0,0
SCM,10,23905,37859,1,1,1
SCM,10,23913,37867,1,1,1
SCM,10,23914,37868,1,1,1
SCM,10,23920,37874,1,1,1
SCM,10,23923,37877,1,0,0
SCM,10,23944,37898,1,1,1
SCM,10,23956,37910,1,1,1
SCM,10,23967,37921,1,1,1
SCM,10,23972,37926,1,1,1
SCM,10,23980,37934,1,1,1
SCM,10,23985,37939,1,1,1
SCM,10,23993,37947,1,1,1
SCM,10,24004,37958,1,1,1
SCM,10,24013,37967,1,1,1
SCM,10,24035,37989,1,1,1
SCM,10,24039,37993,1,1,1
SCM,10,24043,37997,1,1,1
SCM,10,24072,38026,1,1,1
SCM,10,24075,38029,1,1,1
SCM,10,24076,38030,1,1,1
SCM,10,24079,38033,1,1,1
SCM,10,24100,38054,1,0,0
SCM,10,24111,38065,1,1,1
SCM,10,24112,38066,1,1,1
SCM,10,24115,38069,1,1,1
SCM,10,24117,38071,1,1,1
SCM,10,24123,38077,1,0,0
SCM,10,24131,38085,1,1,1
SCM,10,24137,38091,1,1,1
SCM,10,24145,38099,1,1,1
SCM,10,24146,38100,1,1,1
SCM,10,24147,38101,1,1,1
SCM,10,24163,38117,1,1,1
SCM,10,24173,38127,1,1,1
SCM,10,24190,38144,1,1,1
SCM,10,24199,38153,1,1,1
SCM,10,24210,38164,1,1,1
SCM,10,24221,38175,1,1,1
SCM,10,24229,38183,1,1,1
SCM,10,24230,38184,1,1,1
SCM,10,24232,38186,1,1,1
SCM,10,24243,38197,1,1,1
SCM,10,24255,38209,1,1,1
SCM,10,24264,38218,1,1,1
SCM,10,24269,38223,1,1,1
SCM,10,24271,38225,1,1,1
SCM,10,24298,38252,1,1,1
SCM,10,24323,38277,1,1,1
SCM,10,24324,38278,1,1,1
SCM,10,24350,38304,1,1,1
SCM,10,24357,38311,1,1,1
SCM,10,24361,38315,1,1,1
SCM,10,24373,38327,1,1,1
SCM,10,24389,38343,1,1,1
SCM,10,24398,38352,1,1,1
SCM,10,24412,38366,1,1,1
SCM,10,24417,38371,1,1,1
SCM,10,24426,38380,1,1,1
SCM,10,24436,38390,1,1,1
SCM,10,24466,38420,1,1,1
SCM,10,24468,38422,1,1,1
SCM,10,24478,38432,1,1,1
SCM,10,24486,38440,1,1,1
SCM,10,24494,38448,1,1,1
SCM,10,24502,38456,1,1,1
SCM,10,24510,38464,1,1,1
SCM,10,24518,38472,1,1,1
SCM,10,24520,38474,1,1,1
SCM,10,24523,38477,1,1,1
SCM,10,24545,38499,1,0,0
SCM,10,24555,38509,1,1,1
SCM,10,24556,38510,1,1,1
SCM,10,24581,38535,1,1,1
SCM,10,24583,38537,1,1,1
SCM,10,24598,38552,1,1,1
SCM,10,24613,38567,1,1,1
SCM,10,24627,38581,1,1,1
SCM,10,24638,38592,1,1,1
SCM,10,24647,38601,1,1,1
SCM,10,24648,38602,1,1,1
SCM,10,24671,38625,1,1,1
SCM,10,24674,38628,1,1,1
SCM,10,24685,38639,1,1,1
SCM,10,24695,38649,1,1,1
SCM,10,24712,38666,1,1,1
SCM,10,24733,38687,1,1,1
SCM,10,24736,38690,1,1,1
SCM,10,24752,38706,1,1,1
SCM,10,24764,38718,1,1,1
SCM,10,24769,38723,1,1,1
SCM,10,24799,38753,1,1,1
SCM,10,24809,38763,1,1,1
SCM,10,24813,38767,1,1,1
SCM,10,24828,38782,1,1,1
SCM,10,24834,38788,1,1,1
SCM,10,24841,38795,1,1,1
SCM,10,24842,38796,1,1,1
SCM,10,24844,38798,1,1,1
SCM,10,24851,38805,1,1,1
SCM,10,24874,38828,1,1,1
SCM,10,24877,38831,1,1,1
SCM,10,24887,38841,1,1,1
SCM,10,24900,38854,1,1,1
SCM,10,24914,38868,1,1,1
SCM,10,24918,38872,1,1,1
SCM,10,24932,38886,1,1,1
SCM,10,24945,38899,1,1,1
SCM,10,24948,38902,1,1,1
SCM,10,24951,38905,1,1,1
SCM,10,24958,38912,1,1,1
SCM,10,24969,38923,1,1,1
SCM,10,24979,38933,1,1,1
SCM,10,24980,38934,1,1,1
SCM,10,24981,38935,1,1,1
SCM,10,24987,38941,1,1,1
SCM,10,24989,38943,1,1,1
SCM,10,24993,38947,1,1,1
SCM,10,25000,38954,1,1,1
SCM,10,25004,38958,1,1,1
SCM,10,25018,38972,1,1,1
SCM,10,25031,38985,1,1,1
SCM,10,25037,38991,1,1,1
SCM,10,25050,39004,1,1,1
SCM,10,25052,39006,1,1,1
SCM,10,25060,39014,1,1,1
SCM,10,25077,39031,1,1,1
SCM,10,25083,39037,1,1,1
SCM,10,25084,39038,1,1,1
SCM,10,25096,39050,1,1,1
SCM,10,25101,39055,1,1,1
SCM,10,25104,39058,1,1,1
SCM,10,25111,39065,1,1,1
SCM,10,25112,39066,1,1,1
SCM,10,25116,39070,1,1,1
SCM,10,25133,39087,1,1,1
SCM,10,25137,39091,1,1,1
SCM,10,25148,39102,1,1,1
SCM,10,25155,39109,1,1,1
SCM,10,25159,39113,1,1,1
SCM,10,25165,39119,1,1,1
SCM,10,25187,39141,1,1,1
SCM,10,25201,39155,1,1,1
SCM,10,25204,39158,1,1,1
SCM,10,25246,39200,1,1,1
SCM,10,25248,39202,1,1,1
SCM,10,25252,39206,1,0,0
SCM,10,25262,39216,1,1,1
SCM,10,25266,39220,1,1,1
SCM,10,25271,39225,1,1,1
SCM,10,25293,39247,1,1,1
SCM,10,25294,39248,1,1,1
SCM,10,25308,39262,1,1,1
SCM,10,25309,39263,1,1,1
SCM,10,25317,39271,1,1,1
SCM,10,25331,39285,1,0,0
SCM,10,25333,39287,1,1,1
SCM,10,25334,39288,1,1,1
SCM,10,25349,39303,1,1,1
SCM,10,25381,39335,1,1,1
SCM,10,25405,39359,1,0,0
SCM,10,25429,39383,1,1,1
SCM,10,25434,39388,1,1,1
SCM,10,25458,39412,1,1,1
SCM,10,25462,39416,1,0,0
SCM,10,25473,39427,1,1,1
SCM,10,25474,39428,1,1,1
SCM,10,25483,39437,1,1,1
SCM,10,25484,39438,1,1,1
SCM,10,25489,39443,1,1,1
SCM,10,25497,39451,1,1,1
SCM,10,25500,39454,1,1,1
SCM,10,25507,39461,1,0,0
SCM,10,25508,39462,1,1,1
SCM,10,25511,39465,1,1,1
SCM,10,25519,39473,1,1,1
SCM,10,25551,39505,1,1,1
SCM,10,25559,39513,1,1,1
SCM,10,25578,39532,1,1,1
SCM,10,25580,39534,1,1,1
SCM,10,25581,39535,1,1,1
SCM,10,25588,39542,1,1,1
SCM,10,25601,39555,1,1,1
SCM,10,25615,39569,1,1,1
SCM,10,25617,39571,1,1,1
SCM,10,25643,39597,1,0,0
SCM,10,25694,39648,1,1,1
SCM,10,25700,39654,1,1,1
SCM,10,25709,39663,1,1,1
SCM,10,25716,39670,1,1,1
SCM,10,25726,39680,1,1,1
SCM,10,25734,39688,1,1,1
SCM,10,25752,39706,1,1,1
SCM,10,25766,39720,1,1,1
SCM,10,25769,39723,1,1,1
SCM,10,25775,39729,1,1,1
SCM,10,25781,39735,1,1,1
SCM,10,25794,39748,1,1,1
SCM,10,25807,39761,1,1,1
SCM,10,25810,39764,1,1,1
SCM,10,25815,39769,1,1,1
SCM,10,25874,39828,1,1,1
SCM,10,25877,39831,1,1,1
SCM,10,25895,39849,1,1,1
SCM,10,25900,39854,1,1,1
SCM,10,25902,39856,1,1,1
SCM,10,25905,39859,1,1,1
SCM,10,25917,39871,1,1,1
SCM,10,25921,39875,1,1,1
SCM,10,25935,39889,1,1,1
SCM,10,25937,39891,1,1,1
SCM,10,25949,39903,1,1,1
SCM,10,25955,39909,1,1,1
SCM,10,25962,39916,1,1,1
SCM,10,25972,39926,1,1,1
SCM,10,25990,39944,0,0,1
SCM,10,25991,39945,0,0,1
SCM,10,26006,39960,0,0,1
SCM,10,26007,39961,0,0,1
SCM,10,26018,39972,0,0,1
SCM,10,26024,39978,0,1,0
SCM,10,26039,39993,0,0,1
SCM,10,26047,40001,0,0,1
SCM,10,26055,40009,0,0,1
SCM,10,26056,40010,0,0,1
SCM,10,26065,40019,0,0,1
SCM,10,26077,40031,0,0,1
SCM,10,26082,40036,0,0,1
SCM,10,26084,40038,0,0,1
SCM,10,26096,40050,0,0,1
SCM,10,26112,40066,0,0,1
SCM,10,26123,40077,0,0,1
SCM,10,26132,40086,0,0,1
SCM,10,26139,40093,0,0,1
SCM,10,26155,40109,0,0,1
SCM,10,26160,40114,0,1,0
SCM,10,26162,40116,0,0,1
SCM,10,26166,40120,0,0,1
SCM,10,26171,40125,0,1,0
SCM,10,26179,40133,0,0,1
SCM,10,26184,40138,0,0,1
SCM,10,26233,40187,0,0,1
SCM,10,26244,40198,0,0,1
SCM,10,26256,40210,0,0,1
SCM,10,26266,40220,0,0,1
SCM,10,26272,40226,0,0,1
SCM,10,26273,40227,0,0,1
SCM,10,26275,40229,0,0,1
SCM,10,26301,40255,0,0,1
SCM,10,26302,40256,0,0,1
SCM,10,26306,40260,0,0,1
SCM,10,26314,40268,0,0,1
SCM,10,26320,40274,0,0,1
SCM,10,26325,40279,0,0,1
SCM,10,26326,40280,0,0,1
SCM,10,26331,40285,0,0,1
SCM,10,26333,40287,0,0,1
SCM,10,26335,40289,0,0,1
SCM,10,26336,40290,0,0,1
SCM,10,26340,40294,0,0,1
SCM,10,26352,40306,0,0,1
SCM,10,26359,40313,0,0,1
SCM,10,26362,40316,0,0,1
SCM,10,26364,40318,0,0,1
SCM,10,26365,40319,0,0,1
SCM,10,26376,40330,0,0,1
SCM,10,26397,40351,0,0,1
SCM,10,26406,40360,0,0,1
SCM,10,26407,40361,0,0,1
SCM,10,26416,40370,0,0,1
SCM,10,26421,40375,0,1,0
SCM,10,26422,40376,0,0,1
SCM,10,26435,40389,0,0,1
SCM,10,26440,40394,0,0,1
SCM,10,26445,40399,0,0,1
SCM,10,26448,40402,0,0,1
SCM,10,26449,40403,0,1,0
SCM,10,26459,40413,0,0,1
SCM,10,26476,40430,0,0,1
SCM,10,26484,40438,0,0,1
SCM,10,26485,40439,0,0,1
SCM,10,26491,40445,0,0,1
SCM,10,26505,40459,0,0,1
SCM,10,26513,40467,0,0,1
SCM,10,26519,40473,0,0,1
SCM,10,26522,40476,0,0,1
SCM,10,26527,40481,0,0,1
SCM,10,26554,40508,0,0,1
SCM,10,26556,40510,0,0,1
SCM,10,26561,40515,0,0,1
SCM,10,26571,40525,0,0,1
SCM,10,26576,40530,0,0,1
SCM,10,26598,40552,0,0,1
SCM,10,26599,40553,0,0,1
SCM,10,26615,40569,0,0,1
SCM,10,26624,40578,0,0,1
SCM,10,26643,40597,0,0,1
SCM,10,26651,40605,0,1,0
SCM,10,26658,40612,0,0,1
SCM,10,26670,40624,0,0,1
SCM,10,26699,40653,0,0,1
SCM,10,26708,40662,0,0,1
SCM,10,26711,40665,0,1,0
SCM,10,26713,40667,0,0,1
SCM,10,26717,40671,0,0,1
SCM,10,26722,40676,0,0,1
SCM,10,26742,40696,0,0,1
SCM,10,26745,40699,0,0,1
SCM,10,26747,40701,0,0,1
SCM,10,26751,40705,0,0,1
SCM,10,26759,40713,0,0,1
SCM,10,26763,40717,0,0,1
SCM,10,26769,40723,0,0,1
SCM,10,26771,40725,0,0,1
SCM,10,26788,40742,0,0,1
SCM,10,26806,40760,0,0,1
SCM,10,26820,40774,0,0,1
SCM,10,26842,40796,0,0,1
SCM,10,26853,40807,0,0,1
SCM,10,26858,40812,0,0,1
SCM,10,26880,40834,0,0,1
SCM,10,26896,40850,0,0,1
SCM,10,26901,40855,0,0,1
SCM,10,26933,40887,0,0,1
SCM,10,26948,40902,0,0,1
SCM,10,26955,40909,0,0,1
SCM,10,26956,40910,0,0,1
SCM,10,26958,40912,0,0,1
SCM,10,26968,40922,0,1,0
SCM,10,26977,40931,0,0,1
SCM,10,27019,40973,0,0,1
SCM,10,27036,40990,0,0,1
SCM,10,27082,41036,0,0,1
SCM,10,27085,41039,0,0,1
SCM,10,27137,41091,0,0,1
SCM,10,27158,41112,0,0,1
SCM,10,27159,41113,0,0,1
SCM,10,27171,41125,0,0,1
SCM,10,27172,41126,0,0,1
SCM,10,27174,41128,0,0,1
SCM,10,27179,41133,0,0,1
SCM,10,27196,41150,0,0,1
SCM,10,27209,41163,0,0,1
SCM,10,27237,41191,0,0,1
SCM,10,27242,41196,0,0,1
SCM,10,27263,41217,0,0,1
SCM,10,27269,41223,0,0,1
SCM,10,27275,41229,0,0,1
SCM,10,27283,41237,0,0,1
SCM,10,27302,41256,0,0,1
SCM,10,27307,41261,0,0,1
SCM,10,27308,41262,0,1,0
SCM,10,27340,41294,0,0,1
SCM,10,27354,41308,0,0,1
SCM,10,27365,41319,0,0,1
SCM,10,27383,41337,0,0,1
SCM,10,27399,41353,0,0,1
SCM,10,27416,41370,0,0,1
SCM,10,27424,41378,0,0,1
SCM,10,27426,41380,0,0,1
SCM,10,27437,41391,0,0,1
SCM,10,27447,41401,0,0,1
SCM,10,27453,41407,0,0,1
SCM,10,27457,41411,0,0,1
SCM,10,27476,41430,0,0,1
SCM,10,27482,41436,0,0,1
SCM,10,27492,41446,0,0,1
SCM,10,27501,41455,0,0,1
SCM,10,27505,41459,0,0,1
SCM,10,27506,41460,0,0,1
SCM,10,27514,41468,0,0,1
SCM,10,27525,41479,0,0,1
SCM,10,27530,41484,0,0,1
SCM,10,27568,41522,0,0,1
SCM,10,27589,41543,0,0,1
SCM,10,27603,41557,0,0,1
SCM,10,27608,41562,0,0,1
SCM,10,27611,41565,0,0,1
SCM,10,27637,41591,0,0,1
SCM,10,27665,41619,0,0,1
SCM,10,27666,41620,0,0,1
SCM,10,27672,41626,0,0,1
SCM,10,27700,41654,0,0,1
SCM,10,27718,41672,0,0,1
SCM,10,27719,41673,0,0,1
SCM,10,27734,41688,0,0,1
SCM,10,27735,41689,0,0,1
SCM,10,27738,41692,0,0,1
SCM,10,27739,41693,0,0,1
SCM,10,27746,41700,0,0,1
SCM,10,27750,41704,0,0,1
SCM,10,27763,41717,0,0,1
SCM,10,27779,41733,0,0,1
SCM,10,27800,41754,0,0,1
SCM,10,27812,41766,0,0,1
SCM,10,27814,41768,0,0,1
SCM,10,27820,41774,0,0,1
SCM,10,27829,41783,0,0,1
SCM,10,27845,41799,0,1,0
SCM,10,27852,41806,0,0,1
SCM,10,27862,41816,0,0,1
SCM,10,27892,41846,0,0,1
SCM,10,27898,41852,0,0,1
SCM,10,27923,41877,0,1,0
SCM,10,27928,41882,0,0,1
SCM,10,27930,41884,0,0,1
SCM,10,27941,41895,0,0,1
SCM,10,27955,41909,0,0,1
SCM,10,27956,41910,0,0,1
SCM,10,27967,41921,0,0,1
SCM,10,27983,41937,0,1,0
SCM,10,27988,41942,0,0,1
SCM,10,27989,41943,0,0,1
SCM,10,28001,41955,0,0,1
SCM,10,28004,41958,0,0,1
SCM,10,28010,41964,0,0,1
SCM,10,28015,41969,0,0,1
SCM,10,28019,41973,0,0,1
SCM,10,28020,41974,0,0,1
